username,source,chat_type,category_slug,category_label,language,rank,scraped_at
blumcrypto,telegramchannels,channel,all,All Categories,en,1,2026-04-22T13:03:56.875182+00:00
hamster_kombat,telegramchannels,channel,all,All Categories,en,2,2026-04-22T13:03:56.875190+00:00
majors,telegramchannels,channel,all,All Categories,en,3,2026-04-22T13:03:56.875194+00:00
tapswapai,telegramchannels,channel,all,All Categories,en,7,2026-04-22T13:03:56.875211+00:00
telegramtips,telegramchannels,channel,all,All Categories,en,8,2026-04-22T13:03:56.875214+00:00
memeficlub,telegramchannels,channel,all,All Categories,en,9,2026-04-22T13:03:56.875218+00:00
seedupdates,telegramchannels,channel,all,All Categories,en,10,2026-04-22T13:03:56.875221+00:00
proxymtproto,telegramchannels,channel,all,All Categories,en,11,2026-04-22T13:03:56.875224+00:00
cats_housewtf,telegramchannels,channel,all,All Categories,en,12,2026-04-22T13:03:56.875227+00:00
telegram,telegramchannels,channel,all,All Categories,en,13,2026-04-22T13:03:56.875230+00:00
notcoin,telegramchannels,channel,all,All Categories,en,14,2026-04-22T13:03:56.875234+00:00
durov,telegramchannels,channel,all,All Categories,en,15,2026-04-22T13:03:56.875237+00:00
tomarket_ai,telegramchannels,channel,all,All Categories,en,16,2026-04-22T13:03:56.875240+00:00
dogs_community,telegramchannels,channel,all,All Categories,en,17,2026-04-22T13:03:56.875243+00:00
w_community,telegramchannels,channel,all,All Categories,en,18,2026-04-22T13:03:56.875246+00:00
toncoin,telegramchannels,channel,all,All Categories,en,19,2026-04-22T13:03:56.875250+00:00
theyescoin,telegramchannels,channel,all,All Categories,en,20,2026-04-22T13:03:56.875253+00:00
premium,telegramchannels,channel,all,All Categories,en,21,2026-04-22T13:03:56.875255+00:00
baks_ton,telegramchannels,channel,all,All Categories,en,22,2026-04-22T13:03:56.875258+00:00
timefarmchannel,telegramchannels,channel,all,All Categories,en,23,2026-04-22T13:03:56.875261+00:00
degens_community,telegramchannels,channel,all,All Categories,en,24,2026-04-22T13:03:56.875264+00:00
realgoats_channel,telegramchannels,channel,all,All Categories,en,25,2026-04-22T13:03:56.875267+00:00
bums_official,telegramchannels,channel,all,All Categories,en,26,2026-04-22T13:03:56.875270+00:00
activitylauncher_offical,telegramchannels,channel,all,All Categories,en,27,2026-04-22T13:03:56.875273+00:00
clayton,telegramchannels,channel,all,All Categories,en,28,2026-04-22T13:03:56.875276+00:00
tonclayton,telegramchannels,channel,all,All Categories,en,29,2026-04-22T13:03:56.875279+00:00
tonkeeper_news,telegramchannels,channel,all,All Categories,en,30,2026-04-22T13:03:56.875282+00:00
true_caller,telegramchannels,channel,all,All Categories,en,31,2026-04-22T13:03:56.875285+00:00
bits_channel_official,telegramchannels,channel,all,All Categories,en,32,2026-04-22T13:03:56.875288+00:00
bitget_wallet_announcement,telegramchannels,channel,all,All Categories,en,33,2026-04-22T13:03:56.875291+00:00
dotcoincommunity,telegramchannels,channel,all,All Categories,en,34,2026-04-22T13:03:56.875295+00:00
xempireapps,telegramchannels,channel,all,All Categories,en,35,2026-04-22T13:03:56.875298+00:00
notpixel_channel,telegramchannels,channel,all,All Categories,en,36,2026-04-22T13:03:56.875301+00:00
zoo_story,telegramchannels,channel,all,All Categories,en,37,2026-04-22T13:03:56.875304+00:00
catsdogs_community,telegramchannels,channel,all,All Categories,en,38,2026-04-22T13:03:56.875307+00:00
duckchainann,telegramchannels,channel,all,All Categories,en,39,2026-04-22T13:03:56.875310+00:00
twa_apps,telegramchannels,channel,all,All Categories,en,40,2026-04-22T13:03:56.875313+00:00
buzzitton,telegramchannels,channel,all,All Categories,en,41,2026-04-22T13:03:56.875315+00:00
catizenann,telegramchannels,channel,all,All Categories,en,42,2026-04-22T13:03:56.875319+00:00
rockyrabbitio,telegramchannels,channel,all,All Categories,en,43,2026-04-22T13:03:56.875321+00:00
okxwalletannouncement,telegramchannels,channel,all,All Categories,en,44,2026-04-22T13:03:56.875324+00:00
hrumfam,telegramchannels,channel,all,All Categories,en,45,2026-04-22T13:03:56.875327+00:00
binance_announcements,telegramchannels,channel,all,All Categories,en,46,2026-04-22T13:03:56.875330+00:00
iamalexfalcon,telegramchannels,channel,all,All Categories,en,47,2026-04-22T13:03:56.875333+00:00
getmodpcs,telegramchannels,channel,all,All Categories,en,48,2026-04-22T13:03:56.875336+00:00
crypto_blockchain_coin_stock_new,telegramchannels,channel,all,All Categories,en,49,2026-04-22T13:03:56.875339+00:00
sergeisergienkoen,telegramchannels,channel,all,All Categories,en,50,2026-04-22T13:03:56.875342+00:00
tonstationgames,telegramchannels,channel,all,All Categories,en,51,2026-04-22T13:03:56.875345+00:00
token_1win,telegramchannels,channel,all,All Categories,en,52,2026-04-22T13:03:56.875348+00:00
pixelverse_xyz,telegramchannels,channel,all,All Categories,en,53,2026-04-22T13:03:56.875351+00:00
fabrika_channel,telegramchannels,channel,all,All Categories,en,54,2026-04-22T13:03:56.875355+00:00
tonkombatofficial,telegramchannels,channel,all,All Categories,en,55,2026-04-22T13:03:56.875358+00:00
hayzonn,telegramchannels,channel,all,All Categories,en,56,2026-04-22T13:03:56.875360+00:00
thetapcoins,telegramchannels,channel,all,All Categories,en,57,2026-04-22T13:03:56.875363+00:00
popcorn_today,telegramchannels,channel,all,All Categories,en,58,2026-04-22T13:03:56.875366+00:00
binance_moonbix_announcements,telegramchannels,channel,all,All Categories,en,59,2026-04-22T13:03:56.875369+00:00
app301,telegramchannels,channel,all,All Categories,en,60,2026-04-22T13:03:56.875372+00:00
battle_games_com,telegramchannels,channel,all,All Categories,en,61,2026-04-22T13:03:56.875376+00:00
thememetimes,telegramchannels,channel,all,All Categories,en,62,2026-04-22T13:03:56.875379+00:00
dogiators,telegramchannels,channel,all,All Categories,en,63,2026-04-22T13:03:56.875382+00:00
blumcrypto_memepad,telegramchannels,channel,all,All Categories,en,64,2026-04-22T13:03:56.875385+00:00
cexio_announcements,telegramchannels,channel,all,All Categories,en,65,2026-04-22T13:03:56.875388+00:00
cheatkott,telegramchannels,channel,all,All Categories,en,66,2026-04-22T13:03:56.875391+00:00
thearefcrypto,telegramchannels,channel,all,All Categories,en,67,2026-04-22T13:03:56.875394+00:00
boinkersnews,telegramchannels,channel,all,All Categories,en,68,2026-04-22T13:03:56.875397+00:00
fintopionews,telegramchannels,channel,all,All Categories,en,69,2026-04-22T13:03:56.875400+00:00
startupsi,telegramchannels,channel,all,All Categories,en,70,2026-04-22T13:03:56.875403+00:00
newsplaytoearn,telegramchannels,channel,all,All Categories,en,71,2026-04-22T13:03:56.875406+00:00
gamefi_officialann,telegramchannels,channel,all,All Categories,en,72,2026-04-22T13:03:56.875409+00:00
venture_tg,telegramchannels,channel,all,All Categories,en,73,2026-04-22T13:03:56.875412+00:00
venture,telegramchannels,channel,all,All Categories,en,74,2026-04-22T13:03:56.875415+00:00
mememe,telegramchannels,channel,all,All Categories,en,75,2026-04-22T13:03:56.875418+00:00
futures,telegramchannels,channel,all,All Categories,en,76,2026-04-22T13:03:56.875434+00:00
xdaoapp,telegramchannels,channel,all,All Categories,en,77,2026-04-22T13:03:56.875437+00:00
memeslabxyz,telegramchannels,channel,all,All Categories,en,78,2026-04-22T13:03:56.875441+00:00
coinmarket,telegramchannels,channel,all,All Categories,en,79,2026-04-22T13:03:56.875444+00:00
hash_cats,telegramchannels,channel,all,All Categories,en,80,2026-04-22T13:03:56.875447+00:00
airdropfindteam,telegramchannels,channel,all,All Categories,en,81,2026-04-22T13:03:56.875450+00:00
holdcoin_channel,telegramchannels,channel,all,All Categories,en,82,2026-04-22T13:03:56.875453+00:00
alexnosleep,telegramchannels,channel,all,All Categories,en,83,2026-04-22T13:03:56.875456+00:00
tomo_cat,telegramchannels,channel,all,All Categories,en,84,2026-04-22T13:03:56.875458+00:00
pigscrew,telegramchannels,channel,all,All Categories,en,85,2026-04-22T13:03:56.875461+00:00
airdrop_fam,telegramchannels,channel,all,All Categories,en,86,2026-04-22T13:03:56.875464+00:00
pepefrogbar,telegramchannels,channel,all,All Categories,en,87,2026-04-22T13:03:56.875467+00:00
foruai_channel,telegramchannels,channel,all,All Categories,en,88,2026-04-22T13:03:56.875470+00:00
therealyescoin,telegramchannels,channel,all,All Categories,en,89,2026-04-22T13:03:56.875473+00:00
tongotchicrypto,telegramchannels,channel,all,All Categories,en,90,2026-04-22T13:03:56.875476+00:00
the_vertus,telegramchannels,channel,all,All Categories,en,91,2026-04-22T13:03:56.875479+00:00
crypto_jokker,telegramchannels,channel,all,All Categories,en,92,2026-04-22T13:03:56.875481+00:00
tabi_ann,telegramchannels,channel,all,All Categories,en,93,2026-04-22T13:03:56.875484+00:00
matchain_fam,telegramchannels,channel,all,All Categories,en,94,2026-04-22T13:03:56.875487+00:00
catia_announcement,telegramchannels,channel,all,All Categories,en,95,2026-04-22T13:03:56.875490+00:00
hexnio,telegramchannels,channel,all,All Categories,en,96,2026-04-22T13:03:56.875493+00:00
telmtproto,telegramchannels,channel,all,All Categories,en,97,2026-04-22T13:03:56.875496+00:00
learn2earnings,telegramchannels,channel,all,All Categories,en,98,2026-04-22T13:03:56.875499+00:00
cryptomemefoundation,telegramchannels,channel,all,All Categories,en,99,2026-04-22T13:03:56.875502+00:00
geminstitute,telegramchannels,channel,all,All Categories,en,100,2026-04-22T13:03:56.875505+00:00
city_holder,telegramchannels,channel,all,All Categories,en,101,2026-04-22T13:03:56.875508+00:00
grafunmeme,telegramchannels,channel,all,All Categories,en,102,2026-04-22T13:03:56.875510+00:00
gameetokennews,telegramchannels,channel,all,All Categories,en,103,2026-04-22T13:03:56.875513+00:00
dailychannels,telegramchannels,channel,all,All Categories,en,104,2026-04-22T13:03:56.875518+00:00
neuralzone,telegramchannels,channel,3,Art & Design,en,1,2026-04-22T13:04:11.293605+00:00
are5h,telegramchannels,channel,3,Art & Design,en,2,2026-04-22T13:04:11.293613+00:00
blocks_01,telegramchannels,channel,3,Art & Design,en,3,2026-04-22T13:04:11.293617+00:00
promodel_3dsky,telegramchannels,channel,3,Art & Design,en,7,2026-04-22T13:04:11.293635+00:00
clockologyofficial,telegramchannels,channel,3,Art & Design,en,8,2026-04-22T13:04:11.293639+00:00
presetslihtroom,telegramchannels,channel,3,Art & Design,en,9,2026-04-22T13:04:11.293642+00:00
bioideas,telegramchannels,channel,3,Art & Design,en,10,2026-04-22T13:04:11.293645+00:00
wallpapers_phone_hd_4k_3d_mobile,telegramchannels,channel,3,Art & Design,en,11,2026-04-22T13:04:11.293648+00:00
miuithemez,telegramchannels,channel,3,Art & Design,en,12,2026-04-22T13:04:11.293651+00:00
sharehammer3d,telegramchannels,channel,3,Art & Design,en,13,2026-04-22T13:04:11.293655+00:00
architecture_world,telegramchannels,channel,3,Art & Design,en,14,2026-04-22T13:04:11.293658+00:00
cg_peers,telegramchannels,channel,3,Art & Design,en,15,2026-04-22T13:04:11.293661+00:00
you_are_designer,telegramchannels,channel,3,Art & Design,en,16,2026-04-22T13:04:11.293664+00:00
privateart,telegramchannels,channel,3,Art & Design,en,17,2026-04-22T13:04:11.293667+00:00
stl_anime,telegramchannels,channel,3,Art & Design,en,18,2026-04-22T13:04:11.293670+00:00
artistraajk,telegramchannels,channel,3,Art & Design,en,19,2026-04-22T13:04:11.293674+00:00
hypedsquadfree,telegramchannels,channel,3,Art & Design,en,20,2026-04-22T13:04:11.293677+00:00
best_ui_ux_designs,telegramchannels,channel,3,Art & Design,en,21,2026-04-22T13:04:11.293680+00:00
sanjay_editx7,telegramchannels,channel,3,Art & Design,en,22,2026-04-22T13:04:11.293683+00:00
all4designer,telegramchannels,channel,3,Art & Design,en,23,2026-04-22T13:04:11.293686+00:00
artfi_announcement,telegramchannels,channel,3,Art & Design,en,24,2026-04-22T13:04:11.293689+00:00
crochetpatte,telegramchannels,channel,3,Art & Design,en,25,2026-04-22T13:04:11.293692+00:00
psdzone,telegramchannels,channel,3,Art & Design,en,26,2026-04-22T13:04:11.293696+00:00
gdfonts,telegramchannels,channel,3,Art & Design,en,27,2026-04-22T13:04:11.293699+00:00
hunteraecom,telegramchannels,channel,3,Art & Design,en,28,2026-04-22T13:04:11.293702+00:00
cekelatdaems,telegramchannels,channel,3,Art & Design,en,29,2026-04-22T13:04:11.293704+00:00
cgplugdump,telegramchannels,channel,3,Art & Design,en,30,2026-04-22T13:04:11.293707+00:00
aftereffectsplugins01,telegramchannels,channel,3,Art & Design,en,31,2026-04-22T13:04:11.293711+00:00
top3dhub,telegramchannels,channel,3,Art & Design,en,32,2026-04-22T13:04:11.293714+00:00
hex3d,telegramchannels,channel,3,Art & Design,en,33,2026-04-22T13:04:11.293716+00:00
envatofreebies,telegramchannels,channel,3,Art & Design,en,34,2026-04-22T13:04:11.293720+00:00
themerbotaesthetic,telegramchannels,channel,3,Art & Design,en,35,2026-04-22T13:04:11.293723+00:00
textures_blender_3dsmax_maya,telegramchannels,channel,3,Art & Design,en,36,2026-04-22T13:04:11.293726+00:00
warhammermodelss,telegramchannels,channel,3,Art & Design,en,37,2026-04-22T13:04:11.293729+00:00
ai_artists_a,telegramchannels,channel,3,Art & Design,en,38,2026-04-22T13:04:11.293732+00:00
dsgncrazy,telegramchannels,channel,3,Art & Design,en,39,2026-04-22T13:04:11.293735+00:00
after_templates,telegramchannels,channel,3,Art & Design,en,40,2026-04-22T13:04:11.293739+00:00
freepikchannel,telegramchannels,channel,3,Art & Design,en,41,2026-04-22T13:04:11.293742+00:00
creoenginechannel,telegramchannels,channel,3,Art & Design,en,42,2026-04-22T13:04:11.293745+00:00
architecturecentre,telegramchannels,channel,3,Art & Design,en,43,2026-04-22T13:04:11.293748+00:00
max_library,telegramchannels,channel,3,Art & Design,en,44,2026-04-22T13:04:11.293751+00:00
shutter_files,telegramchannels,channel,3,Art & Design,en,45,2026-04-22T13:04:11.293754+00:00
free_design_courses,telegramchannels,channel,3,Art & Design,en,46,2026-04-22T13:04:11.293758+00:00
freelancer_xxx,telegramchannels,channel,3,Art & Design,en,47,2026-04-22T13:04:11.293761+00:00
solidworks_tutors,telegramchannels,channel,3,Art & Design,en,48,2026-04-22T13:04:11.293764+00:00
hishoot2imaterial,telegramchannels,channel,3,Art & Design,en,49,2026-04-22T13:04:11.293767+00:00
freecanvapro4,telegramchannels,channel,3,Art & Design,en,50,2026-04-22T13:04:11.293770+00:00
cnc_stl_free,telegramchannels,channel,3,Art & Design,en,51,2026-04-22T13:04:11.293773+00:00
blenderitan,telegramchannels,channel,3,Art & Design,en,52,2026-04-22T13:04:11.293776+00:00
free_adobe_presets,telegramchannels,channel,3,Art & Design,en,53,2026-04-22T13:04:11.293779+00:00
desitechnician,telegramchannels,channel,3,Art & Design,en,54,2026-04-22T13:04:11.293782+00:00
sarathdevaraj_capcut_editz,telegramchannels,channel,3,Art & Design,en,55,2026-04-22T13:04:11.293786+00:00
pptkeren,telegramchannels,channel,3,Art & Design,en,56,2026-04-22T13:04:11.293789+00:00
bdkeditbdk,telegramchannels,channel,3,Art & Design,en,57,2026-04-22T13:04:11.293792+00:00
designarchiv,telegramchannels,channel,3,Art & Design,en,58,2026-04-22T13:04:11.293795+00:00
architectureanddesigns,telegramchannels,channel,3,Art & Design,en,59,2026-04-22T13:04:11.293798+00:00
ideasforhome,telegramchannels,channel,3,Art & Design,en,60,2026-04-22T13:04:11.293801+00:00
gfxload,telegramchannels,channel,3,Art & Design,en,61,2026-04-22T13:04:11.293804+00:00
cgvizartist,telegramchannels,channel,3,Art & Design,en,62,2026-04-22T13:04:11.293807+00:00
themegrizzly,telegramchannels,channel,3,Art & Design,en,63,2026-04-22T13:04:11.293810+00:00
ai_artz,telegramchannels,channel,3,Art & Design,en,64,2026-04-22T13:04:11.293813+00:00
readymag_official,telegramchannels,channel,3,Art & Design,en,65,2026-04-22T13:04:11.293816+00:00
doodlebyayuzan,telegramchannels,channel,3,Art & Design,en,66,2026-04-22T13:04:11.293819+00:00
easyinteriordesign,telegramchannels,channel,3,Art & Design,en,67,2026-04-22T13:04:11.293822+00:00
smartgraphicss,telegramchannels,channel,3,Art & Design,en,68,2026-04-22T13:04:11.293825+00:00
hadidcraft,telegramchannels,channel,3,Art & Design,en,69,2026-04-22T13:04:11.293828+00:00
aiartsgalleryanime,telegramchannels,channel,3,Art & Design,en,70,2026-04-22T13:04:11.293831+00:00
canvacore,telegramchannels,channel,3,Art & Design,en,71,2026-04-22T13:04:11.293834+00:00
archivdesign,telegramchannels,channel,3,Art & Design,en,72,2026-04-22T13:04:11.293837+00:00
aiartsgallery,telegramchannels,channel,3,Art & Design,en,73,2026-04-22T13:04:11.293840+00:00
vanillatg,telegramchannels,channel,3,Art & Design,en,74,2026-04-22T13:04:11.293843+00:00
pfff_wall,telegramchannels,channel,3,Art & Design,en,75,2026-04-22T13:04:11.293846+00:00
freevectorsillustrations,telegramchannels,channel,3,Art & Design,en,76,2026-04-22T13:04:11.293849+00:00
pveditingvicky,telegramchannels,channel,3,Art & Design,en,77,2026-04-22T13:04:11.293852+00:00
artplanet,telegramchannels,channel,3,Art & Design,en,78,2026-04-22T13:04:11.293855+00:00
mnmappareldesign,telegramchannels,channel,3,Art & Design,en,79,2026-04-22T13:04:11.293858+00:00
amoled,telegramchannels,channel,3,Art & Design,en,80,2026-04-22T13:04:11.293861+00:00
subordinate_me,telegramchannels,channel,3,Art & Design,en,81,2026-04-22T13:04:11.293864+00:00
boomcatalogue,telegramchannels,channel,3,Art & Design,en,82,2026-04-22T13:04:11.293867+00:00
sexual_ai,telegramchannels,channel,3,Art & Design,en,83,2026-04-22T13:04:11.293870+00:00
image,telegramchannels,channel,3,Art & Design,en,84,2026-04-22T13:04:11.293873+00:00
animeart,telegramchannels,channel,3,Art & Design,en,85,2026-04-22T13:04:11.293876+00:00
laxman_photos,telegramchannels,channel,3,Art & Design,en,86,2026-04-22T13:04:11.293880+00:00
uai_freepik,telegramchannels,channel,3,Art & Design,en,87,2026-04-22T13:04:11.293882+00:00
adobefiles,telegramchannels,channel,3,Art & Design,en,88,2026-04-22T13:04:11.293885+00:00
sparkleplaces,telegramchannels,channel,3,Art & Design,en,89,2026-04-22T13:04:11.293889+00:00
deepvisions,telegramchannels,channel,3,Art & Design,en,90,2026-04-22T13:04:11.293892+00:00
pizzapp_design,telegramchannels,channel,3,Art & Design,en,91,2026-04-22T13:04:11.293895+00:00
koleksitemplateaenprmy,telegramchannels,channel,3,Art & Design,en,92,2026-04-22T13:04:11.293898+00:00
aifantasymodels,telegramchannels,channel,3,Art & Design,en,93,2026-04-22T13:04:11.293901+00:00
art_exposition,telegramchannels,channel,3,Art & Design,en,94,2026-04-22T13:04:11.293904+00:00
ui_mosaic,telegramchannels,channel,3,Art & Design,en,95,2026-04-22T13:04:11.293907+00:00
canvapteamlink,telegramchannels,channel,3,Art & Design,en,96,2026-04-22T13:04:11.293910+00:00
poka_picture,telegramchannels,channel,3,Art & Design,en,97,2026-04-22T13:04:11.293913+00:00
tasu_channel,telegramchannels,channel,3,Art & Design,en,98,2026-04-22T13:04:11.293916+00:00
behance1,telegramchannels,channel,3,Art & Design,en,99,2026-04-22T13:04:11.293919+00:00
modernarchdesign,telegramchannels,channel,3,Art & Design,en,100,2026-04-22T13:04:11.293922+00:00
nigusgraphics12,telegramchannels,channel,3,Art & Design,en,101,2026-04-22T13:04:11.293925+00:00
chbaluch,telegramchannels,channel,3,Art & Design,en,102,2026-04-22T13:04:11.293928+00:00
beautyyy011,telegramchannels,channel,3,Art & Design,en,103,2026-04-22T13:04:11.293931+00:00
dailychannels,telegramchannels,channel,3,Art & Design,en,104,2026-04-22T13:04:11.293935+00:00
sgmrt,telegramchannels,channel,4,Auto & Moto,en,1,2026-04-22T13:04:26.479807+00:00
revheadcrypto,telegramchannels,channel,4,Auto & Moto,en,2,2026-04-22T13:04:26.479816+00:00
vehicles_stl,telegramchannels,channel,4,Auto & Moto,en,3,2026-04-22T13:04:26.479819+00:00
rideaddis,telegramchannels,channel,4,Auto & Moto,en,7,2026-04-22T13:04:26.479838+00:00
mercedesbenzcompany,telegramchannels,channel,4,Auto & Moto,en,8,2026-04-22T13:04:26.479842+00:00
fiaformula1,telegramchannels,channel,4,Auto & Moto,en,9,2026-04-22T13:04:26.479845+00:00
carnewd,telegramchannels,channel,4,Auto & Moto,en,10,2026-04-22T13:04:26.479848+00:00
vextoken,telegramchannels,channel,4,Auto & Moto,en,11,2026-04-22T13:04:26.479852+00:00
rydedriverofficial,telegramchannels,channel,4,Auto & Moto,en,12,2026-04-22T13:04:26.479855+00:00
bmwcompany,telegramchannels,channel,4,Auto & Moto,en,13,2026-04-22T13:04:26.479858+00:00
porschecompany,telegramchannels,channel,4,Auto & Moto,en,14,2026-04-22T13:04:26.479861+00:00
lamborghinicompany,telegramchannels,channel,4,Auto & Moto,en,15,2026-04-22T13:04:26.479864+00:00
fdataan,telegramchannels,channel,4,Auto & Moto,en,16,2026-04-22T13:04:26.479867+00:00
volkswagencompany,telegramchannels,channel,4,Auto & Moto,en,17,2026-04-22T13:04:26.479870+00:00
evehicleinfo,telegramchannels,channel,4,Auto & Moto,en,18,2026-04-22T13:04:26.479873+00:00
brandnew_cars,telegramchannels,channel,4,Auto & Moto,en,19,2026-04-22T13:04:26.479877+00:00
ferraricompany,telegramchannels,channel,4,Auto & Moto,en,20,2026-04-22T13:04:26.479879+00:00
kaki_motors,telegramchannels,channel,4,Auto & Moto,en,21,2026-04-22T13:04:26.479883+00:00
thepetrolhead,telegramchannels,channel,4,Auto & Moto,en,22,2026-04-22T13:04:26.479886+00:00
motolife,telegramchannels,channel,4,Auto & Moto,en,23,2026-04-22T13:04:26.479889+00:00
autosnation,telegramchannels,channel,4,Auto & Moto,en,24,2026-04-22T13:04:26.479892+00:00
teslamotorsuk,telegramchannels,channel,4,Auto & Moto,en,25,2026-04-22T13:04:26.479895+00:00
automobile_news1,telegramchannels,channel,4,Auto & Moto,en,26,2026-04-22T13:04:26.479898+00:00
carnewsworld0,telegramchannels,channel,4,Auto & Moto,en,27,2026-04-22T13:04:26.479901+00:00
wildvids,telegramchannels,channel,4,Auto & Moto,en,28,2026-04-22T13:04:26.479904+00:00
supercarscontent,telegramchannels,channel,4,Auto & Moto,en,29,2026-04-22T13:04:26.479907+00:00
carmaxmarket,telegramchannels,channel,4,Auto & Moto,en,30,2026-04-22T13:04:26.479910+00:00
mrwhosetheadmin,telegramchannels,channel,4,Auto & Moto,en,31,2026-04-22T13:04:26.479913+00:00
auto_techlife,telegramchannels,channel,4,Auto & Moto,en,32,2026-04-22T13:04:26.479916+00:00
bikeforsaleonline,telegramchannels,channel,4,Auto & Moto,en,33,2026-04-22T13:04:26.479919+00:00
bespokegroup,telegramchannels,channel,4,Auto & Moto,en,34,2026-04-22T13:04:26.479922+00:00
adt_global_plc,telegramchannels,channel,4,Auto & Moto,en,35,2026-04-22T13:04:26.479925+00:00
speedarchiveauto,telegramchannels,channel,4,Auto & Moto,en,36,2026-04-22T13:04:26.479927+00:00
bestsupercar,telegramchannels,channel,4,Auto & Moto,en,37,2026-04-22T13:04:26.479930+00:00
hdharleyparts,telegramchannels,channel,4,Auto & Moto,en,38,2026-04-22T13:04:26.479933+00:00
fordparts0023,telegramchannels,channel,4,Auto & Moto,en,39,2026-04-22T13:04:26.479936+00:00
dammiejonesrides,telegramchannels,channel,4,Auto & Moto,en,40,2026-04-22T13:04:26.479939+00:00
dailybreakingnews,telegramchannels,channel,4,Auto & Moto,en,41,2026-04-22T13:04:26.479942+00:00
bansheerides,telegramchannels,channel,4,Auto & Moto,en,42,2026-04-22T13:04:26.479945+00:00
dailychannels,telegramchannels,channel,4,Auto & Moto,en,43,2026-04-22T13:04:26.479950+00:00
whalesports_big_bets,telegramchannels,channel,33,Betting,en,1,2026-04-22T13:04:42.372783+00:00
bet1swiv,telegramchannels,channel,33,Betting,en,2,2026-04-22T13:04:42.372791+00:00
whalesports,telegramchannels,channel,33,Betting,en,3,2026-04-22T13:04:42.372794+00:00
anon_club,telegramchannels,channel,33,Betting,en,7,2026-04-22T13:04:42.372813+00:00
europeanfixedmatchesservicess,telegramchannels,channel,33,Betting,en,8,2026-04-22T13:04:42.372816+00:00
freakbets,telegramchannels,channel,33,Betting,en,9,2026-04-22T13:04:42.372819+00:00
sportsbook_1xbit,telegramchannels,channel,33,Betting,en,10,2026-04-22T13:04:42.372822+00:00
tipstoodds,telegramchannels,channel,33,Betting,en,11,2026-04-22T13:04:42.372825+00:00
pokerist_club,telegramchannels,channel,33,Betting,en,12,2026-04-22T13:04:42.372828+00:00
yrlbets,telegramchannels,channel,33,Betting,en,13,2026-04-22T13:04:42.372831+00:00
bet365_betting_tips1,telegramchannels,channel,33,Betting,en,14,2026-04-22T13:04:42.372835+00:00
trickpicksfree,telegramchannels,channel,33,Betting,en,15,2026-04-22T13:04:42.372838+00:00
zyromod,telegramchannels,channel,33,Betting,en,16,2026-04-22T13:04:42.372841+00:00
play_7bitcasino,telegramchannels,channel,33,Betting,en,17,2026-04-22T13:04:42.372844+00:00
predictoggg,telegramchannels,channel,33,Betting,en,18,2026-04-22T13:04:42.372847+00:00
europefixedmatchservics,telegramchannels,channel,33,Betting,en,19,2026-04-22T13:04:42.372850+00:00
news_1x_partners,telegramchannels,channel,33,Betting,en,20,2026-04-22T13:04:42.372854+00:00
focuspredict,telegramchannels,channel,33,Betting,en,21,2026-04-22T13:04:42.372856+00:00
melbet,telegramchannels,channel,33,Betting,en,22,2026-04-22T13:04:42.372859+00:00
bettingtipsman,telegramchannels,channel,33,Betting,en,23,2026-04-22T13:04:42.372862+00:00
chaingameofficial,telegramchannels,channel,33,Betting,en,24,2026-04-22T13:04:42.372865+00:00
ai_bets_tips,telegramchannels,channel,33,Betting,en,25,2026-04-22T13:04:42.372869+00:00
tg_casinocommunity,telegramchannels,channel,33,Betting,en,26,2026-04-22T13:04:42.372872+00:00
onlineoddshere,telegramchannels,channel,33,Betting,en,27,2026-04-22T13:04:42.372875+00:00
sport_bets_analyst,telegramchannels,channel,33,Betting,en,28,2026-04-22T13:04:42.372878+00:00
dydbetting,telegramchannels,channel,33,Betting,en,29,2026-04-22T13:04:42.372881+00:00
betting_bet365n,telegramchannels,channel,33,Betting,en,30,2026-04-22T13:04:42.372884+00:00
tipsnbapicks,telegramchannels,channel,33,Betting,en,31,2026-04-22T13:04:42.372887+00:00
surefixedmatches111,telegramchannels,channel,33,Betting,en,32,2026-04-22T13:04:42.372890+00:00
mystakepromotions,telegramchannels,channel,33,Betting,en,33,2026-04-22T13:04:42.372893+00:00
uk_fixxed_matches,telegramchannels,channel,33,Betting,en,34,2026-04-22T13:04:42.372897+00:00
ibettingxx,telegramchannels,channel,33,Betting,en,35,2026-04-22T13:04:42.372899+00:00
apuestas_bet365,telegramchannels,channel,33,Betting,en,36,2026-04-22T13:04:42.372902+00:00
xpertfreetips,telegramchannels,channel,33,Betting,en,37,2026-04-22T13:04:42.372905+00:00
roobetcom,telegramchannels,channel,33,Betting,en,38,2026-04-22T13:04:42.372908+00:00
soccervista_official,telegramchannels,channel,33,Betting,en,39,2026-04-22T13:04:42.372911+00:00
thebossofbetting,telegramchannels,channel,33,Betting,en,40,2026-04-22T13:04:42.372914+00:00
btipsking,telegramchannels,channel,33,Betting,en,41,2026-04-22T13:04:42.372917+00:00
assuredpredictionschannel,telegramchannels,channel,33,Betting,en,42,2026-04-22T13:04:42.372921+00:00
christophersgamble,telegramchannels,channel,33,Betting,en,43,2026-04-22T13:04:42.372924+00:00
toss_match_session_prediction,telegramchannels,channel,33,Betting,en,44,2026-04-22T13:04:42.372927+00:00
gutmanbetting,telegramchannels,channel,33,Betting,en,45,2026-04-22T13:04:42.372930+00:00
free_play07,telegramchannels,channel,33,Betting,en,46,2026-04-22T13:04:42.372933+00:00
sport_bets_analystt,telegramchannels,channel,33,Betting,en,47,2026-04-22T13:04:42.372936+00:00
feedinco,telegramchannels,channel,33,Betting,en,48,2026-04-22T13:04:42.372939+00:00
msportofficial,telegramchannels,channel,33,Betting,en,49,2026-04-22T13:04:42.372942+00:00
mrtip1,telegramchannels,channel,33,Betting,en,50,2026-04-22T13:04:42.372945+00:00
senatips,telegramchannels,channel,33,Betting,en,51,2026-04-22T13:04:42.372948+00:00
marketload57,telegramchannels,channel,33,Betting,en,52,2026-04-22T13:04:42.372951+00:00
gullybet,telegramchannels,channel,33,Betting,en,53,2026-04-22T13:04:42.372954+00:00
kamillionbets,telegramchannels,channel,33,Betting,en,54,2026-04-22T13:04:42.372957+00:00
sportybetke1,telegramchannels,channel,33,Betting,en,55,2026-04-22T13:04:42.372960+00:00
fixed_games_mafia,telegramchannels,channel,33,Betting,en,56,2026-04-22T13:04:42.372964+00:00
betting_fixed_matches_darkweb,telegramchannels,channel,33,Betting,en,57,2026-04-22T13:04:42.372967+00:00
free_bets_tips_football_sure,telegramchannels,channel,33,Betting,en,58,2026-04-22T13:04:42.372970+00:00
tipstersdiarychannel,telegramchannels,channel,33,Betting,en,59,2026-04-22T13:04:42.372973+00:00
ultimatepoker_io,telegramchannels,channel,33,Betting,en,60,2026-04-22T13:04:42.372976+00:00
atwoe,telegramchannels,channel,33,Betting,en,61,2026-04-22T13:04:42.372979+00:00
dailywiningmatches,telegramchannels,channel,33,Betting,en,62,2026-04-22T13:04:42.372982+00:00
trade_4_all,telegramchannels,channel,33,Betting,en,63,2026-04-22T13:04:42.372985+00:00
bet9japrotips,telegramchannels,channel,33,Betting,en,64,2026-04-22T13:04:42.372988+00:00
bet1xbethub,telegramchannels,channel,33,Betting,en,65,2026-04-22T13:04:42.372991+00:00
europewiningmatches,telegramchannels,channel,33,Betting,en,66,2026-04-22T13:04:42.372995+00:00
betpandaofficial,telegramchannels,channel,33,Betting,en,67,2026-04-22T13:04:42.372998+00:00
bet365matchess,telegramchannels,channel,33,Betting,en,68,2026-04-22T13:04:42.373001+00:00
sadhukipaathshala,telegramchannels,channel,33,Betting,en,69,2026-04-22T13:04:42.373004+00:00
correctoddsdailywin,telegramchannels,channel,33,Betting,en,70,2026-04-22T13:04:42.373007+00:00
bettingfixer,telegramchannels,channel,33,Betting,en,71,2026-04-22T13:04:42.373010+00:00
m7bets,telegramchannels,channel,33,Betting,en,72,2026-04-22T13:04:42.373013+00:00
bettinggod06,telegramchannels,channel,33,Betting,en,73,2026-04-22T13:04:42.373016+00:00
bet251,telegramchannels,channel,33,Betting,en,74,2026-04-22T13:04:42.373019+00:00
betcitygreatwins,telegramchannels,channel,33,Betting,en,75,2026-04-22T13:04:42.373022+00:00
zodiac_bet,telegramchannels,channel,33,Betting,en,76,2026-04-22T13:04:42.373025+00:00
fixedbettingeu,telegramchannels,channel,33,Betting,en,77,2026-04-22T13:04:42.373028+00:00
bettingdawg,telegramchannels,channel,33,Betting,en,78,2026-04-22T13:04:42.373031+00:00
fixinsider,telegramchannels,channel,33,Betting,en,79,2026-04-22T13:04:42.373034+00:00
binaryfreesignalspro,telegramchannels,channel,33,Betting,en,80,2026-04-22T13:04:42.373038+00:00
free2oddschannel,telegramchannels,channel,33,Betting,en,81,2026-04-22T13:04:42.373041+00:00
betfaircomm,telegramchannels,channel,33,Betting,en,82,2026-04-22T13:04:42.373044+00:00
topcoeff,telegramchannels,channel,33,Betting,en,83,2026-04-22T13:04:42.373047+00:00
surebetsarena,telegramchannels,channel,33,Betting,en,84,2026-04-22T13:04:42.373050+00:00
spongebets,telegramchannels,channel,33,Betting,en,85,2026-04-22T13:04:42.373053+00:00
pinnspy,telegramchannels,channel,33,Betting,en,86,2026-04-22T13:04:42.373056+00:00
sportybetexpert1,telegramchannels,channel,33,Betting,en,87,2026-04-22T13:04:42.373059+00:00
europefixedmatchebetway,telegramchannels,channel,33,Betting,en,88,2026-04-22T13:04:42.373062+00:00
usbets,telegramchannels,channel,33,Betting,en,89,2026-04-22T13:04:42.373064+00:00
bet365_1xbet_fixedmatch,telegramchannels,channel,33,Betting,en,90,2026-04-22T13:04:42.373068+00:00
aiautomatedbetting,telegramchannels,channel,33,Betting,en,91,2026-04-22T13:04:42.373071+00:00
bettorsignalscom,telegramchannels,channel,33,Betting,en,92,2026-04-22T13:04:42.373073+00:00
betinvestmentips,telegramchannels,channel,33,Betting,en,93,2026-04-22T13:04:42.373076+00:00
cricket_market_load,telegramchannels,channel,33,Betting,en,94,2026-04-22T13:04:42.373080+00:00
wisebetorg,telegramchannels,channel,33,Betting,en,95,2026-04-22T13:04:42.373083+00:00
godlike_tips,telegramchannels,channel,33,Betting,en,96,2026-04-22T13:04:42.373086+00:00
resellbetslord,telegramchannels,channel,33,Betting,en,97,2026-04-22T13:04:42.373089+00:00
byignazio,telegramchannels,channel,33,Betting,en,98,2026-04-22T13:04:42.373091+00:00
suresafe_2oddsdaily,telegramchannels,channel,33,Betting,en,99,2026-04-22T13:04:42.373094+00:00
cryptosportstips,telegramchannels,channel,33,Betting,en,100,2026-04-22T13:04:42.373097+00:00
satyabook,telegramchannels,channel,33,Betting,en,101,2026-04-22T13:04:42.373100+00:00
bet365sportybet,telegramchannels,channel,33,Betting,en,102,2026-04-22T13:04:42.373103+00:00
rugbyking,telegramchannels,channel,33,Betting,en,103,2026-04-22T13:04:42.373106+00:00
dailychannels,telegramchannels,channel,33,Betting,en,104,2026-04-22T13:04:42.373111+00:00
s1mplegod123,telegramchannels,channel,5,Blogs,en,1,2026-04-22T13:05:17.103703+00:00
zhiga,telegramchannels,channel,5,Blogs,en,2,2026-04-22T13:05:17.103712+00:00
evaelfie_life,telegramchannels,channel,5,Blogs,en,3,2026-04-22T13:05:17.103715+00:00
pilotblog,telegramchannels,channel,5,Blogs,en,7,2026-04-22T13:05:17.103733+00:00
codemonkeyz,telegramchannels,channel,5,Blogs,en,8,2026-04-22T13:05:17.103736+00:00
kblive,telegramchannels,channel,5,Blogs,en,9,2026-04-22T13:05:17.103739+00:00
drsimonegold,telegramchannels,channel,5,Blogs,en,10,2026-04-22T13:05:17.103742+00:00
mahipalrathore,telegramchannels,channel,5,Blogs,en,11,2026-04-22T13:05:17.103745+00:00
sophiexdt,telegramchannels,channel,5,Blogs,en,12,2026-04-22T13:05:17.103748+00:00
dailyjwaller,telegramchannels,channel,5,Blogs,en,13,2026-04-22T13:05:17.103751+00:00
confession_room,telegramchannels,channel,5,Blogs,en,14,2026-04-22T13:05:17.103754+00:00
tracybeanzofficial,telegramchannels,channel,5,Blogs,en,15,2026-04-22T13:05:17.103757+00:00
nikly_nikly,telegramchannels,channel,5,Blogs,en,16,2026-04-22T13:05:17.103760+00:00
valentivitell,telegramchannels,channel,5,Blogs,en,17,2026-04-22T13:05:17.103763+00:00
psychologicall,telegramchannels,channel,5,Blogs,en,18,2026-04-22T13:05:17.103767+00:00
httpcoachvine,telegramchannels,channel,5,Blogs,en,19,2026-04-22T13:05:17.103769+00:00
mikebara33,telegramchannels,channel,5,Blogs,en,20,2026-04-22T13:05:17.103773+00:00
bondiboysclub,telegramchannels,channel,5,Blogs,en,21,2026-04-22T13:05:17.103776+00:00
joerogan1,telegramchannels,channel,5,Blogs,en,22,2026-04-22T13:05:17.103779+00:00
depressionnote,telegramchannels,channel,5,Blogs,en,23,2026-04-22T13:05:17.103782+00:00
amequities,telegramchannels,channel,5,Blogs,en,24,2026-04-22T13:05:17.103785+00:00
lukestorey,telegramchannels,channel,5,Blogs,en,25,2026-04-22T13:05:17.103788+00:00
mukharlyamov,telegramchannels,channel,5,Blogs,en,26,2026-04-22T13:05:17.103791+00:00
nativeamericanchat,telegramchannels,channel,5,Blogs,en,27,2026-04-22T13:05:17.103794+00:00
antijulsss,telegramchannels,channel,5,Blogs,en,28,2026-04-22T13:05:17.103796+00:00
unfazed_topg,telegramchannels,channel,5,Blogs,en,29,2026-04-22T13:05:17.103800+00:00
natlydenise,telegramchannels,channel,5,Blogs,en,30,2026-04-22T13:05:17.103802+00:00
writewinger,telegramchannels,channel,5,Blogs,en,31,2026-04-22T13:05:17.103805+00:00
mediumcom,telegramchannels,channel,5,Blogs,en,32,2026-04-22T13:05:17.103808+00:00
clickhelp_technicalwritingblog,telegramchannels,channel,5,Blogs,en,33,2026-04-22T13:05:17.103811+00:00
thewayofgood,telegramchannels,channel,5,Blogs,en,34,2026-04-22T13:05:17.103815+00:00
hustle365,telegramchannels,channel,5,Blogs,en,35,2026-04-22T13:05:17.103818+00:00
hitricksofficial,telegramchannels,channel,5,Blogs,en,36,2026-04-22T13:05:17.103820+00:00
necjar,telegramchannels,channel,5,Blogs,en,37,2026-04-22T13:05:17.103823+00:00
egorcentric,telegramchannels,channel,5,Blogs,en,38,2026-04-22T13:05:17.103826+00:00
dh_jeyqpflk0zdmy,telegramchannels,channel,5,Blogs,en,39,2026-04-22T13:05:17.103829+00:00
pensivist,telegramchannels,channel,5,Blogs,en,40,2026-04-22T13:05:17.103832+00:00
lifeinhimministries,telegramchannels,channel,5,Blogs,en,41,2026-04-22T13:05:17.103835+00:00
phyolleus,telegramchannels,channel,5,Blogs,en,42,2026-04-22T13:05:17.103839+00:00
nusnote,telegramchannels,channel,5,Blogs,en,43,2026-04-22T13:05:17.103841+00:00
shegerish,telegramchannels,channel,5,Blogs,en,44,2026-04-22T13:05:17.103844+00:00
delhiheart,telegramchannels,channel,5,Blogs,en,45,2026-04-22T13:05:17.103847+00:00
curiously_curious,telegramchannels,channel,5,Blogs,en,46,2026-04-22T13:05:17.103850+00:00
akazeka,telegramchannels,channel,5,Blogs,en,47,2026-04-22T13:05:17.103852+00:00
backtolight1,telegramchannels,channel,5,Blogs,en,48,2026-04-22T13:05:17.103855+00:00
bloggingvians,telegramchannels,channel,5,Blogs,en,49,2026-04-22T13:05:17.103858+00:00
coffeefount,telegramchannels,channel,5,Blogs,en,50,2026-04-22T13:05:17.103861+00:00
dailychannels,telegramchannels,channel,5,Blogs,en,51,2026-04-22T13:05:17.103865+00:00
ebookroom,telegramchannels,channel,6,Books & Magazine,en,1,2026-04-22T13:05:47.573968+00:00
zlibrary_official,telegramchannels,channel,6,Books & Magazine,en,2,2026-04-22T13:05:47.573977+00:00
bookshub25,telegramchannels,channel,6,Books & Magazine,en,3,2026-04-22T13:05:47.573980+00:00
novels_english_books_magazines,telegramchannels,channel,6,Books & Magazine,en,7,2026-04-22T13:05:47.573998+00:00
books,telegramchannels,channel,6,Books & Magazine,en,8,2026-04-22T13:05:47.574001+00:00
audiobooksarchive,telegramchannels,channel,6,Books & Magazine,en,9,2026-04-22T13:05:47.574004+00:00
booksmania,telegramchannels,channel,6,Books & Magazine,en,10,2026-04-22T13:05:47.574007+00:00
thebestaudible,telegramchannels,channel,6,Books & Magazine,en,11,2026-04-22T13:05:47.574010+00:00
books_khazana,telegramchannels,channel,6,Books & Magazine,en,12,2026-04-22T13:05:47.574013+00:00
greatest_audiobooks,telegramchannels,channel,6,Books & Magazine,en,13,2026-04-22T13:05:47.574017+00:00
pdfbookschannel,telegramchannels,channel,6,Books & Magazine,en,14,2026-04-22T13:05:47.574020+00:00
anesthesia_books,telegramchannels,channel,6,Books & Magazine,en,15,2026-04-22T13:05:47.574023+00:00
progerbooks,telegramchannels,channel,6,Books & Magazine,en,16,2026-04-22T13:05:47.574026+00:00
freebook_hub,telegramchannels,channel,6,Books & Magazine,en,17,2026-04-22T13:05:47.574029+00:00
spirituallibrary,telegramchannels,channel,6,Books & Magazine,en,18,2026-04-22T13:05:47.574032+00:00
embedded_library,telegramchannels,channel,6,Books & Magazine,en,19,2026-04-22T13:05:47.574035+00:00
readallmanga,telegramchannels,channel,6,Books & Magazine,en,20,2026-04-22T13:05:47.574038+00:00
packtpubfreelearning,telegramchannels,channel,6,Books & Magazine,en,21,2026-04-22T13:05:47.574041+00:00
islamicbookshelf,telegramchannels,channel,6,Books & Magazine,en,22,2026-04-22T13:05:47.574044+00:00
english_novels_stories,telegramchannels,channel,6,Books & Magazine,en,23,2026-04-22T13:05:47.574047+00:00
ebooks_audiobooks_library,telegramchannels,channel,6,Books & Magazine,en,24,2026-04-22T13:05:47.574050+00:00
sololevelingeng,telegramchannels,channel,6,Books & Magazine,en,25,2026-04-22T13:05:47.574053+00:00
stockpustak,telegramchannels,channel,6,Books & Magazine,en,26,2026-04-22T13:05:47.574056+00:00
englishmanga,telegramchannels,channel,6,Books & Magazine,en,27,2026-04-22T13:05:47.574059+00:00
inspiredhome,telegramchannels,channel,6,Books & Magazine,en,28,2026-04-22T13:05:47.574062+00:00
booksbunch,telegramchannels,channel,6,Books & Magazine,en,29,2026-04-22T13:05:47.574065+00:00
anybooklovers,telegramchannels,channel,6,Books & Magazine,en,30,2026-04-22T13:05:47.574068+00:00
magazines4all,telegramchannels,channel,6,Books & Magazine,en,31,2026-04-22T13:05:47.574071+00:00
library,telegramchannels,channel,6,Books & Magazine,en,32,2026-04-22T13:05:47.574074+00:00
comicspidey,telegramchannels,channel,6,Books & Magazine,en,33,2026-04-22T13:05:47.574077+00:00
freeebookshub,telegramchannels,channel,6,Books & Magazine,en,34,2026-04-22T13:05:47.574080+00:00
mbbshere,telegramchannels,channel,6,Books & Magazine,en,35,2026-04-22T13:05:47.574083+00:00
lifechangingbook,telegramchannels,channel,6,Books & Magazine,en,36,2026-04-22T13:05:47.574086+00:00
ebooksenglish,telegramchannels,channel,6,Books & Magazine,en,37,2026-04-22T13:05:47.574088+00:00
inspiringbooks,telegramchannels,channel,6,Books & Magazine,en,38,2026-04-22T13:05:47.574092+00:00
crimestoryy,telegramchannels,channel,6,Books & Magazine,en,39,2026-04-22T13:05:47.574094+00:00
storiesinenglish,telegramchannels,channel,6,Books & Magazine,en,40,2026-04-22T13:05:47.574097+00:00
readersdigestofficial,telegramchannels,channel,6,Books & Magazine,en,41,2026-04-22T13:05:47.574100+00:00
ebookskindle,telegramchannels,channel,6,Books & Magazine,en,42,2026-04-22T13:05:47.574103+00:00
english_reading,telegramchannels,channel,6,Books & Magazine,en,43,2026-04-22T13:05:47.574106+00:00
selfhelpbooksbooki,telegramchannels,channel,6,Books & Magazine,en,44,2026-04-22T13:05:47.574109+00:00
coloringbookspdf,telegramchannels,channel,6,Books & Magazine,en,45,2026-04-22T13:05:47.574112+00:00
books4brain,telegramchannels,channel,6,Books & Magazine,en,46,2026-04-22T13:05:47.574115+00:00
comicavengers,telegramchannels,channel,6,Books & Magazine,en,47,2026-04-22T13:05:47.574118+00:00
africalib,telegramchannels,channel,6,Books & Magazine,en,48,2026-04-22T13:05:47.574121+00:00
medicalebo,telegramchannels,channel,6,Books & Magazine,en,49,2026-04-22T13:05:47.574124+00:00
arthutchannel,telegramchannels,channel,6,Books & Magazine,en,50,2026-04-22T13:05:47.574126+00:00
growersebooks,telegramchannels,channel,6,Books & Magazine,en,51,2026-04-22T13:05:47.574129+00:00
e_publication,telegramchannels,channel,6,Books & Magazine,en,52,2026-04-22T13:05:47.574132+00:00
islamicbooksfordownload,telegramchannels,channel,6,Books & Magazine,en,53,2026-04-22T13:05:47.574135+00:00
abolbookstore,telegramchannels,channel,6,Books & Magazine,en,54,2026-04-22T13:05:47.574139+00:00
daily_books,telegramchannels,channel,6,Books & Magazine,en,55,2026-04-22T13:05:47.574142+00:00
afkebooks_medical,telegramchannels,channel,6,Books & Magazine,en,56,2026-04-22T13:05:47.574145+00:00
thunderscores,telegramchannels,channel,6,Books & Magazine,en,57,2026-04-22T13:05:47.574148+00:00
bookshouse,telegramchannels,channel,6,Books & Magazine,en,58,2026-04-22T13:05:47.574151+00:00
tcgdeals,telegramchannels,channel,6,Books & Magazine,en,59,2026-04-22T13:05:47.574154+00:00
books_and_beyond,telegramchannels,channel,6,Books & Magazine,en,60,2026-04-22T13:05:47.574157+00:00
electroniclibrarys,telegramchannels,channel,6,Books & Magazine,en,61,2026-04-22T13:05:47.574160+00:00
boookhouse,telegramchannels,channel,6,Books & Magazine,en,62,2026-04-22T13:05:47.574162+00:00
self_helpbooks,telegramchannels,channel,6,Books & Magazine,en,63,2026-04-22T13:05:47.574165+00:00
priceactionforexebook,telegramchannels,channel,6,Books & Magazine,en,64,2026-04-22T13:05:47.574168+00:00
astrophysicsbooks,telegramchannels,channel,6,Books & Magazine,en,65,2026-04-22T13:05:47.574171+00:00
bestbookstolearnenglish,telegramchannels,channel,6,Books & Magazine,en,66,2026-04-22T13:05:47.574175+00:00
awkwardyeti,telegramchannels,channel,6,Books & Magazine,en,67,2026-04-22T13:05:47.574177+00:00
book_excerpts,telegramchannels,channel,6,Books & Magazine,en,68,2026-04-22T13:05:47.574180+00:00
mj_resources,telegramchannels,channel,6,Books & Magazine,en,69,2026-04-22T13:05:47.574183+00:00
theeducationmagazine,telegramchannels,channel,6,Books & Magazine,en,70,2026-04-22T13:05:47.574186+00:00
bookoffersamazon,telegramchannels,channel,6,Books & Magazine,en,71,2026-04-22T13:05:47.574188+00:00
xlitehub,telegramchannels,channel,6,Books & Magazine,en,72,2026-04-22T13:05:47.574191+00:00
imxgshi,telegramchannels,channel,6,Books & Magazine,en,73,2026-04-22T13:05:47.574194+00:00
dailychannels,telegramchannels,channel,6,Books & Magazine,en,74,2026-04-22T13:05:47.574198+00:00
venture_tg,telegramchannels,channel,7,Business & Startups,en,1,2026-04-22T13:06:03.092814+00:00
startupsi,telegramchannels,channel,7,Business & Startups,en,2,2026-04-22T13:06:03.092823+00:00
laborx,telegramchannels,channel,7,Business & Startups,en,3,2026-04-22T13:06:03.092828+00:00
programmer,telegramchannels,channel,7,Business & Startups,en,7,2026-04-22T13:06:03.092852+00:00
remotejobss,telegramchannels,channel,7,Business & Startups,en,8,2026-04-22T13:06:03.092856+00:00
sgparttimers,telegramchannels,channel,7,Business & Startups,en,9,2026-04-22T13:06:03.092861+00:00
maroset,telegramchannels,channel,7,Business & Startups,en,10,2026-04-22T13:06:03.092866+00:00
ethiopianbusinessdaily,telegramchannels,channel,7,Business & Startups,en,11,2026-04-22T13:06:03.092870+00:00
jobs_in_europ,telegramchannels,channel,7,Business & Startups,en,12,2026-04-22T13:06:03.092874+00:00
liteforex,telegramchannels,channel,7,Business & Startups,en,13,2026-04-22T13:06:03.092879+00:00
qatar_jobs_channel,telegramchannels,channel,7,Business & Startups,en,14,2026-04-22T13:06:03.092883+00:00
jobsingoa,telegramchannels,channel,7,Business & Startups,en,15,2026-04-22T13:06:03.092888+00:00
jobs_in_european_countries,telegramchannels,channel,7,Business & Startups,en,16,2026-04-22T13:06:03.092892+00:00
indicatorsmt5mt4signal,telegramchannels,channel,7,Business & Startups,en,17,2026-04-22T13:06:03.092897+00:00
trickymarketing,telegramchannels,channel,7,Business & Startups,en,18,2026-04-22T13:06:03.092901+00:00
millionaire_process,telegramchannels,channel,7,Business & Startups,en,19,2026-04-22T13:06:03.092906+00:00
financialabundance,telegramchannels,channel,7,Business & Startups,en,20,2026-04-22T13:06:03.092910+00:00
werkwerksg,telegramchannels,channel,7,Business & Startups,en,21,2026-04-22T13:06:03.092914+00:00
indeed_jobs_usa,telegramchannels,channel,7,Business & Startups,en,22,2026-04-22T13:06:03.092919+00:00
venturevillagewall,telegramchannels,channel,7,Business & Startups,en,23,2026-04-22T13:06:03.092923+00:00
questhireahero,telegramchannels,channel,7,Business & Startups,en,24,2026-04-22T13:06:03.092928+00:00
internsg,telegramchannels,channel,7,Business & Startups,en,25,2026-04-22T13:06:03.092932+00:00
startups,telegramchannels,channel,7,Business & Startups,en,26,2026-04-22T13:06:03.092936+00:00
ezlinksg,telegramchannels,channel,7,Business & Startups,en,27,2026-04-22T13:06:03.092940+00:00
innmind,telegramchannels,channel,7,Business & Startups,en,28,2026-04-22T13:06:03.092945+00:00
findmyremote_frontend,telegramchannels,channel,7,Business & Startups,en,29,2026-04-22T13:06:03.092949+00:00
volatalityindices,telegramchannels,channel,7,Business & Startups,en,30,2026-04-22T13:06:03.092953+00:00
business_ideas_free_content,telegramchannels,channel,7,Business & Startups,en,31,2026-04-22T13:06:03.092958+00:00
upworkprofilepro,telegramchannels,channel,7,Business & Startups,en,32,2026-04-22T13:06:03.092962+00:00
indeed_jobs_dubai,telegramchannels,channel,7,Business & Startups,en,33,2026-04-22T13:06:03.092967+00:00
forexrobottrader2019,telegramchannels,channel,7,Business & Startups,en,34,2026-04-22T13:06:03.092971+00:00
remotejobalerts,telegramchannels,channel,7,Business & Startups,en,35,2026-04-22T13:06:03.092975+00:00
freelanceworldwiide,telegramchannels,channel,7,Business & Startups,en,36,2026-04-22T13:06:03.092980+00:00
product_manager_diary,telegramchannels,channel,7,Business & Startups,en,37,2026-04-22T13:06:03.092984+00:00
lmmo19,telegramchannels,channel,7,Business & Startups,en,38,2026-04-22T13:06:03.092988+00:00
gosharey01,telegramchannels,channel,7,Business & Startups,en,39,2026-04-22T13:06:03.092993+00:00
ipjobs,telegramchannels,channel,7,Business & Startups,en,40,2026-04-22T13:06:03.092996+00:00
businessdailynew,telegramchannels,channel,7,Business & Startups,en,41,2026-04-22T13:06:03.093001+00:00
thebusinessmentor,telegramchannels,channel,7,Business & Startups,en,42,2026-04-22T13:06:03.093005+00:00
digitalcashhub,telegramchannels,channel,7,Business & Startups,en,43,2026-04-22T13:06:03.093010+00:00
findmyremote_writing,telegramchannels,channel,7,Business & Startups,en,44,2026-04-22T13:06:03.093014+00:00
findmyremote_backend,telegramchannels,channel,7,Business & Startups,en,45,2026-04-22T13:06:03.093019+00:00
shegahq,telegramchannels,channel,7,Business & Startups,en,46,2026-04-22T13:06:03.093023+00:00
findmyremote_fullstack,telegramchannels,channel,7,Business & Startups,en,47,2026-04-22T13:06:03.093027+00:00
toolslifetime,telegramchannels,channel,7,Business & Startups,en,48,2026-04-22T13:06:03.093031+00:00
ecomtoday_global,telegramchannels,channel,7,Business & Startups,en,49,2026-04-22T13:06:03.093036+00:00
tate_andrew,telegramchannels,channel,7,Business & Startups,en,50,2026-04-22T13:06:03.093040+00:00
paypal_cashapp_amazongc_onlyfans,telegramchannels,channel,7,Business & Startups,en,51,2026-04-22T13:06:03.093044+00:00
innercircletrader_ict,telegramchannels,channel,7,Business & Startups,en,52,2026-04-22T13:06:03.093049+00:00
script_maker_official,telegramchannels,channel,7,Business & Startups,en,53,2026-04-22T13:06:03.093053+00:00
business_quotes_inspirations,telegramchannels,channel,7,Business & Startups,en,54,2026-04-22T13:06:03.093058+00:00
brainfueldaily,telegramchannels,channel,7,Business & Startups,en,55,2026-04-22T13:06:03.093062+00:00
desamoyebiz,telegramchannels,channel,7,Business & Startups,en,56,2026-04-22T13:06:03.093066+00:00
equityintradayprofits,telegramchannels,channel,7,Business & Startups,en,57,2026-04-22T13:06:03.093071+00:00
cnbusinessforum,telegramchannels,channel,7,Business & Startups,en,58,2026-04-22T13:06:03.093075+00:00
binarytrading2020,telegramchannels,channel,7,Business & Startups,en,59,2026-04-22T13:06:03.093080+00:00
work_at_home_jobs,telegramchannels,channel,7,Business & Startups,en,60,2026-04-22T13:06:03.093085+00:00
vahidchaychi,telegramchannels,channel,7,Business & Startups,en,61,2026-04-22T13:06:03.093089+00:00
legit_update_global,telegramchannels,channel,7,Business & Startups,en,62,2026-04-22T13:06:03.093093+00:00
mega14,telegramchannels,channel,7,Business & Startups,en,63,2026-04-22T13:06:03.093097+00:00
wifimoneyonline,telegramchannels,channel,7,Business & Startups,en,64,2026-04-22T13:06:03.093102+00:00
numidaloans,telegramchannels,channel,7,Business & Startups,en,65,2026-04-22T13:06:03.093106+00:00
curveapp,telegramchannels,channel,7,Business & Startups,en,66,2026-04-22T13:06:03.093110+00:00
businessforcompanies,telegramchannels,channel,7,Business & Startups,en,67,2026-04-22T13:06:03.093114+00:00
starlingbank,telegramchannels,channel,7,Business & Startups,en,68,2026-04-22T13:06:03.093118+00:00
earn_much_without_invest,telegramchannels,channel,7,Business & Startups,en,69,2026-04-22T13:06:03.093123+00:00
doublegram_news,telegramchannels,channel,7,Business & Startups,en,70,2026-04-22T13:06:03.093127+00:00
officialdanielheldchannel,telegramchannels,channel,7,Business & Startups,en,71,2026-04-22T13:06:03.093131+00:00
entrepreneurs_corner,telegramchannels,channel,7,Business & Startups,en,72,2026-04-22T13:06:03.093136+00:00
kkcryptotrader,telegramchannels,channel,7,Business & Startups,en,73,2026-04-22T13:06:03.093140+00:00
marketsunriserss,telegramchannels,channel,7,Business & Startups,en,74,2026-04-22T13:06:03.093144+00:00
entrepreneurshome,telegramchannels,channel,7,Business & Startups,en,75,2026-04-22T13:06:03.093148+00:00
containersavailableforsale,telegramchannels,channel,7,Business & Startups,en,76,2026-04-22T13:06:03.093152+00:00
freelancejobupdates,telegramchannels,channel,7,Business & Startups,en,77,2026-04-22T13:06:03.093156+00:00
keydifferencemedia,telegramchannels,channel,7,Business & Startups,en,78,2026-04-22T13:06:03.093161+00:00
simpletrickz,telegramchannels,channel,7,Business & Startups,en,79,2026-04-22T13:06:03.093165+00:00
crude_trader,telegramchannels,channel,7,Business & Startups,en,80,2026-04-22T13:06:03.093170+00:00
instakhojo,telegramchannels,channel,7,Business & Startups,en,81,2026-04-22T13:06:03.093174+00:00
foxplayers,telegramchannels,channel,7,Business & Startups,en,82,2026-04-22T13:06:03.093178+00:00
amway_entrepreneurship,telegramchannels,channel,7,Business & Startups,en,83,2026-04-22T13:06:03.093182+00:00
global_internetfortunes,telegramchannels,channel,7,Business & Startups,en,84,2026-04-22T13:06:03.093186+00:00
passivelywithjuliet,telegramchannels,channel,7,Business & Startups,en,85,2026-04-22T13:06:03.093191+00:00
gramguru,telegramchannels,channel,7,Business & Startups,en,86,2026-04-22T13:06:03.093195+00:00
dimitriswealthdiary,telegramchannels,channel,7,Business & Startups,en,87,2026-04-22T13:06:03.093199+00:00
business_lucrative_marketing,telegramchannels,channel,7,Business & Startups,en,88,2026-04-22T13:06:03.093203+00:00
dailychannels,telegramchannels,channel,7,Business & Startups,en,89,2026-04-22T13:06:03.093209+00:00
sidneypowell,telegramchannels,channel,8,Celebrities,en,1,2026-04-22T13:06:17.464368+00:00
durov,telegramchannels,channel,8,Celebrities,en,2,2026-04-22T13:06:17.464375+00:00
stevencrowder,telegramchannels,channel,8,Celebrities,en,3,2026-04-22T13:06:17.464378+00:00
milliebobbybrown_hot,telegramchannels,channel,8,Celebrities,en,7,2026-04-22T13:06:17.464397+00:00
leehsienloong,telegramchannels,channel,8,Celebrities,en,8,2026-04-22T13:06:17.464400+00:00
dua_lipa1,telegramchannels,channel,8,Celebrities,en,9,2026-04-22T13:06:17.464404+00:00
shakira,telegramchannels,channel,8,Celebrities,en,10,2026-04-22T13:06:17.464407+00:00
bangtanb,telegramchannels,channel,8,Celebrities,en,11,2026-04-22T13:06:17.464410+00:00
jennaortegachanel,telegramchannels,channel,8,Celebrities,en,12,2026-04-22T13:06:17.464414+00:00
selena_fanclub,telegramchannels,channel,8,Celebrities,en,13,2026-04-22T13:06:17.464417+00:00
hollywood,telegramchannels,channel,8,Celebrities,en,14,2026-04-22T13:06:17.464426+00:00
scarlett_fc,telegramchannels,channel,8,Celebrities,en,15,2026-04-22T13:06:17.464431+00:00
jloversjlo,telegramchannels,channel,8,Celebrities,en,16,2026-04-22T13:06:17.464435+00:00
billieeilishgallery,telegramchannels,channel,8,Celebrities,en,17,2026-04-22T13:06:17.464438+00:00
bgma_channel,telegramchannels,channel,8,Celebrities,en,18,2026-04-22T13:06:17.464441+00:00
hollywoodclubtg,telegramchannels,channel,8,Celebrities,en,19,2026-04-22T13:06:17.464444+00:00
pfff_ellie,telegramchannels,channel,8,Celebrities,en,20,2026-04-22T13:06:17.464447+00:00
asiangirlsbeingcute,telegramchannels,channel,8,Celebrities,en,21,2026-04-22T13:06:17.464450+00:00
zaynmalikthings,telegramchannels,channel,8,Celebrities,en,22,2026-04-22T13:06:17.464454+00:00
swifties,telegramchannels,channel,8,Celebrities,en,23,2026-04-22T13:06:17.464457+00:00
emmawatsonchan,telegramchannels,channel,8,Celebrities,en,24,2026-04-22T13:06:17.464460+00:00
chloe_mortz,telegramchannels,channel,8,Celebrities,en,25,2026-04-22T13:06:17.464463+00:00
elonmusktwitter,telegramchannels,channel,8,Celebrities,en,26,2026-04-22T13:06:17.464466+00:00
dylanbounce,telegramchannels,channel,8,Celebrities,en,27,2026-04-22T13:06:17.464469+00:00
keanureeveslives,telegramchannels,channel,8,Celebrities,en,28,2026-04-22T13:06:17.464472+00:00
thebrentonthwaites,telegramchannels,channel,8,Celebrities,en,29,2026-04-22T13:06:17.464475+00:00
tatemain,telegramchannels,channel,8,Celebrities,en,30,2026-04-22T13:06:17.464478+00:00
dailychannels,telegramchannels,channel,8,Celebrities,en,31,2026-04-22T13:06:17.464483+00:00
facebook_dating_account1,telegramchannels,channel,35,Communication,en,1,2026-04-22T13:06:38.737756+00:00
grupuriromanesti,telegramchannels,channel,35,Communication,en,2,2026-04-22T13:06:38.737764+00:00
melbournefreedomrallyupdates,telegramchannels,channel,35,Communication,en,3,2026-04-22T13:06:38.737768+00:00
dabslinks,telegramchannels,channel,35,Communication,en,7,2026-04-22T13:06:38.737786+00:00
qozij,telegramchannels,channel,35,Communication,en,8,2026-04-22T13:06:38.737789+00:00
meilleurdufoot,telegramchannels,channel,35,Communication,en,9,2026-04-22T13:06:38.737792+00:00
earth_decentralised,telegramchannels,channel,35,Communication,en,10,2026-04-22T13:06:38.737795+00:00
dailychannels,telegramchannels,channel,35,Communication,en,11,2026-04-22T13:06:38.737799+00:00
zoo_story,telegramchannels,channel,41,Crypto Airdrop,en,1,2026-04-22T13:07:07.404640+00:00
bits_channel_official,telegramchannels,channel,41,Crypto Airdrop,en,2,2026-04-22T13:07:07.404648+00:00
tonkombatofficial,telegramchannels,channel,41,Crypto Airdrop,en,3,2026-04-22T13:07:07.404652+00:00
airdropfindteam,telegramchannels,channel,41,Crypto Airdrop,en,7,2026-04-22T13:07:07.404670+00:00
airdrop_fam,telegramchannels,channel,41,Crypto Airdrop,en,8,2026-04-22T13:07:07.404674+00:00
geminstitute,telegramchannels,channel,41,Crypto Airdrop,en,9,2026-04-22T13:07:07.404677+00:00
joinroko,telegramchannels,channel,41,Crypto Airdrop,en,10,2026-04-22T13:07:07.404680+00:00
thezencoin,telegramchannels,channel,41,Crypto Airdrop,en,11,2026-04-22T13:07:07.404683+00:00
drop_cryptogo,telegramchannels,channel,41,Crypto Airdrop,en,12,2026-04-22T13:07:07.404686+00:00
owlslabs,telegramchannels,channel,41,Crypto Airdrop,en,13,2026-04-22T13:07:07.404689+00:00
airdrop6officialchannel,telegramchannels,channel,41,Crypto Airdrop,en,14,2026-04-22T13:07:07.404693+00:00
spell_wallet,telegramchannels,channel,41,Crypto Airdrop,en,15,2026-04-22T13:07:07.404696+00:00
kittyverse_ai,telegramchannels,channel,41,Crypto Airdrop,en,16,2026-04-22T13:07:07.404699+00:00
airdropdetective,telegramchannels,channel,41,Crypto Airdrop,en,17,2026-04-22T13:07:07.404701+00:00
mnemonicsann,telegramchannels,channel,41,Crypto Airdrop,en,18,2026-04-22T13:07:07.404704+00:00
airdrop,telegramchannels,channel,41,Crypto Airdrop,en,19,2026-04-22T13:07:07.404707+00:00
raiding_party,telegramchannels,channel,41,Crypto Airdrop,en,20,2026-04-22T13:07:07.404710+00:00
staffonlygame,telegramchannels,channel,41,Crypto Airdrop,en,21,2026-04-22T13:07:07.404714+00:00
drops_on_hot,telegramchannels,channel,41,Crypto Airdrop,en,22,2026-04-22T13:07:07.404717+00:00
tearline_news,telegramchannels,channel,41,Crypto Airdrop,en,23,2026-04-22T13:07:07.404720+00:00
airdropinspector,telegramchannels,channel,41,Crypto Airdrop,en,24,2026-04-22T13:07:07.404723+00:00
preton_eng,telegramchannels,channel,41,Crypto Airdrop,en,25,2026-04-22T13:07:07.404727+00:00
airdropfind,telegramchannels,channel,41,Crypto Airdrop,en,26,2026-04-22T13:07:07.404730+00:00
tonairdrop_en,telegramchannels,channel,41,Crypto Airdrop,en,27,2026-04-22T13:07:07.404733+00:00
tongoldminer,telegramchannels,channel,41,Crypto Airdrop,en,28,2026-04-22T13:07:07.404737+00:00
mrairdropteam,telegramchannels,channel,41,Crypto Airdrop,en,29,2026-04-22T13:07:07.404740+00:00
immortal_airdrops,telegramchannels,channel,41,Crypto Airdrop,en,30,2026-04-22T13:07:07.404743+00:00
toncapital_official,telegramchannels,channel,41,Crypto Airdrop,en,31,2026-04-22T13:07:07.404746+00:00
airdrop365official,telegramchannels,channel,41,Crypto Airdrop,en,32,2026-04-22T13:07:07.404750+00:00
tonpartyann,telegramchannels,channel,41,Crypto Airdrop,en,33,2026-04-22T13:07:07.404754+00:00
pokeyquestgame,telegramchannels,channel,41,Crypto Airdrop,en,34,2026-04-22T13:07:07.404758+00:00
smashquest,telegramchannels,channel,41,Crypto Airdrop,en,35,2026-04-22T13:07:07.404761+00:00
airdropssearching,telegramchannels,channel,41,Crypto Airdrop,en,36,2026-04-22T13:07:07.404764+00:00
bittonapp,telegramchannels,channel,41,Crypto Airdrop,en,37,2026-04-22T13:07:07.404767+00:00
else_app,telegramchannels,channel,41,Crypto Airdrop,en,38,2026-04-22T13:07:07.404771+00:00
airdropo,telegramchannels,channel,41,Crypto Airdrop,en,39,2026-04-22T13:07:07.404774+00:00
easy_busy_eng,telegramchannels,channel,41,Crypto Airdrop,en,40,2026-04-22T13:07:07.404777+00:00
tonevents_en,telegramchannels,channel,41,Crypto Airdrop,en,41,2026-04-22T13:07:07.404781+00:00
airdropstar,telegramchannels,channel,41,Crypto Airdrop,en,42,2026-04-22T13:07:07.404784+00:00
habitnetwork,telegramchannels,channel,41,Crypto Airdrop,en,43,2026-04-22T13:07:07.404788+00:00
airdropgoldchannel,telegramchannels,channel,41,Crypto Airdrop,en,44,2026-04-22T13:07:07.404791+00:00
airdropcomic,telegramchannels,channel,41,Crypto Airdrop,en,45,2026-04-22T13:07:07.404794+00:00
piggypiggyofficial,telegramchannels,channel,41,Crypto Airdrop,en,46,2026-04-22T13:07:07.404798+00:00
airdropbard,telegramchannels,channel,41,Crypto Airdrop,en,47,2026-04-22T13:07:07.404801+00:00
dailycombofarm,telegramchannels,channel,41,Crypto Airdrop,en,48,2026-04-22T13:07:07.404804+00:00
airdrop_presents,telegramchannels,channel,41,Crypto Airdrop,en,49,2026-04-22T13:07:07.404808+00:00
toncoin_rap,telegramchannels,channel,41,Crypto Airdrop,en,50,2026-04-22T13:07:07.404811+00:00
officialairdroppro,telegramchannels,channel,41,Crypto Airdrop,en,51,2026-04-22T13:07:07.404814+00:00
drgems_official,telegramchannels,channel,41,Crypto Airdrop,en,52,2026-04-22T13:07:07.404818+00:00
cryptoeraeng,telegramchannels,channel,41,Crypto Airdrop,en,53,2026-04-22T13:07:07.404821+00:00
airdropsnoopdogg,telegramchannels,channel,41,Crypto Airdrop,en,54,2026-04-22T13:07:07.404824+00:00
eloncryptoairdrops,telegramchannels,channel,41,Crypto Airdrop,en,55,2026-04-22T13:07:07.404828+00:00
airdropking_news,telegramchannels,channel,41,Crypto Airdrop,en,56,2026-04-22T13:07:07.404831+00:00
bpay_official_channel,telegramchannels,channel,41,Crypto Airdrop,en,57,2026-04-22T13:07:07.404835+00:00
cryptokanishkchaudharypremium,telegramchannels,channel,41,Crypto Airdrop,en,58,2026-04-22T13:07:07.404838+00:00
robincoin_community,telegramchannels,channel,41,Crypto Airdrop,en,59,2026-04-22T13:07:07.404842+00:00
genopetsannouncements,telegramchannels,channel,41,Crypto Airdrop,en,60,2026-04-22T13:07:07.404845+00:00
cryptowonton,telegramchannels,channel,41,Crypto Airdrop,en,61,2026-04-22T13:07:07.404849+00:00
masterprotocol_news,telegramchannels,channel,41,Crypto Airdrop,en,62,2026-04-22T13:07:07.404852+00:00
legit365airdropss,telegramchannels,channel,41,Crypto Airdrop,en,63,2026-04-22T13:07:07.404855+00:00
tu_airdrop_daily,telegramchannels,channel,41,Crypto Airdrop,en,64,2026-04-22T13:07:07.404858+00:00
blumgap,telegramchannels,channel,41,Crypto Airdrop,en,65,2026-04-22T13:07:07.404861+00:00
xempirecombodaily1,telegramchannels,channel,41,Crypto Airdrop,en,66,2026-04-22T13:07:07.404865+00:00
moneygurudigi,telegramchannels,channel,41,Crypto Airdrop,en,67,2026-04-22T13:07:07.404869+00:00
refhunter,telegramchannels,channel,41,Crypto Airdrop,en,68,2026-04-22T13:07:07.404872+00:00
godwm_crypto,telegramchannels,channel,41,Crypto Airdrop,en,69,2026-04-22T13:07:07.404875+00:00
farmfrens,telegramchannels,channel,41,Crypto Airdrop,en,70,2026-04-22T13:07:07.404879+00:00
airdrops_io,telegramchannels,channel,41,Crypto Airdrop,en,71,2026-04-22T13:07:07.404882+00:00
icospeaksnews,telegramchannels,channel,41,Crypto Airdrop,en,72,2026-04-22T13:07:07.404885+00:00
airdrop_signa,telegramchannels,channel,41,Crypto Airdrop,en,73,2026-04-22T13:07:07.404888+00:00
legitairdrops010,telegramchannels,channel,41,Crypto Airdrop,en,74,2026-04-22T13:07:07.404891+00:00
bitgenienews,telegramchannels,channel,41,Crypto Airdrop,en,75,2026-04-22T13:07:07.404894+00:00
freecoins24,telegramchannels,channel,41,Crypto Airdrop,en,76,2026-04-22T13:07:07.404898+00:00
geniusairdropsss,telegramchannels,channel,41,Crypto Airdrop,en,77,2026-04-22T13:07:07.404901+00:00
cyberchargeannouncements,telegramchannels,channel,41,Crypto Airdrop,en,78,2026-04-22T13:07:07.404905+00:00
cryptofightnews,telegramchannels,channel,41,Crypto Airdrop,en,79,2026-04-22T13:07:07.404908+00:00
centralchanel,telegramchannels,channel,41,Crypto Airdrop,en,80,2026-04-22T13:07:07.404911+00:00
airdropauditors,telegramchannels,channel,41,Crypto Airdrop,en,81,2026-04-22T13:07:07.404915+00:00
bestico,telegramchannels,channel,41,Crypto Airdrop,en,82,2026-04-22T13:07:07.404918+00:00
airdropofficial7,telegramchannels,channel,41,Crypto Airdrop,en,83,2026-04-22T13:07:07.404921+00:00
airdropsgun,telegramchannels,channel,41,Crypto Airdrop,en,84,2026-04-22T13:07:07.404924+00:00
airdropstrikers,telegramchannels,channel,41,Crypto Airdrop,en,85,2026-04-22T13:07:07.404927+00:00
officiallatestairdrop,telegramchannels,channel,41,Crypto Airdrop,en,86,2026-04-22T13:07:07.404930+00:00
airdrop_market_pro_news,telegramchannels,channel,41,Crypto Airdrop,en,87,2026-04-22T13:07:07.404933+00:00
alpha_updates,telegramchannels,channel,41,Crypto Airdrop,en,88,2026-04-22T13:07:07.404937+00:00
airdrop_nft1,telegramchannels,channel,41,Crypto Airdrop,en,89,2026-04-22T13:07:07.404940+00:00
ieopools,telegramchannels,channel,41,Crypto Airdrop,en,90,2026-04-22T13:07:07.404943+00:00
bscidolauncher,telegramchannels,channel,41,Crypto Airdrop,en,91,2026-04-22T13:07:07.404947+00:00
airdrop_market_pro,telegramchannels,channel,41,Crypto Airdrop,en,92,2026-04-22T13:07:07.404950+00:00
cryptosamuraicat,telegramchannels,channel,41,Crypto Airdrop,en,93,2026-04-22T13:07:07.404953+00:00
bestmarketingchanel,telegramchannels,channel,41,Crypto Airdrop,en,94,2026-04-22T13:07:07.404957+00:00
freecryptoairdropbitcoin,telegramchannels,channel,41,Crypto Airdrop,en,95,2026-04-22T13:07:07.404960+00:00
airdropmetal,telegramchannels,channel,41,Crypto Airdrop,en,96,2026-04-22T13:07:07.404963+00:00
gemifaucet,telegramchannels,channel,41,Crypto Airdrop,en,97,2026-04-22T13:07:07.404967+00:00
uangdrop,telegramchannels,channel,41,Crypto Airdrop,en,98,2026-04-22T13:07:07.404970+00:00
cryptomixer_news,telegramchannels,channel,41,Crypto Airdrop,en,99,2026-04-22T13:07:07.404973+00:00
airdropreconops,telegramchannels,channel,41,Crypto Airdrop,en,100,2026-04-22T13:07:07.404976+00:00
swift_airdrops,telegramchannels,channel,41,Crypto Airdrop,en,101,2026-04-22T13:07:07.404980+00:00
airdropp_io,telegramchannels,channel,41,Crypto Airdrop,en,102,2026-04-22T13:07:07.404983+00:00
free_airdrop_nn,telegramchannels,channel,41,Crypto Airdrop,en,103,2026-04-22T13:07:07.404986+00:00
dailychannels,telegramchannels,channel,41,Crypto Airdrop,en,104,2026-04-22T13:07:07.404990+00:00
cats_housewtf,telegramchannels,channel,9,Cryptocurrencies,en,1,2026-04-22T13:07:33.405699+00:00
memeficlub,telegramchannels,channel,9,Cryptocurrencies,en,2,2026-04-22T13:07:33.405708+00:00
tomarket_ai,telegramchannels,channel,9,Cryptocurrencies,en,3,2026-04-22T13:07:33.405711+00:00
dogs_community,telegramchannels,channel,9,Cryptocurrencies,en,7,2026-04-22T13:07:33.405729+00:00
w_community,telegramchannels,channel,9,Cryptocurrencies,en,8,2026-04-22T13:07:33.405733+00:00
toncoin,telegramchannels,channel,9,Cryptocurrencies,en,9,2026-04-22T13:07:33.405736+00:00
theyescoin,telegramchannels,channel,9,Cryptocurrencies,en,10,2026-04-22T13:07:33.405739+00:00
baks_ton,telegramchannels,channel,9,Cryptocurrencies,en,11,2026-04-22T13:07:33.405741+00:00
timefarmchannel,telegramchannels,channel,9,Cryptocurrencies,en,12,2026-04-22T13:07:33.405744+00:00
degens_community,telegramchannels,channel,9,Cryptocurrencies,en,13,2026-04-22T13:07:33.405747+00:00
realgoats_channel,telegramchannels,channel,9,Cryptocurrencies,en,14,2026-04-22T13:07:33.405750+00:00
bums_official,telegramchannels,channel,9,Cryptocurrencies,en,15,2026-04-22T13:07:33.405754+00:00
activitylauncher_offical,telegramchannels,channel,9,Cryptocurrencies,en,16,2026-04-22T13:07:33.405757+00:00
tonkeeper_news,telegramchannels,channel,9,Cryptocurrencies,en,17,2026-04-22T13:07:33.405759+00:00
notpixel_channel,telegramchannels,channel,9,Cryptocurrencies,en,18,2026-04-22T13:07:33.405763+00:00
duckchainann,telegramchannels,channel,9,Cryptocurrencies,en,19,2026-04-22T13:07:33.405766+00:00
buzzitton,telegramchannels,channel,9,Cryptocurrencies,en,20,2026-04-22T13:07:33.405769+00:00
rockyrabbitio,telegramchannels,channel,9,Cryptocurrencies,en,21,2026-04-22T13:07:33.405773+00:00
okxwalletannouncement,telegramchannels,channel,9,Cryptocurrencies,en,22,2026-04-22T13:07:33.405775+00:00
binance_announcements,telegramchannels,channel,9,Cryptocurrencies,en,23,2026-04-22T13:07:33.405779+00:00
crypto_blockchain_coin_stock_new,telegramchannels,channel,9,Cryptocurrencies,en,24,2026-04-22T13:07:33.405782+00:00
sergeisergienkoen,telegramchannels,channel,9,Cryptocurrencies,en,25,2026-04-22T13:07:33.405785+00:00
token_1win,telegramchannels,channel,9,Cryptocurrencies,en,26,2026-04-22T13:07:33.405788+00:00
hayzonn,telegramchannels,channel,9,Cryptocurrencies,en,27,2026-04-22T13:07:33.405791+00:00
popcorn_today,telegramchannels,channel,9,Cryptocurrencies,en,28,2026-04-22T13:07:33.405794+00:00
app301,telegramchannels,channel,9,Cryptocurrencies,en,29,2026-04-22T13:07:33.405798+00:00
thememetimes,telegramchannels,channel,9,Cryptocurrencies,en,30,2026-04-22T13:07:33.405801+00:00
dogiators,telegramchannels,channel,9,Cryptocurrencies,en,31,2026-04-22T13:07:33.405804+00:00
cexio_announcements,telegramchannels,channel,9,Cryptocurrencies,en,32,2026-04-22T13:07:33.405807+00:00
boinkersnews,telegramchannels,channel,9,Cryptocurrencies,en,33,2026-04-22T13:07:33.405810+00:00
fintopionews,telegramchannels,channel,9,Cryptocurrencies,en,34,2026-04-22T13:07:33.405813+00:00
mememe,telegramchannels,channel,9,Cryptocurrencies,en,35,2026-04-22T13:07:33.405816+00:00
xdaoapp,telegramchannels,channel,9,Cryptocurrencies,en,36,2026-04-22T13:07:33.405819+00:00
memeslabxyz,telegramchannels,channel,9,Cryptocurrencies,en,37,2026-04-22T13:07:33.405822+00:00
coinmarket,telegramchannels,channel,9,Cryptocurrencies,en,38,2026-04-22T13:07:33.405825+00:00
hash_cats,telegramchannels,channel,9,Cryptocurrencies,en,39,2026-04-22T13:07:33.405829+00:00
alexnosleep,telegramchannels,channel,9,Cryptocurrencies,en,40,2026-04-22T13:07:33.405832+00:00
tomo_cat,telegramchannels,channel,9,Cryptocurrencies,en,41,2026-04-22T13:07:33.405835+00:00
pigscrew,telegramchannels,channel,9,Cryptocurrencies,en,42,2026-04-22T13:07:33.405839+00:00
pepefrogbar,telegramchannels,channel,9,Cryptocurrencies,en,43,2026-04-22T13:07:33.405842+00:00
tongotchicrypto,telegramchannels,channel,9,Cryptocurrencies,en,44,2026-04-22T13:07:33.405846+00:00
the_vertus,telegramchannels,channel,9,Cryptocurrencies,en,45,2026-04-22T13:07:33.405849+00:00
crypto_jokker,telegramchannels,channel,9,Cryptocurrencies,en,46,2026-04-22T13:07:33.405852+00:00
tabi_ann,telegramchannels,channel,9,Cryptocurrencies,en,47,2026-04-22T13:07:33.405855+00:00
matchain_fam,telegramchannels,channel,9,Cryptocurrencies,en,48,2026-04-22T13:07:33.405858+00:00
catia_announcement,telegramchannels,channel,9,Cryptocurrencies,en,49,2026-04-22T13:07:33.405861+00:00
hexnio,telegramchannels,channel,9,Cryptocurrencies,en,50,2026-04-22T13:07:33.405864+00:00
learn2earnings,telegramchannels,channel,9,Cryptocurrencies,en,51,2026-04-22T13:07:33.405867+00:00
grafunmeme,telegramchannels,channel,9,Cryptocurrencies,en,52,2026-04-22T13:07:33.405870+00:00
farmfrog,telegramchannels,channel,9,Cryptocurrencies,en,53,2026-04-22T13:07:33.405873+00:00
avagoldcoin,telegramchannels,channel,9,Cryptocurrencies,en,54,2026-04-22T13:07:33.405877+00:00
the_ratskingdom,telegramchannels,channel,9,Cryptocurrencies,en,55,2026-04-22T13:07:33.405880+00:00
pocketfi,telegramchannels,channel,9,Cryptocurrencies,en,56,2026-04-22T13:07:33.405883+00:00
onus_globalchannel,telegramchannels,channel,9,Cryptocurrencies,en,57,2026-04-22T13:07:33.405886+00:00
thefreedogs_ann,telegramchannels,channel,9,Cryptocurrencies,en,58,2026-04-22T13:07:33.405889+00:00
ponchiqs,telegramchannels,channel,9,Cryptocurrencies,en,59,2026-04-22T13:07:33.405892+00:00
meshchainai,telegramchannels,channel,9,Cryptocurrencies,en,60,2026-04-22T13:07:33.405895+00:00
cryp2day,telegramchannels,channel,9,Cryptocurrencies,en,61,2026-04-22T13:07:33.405899+00:00
nicegramapp,telegramchannels,channel,9,Cryptocurrencies,en,62,2026-04-22T13:07:33.405902+00:00
duckcoopchannel,telegramchannels,channel,9,Cryptocurrencies,en,63,2026-04-22T13:07:33.405905+00:00
boomloudcoin,telegramchannels,channel,9,Cryptocurrencies,en,64,2026-04-22T13:07:33.405908+00:00
cryptoboten,telegramchannels,channel,9,Cryptocurrencies,en,65,2026-04-22T13:07:33.405911+00:00
icebergen,telegramchannels,channel,9,Cryptocurrencies,en,66,2026-04-22T13:07:33.405915+00:00
crypto_insidderr,telegramchannels,channel,9,Cryptocurrencies,en,67,2026-04-22T13:07:33.405918+00:00
benefactor0101,telegramchannels,channel,9,Cryptocurrencies,en,68,2026-04-22T13:07:33.405921+00:00
nomis_protocol,telegramchannels,channel,9,Cryptocurrencies,en,69,2026-04-22T13:07:33.405924+00:00
rating_community,telegramchannels,channel,9,Cryptocurrencies,en,70,2026-04-22T13:07:33.405927+00:00
tonski_eng,telegramchannels,channel,9,Cryptocurrencies,en,71,2026-04-22T13:07:33.405930+00:00
tonskiton,telegramchannels,channel,9,Cryptocurrencies,en,72,2026-04-22T13:07:33.405933+00:00
frendscoin,telegramchannels,channel,9,Cryptocurrencies,en,73,2026-04-22T13:07:33.405936+00:00
frens_news,telegramchannels,channel,9,Cryptocurrencies,en,74,2026-04-22T13:07:33.405939+00:00
gemswall,telegramchannels,channel,9,Cryptocurrencies,en,75,2026-04-22T13:07:33.405942+00:00
pilotdao,telegramchannels,channel,9,Cryptocurrencies,en,76,2026-04-22T13:07:33.405945+00:00
bfinancepay,telegramchannels,channel,9,Cryptocurrencies,en,77,2026-04-22T13:07:33.405948+00:00
wormfare,telegramchannels,channel,9,Cryptocurrencies,en,78,2026-04-22T13:07:33.405952+00:00
monorixofficial,telegramchannels,channel,9,Cryptocurrencies,en,79,2026-04-22T13:07:33.405955+00:00
tonraffles_en,telegramchannels,channel,9,Cryptocurrencies,en,80,2026-04-22T13:07:33.405958+00:00
tonapp,telegramchannels,channel,9,Cryptocurrencies,en,81,2026-04-22T13:07:33.405961+00:00
coffeesolmeme,telegramchannels,channel,9,Cryptocurrencies,en,82,2026-04-22T13:07:33.405964+00:00
avacoin_apps,telegramchannels,channel,9,Cryptocurrencies,en,83,2026-04-22T13:07:33.405967+00:00
bitget_announcements,telegramchannels,channel,9,Cryptocurrencies,en,84,2026-04-22T13:07:33.405970+00:00
okx_racer_official_announcement,telegramchannels,channel,9,Cryptocurrencies,en,85,2026-04-22T13:07:33.405973+00:00
iceblockchain,telegramchannels,channel,9,Cryptocurrencies,en,86,2026-04-22T13:07:33.405976+00:00
skate_app,telegramchannels,channel,9,Cryptocurrencies,en,87,2026-04-22T13:07:33.405979+00:00
deepsafe_official,telegramchannels,channel,9,Cryptocurrencies,en,88,2026-04-22T13:07:33.405982+00:00
alex_royce_btc,telegramchannels,channel,9,Cryptocurrencies,en,89,2026-04-22T13:07:33.405985+00:00
coubnews,telegramchannels,channel,9,Cryptocurrencies,en,90,2026-04-22T13:07:33.405988+00:00
tea_solmeme,telegramchannels,channel,9,Cryptocurrencies,en,91,2026-04-22T13:07:33.405992+00:00
midasrwa,telegramchannels,channel,9,Cryptocurrencies,en,92,2026-04-22T13:07:33.405994+00:00
notboredpuppies_news,telegramchannels,channel,9,Cryptocurrencies,en,93,2026-04-22T13:07:33.405997+00:00
richdoggame,telegramchannels,channel,9,Cryptocurrencies,en,94,2026-04-22T13:07:33.406000+00:00
tonbingoworld,telegramchannels,channel,9,Cryptocurrencies,en,95,2026-04-22T13:07:33.406003+00:00
naija_free,telegramchannels,channel,9,Cryptocurrencies,en,96,2026-04-22T13:07:33.406006+00:00
cedex_io,telegramchannels,channel,9,Cryptocurrencies,en,97,2026-04-22T13:07:33.406009+00:00
drops_tgcoin,telegramchannels,channel,9,Cryptocurrencies,en,98,2026-04-22T13:07:33.406012+00:00
bfd_coin,telegramchannels,channel,9,Cryptocurrencies,en,99,2026-04-22T13:07:33.406015+00:00
cryptolifebro,telegramchannels,channel,9,Cryptocurrencies,en,100,2026-04-22T13:07:33.406017+00:00
vanillafinancenews,telegramchannels,channel,9,Cryptocurrencies,en,101,2026-04-22T13:07:33.406021+00:00
sidekick_announcements,telegramchannels,channel,9,Cryptocurrencies,en,102,2026-04-22T13:07:33.406024+00:00
watersolmeme,telegramchannels,channel,9,Cryptocurrencies,en,103,2026-04-22T13:07:33.406027+00:00
dailychannels,telegramchannels,channel,9,Cryptocurrencies,en,104,2026-04-22T13:07:33.406031+00:00
bitget_wallet_announcement,telegramchannels,channel,42,Crypto & FX Trading,en,1,2026-04-22T13:07:56.451940+00:00
blumcrypto,telegramchannels,channel,42,Crypto & FX Trading,en,2,2026-04-22T13:07:56.451947+00:00
thearefcrypto,telegramchannels,channel,42,Crypto & FX Trading,en,3,2026-04-22T13:07:56.451950+00:00
futures,telegramchannels,channel,42,Crypto & FX Trading,en,7,2026-04-22T13:07:56.451968+00:00
cryptomemefoundation,telegramchannels,channel,42,Crypto & FX Trading,en,8,2026-04-22T13:07:56.451972+00:00
cryptohylos,telegramchannels,channel,42,Crypto & FX Trading,en,9,2026-04-22T13:07:56.451975+00:00
wavesnews,telegramchannels,channel,42,Crypto & FX Trading,en,10,2026-04-22T13:07:56.451978+00:00
roasted_crypto,telegramchannels,channel,42,Crypto & FX Trading,en,11,2026-04-22T13:07:56.451980+00:00
xyro_io,telegramchannels,channel,42,Crypto & FX Trading,en,12,2026-04-22T13:07:56.451984+00:00
cloutcoinsol,telegramchannels,channel,42,Crypto & FX Trading,en,13,2026-04-22T13:07:56.451987+00:00
storm_trade_news,telegramchannels,channel,42,Crypto & FX Trading,en,14,2026-04-22T13:07:56.451990+00:00
blombardsignal,telegramchannels,channel,42,Crypto & FX Trading,en,15,2026-04-22T13:07:56.451993+00:00
trading_crypto_signals_bitcoin,telegramchannels,channel,42,Crypto & FX Trading,en,16,2026-04-22T13:07:56.451996+00:00
stockideaofficial,telegramchannels,channel,42,Crypto & FX Trading,en,17,2026-04-22T13:07:56.451999+00:00
solana_millionaires,telegramchannels,channel,42,Crypto & FX Trading,en,18,2026-04-22T13:07:56.452003+00:00
slex_io,telegramchannels,channel,42,Crypto & FX Trading,en,19,2026-04-22T13:07:56.452006+00:00
sergehexn,telegramchannels,channel,42,Crypto & FX Trading,en,20,2026-04-22T13:07:56.452009+00:00
tradinggainx,telegramchannels,channel,42,Crypto & FX Trading,en,21,2026-04-22T13:07:56.452012+00:00
olymp_trade_signals_quotex,telegramchannels,channel,42,Crypto & FX Trading,en,22,2026-04-22T13:07:56.452015+00:00
notatradereng,telegramchannels,channel,42,Crypto & FX Trading,en,23,2026-04-22T13:07:56.452018+00:00
retoschneider,telegramchannels,channel,42,Crypto & FX Trading,en,24,2026-04-22T13:07:56.452021+00:00
vooi_app,telegramchannels,channel,42,Crypto & FX Trading,en,25,2026-04-22T13:07:56.452024+00:00
bybit_announcements,telegramchannels,channel,42,Crypto & FX Trading,en,26,2026-04-22T13:07:56.452027+00:00
odes_ai,telegramchannels,channel,42,Crypto & FX Trading,en,27,2026-04-22T13:07:56.452030+00:00
daytradertelugu,telegramchannels,channel,42,Crypto & FX Trading,en,28,2026-04-22T13:07:56.452033+00:00
d3x_crypto,telegramchannels,channel,42,Crypto & FX Trading,en,29,2026-04-22T13:07:56.452036+00:00
cryptovipsignalta,telegramchannels,channel,42,Crypto & FX Trading,en,30,2026-04-22T13:07:56.452039+00:00
next10xgem1,telegramchannels,channel,42,Crypto & FX Trading,en,31,2026-04-22T13:07:56.452042+00:00
poveldurev,telegramchannels,channel,42,Crypto & FX Trading,en,32,2026-04-22T13:07:56.452045+00:00
quotex_reviews,telegramchannels,channel,42,Crypto & FX Trading,en,33,2026-04-22T13:07:56.452049+00:00
ling_crypto,telegramchannels,channel,42,Crypto & FX Trading,en,34,2026-04-22T13:07:56.452052+00:00
celiaexchange,telegramchannels,channel,42,Crypto & FX Trading,en,35,2026-04-22T13:07:56.452055+00:00
easyforexpips,telegramchannels,channel,42,Crypto & FX Trading,en,36,2026-04-22T13:07:56.452058+00:00
crypto_bitcoin_pumps_signal,telegramchannels,channel,42,Crypto & FX Trading,en,37,2026-04-22T13:07:56.452061+00:00
not_a_trade,telegramchannels,channel,42,Crypto & FX Trading,en,38,2026-04-22T13:07:56.452064+00:00
f_crypto_pumps_l,telegramchannels,channel,42,Crypto & FX Trading,en,39,2026-04-22T13:07:56.452067+00:00
whalesguide,telegramchannels,channel,42,Crypto & FX Trading,en,40,2026-04-22T13:07:56.452070+00:00
toptrades100,telegramchannels,channel,42,Crypto & FX Trading,en,41,2026-04-22T13:07:56.452073+00:00
shark_grp,telegramchannels,channel,42,Crypto & FX Trading,en,42,2026-04-22T13:07:56.452076+00:00
volatility75_signals1,telegramchannels,channel,42,Crypto & FX Trading,en,43,2026-04-22T13:07:56.452080+00:00
crypto_pumps_btc,telegramchannels,channel,42,Crypto & FX Trading,en,44,2026-04-22T13:07:56.452083+00:00
trading_signals8,telegramchannels,channel,42,Crypto & FX Trading,en,45,2026-04-22T13:07:56.452086+00:00
wolfoftrading,telegramchannels,channel,42,Crypto & FX Trading,en,46,2026-04-22T13:07:56.452089+00:00
noiambillio_laurent,telegramchannels,channel,42,Crypto & FX Trading,en,47,2026-04-22T13:07:56.452092+00:00
cryptoinnercircle,telegramchannels,channel,42,Crypto & FX Trading,en,48,2026-04-22T13:07:56.452095+00:00
fedrussianinsiders,telegramchannels,channel,42,Crypto & FX Trading,en,49,2026-04-22T13:07:56.452098+00:00
the_cryptospy,telegramchannels,channel,42,Crypto & FX Trading,en,50,2026-04-22T13:07:56.452102+00:00
cryptoofficer,telegramchannels,channel,42,Crypto & FX Trading,en,51,2026-04-22T13:07:56.452105+00:00
forex_school_of_trades01,telegramchannels,channel,42,Crypto & FX Trading,en,52,2026-04-22T13:07:56.452108+00:00
xplusofficial,telegramchannels,channel,42,Crypto & FX Trading,en,53,2026-04-22T13:07:56.452111+00:00
forexfactorytrading1,telegramchannels,channel,42,Crypto & FX Trading,en,54,2026-04-22T13:07:56.452114+00:00
goldtradermo,telegramchannels,channel,42,Crypto & FX Trading,en,55,2026-04-22T13:07:56.452117+00:00
xm_brokersignalsfx,telegramchannels,channel,42,Crypto & FX Trading,en,56,2026-04-22T13:07:56.452120+00:00
kowalskitrade,telegramchannels,channel,42,Crypto & FX Trading,en,57,2026-04-22T13:07:56.452124+00:00
cryptoclubpump,telegramchannels,channel,42,Crypto & FX Trading,en,58,2026-04-22T13:07:56.452127+00:00
cc_crypto_tips,telegramchannels,channel,42,Crypto & FX Trading,en,59,2026-04-22T13:07:56.452130+00:00
fundfolio,telegramchannels,channel,42,Crypto & FX Trading,en,60,2026-04-22T13:07:56.452133+00:00
tradoor_io,telegramchannels,channel,42,Crypto & FX Trading,en,61,2026-04-22T13:07:56.452136+00:00
tradingtechstreet,telegramchannels,channel,42,Crypto & FX Trading,en,62,2026-04-22T13:07:56.452139+00:00
haydarcrypto,telegramchannels,channel,42,Crypto & FX Trading,en,63,2026-04-22T13:07:56.452142+00:00
gtmo13,telegramchannels,channel,42,Crypto & FX Trading,en,64,2026-04-22T13:07:56.452145+00:00
forex_btcusd_signals,telegramchannels,channel,42,Crypto & FX Trading,en,65,2026-04-22T13:07:56.452148+00:00
blockchainwhispersbaby,telegramchannels,channel,42,Crypto & FX Trading,en,66,2026-04-22T13:07:56.452151+00:00
ladyofcryptocommunity,telegramchannels,channel,42,Crypto & FX Trading,en,67,2026-04-22T13:07:56.452154+00:00
fxstreetforex,telegramchannels,channel,42,Crypto & FX Trading,en,68,2026-04-22T13:07:56.452157+00:00
kucoin_binance_pumps,telegramchannels,channel,42,Crypto & FX Trading,en,69,2026-04-22T13:07:56.452161+00:00
lewiskellyforex_1,telegramchannels,channel,42,Crypto & FX Trading,en,70,2026-04-22T13:07:56.452164+00:00
cryptoninjastradingofficial1,telegramchannels,channel,42,Crypto & FX Trading,en,71,2026-04-22T13:07:56.452167+00:00
jacobcryptoclandiscord,telegramchannels,channel,42,Crypto & FX Trading,en,72,2026-04-22T13:07:56.452171+00:00
infinity_crypto_signals,telegramchannels,channel,42,Crypto & FX Trading,en,73,2026-04-22T13:07:56.452174+00:00
crypto_billionaires_signal,telegramchannels,channel,42,Crypto & FX Trading,en,74,2026-04-22T13:07:56.452177+00:00
doublegtrading,telegramchannels,channel,42,Crypto & FX Trading,en,75,2026-04-22T13:07:56.452180+00:00
forexsignals,telegramchannels,channel,42,Crypto & FX Trading,en,76,2026-04-22T13:07:56.452183+00:00
btcusd_fx_ethusd,telegramchannels,channel,42,Crypto & FX Trading,en,77,2026-04-22T13:07:56.452186+00:00
crypto_pumps_binance,telegramchannels,channel,42,Crypto & FX Trading,en,78,2026-04-22T13:07:56.452189+00:00
tcgforyou,telegramchannels,channel,42,Crypto & FX Trading,en,79,2026-04-22T13:07:56.452193+00:00
airdropsalertteam,telegramchannels,channel,42,Crypto & FX Trading,en,80,2026-04-22T13:07:56.452196+00:00
us30_dowjones_signals,telegramchannels,channel,42,Crypto & FX Trading,en,81,2026-04-22T13:07:56.452199+00:00
bullstar1,telegramchannels,channel,42,Crypto & FX Trading,en,82,2026-04-22T13:07:56.452202+00:00
anabelsignals8,telegramchannels,channel,42,Crypto & FX Trading,en,83,2026-04-22T13:07:56.452205+00:00
forexscalping_signalsfree,telegramchannels,channel,42,Crypto & FX Trading,en,84,2026-04-22T13:07:56.452208+00:00
coin_signals,telegramchannels,channel,42,Crypto & FX Trading,en,85,2026-04-22T13:07:56.452211+00:00
lamboraul5,telegramchannels,channel,42,Crypto & FX Trading,en,86,2026-04-22T13:07:56.452214+00:00
eveningtrader_real,telegramchannels,channel,42,Crypto & FX Trading,en,87,2026-04-22T13:07:56.452217+00:00
nasdaqr,telegramchannels,channel,42,Crypto & FX Trading,en,88,2026-04-22T13:07:56.452220+00:00
vantage_forex_invest,telegramchannels,channel,42,Crypto & FX Trading,en,89,2026-04-22T13:07:56.452223+00:00
alexgswingtradinglab001,telegramchannels,channel,42,Crypto & FX Trading,en,90,2026-04-22T13:07:56.452226+00:00
cryptonewstel,telegramchannels,channel,42,Crypto & FX Trading,en,91,2026-04-22T13:07:56.452229+00:00
eveningtradercryptosignals,telegramchannels,channel,42,Crypto & FX Trading,en,92,2026-04-22T13:07:56.452232+00:00
chartbank,telegramchannels,channel,42,Crypto & FX Trading,en,93,2026-04-22T13:07:56.452235+00:00
goldsignalz_fx,telegramchannels,channel,42,Crypto & FX Trading,en,94,2026-04-22T13:07:56.452238+00:00
nfts_defi,telegramchannels,channel,42,Crypto & FX Trading,en,95,2026-04-22T13:07:56.452241+00:00
forex_signals_blues1,telegramchannels,channel,42,Crypto & FX Trading,en,96,2026-04-22T13:07:56.452244+00:00
tu_crypto_ideas_en,telegramchannels,channel,42,Crypto & FX Trading,en,97,2026-04-22T13:07:56.452247+00:00
finsignal,telegramchannels,channel,42,Crypto & FX Trading,en,98,2026-04-22T13:07:56.452250+00:00
crypto_bitcoin_trading_news,telegramchannels,channel,42,Crypto & FX Trading,en,99,2026-04-22T13:07:56.452253+00:00
meta_trader_5_signa,telegramchannels,channel,42,Crypto & FX Trading,en,100,2026-04-22T13:07:56.452256+00:00
greencrypto_signals1,telegramchannels,channel,42,Crypto & FX Trading,en,101,2026-04-22T13:07:56.452259+00:00
signal_bitcoins,telegramchannels,channel,42,Crypto & FX Trading,en,102,2026-04-22T13:07:56.452262+00:00
tmabyartyx,telegramchannels,channel,42,Crypto & FX Trading,en,103,2026-04-22T13:07:56.452266+00:00
dailychannels,telegramchannels,channel,42,Crypto & FX Trading,en,104,2026-04-22T13:07:56.452270+00:00
tonblockchain,telegramchannels,channel,10,Economics & Finance,en,1,2026-04-22T13:08:21.451718+00:00
venture,telegramchannels,channel,10,Economics & Finance,en,2,2026-04-22T13:08:21.451726+00:00
whiplash347,telegramchannels,channel,10,Economics & Finance,en,3,2026-04-22T13:08:21.451730+00:00
join10xacademy7,telegramchannels,channel,10,Economics & Finance,en,7,2026-04-22T13:08:21.451748+00:00
billionaire_funded,telegramchannels,channel,10,Economics & Finance,en,8,2026-04-22T13:08:21.451751+00:00
infomoney_noticias,telegramchannels,channel,10,Economics & Finance,en,9,2026-04-22T13:08:21.451754+00:00
statista_infographics_statistics,telegramchannels,channel,10,Economics & Finance,en,10,2026-04-22T13:08:21.451758+00:00
hertraderscircle,telegramchannels,channel,10,Economics & Finance,en,11,2026-04-22T13:08:21.451761+00:00
bybit_card_official,telegramchannels,channel,10,Economics & Finance,en,12,2026-04-22T13:08:21.451764+00:00
economyfinancemoney,telegramchannels,channel,10,Economics & Finance,en,13,2026-04-22T13:08:21.451767+00:00
elliottwavemonitor,telegramchannels,channel,10,Economics & Finance,en,14,2026-04-22T13:08:21.451771+00:00
econflash,telegramchannels,channel,10,Economics & Finance,en,15,2026-04-22T13:08:21.451774+00:00
goldensnd,telegramchannels,channel,10,Economics & Finance,en,16,2026-04-22T13:08:21.451777+00:00
marketranger,telegramchannels,channel,10,Economics & Finance,en,17,2026-04-22T13:08:21.451780+00:00
sensexnow,telegramchannels,channel,10,Economics & Finance,en,18,2026-04-22T13:08:21.451784+00:00
bankerx,telegramchannels,channel,10,Economics & Finance,en,19,2026-04-22T13:08:21.451787+00:00
poemsta,telegramchannels,channel,10,Economics & Finance,en,20,2026-04-22T13:08:21.451790+00:00
chief_ai_officer,telegramchannels,channel,10,Economics & Finance,en,21,2026-04-22T13:08:21.451793+00:00
theparadigmshiftchannel,telegramchannels,channel,10,Economics & Finance,en,22,2026-04-22T13:08:21.451796+00:00
mmagnetics,telegramchannels,channel,10,Economics & Finance,en,23,2026-04-22T13:08:21.451799+00:00
indexofchannel,telegramchannels,channel,10,Economics & Finance,en,24,2026-04-22T13:08:21.451802+00:00
ewaplans,telegramchannels,channel,10,Economics & Finance,en,25,2026-04-22T13:08:21.451805+00:00
nido_russia,telegramchannels,channel,10,Economics & Finance,en,26,2026-04-22T13:08:21.451808+00:00
stockmarketgyanaad0211,telegramchannels,channel,10,Economics & Finance,en,27,2026-04-22T13:08:21.451811+00:00
scanfinjapanesecandlestick,telegramchannels,channel,10,Economics & Finance,en,28,2026-04-22T13:08:21.451814+00:00
cbondsglobal,telegramchannels,channel,10,Economics & Finance,en,29,2026-04-22T13:08:21.451817+00:00
exclusivehomesmadeira,telegramchannels,channel,10,Economics & Finance,en,30,2026-04-22T13:08:21.451820+00:00
thomassowellquote,telegramchannels,channel,10,Economics & Finance,en,31,2026-04-22T13:08:21.451823+00:00
ex4_to_mq4_convert,telegramchannels,channel,10,Economics & Finance,en,32,2026-04-22T13:08:21.451826+00:00
intrdayprofit,telegramchannels,channel,10,Economics & Finance,en,33,2026-04-22T13:08:21.451829+00:00
marketchampion,telegramchannels,channel,10,Economics & Finance,en,34,2026-04-22T13:08:21.451833+00:00
freemoneynetwork,telegramchannels,channel,10,Economics & Finance,en,35,2026-04-22T13:08:21.451836+00:00
stockguru1,telegramchannels,channel,10,Economics & Finance,en,36,2026-04-22T13:08:21.451839+00:00
mgic_officialchannel,telegramchannels,channel,10,Economics & Finance,en,37,2026-04-22T13:08:21.451842+00:00
lamboraulcourse,telegramchannels,channel,10,Economics & Finance,en,38,2026-04-22T13:08:21.451845+00:00
intradaytredingbyms,telegramchannels,channel,10,Economics & Finance,en,39,2026-04-22T13:08:21.451848+00:00
assetdashdotcom,telegramchannels,channel,10,Economics & Finance,en,40,2026-04-22T13:08:21.451850+00:00
hqbins9,telegramchannels,channel,10,Economics & Finance,en,41,2026-04-22T13:08:21.451853+00:00
stockmania1,telegramchannels,channel,10,Economics & Finance,en,42,2026-04-22T13:08:21.451856+00:00
gold_news_channel,telegramchannels,channel,10,Economics & Finance,en,43,2026-04-22T13:08:21.451859+00:00
research04,telegramchannels,channel,10,Economics & Finance,en,44,2026-04-22T13:08:21.451862+00:00
dantefreesignals,telegramchannels,channel,10,Economics & Finance,en,45,2026-04-22T13:08:21.451865+00:00
stockprofitsure,telegramchannels,channel,10,Economics & Finance,en,46,2026-04-22T13:08:21.451868+00:00
abquantify1,telegramchannels,channel,10,Economics & Finance,en,47,2026-04-22T13:08:21.451871+00:00
sharecapsule,telegramchannels,channel,10,Economics & Finance,en,48,2026-04-22T13:08:21.451874+00:00
blyzeai,telegramchannels,channel,10,Economics & Finance,en,49,2026-04-22T13:08:21.451877+00:00
sure_means_sure,telegramchannels,channel,10,Economics & Finance,en,50,2026-04-22T13:08:21.451880+00:00
finnowledge,telegramchannels,channel,10,Economics & Finance,en,51,2026-04-22T13:08:21.451883+00:00
mcxtradelearn,telegramchannels,channel,10,Economics & Finance,en,52,2026-04-22T13:08:21.451885+00:00
scanfinstockexchange,telegramchannels,channel,10,Economics & Finance,en,53,2026-04-22T13:08:21.451888+00:00
usstockhub,telegramchannels,channel,10,Economics & Finance,en,54,2026-04-22T13:08:21.451891+00:00
swingmasterpro1,telegramchannels,channel,10,Economics & Finance,en,55,2026-04-22T13:08:21.451894+00:00
learnstock_market,telegramchannels,channel,10,Economics & Finance,en,56,2026-04-22T13:08:21.451897+00:00
successinvestmentsi,telegramchannels,channel,10,Economics & Finance,en,57,2026-04-22T13:08:21.451900+00:00
bestintradaycalls1,telegramchannels,channel,10,Economics & Finance,en,58,2026-04-22T13:08:21.451903+00:00
zksync_community_channel,telegramchannels,channel,10,Economics & Finance,en,59,2026-04-22T13:08:21.451906+00:00
pfser_official,telegramchannels,channel,10,Economics & Finance,en,60,2026-04-22T13:08:21.451909+00:00
payment_gateway_universal,telegramchannels,channel,10,Economics & Finance,en,61,2026-04-22T13:08:21.451912+00:00
stockmarketanaiysis,telegramchannels,channel,10,Economics & Finance,en,62,2026-04-22T13:08:21.451915+00:00
stonksscan,telegramchannels,channel,10,Economics & Finance,en,63,2026-04-22T13:08:21.451918+00:00
getfundedservicechannel,telegramchannels,channel,10,Economics & Finance,en,64,2026-04-22T13:08:21.451921+00:00
frauddept01,telegramchannels,channel,10,Economics & Finance,en,65,2026-04-22T13:08:21.451924+00:00
shares_intradaytips,telegramchannels,channel,10,Economics & Finance,en,66,2026-04-22T13:08:21.451927+00:00
renestorefortnite,telegramchannels,channel,10,Economics & Finance,en,67,2026-04-22T13:08:21.451930+00:00
scanfinmain,telegramchannels,channel,10,Economics & Finance,en,68,2026-04-22T13:08:21.451933+00:00
forexgoldexpert,telegramchannels,channel,10,Economics & Finance,en,69,2026-04-22T13:08:21.451935+00:00
my_stock_view,telegramchannels,channel,10,Economics & Finance,en,70,2026-04-22T13:08:21.451938+00:00
miningst0cks,telegramchannels,channel,10,Economics & Finance,en,71,2026-04-22T13:08:21.451941+00:00
tgk_public_community,telegramchannels,channel,10,Economics & Finance,en,72,2026-04-22T13:08:21.451944+00:00
onchains_channel,telegramchannels,channel,10,Economics & Finance,en,73,2026-04-22T13:08:21.451947+00:00
gx12bot,telegramchannels,channel,10,Economics & Finance,en,74,2026-04-22T13:08:21.451950+00:00
power_of_stock_pivot_point,telegramchannels,channel,10,Economics & Finance,en,75,2026-04-22T13:08:21.451953+00:00
earnonlinewithproofs,telegramchannels,channel,10,Economics & Finance,en,76,2026-04-22T13:08:21.451956+00:00
how_much_they_can_earn,telegramchannels,channel,10,Economics & Finance,en,77,2026-04-22T13:08:21.451959+00:00
goldishold1593,telegramchannels,channel,10,Economics & Finance,en,78,2026-04-22T13:08:21.451962+00:00
movocashtransfers,telegramchannels,channel,10,Economics & Finance,en,79,2026-04-22T13:08:21.451965+00:00
escaperat,telegramchannels,channel,10,Economics & Finance,en,80,2026-04-22T13:08:21.451968+00:00
tatehu2,telegramchannels,channel,10,Economics & Finance,en,81,2026-04-22T13:08:21.451971+00:00
bigwintrx,telegramchannels,channel,10,Economics & Finance,en,82,2026-04-22T13:08:21.451973+00:00
paytmearningpaytm1,telegramchannels,channel,10,Economics & Finance,en,83,2026-04-22T13:08:21.451976+00:00
moneycontrolofficial,telegramchannels,channel,10,Economics & Finance,en,84,2026-04-22T13:08:21.451979+00:00
makingmoneyforumcom,telegramchannels,channel,10,Economics & Finance,en,85,2026-04-22T13:08:21.451982+00:00
scopefxsignals,telegramchannels,channel,10,Economics & Finance,en,86,2026-04-22T13:08:21.451985+00:00
thespecula,telegramchannels,channel,10,Economics & Finance,en,87,2026-04-22T13:08:21.451988+00:00
asstock3,telegramchannels,channel,10,Economics & Finance,en,88,2026-04-22T13:08:21.451990+00:00
dailychannels,telegramchannels,channel,10,Economics & Finance,en,89,2026-04-22T13:08:21.451995+00:00
visionias_upsc,telegramchannels,channel,11,Education,en,1,2026-04-22T13:08:43.642241+00:00
englishwithranimaam,telegramchannels,channel,11,Education,en,2,2026-04-22T13:08:43.642248+00:00
linkedin_learning,telegramchannels,channel,11,Education,en,3,2026-04-22T13:08:43.642252+00:00
zero_to_mastery,telegramchannels,channel,11,Education,en,7,2026-04-22T13:08:43.642271+00:00
tartariahistorychannel,telegramchannels,channel,11,Education,en,8,2026-04-22T13:08:43.642274+00:00
scholarships365,telegramchannels,channel,11,Education,en,9,2026-04-22T13:08:43.642277+00:00
udemy4u,telegramchannels,channel,11,Education,en,10,2026-04-22T13:08:43.642281+00:00
googlefactss,telegramchannels,channel,11,Education,en,11,2026-04-22T13:08:43.642283+00:00
discudemy_com,telegramchannels,channel,11,Education,en,12,2026-04-22T13:08:43.642287+00:00
curiosity_tea,telegramchannels,channel,11,Education,en,13,2026-04-22T13:08:43.642290+00:00
askmenow,telegramchannels,channel,11,Education,en,14,2026-04-22T13:08:43.642292+00:00
q17_awakening,telegramchannels,channel,11,Education,en,15,2026-04-22T13:08:43.642296+00:00
upsc_prelims_mcq_pyq_quiz,telegramchannels,channel,11,Education,en,16,2026-04-22T13:08:43.642299+00:00
spaceforcegalacticfederation,telegramchannels,channel,11,Education,en,17,2026-04-22T13:08:43.642302+00:00
weird_facts_tm,telegramchannels,channel,11,Education,en,18,2026-04-22T13:08:43.642305+00:00
placement_fellas,telegramchannels,channel,11,Education,en,19,2026-04-22T13:08:43.642309+00:00
patrickkennedy777,telegramchannels,channel,11,Education,en,20,2026-04-22T13:08:43.642312+00:00
scholarship,telegramchannels,channel,11,Education,en,21,2026-04-22T13:08:43.642315+00:00
tutorialbar_udemy_coupons,telegramchannels,channel,11,Education,en,22,2026-04-22T13:08:43.642318+00:00
udacityfreecourse,telegramchannels,channel,11,Education,en,23,2026-04-22T13:08:43.642321+00:00
english_life_quotes_and_facts,telegramchannels,channel,11,Education,en,24,2026-04-22T13:08:43.642324+00:00
realdailylifehacks,telegramchannels,channel,11,Education,en,25,2026-04-22T13:08:43.642328+00:00
englishlearnerspro,telegramchannels,channel,11,Education,en,26,2026-04-22T13:08:43.642331+00:00
becewassce1,telegramchannels,channel,11,Education,en,27,2026-04-22T13:08:43.642334+00:00
udemyfree4you,telegramchannels,channel,11,Education,en,28,2026-04-22T13:08:43.642337+00:00
flatearthandmore,telegramchannels,channel,11,Education,en,29,2026-04-22T13:08:43.642340+00:00
learn_en_grammar,telegramchannels,channel,11,Education,en,30,2026-04-22T13:08:43.642343+00:00
freeonlinecourses_paid_to_free,telegramchannels,channel,11,Education,en,31,2026-04-22T13:08:43.642347+00:00
darshankharefinallaw,telegramchannels,channel,11,Education,en,32,2026-04-22T13:08:43.642350+00:00
camonk8,telegramchannels,channel,11,Education,en,33,2026-04-22T13:08:43.642353+00:00
psychiworld,telegramchannels,channel,11,Education,en,34,2026-04-22T13:08:43.642356+00:00
damhistory,telegramchannels,channel,11,Education,en,35,2026-04-22T13:08:43.642359+00:00
toeflzone,telegramchannels,channel,11,Education,en,36,2026-04-22T13:08:43.642363+00:00
baasidnotice,telegramchannels,channel,11,Education,en,37,2026-04-22T13:08:43.642366+00:00
electroculturefarming,telegramchannels,channel,11,Education,en,38,2026-04-22T13:08:43.642369+00:00
didyoureallyknow,telegramchannels,channel,11,Education,en,39,2026-04-22T13:08:43.642372+00:00
englishworld,telegramchannels,channel,11,Education,en,40,2026-04-22T13:08:43.642375+00:00
ieltsforeverybody,telegramchannels,channel,11,Education,en,41,2026-04-22T13:08:43.642378+00:00
zlibraryorg,telegramchannels,channel,11,Education,en,42,2026-04-22T13:08:43.642382+00:00
mindblowingfacts,telegramchannels,channel,11,Education,en,43,2026-04-22T13:08:43.642384+00:00
phrasedaily,telegramchannels,channel,11,Education,en,44,2026-04-22T13:08:43.642387+00:00
equitymasterofficial,telegramchannels,channel,11,Education,en,45,2026-04-22T13:08:43.642390+00:00
physicsnetset,telegramchannels,channel,11,Education,en,46,2026-04-22T13:08:43.642393+00:00
fresherearth,telegramchannels,channel,11,Education,en,47,2026-04-22T13:08:43.642396+00:00
tutorialpajak,telegramchannels,channel,11,Education,en,48,2026-04-22T13:08:43.642399+00:00
freecodecs,telegramchannels,channel,11,Education,en,49,2026-04-22T13:08:43.642402+00:00
gujarattextbook,telegramchannels,channel,11,Education,en,50,2026-04-22T13:08:43.642405+00:00
thepowerofexcel,telegramchannels,channel,11,Education,en,51,2026-04-22T13:08:43.642408+00:00
udemyoff,telegramchannels,channel,11,Education,en,52,2026-04-22T13:08:43.642411+00:00
volunteersingapore,telegramchannels,channel,11,Education,en,53,2026-04-22T13:08:43.642414+00:00
mltmcq1,telegramchannels,channel,11,Education,en,54,2026-04-22T13:08:43.642417+00:00
documentaryplanet,telegramchannels,channel,11,Education,en,55,2026-04-22T13:08:43.642428+00:00
freeonlinecourses_eacademy,telegramchannels,channel,11,Education,en,56,2026-04-22T13:08:43.642432+00:00
american,telegramchannels,channel,11,Education,en,57,2026-04-22T13:08:43.642436+00:00
cs_algo,telegramchannels,channel,11,Education,en,58,2026-04-22T13:08:43.642439+00:00
termux_hacking_tls,telegramchannels,channel,11,Education,en,59,2026-04-22T13:08:43.642442+00:00
todayilearn,telegramchannels,channel,11,Education,en,60,2026-04-22T13:08:43.642446+00:00
biotechnology_here,telegramchannels,channel,11,Education,en,61,2026-04-22T13:08:43.642449+00:00
learnvocabularyenglish_2022,telegramchannels,channel,11,Education,en,62,2026-04-22T13:08:43.642452+00:00
vectorguruillustrator,telegramchannels,channel,11,Education,en,63,2026-04-22T13:08:43.642455+00:00
springframeworkzone,telegramchannels,channel,11,Education,en,64,2026-04-22T13:08:43.642458+00:00
millennialwoes,telegramchannels,channel,11,Education,en,65,2026-04-22T13:08:43.642461+00:00
ieltsbid,telegramchannels,channel,11,Education,en,66,2026-04-22T13:08:43.642465+00:00
darkwiki,telegramchannels,channel,11,Education,en,67,2026-04-22T13:08:43.642468+00:00
english_poetry,telegramchannels,channel,11,Education,en,68,2026-04-22T13:08:43.642471+00:00
dentalsoft3d,telegramchannels,channel,11,Education,en,69,2026-04-22T13:08:43.642474+00:00
megapack,telegramchannels,channel,11,Education,en,70,2026-04-22T13:08:43.642477+00:00
enexteducation,telegramchannels,channel,11,Education,en,71,2026-04-22T13:08:43.642480+00:00
learningcreators,telegramchannels,channel,11,Education,en,72,2026-04-22T13:08:43.642483+00:00
yuldoshevg,telegramchannels,channel,11,Education,en,73,2026-04-22T13:08:43.642485+00:00
offcampusjobs_freshers,telegramchannels,channel,11,Education,en,74,2026-04-22T13:08:43.642488+00:00
studyqacom,telegramchannels,channel,11,Education,en,75,2026-04-22T13:08:43.642491+00:00
retro,telegramchannels,channel,11,Education,en,76,2026-04-22T13:08:43.642494+00:00
adda247school9and10,telegramchannels,channel,11,Education,en,77,2026-04-22T13:08:43.642498+00:00
pharmacollegeplc,telegramchannels,channel,11,Education,en,78,2026-04-22T13:08:43.642501+00:00
apkeditorproo,telegramchannels,channel,11,Education,en,79,2026-04-22T13:08:43.642504+00:00
thestudykafe,telegramchannels,channel,11,Education,en,80,2026-04-22T13:08:43.642507+00:00
freecourseswithcertificates,telegramchannels,channel,11,Education,en,81,2026-04-22T13:08:43.642510+00:00
sportsphysiotherapyhealth,telegramchannels,channel,11,Education,en,82,2026-04-22T13:08:43.642513+00:00
science_facta,telegramchannels,channel,11,Education,en,83,2026-04-22T13:08:43.642516+00:00
aayushdmamc,telegramchannels,channel,11,Education,en,84,2026-04-22T13:08:43.642519+00:00
engineering_ebooks1,telegramchannels,channel,11,Education,en,85,2026-04-22T13:08:43.642522+00:00
national_defence_academy_1,telegramchannels,channel,11,Education,en,86,2026-04-22T13:08:43.642525+00:00
nietzscheen,telegramchannels,channel,11,Education,en,87,2026-04-22T13:08:43.642528+00:00
tartariabritannica,telegramchannels,channel,11,Education,en,88,2026-04-22T13:08:43.642531+00:00
javascript_js_learn,telegramchannels,channel,11,Education,en,89,2026-04-22T13:08:43.642534+00:00
freecourse,telegramchannels,channel,11,Education,en,90,2026-04-22T13:08:43.642537+00:00
jim_rohn_records,telegramchannels,channel,11,Education,en,91,2026-04-22T13:08:43.642540+00:00
engineeringupdate,telegramchannels,channel,11,Education,en,92,2026-04-22T13:08:43.642542+00:00
factstoexplore,telegramchannels,channel,11,Education,en,93,2026-04-22T13:08:43.642545+00:00
pulmonaryc,telegramchannels,channel,11,Education,en,94,2026-04-22T13:08:43.642548+00:00
reactjs_interview,telegramchannels,channel,11,Education,en,95,2026-04-22T13:08:43.642551+00:00
competitive_programming_cpp,telegramchannels,channel,11,Education,en,96,2026-04-22T13:08:43.642554+00:00
mcqexamprepration007,telegramchannels,channel,11,Education,en,97,2026-04-22T13:08:43.642557+00:00
medicosforlife,telegramchannels,channel,11,Education,en,98,2026-04-22T13:08:43.642560+00:00
english_grammarquizzes,telegramchannels,channel,11,Education,en,99,2026-04-22T13:08:43.642563+00:00
corejavabasicconcept,telegramchannels,channel,11,Education,en,100,2026-04-22T13:08:43.642566+00:00
upsccapfac,telegramchannels,channel,11,Education,en,101,2026-04-22T13:08:43.642569+00:00
cloudandevops,telegramchannels,channel,11,Education,en,102,2026-04-22T13:08:43.642572+00:00
tandem_english,telegramchannels,channel,11,Education,en,103,2026-04-22T13:08:43.642575+00:00
dailychannels,telegramchannels,channel,11,Education,en,104,2026-04-22T13:08:43.642579+00:00
noiambilliolaurent,telegramchannels,channel,12,Entertainment,en,1,2026-04-22T13:08:58.959405+00:00
whalememes,telegramchannels,channel,12,Entertainment,en,2,2026-04-22T13:08:58.959413+00:00
timecoinsol,telegramchannels,channel,12,Entertainment,en,3,2026-04-22T13:08:58.959416+00:00
prank,telegramchannels,channel,12,Entertainment,en,7,2026-04-22T13:08:58.959440+00:00
siarly_of,telegramchannels,channel,12,Entertainment,en,8,2026-04-22T13:08:58.959444+00:00
vixenppublic,telegramchannels,channel,12,Entertainment,en,9,2026-04-22T13:08:58.959447+00:00
preton_meme,telegramchannels,channel,12,Entertainment,en,10,2026-04-22T13:08:58.959450+00:00
stopfooling,telegramchannels,channel,12,Entertainment,en,11,2026-04-22T13:08:58.959453+00:00
videos,telegramchannels,channel,12,Entertainment,en,12,2026-04-22T13:08:58.959456+00:00
chicomemes,telegramchannels,channel,12,Entertainment,en,13,2026-04-22T13:08:58.959459+00:00
programmerjokes,telegramchannels,channel,12,Entertainment,en,14,2026-04-22T13:08:58.959462+00:00
davidavocadowolfe,telegramchannels,channel,12,Entertainment,en,15,2026-04-22T13:08:58.959465+00:00
plantainchipps,telegramchannels,channel,12,Entertainment,en,16,2026-04-22T13:08:58.959469+00:00
bestmemes,telegramchannels,channel,12,Entertainment,en,17,2026-04-22T13:08:58.959472+00:00
funny_videos_10,telegramchannels,channel,12,Entertainment,en,18,2026-04-22T13:08:58.959475+00:00
gistlovershq,telegramchannels,channel,12,Entertainment,en,19,2026-04-22T13:08:58.959478+00:00
funny_videos_gifs_comedy_memes,telegramchannels,channel,12,Entertainment,en,20,2026-04-22T13:08:58.959481+00:00
funny_memes_jokes_english_gifs,telegramchannels,channel,12,Entertainment,en,21,2026-04-22T13:08:58.959484+00:00
notmemes,telegramchannels,channel,12,Entertainment,en,22,2026-04-22T13:08:58.959487+00:00
memes,telegramchannels,channel,12,Entertainment,en,23,2026-04-22T13:08:58.959490+00:00
sgweekend,telegramchannels,channel,12,Entertainment,en,24,2026-04-22T13:08:58.959494+00:00
randomchatss,telegramchannels,channel,12,Entertainment,en,25,2026-04-22T13:08:58.959497+00:00
everyone,telegramchannels,channel,12,Entertainment,en,26,2026-04-22T13:08:58.959500+00:00
xavierzone,telegramchannels,channel,12,Entertainment,en,27,2026-04-22T13:08:58.959503+00:00
sarcasm9,telegramchannels,channel,12,Entertainment,en,28,2026-04-22T13:08:58.959506+00:00
politicallyincorrectjokes,telegramchannels,channel,12,Entertainment,en,29,2026-04-22T13:08:58.959509+00:00
airdropverifiesdss,telegramchannels,channel,12,Entertainment,en,30,2026-04-22T13:08:58.959512+00:00
failarmy_funny_videos_crazy,telegramchannels,channel,12,Entertainment,en,31,2026-04-22T13:08:58.959516+00:00
exoladderindosub,telegramchannels,channel,12,Entertainment,en,32,2026-04-22T13:08:58.959519+00:00
crazynews_today,telegramchannels,channel,12,Entertainment,en,33,2026-04-22T13:08:58.959522+00:00
toresaysplus,telegramchannels,channel,12,Entertainment,en,34,2026-04-22T13:08:58.959525+00:00
dirty_humour,telegramchannels,channel,12,Entertainment,en,35,2026-04-22T13:08:58.959528+00:00
updateee,telegramchannels,channel,12,Entertainment,en,36,2026-04-22T13:08:58.959531+00:00
unfilteredhumour,telegramchannels,channel,12,Entertainment,en,37,2026-04-22T13:08:58.959534+00:00
funny_videos_comedy_memes,telegramchannels,channel,12,Entertainment,en,38,2026-04-22T13:08:58.959537+00:00
daveoneegsauschat,telegramchannels,channel,12,Entertainment,en,39,2026-04-22T13:08:58.959540+00:00
showerthoughts,telegramchannels,channel,12,Entertainment,en,40,2026-04-22T13:08:58.959543+00:00
shockingfact,telegramchannels,channel,12,Entertainment,en,41,2026-04-22T13:08:58.959546+00:00
forbidden_history_tg,telegramchannels,channel,12,Entertainment,en,42,2026-04-22T13:08:58.959550+00:00
memes_room,telegramchannels,channel,12,Entertainment,en,43,2026-04-22T13:08:58.959553+00:00
shitpost,telegramchannels,channel,12,Entertainment,en,44,2026-04-22T13:08:58.959556+00:00
humordeu,telegramchannels,channel,12,Entertainment,en,45,2026-04-22T13:08:58.959558+00:00
essentials_loungee,telegramchannels,channel,12,Entertainment,en,46,2026-04-22T13:08:58.959562+00:00
schizosonline,telegramchannels,channel,12,Entertainment,en,47,2026-04-22T13:08:58.959565+00:00
intfactsen,telegramchannels,channel,12,Entertainment,en,48,2026-04-22T13:08:58.959568+00:00
pepelib,telegramchannels,channel,12,Entertainment,en,49,2026-04-22T13:08:58.959571+00:00
programmer_humor,telegramchannels,channel,12,Entertainment,en,50,2026-04-22T13:08:58.959574+00:00
dont_do_it_bro,telegramchannels,channel,12,Entertainment,en,51,2026-04-22T13:08:58.959577+00:00
psyopsmemes,telegramchannels,channel,12,Entertainment,en,52,2026-04-22T13:08:58.959580+00:00
workingmenmemes,telegramchannels,channel,12,Entertainment,en,53,2026-04-22T13:08:58.959583+00:00
justmemes,telegramchannels,channel,12,Entertainment,en,54,2026-04-22T13:08:58.959586+00:00
tweetsavages,telegramchannels,channel,12,Entertainment,en,55,2026-04-22T13:08:58.959589+00:00
tiktits,telegramchannels,channel,12,Entertainment,en,56,2026-04-22T13:08:58.959592+00:00
anime_news,telegramchannels,channel,12,Entertainment,en,57,2026-04-22T13:08:58.959595+00:00
internetpuke,telegramchannels,channel,12,Entertainment,en,58,2026-04-22T13:08:58.959598+00:00
dirtymemeshub,telegramchannels,channel,12,Entertainment,en,59,2026-04-22T13:08:58.959601+00:00
rugag,telegramchannels,channel,12,Entertainment,en,60,2026-04-22T13:08:58.959604+00:00
memes_mf,telegramchannels,channel,12,Entertainment,en,61,2026-04-22T13:08:58.959607+00:00
dailyepicmemes,telegramchannels,channel,12,Entertainment,en,62,2026-04-22T13:08:58.959610+00:00
beinglogical,telegramchannels,channel,12,Entertainment,en,63,2026-04-22T13:08:58.959613+00:00
volmemes,telegramchannels,channel,12,Entertainment,en,64,2026-04-22T13:08:58.959616+00:00
minionquote,telegramchannels,channel,12,Entertainment,en,65,2026-04-22T13:08:58.959619+00:00
become_ungovernalbe,telegramchannels,channel,12,Entertainment,en,66,2026-04-22T13:08:58.959623+00:00
historymemes88,telegramchannels,channel,12,Entertainment,en,67,2026-04-22T13:08:58.959626+00:00
greatclips,telegramchannels,channel,12,Entertainment,en,68,2026-04-22T13:08:58.959629+00:00
nekofied,telegramchannels,channel,12,Entertainment,en,69,2026-04-22T13:08:58.959632+00:00
autismcentral,telegramchannels,channel,12,Entertainment,en,70,2026-04-22T13:08:58.959635+00:00
lofi_furs,telegramchannels,channel,12,Entertainment,en,71,2026-04-22T13:08:58.959638+00:00
sickipedia,telegramchannels,channel,12,Entertainment,en,72,2026-04-22T13:08:58.959641+00:00
viral_today,telegramchannels,channel,12,Entertainment,en,73,2026-04-22T13:08:58.959644+00:00
altright_memes,telegramchannels,channel,12,Entertainment,en,74,2026-04-22T13:08:58.959647+00:00
disgrace_tg,telegramchannels,channel,12,Entertainment,en,75,2026-04-22T13:08:58.959650+00:00
dankmemesgang,telegramchannels,channel,12,Entertainment,en,76,2026-04-22T13:08:58.959653+00:00
memewar24,telegramchannels,channel,12,Entertainment,en,77,2026-04-22T13:08:58.959656+00:00
onepiecedeluxe,telegramchannels,channel,12,Entertainment,en,78,2026-04-22T13:08:58.959659+00:00
karma_en,telegramchannels,channel,12,Entertainment,en,79,2026-04-22T13:08:58.959662+00:00
dirtymemechannel,telegramchannels,channel,12,Entertainment,en,80,2026-04-22T13:08:58.959665+00:00
x21edge,telegramchannels,channel,12,Entertainment,en,81,2026-04-22T13:08:58.959668+00:00
gifs_en,telegramchannels,channel,12,Entertainment,en,82,2026-04-22T13:08:58.959671+00:00
darwin_tg,telegramchannels,channel,12,Entertainment,en,83,2026-04-22T13:08:58.959674+00:00
funny_videos_2024_top,telegramchannels,channel,12,Entertainment,en,84,2026-04-22T13:08:58.959678+00:00
stupidusernameee,telegramchannels,channel,12,Entertainment,en,85,2026-04-22T13:08:58.959681+00:00
funny_images,telegramchannels,channel,12,Entertainment,en,86,2026-04-22T13:08:58.959684+00:00
onepiecespoilhere,telegramchannels,channel,12,Entertainment,en,87,2026-04-22T13:08:58.959687+00:00
cannesfilms,telegramchannels,channel,12,Entertainment,en,88,2026-04-22T13:08:58.959690+00:00
jretelegram,telegramchannels,channel,12,Entertainment,en,89,2026-04-22T13:08:58.959693+00:00
funny_hubtm,telegramchannels,channel,12,Entertainment,en,90,2026-04-22T13:08:58.959696+00:00
cumtown,telegramchannels,channel,12,Entertainment,en,91,2026-04-22T13:08:58.959699+00:00
mature_memes,telegramchannels,channel,12,Entertainment,en,92,2026-04-22T13:08:58.959702+00:00
funny_crypto_memes,telegramchannels,channel,12,Entertainment,en,93,2026-04-22T13:08:58.959705+00:00
mildlyinteresting,telegramchannels,channel,12,Entertainment,en,94,2026-04-22T13:08:58.959708+00:00
jackaloocomics,telegramchannels,channel,12,Entertainment,en,95,2026-04-22T13:08:58.959712+00:00
freebies,telegramchannels,channel,12,Entertainment,en,96,2026-04-22T13:08:58.959715+00:00
reddit_tg,telegramchannels,channel,12,Entertainment,en,97,2026-04-22T13:08:58.959718+00:00
anime_sekai_officialchannel,telegramchannels,channel,12,Entertainment,en,98,2026-04-22T13:08:58.959720+00:00
memes_funny_joker,telegramchannels,channel,12,Entertainment,en,99,2026-04-22T13:08:58.959723+00:00
greentextmemes,telegramchannels,channel,12,Entertainment,en,100,2026-04-22T13:08:58.959726+00:00
sweet_whatsapp_status_video,telegramchannels,channel,12,Entertainment,en,101,2026-04-22T13:08:58.959730+00:00
comebacklines,telegramchannels,channel,12,Entertainment,en,102,2026-04-22T13:08:58.959733+00:00
jockers_42,telegramchannels,channel,12,Entertainment,en,103,2026-04-22T13:08:58.959735+00:00
dailychannels,telegramchannels,channel,12,Entertainment,en,104,2026-04-22T13:08:58.959740+00:00
pandabuy_fr,telegramchannels,channel,13,Fashion & Beauty,en,1,2026-04-22T13:09:21.704608+00:00
clothonanews,telegramchannels,channel,13,Fashion & Beauty,en,2,2026-04-22T13:09:21.704616+00:00
budgetbabes,telegramchannels,channel,13,Fashion & Beauty,en,3,2026-04-22T13:09:21.704619+00:00
luxury_replica,telegramchannels,channel,13,Fashion & Beauty,en,7,2026-04-22T13:09:21.704638+00:00
findpandabuy,telegramchannels,channel,13,Fashion & Beauty,en,8,2026-04-22T13:09:21.704641+00:00
oyinsapparel,telegramchannels,channel,13,Fashion & Beauty,en,9,2026-04-22T13:09:21.704644+00:00
afrocosmeticsusabrand,telegramchannels,channel,13,Fashion & Beauty,en,10,2026-04-22T13:09:21.704647+00:00
hijab,telegramchannels,channel,13,Fashion & Beauty,en,11,2026-04-22T13:09:21.704651+00:00
sewingworkshop,telegramchannels,channel,13,Fashion & Beauty,en,12,2026-04-22T13:09:21.704654+00:00
menslooks,telegramchannels,channel,13,Fashion & Beauty,en,13,2026-04-22T13:09:21.704657+00:00
sgvnova,telegramchannels,channel,13,Fashion & Beauty,en,14,2026-04-22T13:09:21.704660+00:00
ofwhite_bagnaxclusive,telegramchannels,channel,13,Fashion & Beauty,en,15,2026-04-22T13:09:21.704663+00:00
offowmn,telegramchannels,channel,13,Fashion & Beauty,en,16,2026-04-22T13:09:21.704666+00:00
leggingsgoddesses,telegramchannels,channel,13,Fashion & Beauty,en,17,2026-04-22T13:09:21.704670+00:00
womenslook,telegramchannels,channel,13,Fashion & Beauty,en,18,2026-04-22T13:09:21.704673+00:00
kilynk,telegramchannels,channel,13,Fashion & Beauty,en,19,2026-04-22T13:09:21.704676+00:00
transgendersbeauty,telegramchannels,channel,13,Fashion & Beauty,en,20,2026-04-22T13:09:21.704679+00:00
kendalljenner,telegramchannels,channel,13,Fashion & Beauty,en,21,2026-04-22T13:09:21.704682+00:00
topalibrand_men,telegramchannels,channel,13,Fashion & Beauty,en,22,2026-04-22T13:09:21.704685+00:00
ryxskinsincerity,telegramchannels,channel,13,Fashion & Beauty,en,23,2026-04-22T13:09:21.704688+00:00
yogapantsamateurs,telegramchannels,channel,13,Fashion & Beauty,en,24,2026-04-22T13:09:21.704691+00:00
celebrity,telegramchannels,channel,13,Fashion & Beauty,en,25,2026-04-22T13:09:21.704694+00:00
bhadiddaily,telegramchannels,channel,13,Fashion & Beauty,en,26,2026-04-22T13:09:21.704698+00:00
rolexreplica12345,telegramchannels,channel,13,Fashion & Beauty,en,27,2026-04-22T13:09:21.704701+00:00
cosmoorigninal0964506704,telegramchannels,channel,13,Fashion & Beauty,en,28,2026-04-22T13:09:21.704704+00:00
reebonzsingapore,telegramchannels,channel,13,Fashion & Beauty,en,29,2026-04-22T13:09:21.704707+00:00
wlkoffame,telegramchannels,channel,13,Fashion & Beauty,en,30,2026-04-22T13:09:21.704710+00:00
devopsbuddys,telegramchannels,channel,13,Fashion & Beauty,en,31,2026-04-22T13:09:21.704713+00:00
beurekaofficial,telegramchannels,channel,13,Fashion & Beauty,en,32,2026-04-22T13:09:21.704717+00:00
sereiaszx,telegramchannels,channel,13,Fashion & Beauty,en,33,2026-04-22T13:09:21.704720+00:00
ghadiddaily,telegramchannels,channel,13,Fashion & Beauty,en,34,2026-04-22T13:09:21.704723+00:00
invogafashion,telegramchannels,channel,13,Fashion & Beauty,en,35,2026-04-22T13:09:21.704726+00:00
buymyclothesetc,telegramchannels,channel,13,Fashion & Beauty,en,36,2026-04-22T13:09:21.704729+00:00
dk_brandfactory,telegramchannels,channel,13,Fashion & Beauty,en,37,2026-04-22T13:09:21.704733+00:00
aliexpresshide,telegramchannels,channel,13,Fashion & Beauty,en,38,2026-04-22T13:09:21.704736+00:00
cultistatelier,telegramchannels,channel,13,Fashion & Beauty,en,39,2026-04-22T13:09:21.704739+00:00
luxurywomenstyle,telegramchannels,channel,13,Fashion & Beauty,en,40,2026-04-22T13:09:21.704742+00:00
asylvms,telegramchannels,channel,13,Fashion & Beauty,en,41,2026-04-22T13:09:21.704745+00:00
typicalyettrendy,telegramchannels,channel,13,Fashion & Beauty,en,42,2026-04-22T13:09:21.704748+00:00
beautitips,telegramchannels,channel,13,Fashion & Beauty,en,43,2026-04-22T13:09:21.704751+00:00
short_dress_mini_skirt,telegramchannels,channel,13,Fashion & Beauty,en,44,2026-04-22T13:09:21.704755+00:00
ninetysthriftys,telegramchannels,channel,13,Fashion & Beauty,en,45,2026-04-22T13:09:21.704758+00:00
trepsllagents,telegramchannels,channel,13,Fashion & Beauty,en,46,2026-04-22T13:09:21.704761+00:00
mclaneshoes,telegramchannels,channel,13,Fashion & Beauty,en,47,2026-04-22T13:09:21.704764+00:00
egypt_abaya,telegramchannels,channel,13,Fashion & Beauty,en,48,2026-04-22T13:09:21.704767+00:00
blogshopsteals,telegramchannels,channel,13,Fashion & Beauty,en,49,2026-04-22T13:09:21.704770+00:00
fakeluxuryreplica,telegramchannels,channel,13,Fashion & Beauty,en,50,2026-04-22T13:09:21.704773+00:00
fashiongaragesales,telegramchannels,channel,13,Fashion & Beauty,en,51,2026-04-22T13:09:21.704776+00:00
fashionbyai,telegramchannels,channel,13,Fashion & Beauty,en,52,2026-04-22T13:09:21.704779+00:00
cbbstories,telegramchannels,channel,13,Fashion & Beauty,en,53,2026-04-22T13:09:21.704782+00:00
garmzgaloregg,telegramchannels,channel,13,Fashion & Beauty,en,54,2026-04-22T13:09:21.704786+00:00
bestreplicas,telegramchannels,channel,13,Fashion & Beauty,en,55,2026-04-22T13:09:21.704789+00:00
muaz_us,telegramchannels,channel,13,Fashion & Beauty,en,56,2026-04-22T13:09:21.704792+00:00
enanabuyandsell,telegramchannels,channel,13,Fashion & Beauty,en,57,2026-04-22T13:09:21.704795+00:00
bellendricclothing,telegramchannels,channel,13,Fashion & Beauty,en,58,2026-04-22T13:09:21.704798+00:00
ananyapanday,telegramchannels,channel,13,Fashion & Beauty,en,59,2026-04-22T13:09:21.704801+00:00
larousee,telegramchannels,channel,13,Fashion & Beauty,en,60,2026-04-22T13:09:21.704805+00:00
fash1onweek,telegramchannels,channel,13,Fashion & Beauty,en,61,2026-04-22T13:09:21.704808+00:00
topalibrand,telegramchannels,channel,13,Fashion & Beauty,en,62,2026-04-22T13:09:21.704811+00:00
asosfashion,telegramchannels,channel,13,Fashion & Beauty,en,63,2026-04-22T13:09:21.704814+00:00
mencart,telegramchannels,channel,13,Fashion & Beauty,en,64,2026-04-22T13:09:21.704816+00:00
thingscout,telegramchannels,channel,13,Fashion & Beauty,en,65,2026-04-22T13:09:21.704819+00:00
womanbr,telegramchannels,channel,13,Fashion & Beauty,en,66,2026-04-22T13:09:21.704822+00:00
watchtrends,telegramchannels,channel,13,Fashion & Beauty,en,67,2026-04-22T13:09:21.704825+00:00
waqarproduct,telegramchannels,channel,13,Fashion & Beauty,en,68,2026-04-22T13:09:21.704828+00:00
trendyfashions,telegramchannels,channel,13,Fashion & Beauty,en,69,2026-04-22T13:09:21.704831+00:00
womenscart,telegramchannels,channel,13,Fashion & Beauty,en,70,2026-04-22T13:09:21.704834+00:00
jskoffersonline,telegramchannels,channel,13,Fashion & Beauty,en,71,2026-04-22T13:09:21.704837+00:00
amritazfashions,telegramchannels,channel,13,Fashion & Beauty,en,72,2026-04-22T13:09:21.704839+00:00
vetrova_world,telegramchannels,channel,13,Fashion & Beauty,en,73,2026-04-22T13:09:21.704842+00:00
yourfashionpalette,telegramchannels,channel,13,Fashion & Beauty,en,74,2026-04-22T13:09:21.704846+00:00
smartmenswear786,telegramchannels,channel,13,Fashion & Beauty,en,75,2026-04-22T13:09:21.704849+00:00
onlineoffers2503,telegramchannels,channel,13,Fashion & Beauty,en,76,2026-04-22T13:09:21.704851+00:00
brandsgalleryofficial,telegramchannels,channel,13,Fashion & Beauty,en,77,2026-04-22T13:09:21.704854+00:00
mistiqueqa,telegramchannels,channel,13,Fashion & Beauty,en,78,2026-04-22T13:09:21.704857+00:00
aarshacollections,telegramchannels,channel,13,Fashion & Beauty,en,79,2026-04-22T13:09:21.704860+00:00
dailychannels,telegramchannels,channel,13,Fashion & Beauty,en,80,2026-04-22T13:09:21.704865+00:00
thiscounted,telegramchannels,channel,14,Food,en,1,2026-04-22T13:09:52.615509+00:00
sgfooddeals,telegramchannels,channel,14,Food,en,2,2026-04-22T13:09:52.615517+00:00
cookingdish,telegramchannels,channel,14,Food,en,3,2026-04-22T13:09:52.615520+00:00
onlyfood,telegramchannels,channel,14,Food,en,7,2026-04-22T13:09:52.615538+00:00
cookingwithlov,telegramchannels,channel,14,Food,en,8,2026-04-22T13:09:52.615541+00:00
culinaryd,telegramchannels,channel,14,Food,en,9,2026-04-22T13:09:52.615544+00:00
thevideorecipes,telegramchannels,channel,14,Food,en,10,2026-04-22T13:09:52.615548+00:00
restaurantfood,telegramchannels,channel,14,Food,en,11,2026-04-22T13:09:52.615551+00:00
belgianpastry,telegramchannels,channel,14,Food,en,12,2026-04-22T13:09:52.615554+00:00
foodforestabundance,telegramchannels,channel,14,Food,en,13,2026-04-22T13:09:52.615557+00:00
recipes_eng,telegramchannels,channel,14,Food,en,14,2026-04-22T13:09:52.615560+00:00
daily_recipe,telegramchannels,channel,14,Food,en,15,2026-04-22T13:09:52.615563+00:00
fnhinternational,telegramchannels,channel,14,Food,en,16,2026-04-22T13:09:52.615566+00:00
coffeeloving,telegramchannels,channel,14,Food,en,17,2026-04-22T13:09:52.615569+00:00
tags_influencers,telegramchannels,channel,14,Food,en,18,2026-04-22T13:09:52.615572+00:00
feedchef,telegramchannels,channel,14,Food,en,19,2026-04-22T13:09:52.615575+00:00
coffee_love_rs,telegramchannels,channel,14,Food,en,20,2026-04-22T13:09:52.615578+00:00
ayatradingplc,telegramchannels,channel,14,Food,en,21,2026-04-22T13:09:52.615581+00:00
hawassa_foods,telegramchannels,channel,14,Food,en,22,2026-04-22T13:09:52.615584+00:00
dailychannels,telegramchannels,channel,14,Food,en,23,2026-04-22T13:09:52.615588+00:00
catsdogs_community,telegramchannels,channel,15,Games & Apps,en,1,2026-04-22T13:10:11.127319+00:00
dotcoincommunity,telegramchannels,channel,15,Games & Apps,en,2,2026-04-22T13:10:11.127328+00:00
twa_apps,telegramchannels,channel,15,Games & Apps,en,3,2026-04-22T13:10:11.127331+00:00
catizenann,telegramchannels,channel,15,Games & Apps,en,7,2026-04-22T13:10:11.127348+00:00
fabrika_channel,telegramchannels,channel,15,Games & Apps,en,8,2026-04-22T13:10:11.127351+00:00
battle_games_com,telegramchannels,channel,15,Games & Apps,en,9,2026-04-22T13:10:11.127354+00:00
newsplaytoearn,telegramchannels,channel,15,Games & Apps,en,10,2026-04-22T13:10:11.127357+00:00
gamefi_officialann,telegramchannels,channel,15,Games & Apps,en,11,2026-04-22T13:10:11.127360+00:00
holdcoin_channel,telegramchannels,channel,15,Games & Apps,en,12,2026-04-22T13:10:11.127363+00:00
therealyescoin,telegramchannels,channel,15,Games & Apps,en,13,2026-04-22T13:10:11.127365+00:00
telmtproto,telegramchannels,channel,15,Games & Apps,en,14,2026-04-22T13:10:11.127369+00:00
city_holder,telegramchannels,channel,15,Games & Apps,en,15,2026-04-22T13:10:11.127372+00:00
gameetokennews,telegramchannels,channel,15,Games & Apps,en,16,2026-04-22T13:10:11.127374+00:00
gameechannel,telegramchannels,channel,15,Games & Apps,en,17,2026-04-22T13:10:11.127378+00:00
liteapks,telegramchannels,channel,15,Games & Apps,en,18,2026-04-22T13:10:11.127381+00:00
birds_announcement,telegramchannels,channel,15,Games & Apps,en,19,2026-04-22T13:10:11.127384+00:00
rockyrabbit_ugc,telegramchannels,channel,15,Games & Apps,en,20,2026-04-22T13:10:11.127387+00:00
akedofun,telegramchannels,channel,15,Games & Apps,en,21,2026-04-22T13:10:11.127390+00:00
banana_update,telegramchannels,channel,15,Games & Apps,en,22,2026-04-22T13:10:11.127393+00:00
wizzwoods_game,telegramchannels,channel,15,Games & Apps,en,23,2026-04-22T13:10:11.127395+00:00
herewallet,telegramchannels,channel,15,Games & Apps,en,24,2026-04-22T13:10:11.127398+00:00
bbqcointeam,telegramchannels,channel,15,Games & Apps,en,25,2026-04-22T13:10:11.127401+00:00
graphmessenger,telegramchannels,channel,15,Games & Apps,en,26,2026-04-22T13:10:11.127404+00:00
sidus_heroes_channel,telegramchannels,channel,15,Games & Apps,en,27,2026-04-22T13:10:11.127407+00:00
gametynews,telegramchannels,channel,15,Games & Apps,en,28,2026-04-22T13:10:11.127410+00:00
autoacceptor,telegramchannels,channel,15,Games & Apps,en,29,2026-04-22T13:10:11.127413+00:00
wukongcm,telegramchannels,channel,15,Games & Apps,en,30,2026-04-22T13:10:11.127416+00:00
akefishchannel,telegramchannels,channel,15,Games & Apps,en,31,2026-04-22T13:10:11.127536+00:00
onchainchain,telegramchannels,channel,15,Games & Apps,en,32,2026-04-22T13:10:11.127540+00:00
brainscoin,telegramchannels,channel,15,Games & Apps,en,33,2026-04-22T13:10:11.127543+00:00
plusmsgr,telegramchannels,channel,15,Games & Apps,en,34,2026-04-22T13:10:11.127546+00:00
whale_en,telegramchannels,channel,15,Games & Apps,en,35,2026-04-22T13:10:11.127549+00:00
pocket_rocket_game,telegramchannels,channel,15,Games & Apps,en,36,2026-04-22T13:10:11.127552+00:00
official_bc_token,telegramchannels,channel,15,Games & Apps,en,37,2026-04-22T13:10:11.127555+00:00
modyolo_official,telegramchannels,channel,15,Games & Apps,en,38,2026-04-22T13:10:11.127558+00:00
dlcoin_newe,telegramchannels,channel,15,Games & Apps,en,39,2026-04-22T13:10:11.127561+00:00
bunnyapp,telegramchannels,channel,15,Games & Apps,en,40,2026-04-22T13:10:11.127564+00:00
gamedevnewz,telegramchannels,channel,15,Games & Apps,en,41,2026-04-22T13:10:11.127567+00:00
mixrootmods,telegramchannels,channel,15,Games & Apps,en,42,2026-04-22T13:10:11.127570+00:00
empiregameapp,telegramchannels,channel,15,Games & Apps,en,43,2026-04-22T13:10:11.127574+00:00
ogc_announcements_hub,telegramchannels,channel,15,Games & Apps,en,44,2026-04-22T13:10:11.127577+00:00
animaccord_dtc,telegramchannels,channel,15,Games & Apps,en,45,2026-04-22T13:10:11.127580+00:00
moonplay_official,telegramchannels,channel,15,Games & Apps,en,46,2026-04-22T13:10:11.127584+00:00
wigwam_announcements,telegramchannels,channel,15,Games & Apps,en,47,2026-04-22T13:10:11.127587+00:00
apkdoneapp,telegramchannels,channel,15,Games & Apps,en,48,2026-04-22T13:10:11.127590+00:00
burning_meme,telegramchannels,channel,15,Games & Apps,en,49,2026-04-22T13:10:11.127593+00:00
nulls_en,telegramchannels,channel,15,Games & Apps,en,50,2026-04-22T13:10:11.127596+00:00
ackinackinews,telegramchannels,channel,15,Games & Apps,en,51,2026-04-22T13:10:11.127599+00:00
racecoinmeme,telegramchannels,channel,15,Games & Apps,en,52,2026-04-22T13:10:11.127602+00:00
apkpurechannel,telegramchannels,channel,15,Games & Apps,en,53,2026-04-22T13:10:11.127605+00:00
hare_ton,telegramchannels,channel,15,Games & Apps,en,54,2026-04-22T13:10:11.127609+00:00
pirateclashchannel,telegramchannels,channel,15,Games & Apps,en,55,2026-04-22T13:10:11.127612+00:00
losgamecoin,telegramchannels,channel,15,Games & Apps,en,56,2026-04-22T13:10:11.127615+00:00
dmission_announcement,telegramchannels,channel,15,Games & Apps,en,57,2026-04-22T13:10:11.127618+00:00
gatto_game,telegramchannels,channel,15,Games & Apps,en,58,2026-04-22T13:10:11.127621+00:00
tandroidapk,telegramchannels,channel,15,Games & Apps,en,59,2026-04-22T13:10:11.127624+00:00
crazy_camels,telegramchannels,channel,15,Games & Apps,en,60,2026-04-22T13:10:11.127627+00:00
fishmemeofficial,telegramchannels,channel,15,Games & Apps,en,61,2026-04-22T13:10:11.127631+00:00
coin_capybara,telegramchannels,channel,15,Games & Apps,en,62,2026-04-22T13:10:11.127634+00:00
insta,telegramchannels,channel,15,Games & Apps,en,63,2026-04-22T13:10:11.127637+00:00
piggieofficial,telegramchannels,channel,15,Games & Apps,en,64,2026-04-22T13:10:11.127640+00:00
nikicompany,telegramchannels,channel,15,Games & Apps,en,65,2026-04-22T13:10:11.127643+00:00
zavod_mdao,telegramchannels,channel,15,Games & Apps,en,66,2026-04-22T13:10:11.127646+00:00
photoshop_lightroom_illustrator,telegramchannels,channel,15,Games & Apps,en,67,2026-04-22T13:10:11.127650+00:00
fiewin_com,telegramchannels,channel,15,Games & Apps,en,68,2026-04-22T13:10:11.127653+00:00
gamefi_launches,telegramchannels,channel,15,Games & Apps,en,69,2026-04-22T13:10:11.127656+00:00
cryptocurrentsglobal,telegramchannels,channel,15,Games & Apps,en,70,2026-04-22T13:10:11.127659+00:00
dogs_for_the_founder_community,telegramchannels,channel,15,Games & Apps,en,71,2026-04-22T13:10:11.127662+00:00
gorwachain_announcements,telegramchannels,channel,15,Games & Apps,en,72,2026-04-22T13:10:11.127665+00:00
cryptoqueensalpha,telegramchannels,channel,15,Games & Apps,en,73,2026-04-22T13:10:11.127668+00:00
modded_apps_games,telegramchannels,channel,15,Games & Apps,en,74,2026-04-22T13:10:11.127672+00:00
video_games_stl,telegramchannels,channel,15,Games & Apps,en,75,2026-04-22T13:10:11.127675+00:00
free_pc_games_channel,telegramchannels,channel,15,Games & Apps,en,76,2026-04-22T13:10:11.127678+00:00
games,telegramchannels,channel,15,Games & Apps,en,77,2026-04-22T13:10:11.127681+00:00
chainpokerofficial,telegramchannels,channel,15,Games & Apps,en,78,2026-04-22T13:10:11.127685+00:00
tabletop_stl,telegramchannels,channel,15,Games & Apps,en,79,2026-04-22T13:10:11.127688+00:00
galameowcoincommunity,telegramchannels,channel,15,Games & Apps,en,80,2026-04-22T13:10:11.127691+00:00
banana3lol,telegramchannels,channel,15,Games & Apps,en,81,2026-04-22T13:10:11.127694+00:00
mod_apps_stock,telegramchannels,channel,15,Games & Apps,en,82,2026-04-22T13:10:11.127697+00:00
games_android_free_apk,telegramchannels,channel,15,Games & Apps,en,83,2026-04-22T13:10:11.127700+00:00
pc_softwares,telegramchannels,channel,15,Games & Apps,en,84,2026-04-22T13:10:11.127704+00:00
plaympl_official,telegramchannels,channel,15,Games & Apps,en,85,2026-04-22T13:10:11.127707+00:00
quiz_world_official,telegramchannels,channel,15,Games & Apps,en,86,2026-04-22T13:10:11.127710+00:00
miuisystemlauncherupdater,telegramchannels,channel,15,Games & Apps,en,87,2026-04-22T13:10:11.127713+00:00
fullmodapk,telegramchannels,channel,15,Games & Apps,en,88,2026-04-22T13:10:11.127716+00:00
crashino,telegramchannels,channel,15,Games & Apps,en,89,2026-04-22T13:10:11.127720+00:00
gemgame_tg,telegramchannels,channel,15,Games & Apps,en,90,2026-04-22T13:10:11.127723+00:00
apk_cafe,telegramchannels,channel,15,Games & Apps,en,91,2026-04-22T13:10:11.127726+00:00
pesgames,telegramchannels,channel,15,Games & Apps,en,92,2026-04-22T13:10:11.127729+00:00
gamelistpc,telegramchannels,channel,15,Games & Apps,en,93,2026-04-22T13:10:11.127732+00:00
asianofficialcalls,telegramchannels,channel,15,Games & Apps,en,94,2026-04-22T13:10:11.127735+00:00
appstoredeals,telegramchannels,channel,15,Games & Apps,en,95,2026-04-22T13:10:11.127739+00:00
gta6newsen,telegramchannels,channel,15,Games & Apps,en,96,2026-04-22T13:10:11.127742+00:00
apks_mood,telegramchannels,channel,15,Games & Apps,en,97,2026-04-22T13:10:11.127745+00:00
unigram,telegramchannels,channel,15,Games & Apps,en,98,2026-04-22T13:10:11.127748+00:00
pubgm_room,telegramchannels,channel,15,Games & Apps,en,99,2026-04-22T13:10:11.127751+00:00
bluemangfiles,telegramchannels,channel,15,Games & Apps,en,100,2026-04-22T13:10:11.127754+00:00
pcgamechanneltelegramm,telegramchannels,channel,15,Games & Apps,en,101,2026-04-22T13:10:11.127757+00:00
modsgamesandapps,telegramchannels,channel,15,Games & Apps,en,102,2026-04-22T13:10:11.127761+00:00
freespincoinmaster,telegramchannels,channel,15,Games & Apps,en,103,2026-04-22T13:10:11.127764+00:00
dailychannels,telegramchannels,channel,15,Games & Apps,en,104,2026-04-22T13:10:11.127768+00:00
praying_medic,telegramchannels,channel,16,Health,en,1,2026-04-22T13:10:26.238598+00:00
eoms_h,telegramchannels,channel,16,Health,en,2,2026-04-22T13:10:26.238607+00:00
medicinevideoss,telegramchannels,channel,16,Health,en,3,2026-04-22T13:10:26.238611+00:00
drtenpenny,telegramchannels,channel,16,Health,en,7,2026-04-22T13:10:26.238631+00:00
elevatethymind,telegramchannels,channel,16,Health,en,8,2026-04-22T13:10:26.238635+00:00
zelenkoprotocol,telegramchannels,channel,16,Health,en,9,2026-04-22T13:10:26.238638+00:00
mbbsmaterials,telegramchannels,channel,16,Health,en,10,2026-04-22T13:10:26.238641+00:00
covidtruthnet,telegramchannels,channel,16,Health,en,11,2026-04-22T13:10:26.238644+00:00
covidvaccinevictims,telegramchannels,channel,16,Health,en,12,2026-04-22T13:10:26.238647+00:00
childrenshd,telegramchannels,channel,16,Health,en,13,2026-04-22T13:10:26.238650+00:00
wch_org,telegramchannels,channel,16,Health,en,14,2026-04-22T13:10:26.238653+00:00
natural_meds,telegramchannels,channel,16,Health,en,15,2026-04-22T13:10:26.238656+00:00
meditationheadspacemp3,telegramchannels,channel,16,Health,en,16,2026-04-22T13:10:26.238660+00:00
healthyworlds,telegramchannels,channel,16,Health,en,17,2026-04-22T13:10:26.238663+00:00
mms_health_videos,telegramchannels,channel,16,Health,en,18,2026-04-22T13:10:26.238667+00:00
fitnessdieting,telegramchannels,channel,16,Health,en,19,2026-04-22T13:10:26.238670+00:00
emergencyuptodate2021,telegramchannels,channel,16,Health,en,20,2026-04-22T13:10:26.238673+00:00
ayurvedawellbeing,telegramchannels,channel,16,Health,en,21,2026-04-22T13:10:26.238676+00:00
awakenedbirth,telegramchannels,channel,16,Health,en,22,2026-04-22T13:10:26.238679+00:00
uptodate_accounts,telegramchannels,channel,16,Health,en,23,2026-04-22T13:10:26.238682+00:00
homeremedieschannel,telegramchannels,channel,16,Health,en,24,2026-04-22T13:10:26.238686+00:00
transgender_library,telegramchannels,channel,16,Health,en,25,2026-04-22T13:10:26.238689+00:00
tophygiene,telegramchannels,channel,16,Health,en,26,2026-04-22T13:10:26.238692+00:00
medicaladvicechannel,telegramchannels,channel,16,Health,en,27,2026-04-22T13:10:26.238695+00:00
save_it_now_1,telegramchannels,channel,16,Health,en,28,2026-04-22T13:10:26.238698+00:00
longevityintime,telegramchannels,channel,16,Health,en,29,2026-04-22T13:10:26.238701+00:00
nutrition4health,telegramchannels,channel,16,Health,en,30,2026-04-22T13:10:26.238704+00:00
just_doctors,telegramchannels,channel,16,Health,en,31,2026-04-22T13:10:26.238708+00:00
healthtipschannel,telegramchannels,channel,16,Health,en,32,2026-04-22T13:10:26.238711+00:00
kate_shemirani_natural_nurse,telegramchannels,channel,16,Health,en,33,2026-04-22T13:10:26.238714+00:00
losew,telegramchannels,channel,16,Health,en,34,2026-04-22T13:10:26.238717+00:00
healing_nature_music,telegramchannels,channel,16,Health,en,35,2026-04-22T13:10:26.238720+00:00
bodyenhancementsfam,telegramchannels,channel,16,Health,en,36,2026-04-22T13:10:26.238723+00:00
mednewstoday,telegramchannels,channel,16,Health,en,37,2026-04-22T13:10:26.238726+00:00
drjobdaily,telegramchannels,channel,16,Health,en,38,2026-04-22T13:10:26.238729+00:00
weight_loss_fast,telegramchannels,channel,16,Health,en,39,2026-04-22T13:10:26.238732+00:00
losewaight_ketodiet_cooking_carb,telegramchannels,channel,16,Health,en,40,2026-04-22T13:10:26.238735+00:00
weightlossonlineshop,telegramchannels,channel,16,Health,en,41,2026-04-22T13:10:26.238738+00:00
tgwellness,telegramchannels,channel,16,Health,en,42,2026-04-22T13:10:26.238742+00:00
facts_health,telegramchannels,channel,16,Health,en,43,2026-04-22T13:10:26.238745+00:00
medicineacthealth,telegramchannels,channel,16,Health,en,44,2026-04-22T13:10:26.238748+00:00
healthnyou,telegramchannels,channel,16,Health,en,45,2026-04-22T13:10:26.238751+00:00
thehealthchannelnews,telegramchannels,channel,16,Health,en,46,2026-04-22T13:10:26.238754+00:00
dietforadultschannel,telegramchannels,channel,16,Health,en,47,2026-04-22T13:10:26.238757+00:00
sturhealth,telegramchannels,channel,16,Health,en,48,2026-04-22T13:10:26.238759+00:00
covid_diabetes_teleconsultation,telegramchannels,channel,16,Health,en,49,2026-04-22T13:10:26.238763+00:00
holisticenergetics,telegramchannels,channel,16,Health,en,50,2026-04-22T13:10:26.238766+00:00
f200truthseekers,telegramchannels,channel,16,Health,en,51,2026-04-22T13:10:26.238768+00:00
advanceayurveda_aa,telegramchannels,channel,16,Health,en,52,2026-04-22T13:10:26.238771+00:00
thesoulshub,telegramchannels,channel,16,Health,en,53,2026-04-22T13:10:26.238774+00:00
healthylifelab,telegramchannels,channel,16,Health,en,54,2026-04-22T13:10:26.238778+00:00
ambroseascend,telegramchannels,channel,16,Health,en,55,2026-04-22T13:10:26.238781+00:00
healthamplified,telegramchannels,channel,16,Health,en,56,2026-04-22T13:10:26.238784+00:00
ekoduhru,telegramchannels,channel,16,Health,en,57,2026-04-22T13:10:26.238787+00:00
shape_your_body,telegramchannels,channel,16,Health,en,58,2026-04-22T13:10:26.238790+00:00
longrichproductag086,telegramchannels,channel,16,Health,en,59,2026-04-22T13:10:26.238793+00:00
dailychannels,telegramchannels,channel,16,Health,en,60,2026-04-22T13:10:26.238798+00:00
idiomsland,telegramchannels,channel,17,Languages,en,1,2026-04-22T13:10:41.294038+00:00
podcast_english_listening,telegramchannels,channel,17,Languages,en,2,2026-04-22T13:10:41.294046+00:00
bbcs_6minuteenglish,telegramchannels,channel,17,Languages,en,3,2026-04-22T13:10:41.294049+00:00
cambridgematerials,telegramchannels,channel,17,Languages,en,7,2026-04-22T13:10:41.294068+00:00
ingliztiliuzz,telegramchannels,channel,17,Languages,en,8,2026-04-22T13:10:41.294071+00:00
road_podcast,telegramchannels,channel,17,Languages,en,9,2026-04-22T13:10:41.294074+00:00
slangwords,telegramchannels,channel,17,Languages,en,10,2026-04-22T13:10:41.294077+00:00
engmasters,telegramchannels,channel,17,Languages,en,11,2026-04-22T13:10:41.294080+00:00
english_bbc_learning,telegramchannels,channel,17,Languages,en,12,2026-04-22T13:10:41.294084+00:00
english_vocab_grammar,telegramchannels,channel,17,Languages,en,13,2026-04-22T13:10:41.294087+00:00
learning_french_francais,telegramchannels,channel,17,Languages,en,14,2026-04-22T13:10:41.294090+00:00
englishharmony,telegramchannels,channel,17,Languages,en,15,2026-04-22T13:10:41.294093+00:00
amenglish,telegramchannels,channel,17,Languages,en,16,2026-04-22T13:10:41.294096+00:00
cambridge_dic,telegramchannels,channel,17,Languages,en,17,2026-04-22T13:10:41.294099+00:00
kyivindependent_official,telegramchannels,channel,17,Languages,en,18,2026-04-22T13:10:41.294102+00:00
babelgram,telegramchannels,channel,17,Languages,en,19,2026-04-22T13:10:41.294105+00:00
englishtipsandtools,telegramchannels,channel,17,Languages,en,20,2026-04-22T13:10:41.294108+00:00
espressoenglish,telegramchannels,channel,17,Languages,en,21,2026-04-22T13:10:41.294111+00:00
grammarenglishtips,telegramchannels,channel,17,Languages,en,22,2026-04-22T13:10:41.294114+00:00
spoken_english_neetu_singh,telegramchannels,channel,17,Languages,en,23,2026-04-22T13:10:41.294117+00:00
engskills,telegramchannels,channel,17,Languages,en,24,2026-04-22T13:10:41.294120+00:00
sirjimmy,telegramchannels,channel,17,Languages,en,25,2026-04-22T13:10:41.294123+00:00
grammarenglishclass,telegramchannels,channel,17,Languages,en,26,2026-04-22T13:10:41.294127+00:00
englishcafe_1,telegramchannels,channel,17,Languages,en,27,2026-04-22T13:10:41.294130+00:00
dammit_english,telegramchannels,channel,17,Languages,en,28,2026-04-22T13:10:41.294133+00:00
new_english_podcasts,telegramchannels,channel,17,Languages,en,29,2026-04-22T13:10:41.294136+00:00
ieltsreading9,telegramchannels,channel,17,Languages,en,30,2026-04-22T13:10:41.294139+00:00
learn_english_with_tv,telegramchannels,channel,17,Languages,en,31,2026-04-22T13:10:41.294142+00:00
englishlearn_ethiopia,telegramchannels,channel,17,Languages,en,32,2026-04-22T13:10:41.294146+00:00
ieltswritingskill9,telegramchannels,channel,17,Languages,en,33,2026-04-22T13:10:41.294149+00:00
ieltslistening9,telegramchannels,channel,17,Languages,en,34,2026-04-22T13:10:41.294153+00:00
espangles,telegramchannels,channel,17,Languages,en,35,2026-04-22T13:10:41.294156+00:00
violaclub,telegramchannels,channel,17,Languages,en,36,2026-04-22T13:10:41.294159+00:00
american_english_podcast,telegramchannels,channel,17,Languages,en,37,2026-04-22T13:10:41.294162+00:00
espvocabulary,telegramchannels,channel,17,Languages,en,38,2026-04-22T13:10:41.294165+00:00
sanctum_english,telegramchannels,channel,17,Languages,en,39,2026-04-22T13:10:41.294168+00:00
allenglishteachers,telegramchannels,channel,17,Languages,en,40,2026-04-22T13:10:41.294171+00:00
learn_japanese_gengo,telegramchannels,channel,17,Languages,en,41,2026-04-22T13:10:41.294174+00:00
efl_ana,telegramchannels,channel,17,Languages,en,42,2026-04-22T13:10:41.294178+00:00
english_with_harry_potter,telegramchannels,channel,17,Languages,en,43,2026-04-22T13:10:41.294181+00:00
languagetrivia,telegramchannels,channel,17,Languages,en,44,2026-04-22T13:10:41.294184+00:00
jlpt_n4,telegramchannels,channel,17,Languages,en,45,2026-04-22T13:10:41.294187+00:00
englishwithshei,telegramchannels,channel,17,Languages,en,46,2026-04-22T13:10:41.294190+00:00
talkenglish876,telegramchannels,channel,17,Languages,en,47,2026-04-22T13:10:41.294193+00:00
aviationenglishlessons,telegramchannels,channel,17,Languages,en,48,2026-04-22T13:10:41.294197+00:00
english_literature_litzlibrary,telegramchannels,channel,17,Languages,en,49,2026-04-22T13:10:41.294200+00:00
russian_language_basics,telegramchannels,channel,17,Languages,en,50,2026-04-22T13:10:41.294203+00:00
englstories,telegramchannels,channel,17,Languages,en,51,2026-04-22T13:10:41.294206+00:00
grammart,telegramchannels,channel,17,Languages,en,52,2026-04-22T13:10:41.294209+00:00
wordeveryday,telegramchannels,channel,17,Languages,en,53,2026-04-22T13:10:41.294212+00:00
short_story_of_the_week,telegramchannels,channel,17,Languages,en,54,2026-04-22T13:10:41.294215+00:00
bombardsbodylanguage,telegramchannels,channel,17,Languages,en,55,2026-04-22T13:10:41.294218+00:00
dimenglish,telegramchannels,channel,17,Languages,en,56,2026-04-22T13:10:41.294221+00:00
english_speeches1,telegramchannels,channel,17,Languages,en,57,2026-04-22T13:10:41.294224+00:00
gravity_falls_eng,telegramchannels,channel,17,Languages,en,58,2026-04-22T13:10:41.294227+00:00
tutorlingua,telegramchannels,channel,17,Languages,en,59,2026-04-22T13:10:41.294230+00:00
urbandictionary,telegramchannels,channel,17,Languages,en,60,2026-04-22T13:10:41.294233+00:00
clipyourenglishofficial,telegramchannels,channel,17,Languages,en,61,2026-04-22T13:10:41.294236+00:00
globalgermanlearnerschannel,telegramchannels,channel,17,Languages,en,62,2026-04-22T13:10:41.294239+00:00
learnturkishlanguagee,telegramchannels,channel,17,Languages,en,63,2026-04-22T13:10:41.294242+00:00
ieltsdirect,telegramchannels,channel,17,Languages,en,64,2026-04-22T13:10:41.294245+00:00
lingomquiz,telegramchannels,channel,17,Languages,en,65,2026-04-22T13:10:41.294248+00:00
littlesealenglish,telegramchannels,channel,17,Languages,en,66,2026-04-22T13:10:41.294252+00:00
englishfreelectures,telegramchannels,channel,17,Languages,en,67,2026-04-22T13:10:41.294255+00:00
idioms_expressions,telegramchannels,channel,17,Languages,en,68,2026-04-22T13:10:41.294258+00:00
shashi_tharoor,telegramchannels,channel,17,Languages,en,69,2026-04-22T13:10:41.294261+00:00
real_english_ryan,telegramchannels,channel,17,Languages,en,70,2026-04-22T13:10:41.294264+00:00
happyinterpreter,telegramchannels,channel,17,Languages,en,71,2026-04-22T13:10:41.294267+00:00
enfol,telegramchannels,channel,17,Languages,en,72,2026-04-22T13:10:41.294270+00:00
english_vocabulary_journal,telegramchannels,channel,17,Languages,en,73,2026-04-22T13:10:41.294273+00:00
michukichu,telegramchannels,channel,17,Languages,en,74,2026-04-22T13:10:41.294276+00:00
best_vocabulary6,telegramchannels,channel,17,Languages,en,75,2026-04-22T13:10:41.294280+00:00
richglish,telegramchannels,channel,17,Languages,en,76,2026-04-22T13:10:41.294283+00:00
letstalkinenglish3,telegramchannels,channel,17,Languages,en,77,2026-04-22T13:10:41.294286+00:00
engwordaily,telegramchannels,channel,17,Languages,en,78,2026-04-22T13:10:41.294289+00:00
teacherpaul2018,telegramchannels,channel,17,Languages,en,79,2026-04-22T13:10:41.294292+00:00
ceo1078,telegramchannels,channel,17,Languages,en,80,2026-04-22T13:10:41.294295+00:00
futuregoalvocab,telegramchannels,channel,17,Languages,en,81,2026-04-22T13:10:41.294298+00:00
love_yourenglish,telegramchannels,channel,17,Languages,en,82,2026-04-22T13:10:41.294301+00:00
differentpeoplechannel,telegramchannels,channel,17,Languages,en,83,2026-04-22T13:10:41.294304+00:00
theonenation,telegramchannels,channel,17,Languages,en,84,2026-04-22T13:10:41.294307+00:00
english_words_with_pics,telegramchannels,channel,17,Languages,en,85,2026-04-22T13:10:41.294310+00:00
englishquizworld,telegramchannels,channel,17,Languages,en,86,2026-04-22T13:10:41.294313+00:00
happyengday,telegramchannels,channel,17,Languages,en,87,2026-04-22T13:10:41.294316+00:00
elf4u,telegramchannels,channel,17,Languages,en,88,2026-04-22T13:10:41.294318+00:00
wordnet,telegramchannels,channel,17,Languages,en,89,2026-04-22T13:10:41.294321+00:00
lalangueanglaise,telegramchannels,channel,17,Languages,en,90,2026-04-22T13:10:41.294324+00:00
englishman_in_baku,telegramchannels,channel,17,Languages,en,91,2026-04-22T13:10:41.294327+00:00
eng4aall,telegramchannels,channel,17,Languages,en,92,2026-04-22T13:10:41.294330+00:00
advancedenglishlearner,telegramchannels,channel,17,Languages,en,93,2026-04-22T13:10:41.294333+00:00
thehindu_vocabulary,telegramchannels,channel,17,Languages,en,94,2026-04-22T13:10:41.294336+00:00
dailychannels,telegramchannels,channel,17,Languages,en,95,2026-04-22T13:10:41.294340+00:00
relation_ship_goal,telegramchannels,channel,18,Love,en,1,2026-04-22T13:10:56.366432+00:00
love_sayings,telegramchannels,channel,18,Love,en,2,2026-04-22T13:10:56.366441+00:00
perfectmatesmatch,telegramchannels,channel,18,Love,en,3,2026-04-22T13:10:56.366444+00:00
lovequotesvideo,telegramchannels,channel,18,Love,en,7,2026-04-22T13:10:56.366463+00:00
lovers_point_addiction,telegramchannels,channel,18,Love,en,8,2026-04-22T13:10:56.366466+00:00
romantic_video1,telegramchannels,channel,18,Love,en,9,2026-04-22T13:10:56.366470+00:00
earth_portugal_miguel,telegramchannels,channel,18,Love,en,10,2026-04-22T13:10:56.366473+00:00
ewaa345,telegramchannels,channel,18,Love,en,11,2026-04-22T13:10:56.366476+00:00
feel_inspire,telegramchannels,channel,18,Love,en,12,2026-04-22T13:10:56.366480+00:00
relationship101,telegramchannels,channel,18,Love,en,13,2026-04-22T13:10:56.366483+00:00
loverelations,telegramchannels,channel,18,Love,en,14,2026-04-22T13:10:56.366486+00:00
lovetalkwiz,telegramchannels,channel,18,Love,en,15,2026-04-22T13:10:56.366488+00:00
anuwax,telegramchannels,channel,18,Love,en,16,2026-04-22T13:10:56.366491+00:00
sarcaxtic_boy,telegramchannels,channel,18,Love,en,17,2026-04-22T13:10:56.366494+00:00
dailychannels,telegramchannels,channel,18,Love,en,18,2026-04-22T13:10:56.366499+00:00
markhemist,telegramchannels,channel,20,Marketing,en,1,2026-04-22T13:11:11.741552+00:00
hkearn_updates,telegramchannels,channel,20,Marketing,en,2,2026-04-22T13:11:11.741560+00:00
adclickersbotchannel,telegramchannels,channel,20,Marketing,en,3,2026-04-22T13:11:11.741563+00:00
deodap,telegramchannels,channel,20,Marketing,en,7,2026-04-22T13:11:11.741581+00:00
uponlymarketing,telegramchannels,channel,20,Marketing,en,8,2026-04-22T13:11:11.741584+00:00
engagementgroupsforinstagram,telegramchannels,channel,20,Marketing,en,9,2026-04-22T13:11:11.741587+00:00
intradaycashcallonly,telegramchannels,channel,20,Marketing,en,10,2026-04-22T13:11:11.741591+00:00
hotdealsexpress4891,telegramchannels,channel,20,Marketing,en,11,2026-04-22T13:11:11.741594+00:00
activemarketingjungle,telegramchannels,channel,20,Marketing,en,12,2026-04-22T13:11:11.741598+00:00
topchannels_europe,telegramchannels,channel,20,Marketing,en,13,2026-04-22T13:11:11.741601+00:00
kaboomracks,telegramchannels,channel,20,Marketing,en,14,2026-04-22T13:11:11.741605+00:00
vlivetrickscom,telegramchannels,channel,20,Marketing,en,15,2026-04-22T13:11:11.741608+00:00
engagementgroupsig,telegramchannels,channel,20,Marketing,en,16,2026-04-22T13:11:11.741611+00:00
crowd1,telegramchannels,channel,20,Marketing,en,17,2026-04-22T13:11:11.741614+00:00
adnovahub,telegramchannels,channel,20,Marketing,en,18,2026-04-22T13:11:11.741617+00:00
msdhoni7u,telegramchannels,channel,20,Marketing,en,19,2026-04-22T13:11:11.741620+00:00
buyallsocialmedia,telegramchannels,channel,20,Marketing,en,20,2026-04-22T13:11:11.741623+00:00
digitalmarketingresources,telegramchannels,channel,20,Marketing,en,21,2026-04-22T13:11:11.741627+00:00
xauusdgold_forex_signalsfx0,telegramchannels,channel,20,Marketing,en,22,2026-04-22T13:11:11.741630+00:00
howtouseengagementgroups,telegramchannels,channel,20,Marketing,en,23,2026-04-22T13:11:11.741633+00:00
adprofb,telegramchannels,channel,20,Marketing,en,24,2026-04-22T13:11:11.741636+00:00
digital_marketing_resources,telegramchannels,channel,20,Marketing,en,25,2026-04-22T13:11:11.741640+00:00
earnmoneyonline81,telegramchannels,channel,20,Marketing,en,26,2026-04-22T13:11:11.741643+00:00
adpodxyz,telegramchannels,channel,20,Marketing,en,27,2026-04-22T13:11:11.741646+00:00
scripterrahul1,telegramchannels,channel,20,Marketing,en,28,2026-04-22T13:11:11.741649+00:00
smmpanel2024,telegramchannels,channel,20,Marketing,en,29,2026-04-22T13:11:11.741652+00:00
zorbasmedia_eng,telegramchannels,channel,20,Marketing,en,30,2026-04-22T13:11:11.741655+00:00
newkids123,telegramchannels,channel,20,Marketing,en,31,2026-04-22T13:11:11.741658+00:00
unitedstatesfacebook,telegramchannels,channel,20,Marketing,en,32,2026-04-22T13:11:11.741662+00:00
luxurylinefurniture,telegramchannels,channel,20,Marketing,en,33,2026-04-22T13:11:11.741665+00:00
list_emails,telegramchannels,channel,20,Marketing,en,34,2026-04-22T13:11:11.741669+00:00
accountsforsalelucagency,telegramchannels,channel,20,Marketing,en,35,2026-04-22T13:11:11.741672+00:00
tellosliquidation,telegramchannels,channel,20,Marketing,en,36,2026-04-22T13:11:11.741675+00:00
sketch_box,telegramchannels,channel,20,Marketing,en,37,2026-04-22T13:11:11.741678+00:00
goblackhat,telegramchannels,channel,20,Marketing,en,38,2026-04-22T13:11:11.741681+00:00
digital4market,telegramchannels,channel,20,Marketing,en,39,2026-04-22T13:11:11.741685+00:00
thegameofnetworking,telegramchannels,channel,20,Marketing,en,40,2026-04-22T13:11:11.741688+00:00
moneybooster12,telegramchannels,channel,20,Marketing,en,41,2026-04-22T13:11:11.741691+00:00
digital_hustle_vault,telegramchannels,channel,20,Marketing,en,42,2026-04-22T13:11:11.741694+00:00
axsales,telegramchannels,channel,20,Marketing,en,43,2026-04-22T13:11:11.741697+00:00
orderblockkings,telegramchannels,channel,20,Marketing,en,44,2026-04-22T13:11:11.741701+00:00
googlethreshold,telegramchannels,channel,20,Marketing,en,45,2026-04-22T13:11:11.741704+00:00
passiveincomeforeverr,telegramchannels,channel,20,Marketing,en,46,2026-04-22T13:11:11.741707+00:00
marigoldmediamarketing,telegramchannels,channel,20,Marketing,en,47,2026-04-22T13:11:11.741710+00:00
captainagency,telegramchannels,channel,20,Marketing,en,48,2026-04-22T13:11:11.741713+00:00
viewstasupport,telegramchannels,channel,20,Marketing,en,49,2026-04-22T13:11:11.741716+00:00
thevipfxgroup,telegramchannels,channel,20,Marketing,en,50,2026-04-22T13:11:11.741719+00:00
iearnhub,telegramchannels,channel,20,Marketing,en,51,2026-04-22T13:11:11.741722+00:00
aliexpressdealscoupons,telegramchannels,channel,20,Marketing,en,52,2026-04-22T13:11:11.741725+00:00
seedforex,telegramchannels,channel,20,Marketing,en,53,2026-04-22T13:11:11.741728+00:00
badshah_adding_services,telegramchannels,channel,20,Marketing,en,54,2026-04-22T13:11:11.741732+00:00
allstoredeals,telegramchannels,channel,20,Marketing,en,55,2026-04-22T13:11:11.741735+00:00
happygoodsdeals,telegramchannels,channel,20,Marketing,en,56,2026-04-22T13:11:11.741738+00:00
onlineearningapps1234,telegramchannels,channel,20,Marketing,en,57,2026-04-22T13:11:11.741741+00:00
dealls69,telegramchannels,channel,20,Marketing,en,58,2026-04-22T13:11:11.741745+00:00
forexfreesignalsx,telegramchannels,channel,20,Marketing,en,59,2026-04-22T13:11:11.741748+00:00
forextradingsignalsio,telegramchannels,channel,20,Marketing,en,60,2026-04-22T13:11:11.741751+00:00
trx_instant_pay_new,telegramchannels,channel,20,Marketing,en,61,2026-04-22T13:11:11.741754+00:00
mr_mrs_shopper,telegramchannels,channel,20,Marketing,en,62,2026-04-22T13:11:11.741757+00:00
amazondeals1_0,telegramchannels,channel,20,Marketing,en,63,2026-04-22T13:11:11.741760+00:00
profxteem,telegramchannels,channel,20,Marketing,en,64,2026-04-22T13:11:11.741763+00:00
dealsoneverthing,telegramchannels,channel,20,Marketing,en,65,2026-04-22T13:11:11.741766+00:00
engagementgroupforinstagram,telegramchannels,channel,20,Marketing,en,66,2026-04-22T13:11:11.741770+00:00
promoteyournet,telegramchannels,channel,20,Marketing,en,67,2026-04-22T13:11:11.741772+00:00
likeandcommentsforinstagram,telegramchannels,channel,20,Marketing,en,68,2026-04-22T13:11:11.741775+00:00
bestdealsallinone,telegramchannels,channel,20,Marketing,en,69,2026-04-22T13:11:11.741778+00:00
getviralonline,telegramchannels,channel,20,Marketing,en,70,2026-04-22T13:11:11.741781+00:00
shoppersdestination_official,telegramchannels,channel,20,Marketing,en,71,2026-04-22T13:11:11.741784+00:00
mrsuperdeal,telegramchannels,channel,20,Marketing,en,72,2026-04-22T13:11:11.741787+00:00
scorpionhat,telegramchannels,channel,20,Marketing,en,73,2026-04-22T13:11:11.741790+00:00
batpromarketing,telegramchannels,channel,20,Marketing,en,74,2026-04-22T13:11:11.741793+00:00
commentforcomments,telegramchannels,channel,20,Marketing,en,75,2026-04-22T13:11:11.741796+00:00
commentsforinstagram,telegramchannels,channel,20,Marketing,en,76,2026-04-22T13:11:11.741799+00:00
niftytechnicaltraders,telegramchannels,channel,20,Marketing,en,77,2026-04-22T13:11:11.741802+00:00
paytm_earning_tricks_loots,telegramchannels,channel,20,Marketing,en,78,2026-04-22T13:11:11.741806+00:00
idomarketingservice,telegramchannels,channel,20,Marketing,en,79,2026-04-22T13:11:11.741809+00:00
intagramengagement,telegramchannels,channel,20,Marketing,en,80,2026-04-22T13:11:11.741811+00:00
dailychannels,telegramchannels,channel,20,Marketing,en,81,2026-04-22T13:11:11.741816+00:00
anime_wars,telegramchannels,channel,30,Movies & Videos,en,1,2026-04-22T13:11:54.822649+00:00
seriesbayx,telegramchannels,channel,30,Movies & Videos,en,2,2026-04-22T13:11:54.822655+00:00
anime_ety,telegramchannels,channel,30,Movies & Videos,en,3,2026-04-22T13:11:54.822658+00:00
series,telegramchannels,channel,30,Movies & Videos,en,7,2026-04-22T13:11:54.822675+00:00
netflix_xseriesbot,telegramchannels,channel,30,Movies & Videos,en,8,2026-04-22T13:11:54.822678+00:00
irismoviesch,telegramchannels,channel,30,Movies & Videos,en,9,2026-04-22T13:11:54.822681+00:00
bot_animes,telegramchannels,channel,30,Movies & Videos,en,10,2026-04-22T13:11:54.822684+00:00
ongoing_ety_anime,telegramchannels,channel,30,Movies & Videos,en,11,2026-04-22T13:11:54.822687+00:00
onlyfighting,telegramchannels,channel,30,Movies & Videos,en,12,2026-04-22T13:11:54.822689+00:00
ezcinema,telegramchannels,channel,30,Movies & Videos,en,13,2026-04-22T13:11:54.822692+00:00
iboxtv8,telegramchannels,channel,30,Movies & Videos,en,14,2026-04-22T13:11:54.822695+00:00
one_piece_idn,telegramchannels,channel,30,Movies & Videos,en,15,2026-04-22T13:11:54.822699+00:00
hollywood_movies_english_new_hd,telegramchannels,channel,30,Movies & Videos,en,16,2026-04-22T13:11:54.822702+00:00
campuscreenmedia,telegramchannels,channel,30,Movies & Videos,en,17,2026-04-22T13:11:54.822704+00:00
anime_x_clan,telegramchannels,channel,30,Movies & Videos,en,18,2026-04-22T13:11:54.822707+00:00
short_mars,telegramchannels,channel,30,Movies & Videos,en,19,2026-04-22T13:11:54.822711+00:00
attack_on_titan_dub,telegramchannels,channel,30,Movies & Videos,en,20,2026-04-22T13:11:54.822714+00:00
naruto_shippuden_episodess,telegramchannels,channel,30,Movies & Videos,en,21,2026-04-22T13:11:54.822717+00:00
demon_slayer_season_3_2,telegramchannels,channel,30,Movies & Videos,en,22,2026-04-22T13:11:54.822720+00:00
hotstar_movies_hd_news_disney,telegramchannels,channel,30,Movies & Videos,en,23,2026-04-22T13:11:54.822723+00:00
bleach_dual,telegramchannels,channel,30,Movies & Videos,en,24,2026-04-22T13:11:54.822725+00:00
naijarocksdotcom,telegramchannels,channel,30,Movies & Videos,en,25,2026-04-22T13:11:54.822728+00:00
leaklive,telegramchannels,channel,30,Movies & Videos,en,26,2026-04-22T13:11:54.822731+00:00
animeseries,telegramchannels,channel,30,Movies & Videos,en,27,2026-04-22T13:11:54.822734+00:00
anime_gallery_seasonal,telegramchannels,channel,30,Movies & Videos,en,28,2026-04-22T13:11:54.822737+00:00
video_videos_movie_film,telegramchannels,channel,30,Movies & Videos,en,29,2026-04-22T13:11:54.822740+00:00
tamil_telugu_movies_hd_news,telegramchannels,channel,30,Movies & Videos,en,30,2026-04-22T13:11:54.822743+00:00
jujutsu_kaisen_english_dub,telegramchannels,channel,30,Movies & Videos,en,31,2026-04-22T13:11:54.822746+00:00
factmemetv,telegramchannels,channel,30,Movies & Videos,en,32,2026-04-22T13:11:54.822748+00:00
beforeourtime,telegramchannels,channel,30,Movies & Videos,en,33,2026-04-22T13:11:54.822751+00:00
crazy_moments_usa,telegramchannels,channel,30,Movies & Videos,en,34,2026-04-22T13:11:54.822755+00:00
netflix,telegramchannels,channel,30,Movies & Videos,en,35,2026-04-22T13:11:54.822757+00:00
leaklive_tg,telegramchannels,channel,30,Movies & Videos,en,36,2026-04-22T13:11:54.822760+00:00
trendinggistgh,telegramchannels,channel,30,Movies & Videos,en,37,2026-04-22T13:11:54.822763+00:00
justdudechannel,telegramchannels,channel,30,Movies & Videos,en,38,2026-04-22T13:11:54.822766+00:00
temmyytv,telegramchannels,channel,30,Movies & Videos,en,39,2026-04-22T13:11:54.822768+00:00
korean_drama_moviez,telegramchannels,channel,30,Movies & Videos,en,40,2026-04-22T13:11:54.822771+00:00
movies_society,telegramchannels,channel,30,Movies & Videos,en,41,2026-04-22T13:11:54.822774+00:00
reeloadmedia,telegramchannels,channel,30,Movies & Videos,en,42,2026-04-22T13:11:54.822778+00:00
onepunchman_ep,telegramchannels,channel,30,Movies & Videos,en,43,2026-04-22T13:11:54.822780+00:00
topdocumentaryfilms,telegramchannels,channel,30,Movies & Videos,en,44,2026-04-22T13:11:54.822783+00:00
sikaofficialgh,telegramchannels,channel,30,Movies & Videos,en,45,2026-04-22T13:11:54.822786+00:00
doremon_cartoon_movies,telegramchannels,channel,30,Movies & Videos,en,46,2026-04-22T13:11:54.822789+00:00
new_indian_movies_south_hd_music,telegramchannels,channel,30,Movies & Videos,en,47,2026-04-22T13:11:54.822792+00:00
animelibrary_movies,telegramchannels,channel,30,Movies & Videos,en,48,2026-04-22T13:11:54.822795+00:00
sgnewmovies,telegramchannels,channel,30,Movies & Videos,en,49,2026-04-22T13:11:54.822798+00:00
intermedia_movies,telegramchannels,channel,30,Movies & Videos,en,50,2026-04-22T13:11:54.822801+00:00
entertainment,telegramchannels,channel,30,Movies & Videos,en,51,2026-04-22T13:11:54.822804+00:00
asainserieslist,telegramchannels,channel,30,Movies & Videos,en,52,2026-04-22T13:11:54.822807+00:00
outerbanks,telegramchannels,channel,30,Movies & Videos,en,53,2026-04-22T13:11:54.822809+00:00
bingebuddy,telegramchannels,channel,30,Movies & Videos,en,54,2026-04-22T13:11:54.822812+00:00
itvsharearchive,telegramchannels,channel,30,Movies & Videos,en,55,2026-04-22T13:11:54.822815+00:00
munowatch_vj_junior_uganda,telegramchannels,channel,30,Movies & Videos,en,56,2026-04-22T13:11:54.822818+00:00
schoolfights4u,telegramchannels,channel,30,Movies & Videos,en,57,2026-04-22T13:11:54.822821+00:00
ha_korean_drama_english,telegramchannels,channel,30,Movies & Videos,en,58,2026-04-22T13:11:54.822824+00:00
nature4kv,telegramchannels,channel,30,Movies & Videos,en,59,2026-04-22T13:11:54.822827+00:00
ongoingbldrama,telegramchannels,channel,30,Movies & Videos,en,60,2026-04-22T13:11:54.822830+00:00
comics_art_marvel_dc,telegramchannels,channel,30,Movies & Videos,en,61,2026-04-22T13:11:54.822833+00:00
korea_drama,telegramchannels,channel,30,Movies & Videos,en,62,2026-04-22T13:11:54.822836+00:00
xclusivesreleases,telegramchannels,channel,30,Movies & Videos,en,63,2026-04-22T13:11:54.822839+00:00
insta_reels_short_videos,telegramchannels,channel,30,Movies & Videos,en,64,2026-04-22T13:11:54.822842+00:00
theseries_barn,telegramchannels,channel,30,Movies & Videos,en,65,2026-04-22T13:11:54.822845+00:00
kbjlover,telegramchannels,channel,30,Movies & Videos,en,66,2026-04-22T13:11:54.822848+00:00
fight_club_g,telegramchannels,channel,30,Movies & Videos,en,67,2026-04-22T13:11:54.822851+00:00
moviebox4d,telegramchannels,channel,30,Movies & Videos,en,68,2026-04-22T13:11:54.822854+00:00
anime0ch,telegramchannels,channel,30,Movies & Videos,en,69,2026-04-22T13:11:54.822856+00:00
anime_tron,telegramchannels,channel,30,Movies & Videos,en,70,2026-04-22T13:11:54.822859+00:00
anime_district,telegramchannels,channel,30,Movies & Videos,en,71,2026-04-22T13:11:54.822861+00:00
netnaijaseries,telegramchannels,channel,30,Movies & Videos,en,72,2026-04-22T13:11:54.822864+00:00
naruto_series,telegramchannels,channel,30,Movies & Videos,en,73,2026-04-22T13:11:54.822867+00:00
wgmltd,telegramchannels,channel,30,Movies & Videos,en,74,2026-04-22T13:11:54.822870+00:00
kigurumi_videos,telegramchannels,channel,30,Movies & Videos,en,75,2026-04-22T13:11:54.822873+00:00
animedubbedwatch,telegramchannels,channel,30,Movies & Videos,en,76,2026-04-22T13:11:54.822875+00:00
reeload_media2,telegramchannels,channel,30,Movies & Videos,en,77,2026-04-22T13:11:54.822878+00:00
movie_tg,telegramchannels,channel,30,Movies & Videos,en,78,2026-04-22T13:11:54.822881+00:00
katandika2022,telegramchannels,channel,30,Movies & Videos,en,79,2026-04-22T13:11:54.822884+00:00
filmswithenglishsubtitles,telegramchannels,channel,30,Movies & Videos,en,80,2026-04-22T13:11:54.822887+00:00
rccpcblectures,telegramchannels,channel,30,Movies & Videos,en,81,2026-04-22T13:11:54.822890+00:00
koreanhdstatus,telegramchannels,channel,30,Movies & Videos,en,82,2026-04-22T13:11:54.822892+00:00
fullcircle360,telegramchannels,channel,30,Movies & Videos,en,83,2026-04-22T13:11:54.822895+00:00
naruto_downloads,telegramchannels,channel,30,Movies & Videos,en,84,2026-04-22T13:11:54.822898+00:00
thenaijaodin,telegramchannels,channel,30,Movies & Videos,en,85,2026-04-22T13:11:54.822901+00:00
pdmovies,telegramchannels,channel,30,Movies & Videos,en,86,2026-04-22T13:11:54.822903+00:00
wisdomelitesfiles,telegramchannels,channel,30,Movies & Videos,en,87,2026-04-22T13:11:54.822906+00:00
musiquehaitienne,telegramchannels,channel,30,Movies & Videos,en,88,2026-04-22T13:11:54.822909+00:00
nollywood_movies1,telegramchannels,channel,30,Movies & Videos,en,89,2026-04-22T13:11:54.822912+00:00
filmmking,telegramchannels,channel,30,Movies & Videos,en,90,2026-04-22T13:11:54.822915+00:00
pakistan_movies,telegramchannels,channel,30,Movies & Videos,en,91,2026-04-22T13:11:54.822917+00:00
tiktoklates,telegramchannels,channel,30,Movies & Videos,en,92,2026-04-22T13:11:54.822920+00:00
topdocumentaryseries,telegramchannels,channel,30,Movies & Videos,en,93,2026-04-22T13:11:54.822923+00:00
apple_movies101,telegramchannels,channel,30,Movies & Videos,en,94,2026-04-22T13:11:54.822926+00:00
jollytv_crib,telegramchannels,channel,30,Movies & Videos,en,95,2026-04-22T13:11:54.822928+00:00
manhwa_apex,telegramchannels,channel,30,Movies & Videos,en,96,2026-04-22T13:11:54.822931+00:00
iboxtv,telegramchannels,channel,30,Movies & Videos,en,97,2026-04-22T13:11:54.822934+00:00
eternalshineyandchrome,telegramchannels,channel,30,Movies & Videos,en,98,2026-04-22T13:11:54.822937+00:00
anime_arsenal,telegramchannels,channel,30,Movies & Videos,en,99,2026-04-22T13:11:54.822939+00:00
theblacklisttvseries,telegramchannels,channel,30,Movies & Videos,en,100,2026-04-22T13:11:54.822942+00:00
anime_nation,telegramchannels,channel,30,Movies & Videos,en,101,2026-04-22T13:11:54.822945+00:00
animenation_ongoing,telegramchannels,channel,30,Movies & Videos,en,102,2026-04-22T13:11:54.822948+00:00
mukannadafilms,telegramchannels,channel,30,Movies & Videos,en,103,2026-04-22T13:11:54.822950+00:00
dailychannels,telegramchannels,channel,30,Movies & Videos,en,104,2026-04-22T13:11:54.822955+00:00
ghanalatestsongs,telegramchannels,channel,21,Music,en,1,2026-04-22T13:12:12.705571+00:00
foxtuneupdates,telegramchannels,channel,21,Music,en,2,2026-04-22T13:12:12.705579+00:00
gospel_worship,telegramchannels,channel,21,Music,en,3,2026-04-22T13:12:12.705583+00:00
thv_ot7,telegramchannels,channel,21,Music,en,7,2026-04-22T13:12:12.705602+00:00
sickmindsmedia,telegramchannels,channel,21,Music,en,8,2026-04-22T13:12:12.705605+00:00
flstudiofruity,telegramchannels,channel,21,Music,en,9,2026-04-22T13:12:12.705608+00:00
hqvst,telegramchannels,channel,21,Music,en,10,2026-04-22T13:12:12.705611+00:00
songs,telegramchannels,channel,21,Music,en,11,2026-04-22T13:12:12.705614+00:00
nigerialatestsong,telegramchannels,channel,21,Music,en,12,2026-04-22T13:12:12.705617+00:00
plugwav,telegramchannels,channel,21,Music,en,13,2026-04-22T13:12:12.705620+00:00
djchannelhm,telegramchannels,channel,21,Music,en,14,2026-04-22T13:12:12.705624+00:00
audiotoolsvstsampleskits,telegramchannels,channel,21,Music,en,15,2026-04-22T13:12:12.705627+00:00
heavymetalalbums,telegramchannels,channel,21,Music,en,16,2026-04-22T13:12:12.705630+00:00
bighitxtcom,telegramchannels,channel,21,Music,en,17,2026-04-22T13:12:12.705634+00:00
thv_uniiverse,telegramchannels,channel,21,Music,en,18,2026-04-22T13:12:12.705637+00:00
naijamusicworld,telegramchannels,channel,21,Music,en,19,2026-04-22T13:12:12.705640+00:00
rare_90s_hip_hop,telegramchannels,channel,21,Music,en,20,2026-04-22T13:12:12.705643+00:00
brokemys,telegramchannels,channel,21,Music,en,21,2026-04-22T13:12:12.705647+00:00
straykidsbubbleupdate2021,telegramchannels,channel,21,Music,en,22,2026-04-22T13:12:12.705650+00:00
all_bts_updates,telegramchannels,channel,21,Music,en,23,2026-04-22T13:12:12.705653+00:00
bangtankboys,telegramchannels,channel,21,Music,en,24,2026-04-22T13:12:12.705656+00:00
animemusicstash,telegramchannels,channel,21,Music,en,25,2026-04-22T13:12:12.705659+00:00
mercychinwonow,telegramchannels,channel,21,Music,en,26,2026-04-22T13:12:12.705662+00:00
fntune,telegramchannels,channel,21,Music,en,27,2026-04-22T13:12:12.705666+00:00
btsinstagramupdate,telegramchannels,channel,21,Music,en,28,2026-04-22T13:12:12.705669+00:00
sabseachestatus,telegramchannels,channel,21,Music,en,29,2026-04-22T13:12:12.705672+00:00
theloopcentral,telegramchannels,channel,21,Music,en,30,2026-04-22T13:12:12.705675+00:00
spurziki,telegramchannels,channel,21,Music,en,31,2026-04-22T13:12:12.705679+00:00
bighitbtsmemes,telegramchannels,channel,21,Music,en,32,2026-04-22T13:12:12.705682+00:00
diskopartydancesongs,telegramchannels,channel,21,Music,en,33,2026-04-22T13:12:12.705685+00:00
btseditsoffecial,telegramchannels,channel,21,Music,en,34,2026-04-22T13:12:12.705688+00:00
stayc6irls,telegramchannels,channel,21,Music,en,35,2026-04-22T13:12:12.705691+00:00
tranceandprogressive,telegramchannels,channel,21,Music,en,36,2026-04-22T13:12:12.705694+00:00
twiceftonces,telegramchannels,channel,21,Music,en,37,2026-04-22T13:12:12.705698+00:00
melodicdeathmetalclub,telegramchannels,channel,21,Music,en,38,2026-04-22T13:12:12.705701+00:00
english_mp3s_new,telegramchannels,channel,21,Music,en,39,2026-04-22T13:12:12.705704+00:00
fromisnineupdate,telegramchannels,channel,21,Music,en,40,2026-04-22T13:12:12.705707+00:00
txtupdate21,telegramchannels,channel,21,Music,en,41,2026-04-22T13:12:12.705710+00:00
english_songs_hub,telegramchannels,channel,21,Music,en,42,2026-04-22T13:12:12.705715+00:00
reggae_music,telegramchannels,channel,21,Music,en,43,2026-04-22T13:12:12.705718+00:00
gidle_update,telegramchannels,channel,21,Music,en,44,2026-04-22T13:12:12.705721+00:00
jxbznft,telegramchannels,channel,21,Music,en,45,2026-04-22T13:12:12.705724+00:00
ele_music,telegramchannels,channel,21,Music,en,46,2026-04-22T13:12:12.705727+00:00
passengermusics,telegramchannels,channel,21,Music,en,47,2026-04-22T13:12:12.705730+00:00
slaughter_to_prevail_music,telegramchannels,channel,21,Music,en,48,2026-04-22T13:12:12.705733+00:00
unlimited_freedom,telegramchannels,channel,21,Music,en,49,2026-04-22T13:12:12.705736+00:00
babymonsterbyyg,telegramchannels,channel,21,Music,en,50,2026-04-22T13:12:12.705739+00:00
hightunes,telegramchannels,channel,21,Music,en,51,2026-04-22T13:12:12.705742+00:00
djmuzc,telegramchannels,channel,21,Music,en,52,2026-04-22T13:12:12.705745+00:00
freemusic2023,telegramchannels,channel,21,Music,en,53,2026-04-22T13:12:12.705748+00:00
blck_rnb,telegramchannels,channel,21,Music,en,54,2026-04-22T13:12:12.705751+00:00
soundengineervava,telegramchannels,channel,21,Music,en,55,2026-04-22T13:12:12.705754+00:00
pocketfmenglish,telegramchannels,channel,21,Music,en,56,2026-04-22T13:12:12.705757+00:00
darkelectro,telegramchannels,channel,21,Music,en,57,2026-04-22T13:12:12.705760+00:00
world_music_pfff,telegramchannels,channel,21,Music,en,58,2026-04-22T13:12:12.705764+00:00
epicmusics1,telegramchannels,channel,21,Music,en,59,2026-04-22T13:12:12.705767+00:00
producersecrets,telegramchannels,channel,21,Music,en,60,2026-04-22T13:12:12.705770+00:00
all2you,telegramchannels,channel,21,Music,en,61,2026-04-22T13:12:12.705773+00:00
babkim,telegramchannels,channel,21,Music,en,62,2026-04-22T13:12:12.705775+00:00
musicmalaysiaofficial,telegramchannels,channel,21,Music,en,63,2026-04-22T13:12:12.705778+00:00
snsdchannel,telegramchannels,channel,21,Music,en,64,2026-04-22T13:12:12.705781+00:00
deep_rhythm_music,telegramchannels,channel,21,Music,en,65,2026-04-22T13:12:12.705784+00:00
intellemusic,telegramchannels,channel,21,Music,en,66,2026-04-22T13:12:12.705788+00:00
psytrancefree,telegramchannels,channel,21,Music,en,67,2026-04-22T13:12:12.705791+00:00
arcticmonkeys,telegramchannels,channel,21,Music,en,68,2026-04-22T13:12:12.705794+00:00
anime_musics,telegramchannels,channel,21,Music,en,69,2026-04-22T13:12:12.705797+00:00
grmdaily12,telegramchannels,channel,21,Music,en,70,2026-04-22T13:12:12.705800+00:00
metal_music_pfff,telegramchannels,channel,21,Music,en,71,2026-04-22T13:12:12.705803+00:00
beats4gym,telegramchannels,channel,21,Music,en,72,2026-04-22T13:12:12.705806+00:00
epic_music_mania,telegramchannels,channel,21,Music,en,73,2026-04-22T13:12:12.705808+00:00
rockandmetalhits,telegramchannels,channel,21,Music,en,74,2026-04-22T13:12:12.705811+00:00
liltecca_fans,telegramchannels,channel,21,Music,en,75,2026-04-22T13:12:12.705814+00:00
playboicarti_fans,telegramchannels,channel,21,Music,en,76,2026-04-22T13:12:12.705817+00:00
listentomuzik,telegramchannels,channel,21,Music,en,77,2026-04-22T13:12:12.705820+00:00
housetechno,telegramchannels,channel,21,Music,en,78,2026-04-22T13:12:12.705823+00:00
theprodigylive,telegramchannels,channel,21,Music,en,79,2026-04-22T13:12:12.705827+00:00
lolicore_ua,telegramchannels,channel,21,Music,en,80,2026-04-22T13:12:12.705830+00:00
sadart,telegramchannels,channel,21,Music,en,81,2026-04-22T13:12:12.705833+00:00
countryroadmusic,telegramchannels,channel,21,Music,en,82,2026-04-22T13:12:12.705836+00:00
freelagumelayu,telegramchannels,channel,21,Music,en,83,2026-04-22T13:12:12.705839+00:00
musicianmemes,telegramchannels,channel,21,Music,en,84,2026-04-22T13:12:12.705842+00:00
spotify_save_music,telegramchannels,channel,21,Music,en,85,2026-04-22T13:12:12.705845+00:00
musixlovers,telegramchannels,channel,21,Music,en,86,2026-04-22T13:12:12.705848+00:00
techno_m2,telegramchannels,channel,21,Music,en,87,2026-04-22T13:12:12.705851+00:00
psychedelic_trance,telegramchannels,channel,21,Music,en,88,2026-04-22T13:12:12.705854+00:00
pdstatus1,telegramchannels,channel,21,Music,en,89,2026-04-22T13:12:12.705857+00:00
pologcapalotg,telegramchannels,channel,21,Music,en,90,2026-04-22T13:12:12.705860+00:00
uesound,telegramchannels,channel,21,Music,en,91,2026-04-22T13:12:12.705863+00:00
soul_orgasm,telegramchannels,channel,21,Music,en,92,2026-04-22T13:12:12.705866+00:00
folk_metal_songs,telegramchannels,channel,21,Music,en,93,2026-04-22T13:12:12.705869+00:00
downloadmp3_english_songs,telegramchannels,channel,21,Music,en,94,2026-04-22T13:12:12.705872+00:00
myd_selection,telegramchannels,channel,21,Music,en,95,2026-04-22T13:12:12.705875+00:00
rophnanmygeneration,telegramchannels,channel,21,Music,en,96,2026-04-22T13:12:12.705878+00:00
jugged,telegramchannels,channel,21,Music,en,97,2026-04-22T13:12:12.705881+00:00
christmasmusic,telegramchannels,channel,21,Music,en,98,2026-04-22T13:12:12.705884+00:00
linkupog,telegramchannels,channel,21,Music,en,99,2026-04-22T13:12:12.705887+00:00
keysnat,telegramchannels,channel,21,Music,en,100,2026-04-22T13:12:12.705889+00:00
mhhousemusic,telegramchannels,channel,21,Music,en,101,2026-04-22T13:12:12.705892+00:00
aruvi_studio,telegramchannels,channel,21,Music,en,102,2026-04-22T13:12:12.705895+00:00
syrianmetalheadsunion,telegramchannels,channel,21,Music,en,103,2026-04-22T13:12:12.705898+00:00
dailychannels,telegramchannels,channel,21,Music,en,104,2026-04-22T13:12:12.705902+00:00
nature,telegramchannels,channel,1,Nature & Animals,en,1,2026-04-22T13:12:40.759344+00:00
catmoonity,telegramchannels,channel,1,Nature & Animals,en,2,2026-04-22T13:12:40.759352+00:00
cute_cats_videos,telegramchannels,channel,1,Nature & Animals,en,3,2026-04-22T13:12:40.759355+00:00
funnyanimals_1,telegramchannels,channel,1,Nature & Animals,en,7,2026-04-22T13:12:40.759375+00:00
natgeosociety,telegramchannels,channel,1,Nature & Animals,en,8,2026-04-22T13:12:40.759378+00:00
tgrealnature,telegramchannels,channel,1,Nature & Animals,en,9,2026-04-22T13:12:40.759381+00:00
earthcurated,telegramchannels,channel,1,Nature & Animals,en,10,2026-04-22T13:12:40.759384+00:00
discovery_animal_planet,telegramchannels,channel,1,Nature & Animals,en,11,2026-04-22T13:12:40.759387+00:00
gardeningsecrets,telegramchannels,channel,1,Nature & Animals,en,12,2026-04-22T13:12:40.759390+00:00
tg_discovery,telegramchannels,channel,1,Nature & Animals,en,13,2026-04-22T13:12:40.759394+00:00
wildlifen,telegramchannels,channel,1,Nature & Animals,en,14,2026-04-22T13:12:40.759397+00:00
cutehappystuffs,telegramchannels,channel,1,Nature & Animals,en,15,2026-04-22T13:12:40.759400+00:00
blazenanimals,telegramchannels,channel,1,Nature & Animals,en,16,2026-04-22T13:12:40.759403+00:00
lolanimalz,telegramchannels,channel,1,Nature & Animals,en,17,2026-04-22T13:12:40.759406+00:00
funnyanimals_t_me,telegramchannels,channel,1,Nature & Animals,en,18,2026-04-22T13:12:40.759410+00:00
evolvedtruth,telegramchannels,channel,1,Nature & Animals,en,19,2026-04-22T13:12:40.759413+00:00
ohota_riba,telegramchannels,channel,1,Nature & Animals,en,20,2026-04-22T13:12:40.759416+00:00
animals_funny_videos,telegramchannels,channel,1,Nature & Animals,en,21,2026-04-22T13:12:40.759421+00:00
animals_first,telegramchannels,channel,1,Nature & Animals,en,22,2026-04-22T13:12:40.759426+00:00
animal_fighting,telegramchannels,channel,1,Nature & Animals,en,23,2026-04-22T13:12:40.759436+00:00
sgcatadoption,telegramchannels,channel,1,Nature & Animals,en,24,2026-04-22T13:12:40.759439+00:00
you_can_pet,telegramchannels,channel,1,Nature & Animals,en,25,2026-04-22T13:12:40.759442+00:00
plantforchange,telegramchannels,channel,1,Nature & Animals,en,26,2026-04-22T13:12:40.759445+00:00
housescat,telegramchannels,channel,1,Nature & Animals,en,27,2026-04-22T13:12:40.759448+00:00
beginnerhomesteader,telegramchannels,channel,1,Nature & Animals,en,28,2026-04-22T13:12:40.759451+00:00
dangerousground,telegramchannels,channel,1,Nature & Animals,en,29,2026-04-22T13:12:40.759454+00:00
cutedogcat,telegramchannels,channel,1,Nature & Animals,en,30,2026-04-22T13:12:40.759457+00:00
funny1pet,telegramchannels,channel,1,Nature & Animals,en,31,2026-04-22T13:12:40.759460+00:00
missflodder,telegramchannels,channel,1,Nature & Animals,en,32,2026-04-22T13:12:40.759464+00:00
utcutie,telegramchannels,channel,1,Nature & Animals,en,33,2026-04-22T13:12:40.759466+00:00
hourlyfops,telegramchannels,channel,1,Nature & Animals,en,34,2026-04-22T13:12:40.759470+00:00
livingocean,telegramchannels,channel,1,Nature & Animals,en,35,2026-04-22T13:12:40.759474+00:00
vinegarbluesky,telegramchannels,channel,1,Nature & Animals,en,36,2026-04-22T13:12:40.759477+00:00
dailymonkeys,telegramchannels,channel,1,Nature & Animals,en,37,2026-04-22T13:12:40.759480+00:00
offgridlowtech,telegramchannels,channel,1,Nature & Animals,en,38,2026-04-22T13:12:40.759483+00:00
opossumscreamo,telegramchannels,channel,1,Nature & Animals,en,39,2026-04-22T13:12:40.759486+00:00
dogsny,telegramchannels,channel,1,Nature & Animals,en,40,2026-04-22T13:12:40.759489+00:00
hedgehogsbeauty,telegramchannels,channel,1,Nature & Animals,en,41,2026-04-22T13:12:40.759492+00:00
frenchiepupsusa,telegramchannels,channel,1,Nature & Animals,en,42,2026-04-22T13:12:40.759495+00:00
animallistener,telegramchannels,channel,1,Nature & Animals,en,43,2026-04-22T13:12:40.759498+00:00
tomboysexist11,telegramchannels,channel,1,Nature & Animals,en,44,2026-04-22T13:12:40.759502+00:00
dogdata,telegramchannels,channel,1,Nature & Animals,en,45,2026-04-22T13:12:40.759505+00:00
animals_101,telegramchannels,channel,1,Nature & Animals,en,46,2026-04-22T13:12:40.759508+00:00
the_wonders_of_nature,telegramchannels,channel,1,Nature & Animals,en,47,2026-04-22T13:12:40.759511+00:00
pawpykisses,telegramchannels,channel,1,Nature & Animals,en,48,2026-04-22T13:12:40.759514+00:00
darwinshowbettas,telegramchannels,channel,1,Nature & Animals,en,49,2026-04-22T13:12:40.759516+00:00
verdantventures,telegramchannels,channel,1,Nature & Animals,en,50,2026-04-22T13:12:40.759519+00:00
good_vibes_only77,telegramchannels,channel,1,Nature & Animals,en,51,2026-04-22T13:12:40.759522+00:00
pussy_cat_kitten,telegramchannels,channel,1,Nature & Animals,en,52,2026-04-22T13:12:40.759525+00:00
canineparadiseth,telegramchannels,channel,1,Nature & Animals,en,53,2026-04-22T13:12:40.759528+00:00
cat_tube,telegramchannels,channel,1,Nature & Animals,en,54,2026-04-22T13:12:40.759532+00:00
daily_cats,telegramchannels,channel,1,Nature & Animals,en,55,2026-04-22T13:12:40.759535+00:00
animal_zone,telegramchannels,channel,1,Nature & Animals,en,56,2026-04-22T13:12:40.759538+00:00
animals_nature,telegramchannels,channel,1,Nature & Animals,en,57,2026-04-22T13:12:40.759541+00:00
myo2project,telegramchannels,channel,1,Nature & Animals,en,58,2026-04-22T13:12:40.759544+00:00
natureinsight,telegramchannels,channel,1,Nature & Animals,en,59,2026-04-22T13:12:40.759547+00:00
horseandcamelvetmeds,telegramchannels,channel,1,Nature & Animals,en,60,2026-04-22T13:12:40.759550+00:00
fluffypups,telegramchannels,channel,1,Nature & Animals,en,61,2026-04-22T13:12:40.759553+00:00
learn_simple_knowledge,telegramchannels,channel,1,Nature & Animals,en,62,2026-04-22T13:12:40.759556+00:00
englishbulldogshop,telegramchannels,channel,1,Nature & Animals,en,63,2026-04-22T13:12:40.759558+00:00
kitten_haven_with_lisa,telegramchannels,channel,1,Nature & Animals,en,64,2026-04-22T13:12:40.759561+00:00
dailychannels,telegramchannels,channel,1,Nature & Animals,en,65,2026-04-22T13:12:40.759566+00:00
livenews_1win,telegramchannels,channel,23,News & Media,en,1,2026-04-22T13:12:56.481269+00:00
cheatkott,telegramchannels,channel,23,News & Media,en,2,2026-04-22T13:12:56.481277+00:00
insider_uk_news,telegramchannels,channel,23,News & Media,en,3,2026-04-22T13:12:56.481281+00:00
nigerii_news,telegramchannels,channel,23,News & Media,en,7,2026-04-22T13:12:56.481299+00:00
middle_east_spectator,telegramchannels,channel,23,News & Media,en,8,2026-04-22T13:12:56.481302+00:00
intelslava,telegramchannels,channel,23,News & Media,en,9,2026-04-22T13:12:56.481305+00:00
disclosetv,telegramchannels,channel,23,News & Media,en,10,2026-04-22T13:12:56.481308+00:00
tuckercarlsonnetwork,telegramchannels,channel,23,News & Media,en,11,2026-04-22T13:12:56.481311+00:00
rtnews,telegramchannels,channel,23,News & Media,en,12,2026-04-22T13:12:56.481315+00:00
idfofficial,telegramchannels,channel,23,News & Media,en,13,2026-04-22T13:12:56.481318+00:00
warmonitors,telegramchannels,channel,23,News & Media,en,14,2026-04-22T13:12:56.481321+00:00
bloomberg,telegramchannels,channel,23,News & Media,en,15,2026-04-22T13:12:56.481324+00:00
georgenews,telegramchannels,channel,23,News & Media,en,16,2026-04-22T13:12:56.481327+00:00
oanntv,telegramchannels,channel,23,News & Media,en,17,2026-04-22T13:12:56.481331+00:00
palestineresist,telegramchannels,channel,23,News & Media,en,18,2026-04-22T13:12:56.481334+00:00
wethemedia,telegramchannels,channel,23,News & Media,en,19,2026-04-22T13:12:56.481337+00:00
generalmcnews,telegramchannels,channel,23,News & Media,en,20,2026-04-22T13:12:56.481340+00:00
nairobianofficial,telegramchannels,channel,23,News & Media,en,21,2026-04-22T13:12:56.481343+00:00
gatewaypunditofficial,telegramchannels,channel,23,News & Media,en,22,2026-04-22T13:12:56.481346+00:00
hnaftali,telegramchannels,channel,23,News & Media,en,23,2026-04-22T13:12:56.481349+00:00
qudsnen,telegramchannels,channel,23,News & Media,en,24,2026-04-22T13:12:56.481352+00:00
simon_parkes,telegramchannels,channel,23,News & Media,en,25,2026-04-22T13:12:56.481355+00:00
cig_telegram,telegramchannels,channel,23,News & Media,en,26,2026-04-22T13:12:56.481358+00:00
nickjfuentes,telegramchannels,channel,23,News & Media,en,27,2026-04-22T13:12:56.481362+00:00
insiderpaper,telegramchannels,channel,23,News & Media,en,28,2026-04-22T13:12:56.481365+00:00
theconspiracyhole,telegramchannels,channel,23,News & Media,en,29,2026-04-22T13:12:56.481368+00:00
dumbsandunderground,telegramchannels,channel,23,News & Media,en,30,2026-04-22T13:12:56.481371+00:00
thebabylonbee,telegramchannels,channel,23,News & Media,en,31,2026-04-22T13:12:56.481374+00:00
pushpendrasinghofficial,telegramchannels,channel,23,News & Media,en,32,2026-04-22T13:12:56.481377+00:00
nicholasveniamin,telegramchannels,channel,23,News & Media,en,33,2026-04-22T13:12:56.481380+00:00
fall_of_the_cabal,telegramchannels,channel,23,News & Media,en,34,2026-04-22T13:12:56.481384+00:00
lebupdate,telegramchannels,channel,23,News & Media,en,35,2026-04-22T13:12:56.481387+00:00
aussiecossack,telegramchannels,channel,23,News & Media,en,36,2026-04-22T13:12:56.481390+00:00
tommyrobinsonnews,telegramchannels,channel,23,News & Media,en,37,2026-04-22T13:12:56.481393+00:00
breakingheadlines,telegramchannels,channel,23,News & Media,en,38,2026-04-22T13:12:56.481396+00:00
mylordbebo,telegramchannels,channel,23,News & Media,en,39,2026-04-22T13:12:56.481399+00:00
european_dissident,telegramchannels,channel,23,News & Media,en,40,2026-04-22T13:12:56.481402+00:00
ukraine_watch,telegramchannels,channel,23,News & Media,en,41,2026-04-22T13:12:56.481405+00:00
united24media,telegramchannels,channel,23,News & Media,en,42,2026-04-22T13:12:56.481408+00:00
hamasw,telegramchannels,channel,23,News & Media,en,43,2026-04-22T13:12:56.481411+00:00
shaunkingchannel,telegramchannels,channel,23,News & Media,en,44,2026-04-22T13:12:56.481414+00:00
breaking911,telegramchannels,channel,23,News & Media,en,45,2026-04-22T13:12:56.481417+00:00
washingtonpost,telegramchannels,channel,23,News & Media,en,46,2026-04-22T13:12:56.481428+00:00
tarotbyjaninechannel,telegramchannels,channel,23,News & Media,en,47,2026-04-22T13:12:56.481432+00:00
southfirstresponders,telegramchannels,channel,23,News & Media,en,48,2026-04-22T13:12:56.481435+00:00
sputnik_africa,telegramchannels,channel,23,News & Media,en,49,2026-04-22T13:12:56.481438+00:00
tironianae,telegramchannels,channel,23,News & Media,en,50,2026-04-22T13:12:56.481441+00:00
worldpravda,telegramchannels,channel,23,News & Media,en,51,2026-04-22T13:12:56.481444+00:00
ourwarstoday,telegramchannels,channel,23,News & Media,en,52,2026-04-22T13:12:56.481447+00:00
gimbaled,telegramchannels,channel,23,News & Media,en,53,2026-04-22T13:12:56.481450+00:00
chiefnerd,telegramchannels,channel,23,News & Media,en,54,2026-04-22T13:12:56.481454+00:00
deadrussi,telegramchannels,channel,23,News & Media,en,55,2026-04-22T13:12:56.481457+00:00
reutersworldchannel,telegramchannels,channel,23,News & Media,en,56,2026-04-22T13:12:56.481460+00:00
waterwatchtruth,telegramchannels,channel,23,News & Media,en,57,2026-04-22T13:12:56.481463+00:00
warvideos18,telegramchannels,channel,23,News & Media,en,58,2026-04-22T13:12:56.481466+00:00
tuckercarlsonchannel,telegramchannels,channel,23,News & Media,en,59,2026-04-22T13:12:56.481469+00:00
elon_musk,telegramchannels,channel,23,News & Media,en,60,2026-04-22T13:12:56.481472+00:00
nesaragesarasecrets,telegramchannels,channel,23,News & Media,en,61,2026-04-22T13:12:56.481475+00:00
jantakareporter,telegramchannels,channel,23,News & Media,en,62,2026-04-22T13:12:56.481478+00:00
officialcharliewardfriends,telegramchannels,channel,23,News & Media,en,63,2026-04-22T13:12:56.481481+00:00
liveukraine_media,telegramchannels,channel,23,News & Media,en,64,2026-04-22T13:12:56.481484+00:00
christianpatriotnews,telegramchannels,channel,23,News & Media,en,65,2026-04-22T13:12:56.481487+00:00
news_3dto5d,telegramchannels,channel,23,News & Media,en,66,2026-04-22T13:12:56.481491+00:00
brianlovethailand,telegramchannels,channel,23,News & Media,en,67,2026-04-22T13:12:56.481494+00:00
bbc_news0,telegramchannels,channel,23,News & Media,en,68,2026-04-22T13:12:56.481497+00:00
patricklancasternewstoday,telegramchannels,channel,23,News & Media,en,69,2026-04-22T13:12:56.481500+00:00
generalmcinerne,telegramchannels,channel,23,News & Media,en,70,2026-04-22T13:12:56.481503+00:00
realrtmnews,telegramchannels,channel,23,News & Media,en,71,2026-04-22T13:12:56.481506+00:00
livelawindia,telegramchannels,channel,23,News & Media,en,72,2026-04-22T13:12:56.481509+00:00
andy_ngo,telegramchannels,channel,23,News & Media,en,73,2026-04-22T13:12:56.481512+00:00
englishabuali,telegramchannels,channel,23,News & Media,en,74,2026-04-22T13:12:56.481515+00:00
worldnews,telegramchannels,channel,23,News & Media,en,75,2026-04-22T13:12:56.481518+00:00
business_bloomberg,telegramchannels,channel,23,News & Media,en,76,2026-04-22T13:12:56.481521+00:00
realrebelnews,telegramchannels,channel,23,News & Media,en,77,2026-04-22T13:12:56.481524+00:00
qtimenetwork,telegramchannels,channel,23,News & Media,en,78,2026-04-22T13:12:56.481528+00:00
chefpeteevans,telegramchannels,channel,23,News & Media,en,79,2026-04-22T13:12:56.481531+00:00
bbcworldoffl,telegramchannels,channel,23,News & Media,en,80,2026-04-22T13:12:56.481534+00:00
beckernews,telegramchannels,channel,23,News & Media,en,81,2026-04-22T13:12:56.481536+00:00
realvincentjames,telegramchannels,channel,23,News & Media,en,82,2026-04-22T13:12:56.481539+00:00
endhumantrafficking,telegramchannels,channel,23,News & Media,en,83,2026-04-22T13:12:56.481542+00:00
ai_news_world,telegramchannels,channel,23,News & Media,en,84,2026-04-22T13:12:56.481545+00:00
qrashthematrix,telegramchannels,channel,23,News & Media,en,85,2026-04-22T13:12:56.481548+00:00
live_news_times,telegramchannels,channel,23,News & Media,en,86,2026-04-22T13:12:56.481551+00:00
cryptopolitanofficial,telegramchannels,channel,23,News & Media,en,87,2026-04-22T13:12:56.481554+00:00
canada,telegramchannels,channel,23,News & Media,en,88,2026-04-22T13:12:56.481557+00:00
intnewsagency,telegramchannels,channel,23,News & Media,en,89,2026-04-22T13:12:56.481560+00:00
the_jerusalem_post,telegramchannels,channel,23,News & Media,en,90,2026-04-22T13:12:56.481563+00:00
markacollett,telegramchannels,channel,23,News & Media,en,91,2026-04-22T13:12:56.481566+00:00
warsawitness,telegramchannels,channel,23,News & Media,en,92,2026-04-22T13:12:56.481569+00:00
news_of_donbass,telegramchannels,channel,23,News & Media,en,93,2026-04-22T13:12:56.481572+00:00
illuminatiwealth6666,telegramchannels,channel,23,News & Media,en,94,2026-04-22T13:12:56.481575+00:00
zoka200,telegramchannels,channel,23,News & Media,en,95,2026-04-22T13:12:56.481578+00:00
britainfirst,telegramchannels,channel,23,News & Media,en,96,2026-04-22T13:12:56.481581+00:00
orwelliandystopia,telegramchannels,channel,23,News & Media,en,97,2026-04-22T13:12:56.481584+00:00
businessinfoeth,telegramchannels,channel,23,News & Media,en,98,2026-04-22T13:12:56.481587+00:00
syriangirlpartisan,telegramchannels,channel,23,News & Media,en,99,2026-04-22T13:12:56.481590+00:00
breakingnewstg,telegramchannels,channel,23,News & Media,en,100,2026-04-22T13:12:56.481592+00:00
qlobalchangeusa,telegramchannels,channel,23,News & Media,en,101,2026-04-22T13:12:56.481595+00:00
patrioticalternativeofficial,telegramchannels,channel,23,News & Media,en,102,2026-04-22T13:12:56.481598+00:00
digitalsoldiers1,telegramchannels,channel,23,News & Media,en,103,2026-04-22T13:12:56.481601+00:00
dailychannels,telegramchannels,channel,23,News & Media,en,104,2026-04-22T13:12:56.481606+00:00
faceswitcher,telegramchannels,channel,39,NSFW & Adults,en,1,2026-04-22T13:13:11.326706+00:00
alexismucciofficial,telegramchannels,channel,39,NSFW & Adults,en,2,2026-04-22T13:13:11.326713+00:00
animemaniaxx,telegramchannels,channel,39,NSFW & Adults,en,3,2026-04-22T13:13:11.326716+00:00
khyatishreechannel,telegramchannels,channel,39,NSFW & Adults,en,7,2026-04-22T13:13:11.326736+00:00
yailin_la_mas_viral_yailinlamass,telegramchannels,channel,39,NSFW & Adults,en,8,2026-04-22T13:13:11.326739+00:00
karelionli,telegramchannels,channel,39,NSFW & Adults,en,9,2026-04-22T13:13:11.326743+00:00
utopianleaks,telegramchannels,channel,39,NSFW & Adults,en,10,2026-04-22T13:13:11.326746+00:00
allinika_ph,telegramchannels,channel,39,NSFW & Adults,en,11,2026-04-22T13:13:11.326749+00:00
rubirosetele,telegramchannels,channel,39,NSFW & Adults,en,12,2026-04-22T13:13:11.326752+00:00
itsrachelc00k,telegramchannels,channel,39,NSFW & Adults,en,13,2026-04-22T13:13:11.326755+00:00
joselisboli,telegramchannels,channel,39,NSFW & Adults,en,14,2026-04-22T13:13:11.326759+00:00
voulezjfansonly,telegramchannels,channel,39,NSFW & Adults,en,15,2026-04-22T13:13:11.326762+00:00
grace_charis_itsgracecharis,telegramchannels,channel,39,NSFW & Adults,en,16,2026-04-22T13:13:11.326765+00:00
yus_lopez_yuslopez,telegramchannels,channel,39,NSFW & Adults,en,17,2026-04-22T13:13:11.326769+00:00
gooningparadise,telegramchannels,channel,39,NSFW & Adults,en,18,2026-04-22T13:13:11.326773+00:00
tgcamgirls,telegramchannels,channel,39,NSFW & Adults,en,19,2026-04-22T13:13:11.326776+00:00
erotic_stl,telegramchannels,channel,39,NSFW & Adults,en,20,2026-04-22T13:13:11.326779+00:00
thaifriendly,telegramchannels,channel,39,NSFW & Adults,en,21,2026-04-22T13:13:11.326783+00:00
tiktokgurls,telegramchannels,channel,39,NSFW & Adults,en,22,2026-04-22T13:13:11.326786+00:00
onlyfansleakvip,telegramchannels,channel,39,NSFW & Adults,en,23,2026-04-22T13:13:11.326789+00:00
naughtydream,telegramchannels,channel,39,NSFW & Adults,en,24,2026-04-22T13:13:11.326792+00:00
girl_ai_nsfw,telegramchannels,channel,39,NSFW & Adults,en,25,2026-04-22T13:13:11.326796+00:00
cameltoe_only_fans,telegramchannels,channel,39,NSFW & Adults,en,26,2026-04-22T13:13:11.326799+00:00
lanarosehotscenes,telegramchannels,channel,39,NSFW & Adults,en,27,2026-04-22T13:13:11.326802+00:00
emilyblackleakss,telegramchannels,channel,39,NSFW & Adults,en,28,2026-04-22T13:13:11.326806+00:00
corinnakopfleaks0,telegramchannels,channel,39,NSFW & Adults,en,29,2026-04-22T13:13:11.326809+00:00
usualyarmpits,telegramchannels,channel,39,NSFW & Adults,en,30,2026-04-22T13:13:11.326812+00:00
gcosplayy,telegramchannels,channel,39,NSFW & Adults,en,31,2026-04-22T13:13:11.326815+00:00
jackys_lobby,telegramchannels,channel,39,NSFW & Adults,en,32,2026-04-22T13:13:11.326818+00:00
onlyfanspremium4free,telegramchannels,channel,39,NSFW & Adults,en,33,2026-04-22T13:13:11.326822+00:00
nsfw_premium,telegramchannels,channel,39,NSFW & Adults,en,34,2026-04-22T13:13:11.326826+00:00
mysuperhot,telegramchannels,channel,39,NSFW & Adults,en,35,2026-04-22T13:13:11.326829+00:00
buffalo_sick,telegramchannels,channel,39,NSFW & Adults,en,36,2026-04-22T13:13:11.326832+00:00
rebelotetg,telegramchannels,channel,39,NSFW & Adults,en,37,2026-04-22T13:13:11.326835+00:00
onlyfansleaksnewbackup,telegramchannels,channel,39,NSFW & Adults,en,38,2026-04-22T13:13:11.326838+00:00
dystopianleaks,telegramchannels,channel,39,NSFW & Adults,en,39,2026-04-22T13:13:11.326841+00:00
kbjedm,telegramchannels,channel,39,NSFW & Adults,en,40,2026-04-22T13:13:11.326844+00:00
theleaklounge,telegramchannels,channel,39,NSFW & Adults,en,41,2026-04-22T13:13:11.326848+00:00
donghuaimagespicture,telegramchannels,channel,39,NSFW & Adults,en,42,2026-04-22T13:13:11.326851+00:00
kpop003,telegramchannels,channel,39,NSFW & Adults,en,43,2026-04-22T13:13:11.326855+00:00
twerk_it,telegramchannels,channel,39,NSFW & Adults,en,44,2026-04-22T13:13:11.326858+00:00
japan_cosplay,telegramchannels,channel,39,NSFW & Adults,en,45,2026-04-22T13:13:11.326861+00:00
ftmegas,telegramchannels,channel,39,NSFW & Adults,en,46,2026-04-22T13:13:11.326864+00:00
nsfwunlimited,telegramchannels,channel,39,NSFW & Adults,en,47,2026-04-22T13:13:11.326867+00:00
sexting_messages,telegramchannels,channel,39,NSFW & Adults,en,48,2026-04-22T13:13:11.326870+00:00
feetanimeworld2,telegramchannels,channel,39,NSFW & Adults,en,49,2026-04-22T13:13:11.326873+00:00
rachelcooklife,telegramchannels,channel,39,NSFW & Adults,en,50,2026-04-22T13:13:11.326876+00:00
norafawnfans,telegramchannels,channel,39,NSFW & Adults,en,51,2026-04-22T13:13:11.326880+00:00
donghuahotpics,telegramchannels,channel,39,NSFW & Adults,en,52,2026-04-22T13:13:11.326883+00:00
brightgirls7,telegramchannels,channel,39,NSFW & Adults,en,53,2026-04-22T13:13:11.326886+00:00
kennacatx0,telegramchannels,channel,39,NSFW & Adults,en,54,2026-04-22T13:13:11.326889+00:00
faithlianneleaks,telegramchannels,channel,39,NSFW & Adults,en,55,2026-04-22T13:13:11.326893+00:00
emmakotosleaks,telegramchannels,channel,39,NSFW & Adults,en,56,2026-04-22T13:13:11.326896+00:00
thisiscloudnine,telegramchannels,channel,39,NSFW & Adults,en,57,2026-04-22T13:13:11.326899+00:00
melimtxofp,telegramchannels,channel,39,NSFW & Adults,en,58,2026-04-22T13:13:11.326902+00:00
formuziclovers,telegramchannels,channel,39,NSFW & Adults,en,59,2026-04-22T13:13:11.326905+00:00
scarlett_johanssonn,telegramchannels,channel,39,NSFW & Adults,en,60,2026-04-22T13:13:11.326908+00:00
stockings_universe,telegramchannels,channel,39,NSFW & Adults,en,61,2026-04-22T13:13:11.326911+00:00
babesdirectory,telegramchannels,channel,39,NSFW & Adults,en,62,2026-04-22T13:13:11.326914+00:00
onlyple,telegramchannels,channel,39,NSFW & Adults,en,63,2026-04-22T13:13:11.326917+00:00
mbikini,telegramchannels,channel,39,NSFW & Adults,en,64,2026-04-22T13:13:11.326920+00:00
hothairyarmpits,telegramchannels,channel,39,NSFW & Adults,en,65,2026-04-22T13:13:11.326923+00:00
jennygit,telegramchannels,channel,39,NSFW & Adults,en,66,2026-04-22T13:13:11.326927+00:00
ofvaultonly,telegramchannels,channel,39,NSFW & Adults,en,67,2026-04-22T13:13:11.326930+00:00
confess_you,telegramchannels,channel,39,NSFW & Adults,en,68,2026-04-22T13:13:11.326933+00:00
onlyfansviral2,telegramchannels,channel,39,NSFW & Adults,en,69,2026-04-22T13:13:11.326936+00:00
confidentialfeet,telegramchannels,channel,39,NSFW & Adults,en,70,2026-04-22T13:13:11.326939+00:00
fap_nation_com,telegramchannels,channel,39,NSFW & Adults,en,71,2026-04-22T13:13:11.326942+00:00
jordanherseyyof,telegramchannels,channel,39,NSFW & Adults,en,72,2026-04-22T13:13:11.326945+00:00
secretdesireupdate,telegramchannels,channel,39,NSFW & Adults,en,73,2026-04-22T13:13:11.326948+00:00
hotcelebslife,telegramchannels,channel,39,NSFW & Adults,en,74,2026-04-22T13:13:11.326951+00:00
theleakvaultbackup,telegramchannels,channel,39,NSFW & Adults,en,75,2026-04-22T13:13:11.326954+00:00
acesmassageofficial,telegramchannels,channel,39,NSFW & Adults,en,76,2026-04-22T13:13:11.326957+00:00
dailypeaches,telegramchannels,channel,39,NSFW & Adults,en,77,2026-04-22T13:13:11.326960+00:00
megadropzbackup,telegramchannels,channel,39,NSFW & Adults,en,78,2026-04-22T13:13:11.326964+00:00
lenareloaded,telegramchannels,channel,39,NSFW & Adults,en,79,2026-04-22T13:13:11.326967+00:00
megadroppremium,telegramchannels,channel,39,NSFW & Adults,en,80,2026-04-22T13:13:11.326970+00:00
rgnkn69,telegramchannels,channel,39,NSFW & Adults,en,81,2026-04-22T13:13:11.326973+00:00
bdsmdatefinder,telegramchannels,channel,39,NSFW & Adults,en,82,2026-04-22T13:13:11.326976+00:00
tiktokgirlfriends,telegramchannels,channel,39,NSFW & Adults,en,83,2026-04-22T13:13:11.326979+00:00
aasweetlove18,telegramchannels,channel,39,NSFW & Adults,en,84,2026-04-22T13:13:11.326982+00:00
sophierain_sophieraiin_fans,telegramchannels,channel,39,NSFW & Adults,en,85,2026-04-22T13:13:11.326985+00:00
wandanaraworld,telegramchannels,channel,39,NSFW & Adults,en,86,2026-04-22T13:13:11.326988+00:00
hotass18,telegramchannels,channel,39,NSFW & Adults,en,87,2026-04-22T13:13:11.326992+00:00
haremcollection,telegramchannels,channel,39,NSFW & Adults,en,88,2026-04-22T13:13:11.326995+00:00
adult_live_chat,telegramchannels,channel,39,NSFW & Adults,en,89,2026-04-22T13:13:11.326997+00:00
onlyfamofleaks,telegramchannels,channel,39,NSFW & Adults,en,90,2026-04-22T13:13:11.327000+00:00
nu4art,telegramchannels,channel,39,NSFW & Adults,en,91,2026-04-22T13:13:11.327003+00:00
boobs_onlyf,telegramchannels,channel,39,NSFW & Adults,en,92,2026-04-22T13:13:11.327006+00:00
militarygirlsnguns,telegramchannels,channel,39,NSFW & Adults,en,93,2026-04-22T13:13:11.327009+00:00
onlyfan_n,telegramchannels,channel,39,NSFW & Adults,en,94,2026-04-22T13:13:11.327013+00:00
hotasianxx,telegramchannels,channel,39,NSFW & Adults,en,95,2026-04-22T13:13:11.327016+00:00
xcamsofficial,telegramchannels,channel,39,NSFW & Adults,en,96,2026-04-22T13:13:11.327019+00:00
hot18plusmovies2020,telegramchannels,channel,39,NSFW & Adults,en,97,2026-04-22T13:13:11.327022+00:00
premiumleaks6969,telegramchannels,channel,39,NSFW & Adults,en,98,2026-04-22T13:13:11.327025+00:00
sfw_stranglefeetwater,telegramchannels,channel,39,NSFW & Adults,en,99,2026-04-22T13:13:11.327028+00:00
instahotornot,telegramchannels,channel,39,NSFW & Adults,en,100,2026-04-22T13:13:11.327031+00:00
freeonlyfanmega,telegramchannels,channel,39,NSFW & Adults,en,101,2026-04-22T13:13:11.327034+00:00
instagram_hottest,telegramchannels,channel,39,NSFW & Adults,en,102,2026-04-22T13:13:11.327037+00:00
topcamgirlsvip,telegramchannels,channel,39,NSFW & Adults,en,103,2026-04-22T13:13:11.327040+00:00
dailychannels,telegramchannels,channel,39,NSFW & Adults,en,104,2026-04-22T13:13:11.327044+00:00
true_caller,telegramchannels,channel,31,Other,en,1,2026-04-22T13:13:28.345259+00:00
majors,telegramchannels,channel,31,Other,en,2,2026-04-22T13:13:28.345266+00:00
hrumfam,telegramchannels,channel,31,Other,en,3,2026-04-22T13:13:28.345269+00:00
iamalexfalcon,telegramchannels,channel,31,Other,en,7,2026-04-22T13:13:28.345287+00:00
truecaller_z,telegramchannels,channel,31,Other,en,8,2026-04-22T13:13:28.345290+00:00
trucallerbot,telegramchannels,channel,31,Other,en,9,2026-04-22T13:13:28.345293+00:00
tsubasarivalsannounce,telegramchannels,channel,31,Other,en,10,2026-04-22T13:13:28.345296+00:00
piggybankgamechannel,telegramchannels,channel,31,Other,en,11,2026-04-22T13:13:28.345299+00:00
sigmaconnect,telegramchannels,channel,31,Other,en,12,2026-04-22T13:13:28.345302+00:00
respawn_media,telegramchannels,channel,31,Other,en,13,2026-04-22T13:13:28.345305+00:00
ngnperkraffle,telegramchannels,channel,31,Other,en,14,2026-04-22T13:13:28.345308+00:00
milkmaniawtf,telegramchannels,channel,31,Other,en,15,2026-04-22T13:13:28.345311+00:00
picardia_ecosystem,telegramchannels,channel,31,Other,en,16,2026-04-22T13:13:28.345314+00:00
ohuenko,telegramchannels,channel,31,Other,en,17,2026-04-22T13:13:28.345317+00:00
trumpjr,telegramchannels,channel,31,Other,en,18,2026-04-22T13:13:28.345320+00:00
moneycrptbunny,telegramchannels,channel,31,Other,en,19,2026-04-22T13:13:28.345323+00:00
warpplus,telegramchannels,channel,31,Other,en,20,2026-04-22T13:13:28.345326+00:00
androidthemes,telegramchannels,channel,31,Other,en,21,2026-04-22T13:13:28.345329+00:00
linwoodspeakstruth,telegramchannels,channel,31,Other,en,22,2026-04-22T13:13:28.345333+00:00
mtprotoproxies,telegramchannels,channel,31,Other,en,23,2026-04-22T13:13:28.345336+00:00
thevapelabs_channel,telegramchannels,channel,31,Other,en,24,2026-04-22T13:13:28.345339+00:00
udemycoursesfree,telegramchannels,channel,31,Other,en,25,2026-04-22T13:13:28.345342+00:00
epochtimes,telegramchannels,channel,31,Other,en,26,2026-04-22T13:13:28.345345+00:00
marrow_edition8notes,telegramchannels,channel,31,Other,en,27,2026-04-22T13:13:28.345348+00:00
themes,telegramchannels,channel,31,Other,en,28,2026-04-22T13:13:28.345351+00:00
theinnercircleetrader_smc,telegramchannels,channel,31,Other,en,29,2026-04-22T13:13:28.345354+00:00
rwmalonemd,telegramchannels,channel,31,Other,en,30,2026-04-22T13:13:28.345357+00:00
sqlspecialist,telegramchannels,channel,31,Other,en,31,2026-04-22T13:13:28.345360+00:00
phil_godlewskii,telegramchannels,channel,31,Other,en,32,2026-04-22T13:13:28.345363+00:00
gambody,telegramchannels,channel,31,Other,en,33,2026-04-22T13:13:28.345366+00:00
darkuniverse09,telegramchannels,channel,31,Other,en,34,2026-04-22T13:13:28.345369+00:00
dow_jonesus30,telegramchannels,channel,31,Other,en,35,2026-04-22T13:13:28.345372+00:00
dineshjdsouza,telegramchannels,channel,31,Other,en,36,2026-04-22T13:13:28.345375+00:00
stickerschannel,telegramchannels,channel,31,Other,en,37,2026-04-22T13:13:28.345378+00:00
todorokishouto,telegramchannels,channel,31,Other,en,38,2026-04-22T13:13:28.345381+00:00
berabeecatcher_ann,telegramchannels,channel,31,Other,en,39,2026-04-22T13:13:28.345384+00:00
realgenedecode,telegramchannels,channel,31,Other,en,40,2026-04-22T13:13:28.345387+00:00
drue86,telegramchannels,channel,31,Other,en,41,2026-04-22T13:13:28.345391+00:00
stepindex_volatility_signals,telegramchannels,channel,31,Other,en,42,2026-04-22T13:13:28.345394+00:00
sgcabcodes,telegramchannels,channel,31,Other,en,43,2026-04-22T13:13:28.345397+00:00
drjordanpeterson,telegramchannels,channel,31,Other,en,44,2026-04-22T13:13:28.345400+00:00
sgstudentpromos,telegramchannels,channel,31,Other,en,45,2026-04-22T13:13:28.345403+00:00
demacre,telegramchannels,channel,31,Other,en,46,2026-04-22T13:13:28.345406+00:00
arrashfx_goldtrader,telegramchannels,channel,31,Other,en,47,2026-04-22T13:13:28.345409+00:00
thepatriot17,telegramchannels,channel,31,Other,en,48,2026-04-22T13:13:28.345412+00:00
officialredpillnews,telegramchannels,channel,31,Other,en,49,2026-04-22T13:13:28.345415+00:00
factsfever,telegramchannels,channel,31,Other,en,50,2026-04-22T13:13:28.345418+00:00
millionairerecruitvip,telegramchannels,channel,31,Other,en,51,2026-04-22T13:13:28.345427+00:00
her_traderscircle,telegramchannels,channel,31,Other,en,52,2026-04-22T13:13:28.345431+00:00
marinejobs,telegramchannels,channel,31,Other,en,53,2026-04-22T13:13:28.345434+00:00
civilbeings,telegramchannels,channel,31,Other,en,54,2026-04-22T13:13:28.345437+00:00
juanosavin,telegramchannels,channel,31,Other,en,55,2026-04-22T13:13:28.345440+00:00
equity2commodity,telegramchannels,channel,31,Other,en,56,2026-04-22T13:13:28.345444+00:00
sgparenthings,telegramchannels,channel,31,Other,en,57,2026-04-22T13:13:28.345447+00:00
catholicsg,telegramchannels,channel,31,Other,en,58,2026-04-22T13:13:28.345450+00:00
signal_xauusd1,telegramchannels,channel,31,Other,en,59,2026-04-22T13:13:28.345453+00:00
yearprogress,telegramchannels,channel,31,Other,en,60,2026-04-22T13:13:28.345456+00:00
myheroacademia,telegramchannels,channel,31,Other,en,61,2026-04-22T13:13:28.345459+00:00
isiswatch,telegramchannels,channel,31,Other,en,62,2026-04-22T13:13:28.345462+00:00
stopca,telegramchannels,channel,31,Other,en,63,2026-04-22T13:13:28.345465+00:00
redirects,telegramchannels,channel,31,Other,en,64,2026-04-22T13:13:28.345467+00:00
smartgardening,telegramchannels,channel,31,Other,en,65,2026-04-22T13:13:28.345470+00:00
darkhorsestocks,telegramchannels,channel,31,Other,en,66,2026-04-22T13:13:28.345474+00:00
jackpottradex,telegramchannels,channel,31,Other,en,67,2026-04-22T13:13:28.345477+00:00
pubghqop,telegramchannels,channel,31,Other,en,68,2026-04-22T13:13:28.345480+00:00
vivoterra_en,telegramchannels,channel,31,Other,en,69,2026-04-22T13:13:28.345483+00:00
canadajobs2022,telegramchannels,channel,31,Other,en,70,2026-04-22T13:13:28.345486+00:00
psdly_com,telegramchannels,channel,31,Other,en,71,2026-04-22T13:13:28.345489+00:00
confessions20,telegramchannels,channel,31,Other,en,72,2026-04-22T13:13:28.345492+00:00
tradingnewsio,telegramchannels,channel,31,Other,en,73,2026-04-22T13:13:28.345495+00:00
singaporejobsparttimesg,telegramchannels,channel,31,Other,en,74,2026-04-22T13:13:28.345498+00:00
virtualnumbersforverification,telegramchannels,channel,31,Other,en,75,2026-04-22T13:13:28.345501+00:00
accidentonroad,telegramchannels,channel,31,Other,en,76,2026-04-22T13:13:28.345504+00:00
glitchndealz,telegramchannels,channel,31,Other,en,77,2026-04-22T13:13:28.345507+00:00
besttradingforexx,telegramchannels,channel,31,Other,en,78,2026-04-22T13:13:28.345510+00:00
database_datadetection,telegramchannels,channel,31,Other,en,79,2026-04-22T13:13:28.345514+00:00
web3twitton,telegramchannels,channel,31,Other,en,80,2026-04-22T13:13:28.345517+00:00
stokvektor,telegramchannels,channel,31,Other,en,81,2026-04-22T13:13:28.345519+00:00
china,telegramchannels,channel,31,Other,en,82,2026-04-22T13:13:28.345522+00:00
nbainformer,telegramchannels,channel,31,Other,en,83,2026-04-22T13:13:28.345525+00:00
mangaen,telegramchannels,channel,31,Other,en,84,2026-04-22T13:13:28.345528+00:00
punch_bizz,telegramchannels,channel,31,Other,en,85,2026-04-22T13:13:28.345531+00:00
jobs_in_qatar,telegramchannels,channel,31,Other,en,86,2026-04-22T13:13:28.345534+00:00
thetrutherist,telegramchannels,channel,31,Other,en,87,2026-04-22T13:13:28.345537+00:00
suregoldsignais,telegramchannels,channel,31,Other,en,88,2026-04-22T13:13:28.345540+00:00
z_last_ab_indicator_bot,telegramchannels,channel,31,Other,en,89,2026-04-22T13:13:28.345543+00:00
pocket_option_affiliate_program,telegramchannels,channel,31,Other,en,90,2026-04-22T13:13:28.345546+00:00
inigojones,telegramchannels,channel,31,Other,en,91,2026-04-22T13:13:28.345549+00:00
fliplux_properties,telegramchannels,channel,31,Other,en,92,2026-04-22T13:13:28.345552+00:00
woohoogifting,telegramchannels,channel,31,Other,en,93,2026-04-22T13:13:28.345555+00:00
gold_xausd_signal,telegramchannels,channel,31,Other,en,94,2026-04-22T13:13:28.345558+00:00
usaverifiedaccountsshop,telegramchannels,channel,31,Other,en,95,2026-04-22T13:13:28.345561+00:00
icopoolmiami,telegramchannels,channel,31,Other,en,96,2026-04-22T13:13:28.345564+00:00
olymptradesignalx,telegramchannels,channel,31,Other,en,97,2026-04-22T13:13:28.345567+00:00
aviation_channel_platin,telegramchannels,channel,31,Other,en,98,2026-04-22T13:13:28.345570+00:00
xauusdgoldtradingfx,telegramchannels,channel,31,Other,en,99,2026-04-22T13:13:28.345573+00:00
sampledriveupdates,telegramchannels,channel,31,Other,en,100,2026-04-22T13:13:28.345576+00:00
happypeople_club,telegramchannels,channel,31,Other,en,101,2026-04-22T13:13:28.345579+00:00
english_iptv,telegramchannels,channel,31,Other,en,102,2026-04-22T13:13:28.345582+00:00
accumarketsofficial,telegramchannels,channel,31,Other,en,103,2026-04-22T13:13:28.345585+00:00
dailychannels,telegramchannels,channel,31,Other,en,104,2026-04-22T13:13:28.345589+00:00
wallpapers,telegramchannels,channel,24,Photo,en,1,2026-04-22T13:13:44.864069+00:00
images,telegramchannels,channel,24,Photo,en,2,2026-04-22T13:13:44.864076+00:00
wallpapersarena,telegramchannels,channel,24,Photo,en,3,2026-04-22T13:13:44.864079+00:00
catoshi_coin,telegramchannels,channel,24,Photo,en,7,2026-04-22T13:13:44.864096+00:00
wallpaperselection,telegramchannels,channel,24,Photo,en,8,2026-04-22T13:13:44.864099+00:00
tridrob,telegramchannels,channel,24,Photo,en,9,2026-04-22T13:13:44.864102+00:00
national_geographic0,telegramchannels,channel,24,Photo,en,10,2026-04-22T13:13:44.864106+00:00
bestwallpapes,telegramchannels,channel,24,Photo,en,11,2026-04-22T13:13:44.864108+00:00
wallsindeep,telegramchannels,channel,24,Photo,en,12,2026-04-22T13:13:44.864111+00:00
freestls,telegramchannels,channel,24,Photo,en,13,2026-04-22T13:13:44.864114+00:00
planet_earth,telegramchannels,channel,24,Photo,en,14,2026-04-22T13:13:44.864117+00:00
theuniquewallpaper,telegramchannels,channel,24,Photo,en,15,2026-04-22T13:13:44.864119+00:00
wallspp,telegramchannels,channel,24,Photo,en,16,2026-04-22T13:13:44.864122+00:00
whitelads,telegramchannels,channel,24,Photo,en,17,2026-04-22T13:13:44.864125+00:00
ezwalls,telegramchannels,channel,24,Photo,en,18,2026-04-22T13:13:44.864128+00:00
lightroompresetpro,telegramchannels,channel,24,Photo,en,19,2026-04-22T13:13:44.864130+00:00
graffitiworld,telegramchannels,channel,24,Photo,en,20,2026-04-22T13:13:44.864133+00:00
walpapers_engine,telegramchannels,channel,24,Photo,en,21,2026-04-22T13:13:44.864136+00:00
us_new_york,telegramchannels,channel,24,Photo,en,22,2026-04-22T13:13:44.864139+00:00
hd_ultra_wallpapers,telegramchannels,channel,24,Photo,en,23,2026-04-22T13:13:44.864142+00:00
iwallpaper,telegramchannels,channel,24,Photo,en,24,2026-04-22T13:13:44.864145+00:00
allwallpaper,telegramchannels,channel,24,Photo,en,25,2026-04-22T13:13:44.864147+00:00
descarao,telegramchannels,channel,24,Photo,en,26,2026-04-22T13:13:44.864150+00:00
minimalism,telegramchannels,channel,24,Photo,en,27,2026-04-22T13:13:44.864153+00:00
blackanime,telegramchannels,channel,24,Photo,en,28,2026-04-22T13:13:44.864155+00:00
natureislit,telegramchannels,channel,24,Photo,en,29,2026-04-22T13:13:44.864158+00:00
lightroomfreepresetdownload,telegramchannels,channel,24,Photo,en,30,2026-04-22T13:13:44.864161+00:00
pfff_history,telegramchannels,channel,24,Photo,en,31,2026-04-22T13:13:44.864164+00:00
kook135,telegramchannels,channel,24,Photo,en,32,2026-04-22T13:13:44.864166+00:00
tengen,telegramchannels,channel,24,Photo,en,33,2026-04-22T13:13:44.864169+00:00
phone_4k_mobile_wallpaper_hd,telegramchannels,channel,24,Photo,en,34,2026-04-22T13:13:44.864172+00:00
animeskypics,telegramchannels,channel,24,Photo,en,35,2026-04-22T13:13:44.864175+00:00
cool_wallpaper_hub,telegramchannels,channel,24,Photo,en,36,2026-04-22T13:13:44.864177+00:00
ecchigram,telegramchannels,channel,24,Photo,en,37,2026-04-22T13:13:44.864180+00:00
travel_and_nature,telegramchannels,channel,24,Photo,en,38,2026-04-22T13:13:44.864183+00:00
waifu_paradise,telegramchannels,channel,24,Photo,en,39,2026-04-22T13:13:44.864186+00:00
yumecosplay,telegramchannels,channel,24,Photo,en,40,2026-04-22T13:13:44.864188+00:00
topmodelsworld,telegramchannels,channel,24,Photo,en,41,2026-04-22T13:13:44.864191+00:00
hd_wallpapers_mobile,telegramchannels,channel,24,Photo,en,42,2026-04-22T13:13:44.864195+00:00
naturebackup,telegramchannels,channel,24,Photo,en,43,2026-04-22T13:13:44.864198+00:00
pinterest8k,telegramchannels,channel,24,Photo,en,44,2026-04-22T13:13:44.864200+00:00
photoby_ai,telegramchannels,channel,24,Photo,en,45,2026-04-22T13:13:44.864203+00:00
top_hd_wallpapers,telegramchannels,channel,24,Photo,en,46,2026-04-22T13:13:44.864206+00:00
messywomen,telegramchannels,channel,24,Photo,en,47,2026-04-22T13:13:44.864209+00:00
chwallpaperlive,telegramchannels,channel,24,Photo,en,48,2026-04-22T13:13:44.864212+00:00
wallpaper_for_mobil,telegramchannels,channel,24,Photo,en,49,2026-04-22T13:13:44.864215+00:00
beautyistterror,telegramchannels,channel,24,Photo,en,50,2026-04-22T13:13:44.864217+00:00
wallblaze,telegramchannels,channel,24,Photo,en,51,2026-04-22T13:13:44.864220+00:00
wallpapers_fondosdepantallas,telegramchannels,channel,24,Photo,en,52,2026-04-22T13:13:44.864223+00:00
beautifulafrica,telegramchannels,channel,24,Photo,en,53,2026-04-22T13:13:44.864225+00:00
wallpaper_hd_3d_4k_8k,telegramchannels,channel,24,Photo,en,54,2026-04-22T13:13:44.864229+00:00
a_loves,telegramchannels,channel,24,Photo,en,55,2026-04-22T13:13:44.864231+00:00
weheartitanime,telegramchannels,channel,24,Photo,en,56,2026-04-22T13:13:44.864234+00:00
freelutsandpresets,telegramchannels,channel,24,Photo,en,57,2026-04-22T13:13:44.864237+00:00
wallpaperawesome,telegramchannels,channel,24,Photo,en,58,2026-04-22T13:13:44.864239+00:00
logo_and_card_designer,telegramchannels,channel,24,Photo,en,59,2026-04-22T13:13:44.864242+00:00
asc_walllpapers,telegramchannels,channel,24,Photo,en,60,2026-04-22T13:13:44.864245+00:00
crazywal,telegramchannels,channel,24,Photo,en,61,2026-04-22T13:13:44.864247+00:00
profarsx,telegramchannels,channel,24,Photo,en,62,2026-04-22T13:13:44.864250+00:00
wallpaper4allpeople,telegramchannels,channel,24,Photo,en,63,2026-04-22T13:13:44.864252+00:00
hdwallpapers_4k,telegramchannels,channel,24,Photo,en,64,2026-04-22T13:13:44.864255+00:00
animehdbackground,telegramchannels,channel,24,Photo,en,65,2026-04-22T13:13:44.864258+00:00
desktop_wallpaperr,telegramchannels,channel,24,Photo,en,66,2026-04-22T13:13:44.864261+00:00
ceylonwildlife,telegramchannels,channel,24,Photo,en,67,2026-04-22T13:13:44.864264+00:00
wonderful_globe,telegramchannels,channel,24,Photo,en,68,2026-04-22T13:13:44.864267+00:00
landscapes,telegramchannels,channel,24,Photo,en,69,2026-04-22T13:13:44.864269+00:00
touhoupics,telegramchannels,channel,24,Photo,en,70,2026-04-22T13:13:44.864272+00:00
wallpapercorner,telegramchannels,channel,24,Photo,en,71,2026-04-22T13:13:44.864274+00:00
queenswallpaper,telegramchannels,channel,24,Photo,en,72,2026-04-22T13:13:44.864277+00:00
from_the_past1,telegramchannels,channel,24,Photo,en,73,2026-04-22T13:13:44.864279+00:00
freewallxpapers,telegramchannels,channel,24,Photo,en,74,2026-04-22T13:13:44.864282+00:00
cyberanime,telegramchannels,channel,24,Photo,en,75,2026-04-22T13:13:44.864285+00:00
bollyhott,telegramchannels,channel,24,Photo,en,76,2026-04-22T13:13:44.864287+00:00
cinemapixels,telegramchannels,channel,24,Photo,en,77,2026-04-22T13:13:44.864290+00:00
wallpapersdailytm,telegramchannels,channel,24,Photo,en,78,2026-04-22T13:13:44.864293+00:00
pics252,telegramchannels,channel,24,Photo,en,79,2026-04-22T13:13:44.864296+00:00
evilarts,telegramchannels,channel,24,Photo,en,80,2026-04-22T13:13:44.864299+00:00
picpinterest,telegramchannels,channel,24,Photo,en,81,2026-04-22T13:13:44.864301+00:00
ultraprowallpapers,telegramchannels,channel,24,Photo,en,82,2026-04-22T13:13:44.864304+00:00
ultimatephotography,telegramchannels,channel,24,Photo,en,83,2026-04-22T13:13:44.864306+00:00
animeeyeshd,telegramchannels,channel,24,Photo,en,84,2026-04-22T13:13:44.864309+00:00
liminalspaceiv,telegramchannels,channel,24,Photo,en,85,2026-04-22T13:13:44.864312+00:00
phottips,telegramchannels,channel,24,Photo,en,86,2026-04-22T13:13:44.864315+00:00
marvelwallpaper_0,telegramchannels,channel,24,Photo,en,87,2026-04-22T13:13:44.864317+00:00
soleshots,telegramchannels,channel,24,Photo,en,88,2026-04-22T13:13:44.864320+00:00
animefoodhd,telegramchannels,channel,24,Photo,en,89,2026-04-22T13:13:44.864322+00:00
publizei,telegramchannels,channel,24,Photo,en,90,2026-04-22T13:13:44.864325+00:00
amazing_01,telegramchannels,channel,24,Photo,en,91,2026-04-22T13:13:44.864328+00:00
wallscapehd,telegramchannels,channel,24,Photo,en,92,2026-04-22T13:13:44.864330+00:00
starstud22,telegramchannels,channel,24,Photo,en,93,2026-04-22T13:13:44.864333+00:00
lord_cullen,telegramchannels,channel,24,Photo,en,94,2026-04-22T13:13:44.864336+00:00
jsamwalls,telegramchannels,channel,24,Photo,en,95,2026-04-22T13:13:44.864338+00:00
faaaq,telegramchannels,channel,24,Photo,en,96,2026-04-22T13:13:44.864341+00:00
black_profile_wallpaper,telegramchannels,channel,24,Photo,en,97,2026-04-22T13:13:44.864344+00:00
pinterest_brain,telegramchannels,channel,24,Photo,en,98,2026-04-22T13:13:44.864347+00:00
dane_studio,telegramchannels,channel,24,Photo,en,99,2026-04-22T13:13:44.864350+00:00
aestheticpfp,telegramchannels,channel,24,Photo,en,100,2026-04-22T13:13:44.864352+00:00
hdwallpaper_4k_moblile_wallpaper,telegramchannels,channel,24,Photo,en,101,2026-04-22T13:13:44.864355+00:00
zoe_photography,telegramchannels,channel,24,Photo,en,102,2026-04-22T13:13:44.864358+00:00
gvroshit,telegramchannels,channel,24,Photo,en,103,2026-04-22T13:13:44.864360+00:00
dailychannels,telegramchannels,channel,24,Photo,en,104,2026-04-22T13:13:44.864364+00:00
insider_usa_news,telegramchannels,channel,37,Political,en,1,2026-04-22T13:14:07.572222+00:00
insiderr_politic,telegramchannels,channel,37,Political,en,2,2026-04-22T13:14:07.572231+00:00
real_donaldjtrump,telegramchannels,channel,37,Political,en,3,2026-04-22T13:14:07.572235+00:00
trump_magacommunity,telegramchannels,channel,37,Political,en,7,2026-04-22T13:14:07.572253+00:00
project_veritas,telegramchannels,channel,37,Political,en,8,2026-04-22T13:14:07.572257+00:00
realkarlibonne,telegramchannels,channel,37,Political,en,9,2026-04-22T13:14:07.572260+00:00
ddgeopolitics,telegramchannels,channel,37,Political,en,10,2026-04-22T13:14:07.572263+00:00
jamesokeefeiii,telegramchannels,channel,37,Political,en,11,2026-04-22T13:14:07.572267+00:00
lauraabolichannel,telegramchannels,channel,37,Political,en,12,2026-04-22T13:14:07.572270+00:00
realx22report,telegramchannels,channel,37,Political,en,13,2026-04-22T13:14:07.572273+00:00
charliekirk,telegramchannels,channel,37,Political,en,14,2026-04-22T13:14:07.572276+00:00
qthestormrider777,telegramchannels,channel,37,Political,en,15,2026-04-22T13:14:07.572280+00:00
realdonaldotrumpo,telegramchannels,channel,37,Political,en,16,2026-04-22T13:14:07.572283+00:00
pepematter,telegramchannels,channel,37,Political,en,17,2026-04-22T13:14:07.572286+00:00
realgenflynn,telegramchannels,channel,37,Political,en,18,2026-04-22T13:14:07.572290+00:00
shadowofezra,telegramchannels,channel,37,Political,en,19,2026-04-22T13:14:07.572293+00:00
stewpeters,telegramchannels,channel,37,Political,en,20,2026-04-22T13:14:07.572296+00:00
trumpchannel,telegramchannels,channel,37,Political,en,21,2026-04-22T13:14:07.572299+00:00
rattletrap1776,telegramchannels,channel,37,Political,en,22,2026-04-22T13:14:07.572303+00:00
bioclandestine,telegramchannels,channel,37,Political,en,23,2026-04-22T13:14:07.572306+00:00
dirtroaddiscussion,telegramchannels,channel,37,Political,en,24,2026-04-22T13:14:07.572309+00:00
resistthemainstream,telegramchannels,channel,37,Political,en,25,2026-04-22T13:14:07.572312+00:00
santasurfing,telegramchannels,channel,37,Political,en,26,2026-04-22T13:14:07.572316+00:00
jack_posobiec,telegramchannels,channel,37,Political,en,27,2026-04-22T13:14:07.572319+00:00
vigilantfox,telegramchannels,channel,37,Political,en,28,2026-04-22T13:14:07.572322+00:00
tuckerfans,telegramchannels,channel,37,Political,en,29,2026-04-22T13:14:07.572325+00:00
richardcitizenjournalists,telegramchannels,channel,37,Political,en,30,2026-04-22T13:14:07.572328+00:00
bellumactanews,telegramchannels,channel,37,Political,en,31,2026-04-22T13:14:07.572332+00:00
dbongino,telegramchannels,channel,37,Political,en,32,2026-04-22T13:14:07.572335+00:00
sgtnewsnetwork,telegramchannels,channel,37,Political,en,33,2026-04-22T13:14:07.572339+00:00
slavyangrad,telegramchannels,channel,37,Political,en,34,2026-04-22T13:14:07.572342+00:00
rsbnetwork,telegramchannels,channel,37,Political,en,35,2026-04-22T13:14:07.572346+00:00
captkylepatriots,telegramchannels,channel,37,Political,en,36,2026-04-22T13:14:07.572349+00:00
jfk_q17,telegramchannels,channel,37,Political,en,37,2026-04-22T13:14:07.572352+00:00
intelrepublic,telegramchannels,channel,37,Political,en,38,2026-04-22T13:14:07.572355+00:00
fearlessreport,telegramchannels,channel,37,Political,en,39,2026-04-22T13:14:07.572359+00:00
cruel_historyy,telegramchannels,channel,37,Political,en,40,2026-04-22T13:14:07.572362+00:00
candlesinthenight,telegramchannels,channel,37,Political,en,41,2026-04-22T13:14:07.572365+00:00
danscavinoforce,telegramchannels,channel,37,Political,en,42,2026-04-22T13:14:07.572369+00:00
hatstruth,telegramchannels,channel,37,Political,en,43,2026-04-22T13:14:07.572372+00:00
andweknowlt,telegramchannels,channel,37,Political,en,44,2026-04-22T13:14:07.572375+00:00
reinerfuellmichenglish,telegramchannels,channel,37,Political,en,45,2026-04-22T13:14:07.572379+00:00
scottritter,telegramchannels,channel,37,Political,en,46,2026-04-22T13:14:07.572382+00:00
qnewsofficialtv,telegramchannels,channel,37,Political,en,47,2026-04-22T13:14:07.572385+00:00
michaeljlindell,telegramchannels,channel,37,Political,en,48,2026-04-22T13:14:07.572388+00:00
gitmotv,telegramchannels,channel,37,Political,en,49,2026-04-22T13:14:07.572391+00:00
followsthewhiterabbit,telegramchannels,channel,37,Political,en,50,2026-04-22T13:14:07.572394+00:00
amgnews2022,telegramchannels,channel,37,Political,en,51,2026-04-22T13:14:07.572398+00:00
worlddoctorsalliance,telegramchannels,channel,37,Political,en,52,2026-04-22T13:14:07.572401+00:00
jameswoodsfans,telegramchannels,channel,37,Political,en,53,2026-04-22T13:14:07.572404+00:00
projectcamelotkerry,telegramchannels,channel,37,Political,en,54,2026-04-22T13:14:07.572408+00:00
stormypatriotjoe21,telegramchannels,channel,37,Political,en,55,2026-04-22T13:14:07.572411+00:00
patriotstreetfighter,telegramchannels,channel,37,Political,en,56,2026-04-22T13:14:07.572414+00:00
electionhq2024,telegramchannels,channel,37,Political,en,57,2026-04-22T13:14:07.572418+00:00
police_frequency,telegramchannels,channel,37,Political,en,58,2026-04-22T13:14:07.572429+00:00
newsmaxtv,telegramchannels,channel,37,Political,en,59,2026-04-22T13:14:07.572435+00:00
robinmg,telegramchannels,channel,37,Political,en,60,2026-04-22T13:14:07.572439+00:00
bennyjohnson,telegramchannels,channel,37,Political,en,61,2026-04-22T13:14:07.572444+00:00
thetrumpist,telegramchannels,channel,37,Political,en,62,2026-04-22T13:14:07.572449+00:00
realmarjoriegreene,telegramchannels,channel,37,Political,en,63,2026-04-22T13:14:07.572454+00:00
princessdiana_q,telegramchannels,channel,37,Political,en,64,2026-04-22T13:14:07.572459+00:00
lizcrokinreport,telegramchannels,channel,37,Political,en,65,2026-04-22T13:14:07.572464+00:00
qanon_storm_incoming,telegramchannels,channel,37,Political,en,66,2026-04-22T13:14:07.572469+00:00
donaldtrumpoffice,telegramchannels,channel,37,Political,en,67,2026-04-22T13:14:07.572474+00:00
conservativebrief,telegramchannels,channel,37,Political,en,68,2026-04-22T13:14:07.572478+00:00
benshapirogang,telegramchannels,channel,37,Political,en,69,2026-04-22T13:14:07.572483+00:00
pepedeluxed,telegramchannels,channel,37,Political,en,70,2026-04-22T13:14:07.572488+00:00
ntdnews,telegramchannels,channel,37,Political,en,71,2026-04-22T13:14:07.572492+00:00
bannonwarroom,telegramchannels,channel,37,Political,en,72,2026-04-22T13:14:07.572497+00:00
zeeemedia,telegramchannels,channel,37,Political,en,73,2026-04-22T13:14:07.572502+00:00
hsretoucher17,telegramchannels,channel,37,Political,en,74,2026-04-22T13:14:07.572507+00:00
westernjournal,telegramchannels,channel,37,Political,en,75,2026-04-22T13:14:07.572512+00:00
truegreatawakening,telegramchannels,channel,37,Political,en,76,2026-04-22T13:14:07.572517+00:00
techno_fog,telegramchannels,channel,37,Political,en,77,2026-04-22T13:14:07.572522+00:00
liltalkshow,telegramchannels,channel,37,Political,en,78,2026-04-22T13:14:07.572527+00:00
aljazeeraenglishnews,telegramchannels,channel,37,Political,en,79,2026-04-22T13:14:07.572532+00:00
theprofessorsrecord,telegramchannels,channel,37,Political,en,80,2026-04-22T13:14:07.572537+00:00
thedurancom,telegramchannels,channel,37,Political,en,81,2026-04-22T13:14:07.572542+00:00
drdavidmartin,telegramchannels,channel,37,Political,en,82,2026-04-22T13:14:07.572546+00:00
whitehatsq,telegramchannels,channel,37,Political,en,83,2026-04-22T13:14:07.572551+00:00
tpusa,telegramchannels,channel,37,Political,en,84,2026-04-22T13:14:07.572556+00:00
therealkimshady7,telegramchannels,channel,37,Political,en,85,2026-04-22T13:14:07.572561+00:00
wendyrogersaz,telegramchannels,channel,37,Political,en,86,2026-04-22T13:14:07.572566+00:00
jordansather,telegramchannels,channel,37,Political,en,87,2026-04-22T13:14:07.572569+00:00
americanspectator,telegramchannels,channel,37,Political,en,88,2026-04-22T13:14:07.572573+00:00
patrickmbyrne,telegramchannels,channel,37,Political,en,89,2026-04-22T13:14:07.572576+00:00
pearfeed,telegramchannels,channel,37,Political,en,90,2026-04-22T13:14:07.572579+00:00
drchristianenorthrup,telegramchannels,channel,37,Political,en,91,2026-04-22T13:14:07.572582+00:00
markrlevin,telegramchannels,channel,37,Political,en,92,2026-04-22T13:14:07.572585+00:00
davidickeofficial,telegramchannels,channel,37,Political,en,93,2026-04-22T13:14:07.572588+00:00
realdailywire,telegramchannels,channel,37,Political,en,94,2026-04-22T13:14:07.572592+00:00
petermccullough,telegramchannels,channel,37,Political,en,95,2026-04-22T13:14:07.572595+00:00
pjwnews,telegramchannels,channel,37,Political,en,96,2026-04-22T13:14:07.572598+00:00
mrn_death,telegramchannels,channel,37,Political,en,97,2026-04-22T13:14:07.572601+00:00
worldwidedemonstration,telegramchannels,channel,37,Political,en,98,2026-04-22T13:14:07.572604+00:00
mr_pool_7221,telegramchannels,channel,37,Political,en,99,2026-04-22T13:14:07.572607+00:00
craigkelly,telegramchannels,channel,37,Political,en,100,2026-04-22T13:14:07.572610+00:00
greatawakeningworld,telegramchannels,channel,37,Political,en,101,2026-04-22T13:14:07.572613+00:00
theyorkshirelassnews,telegramchannels,channel,37,Political,en,102,2026-04-22T13:14:07.572617+00:00
the_block_crypto,telegramchannels,channel,37,Political,en,103,2026-04-22T13:14:07.572620+00:00
dailychannels,telegramchannels,channel,37,Political,en,104,2026-04-22T13:14:07.572625+00:00
opendatascience,telegramchannels,channel,25,Science,en,1,2026-04-22T13:14:23.099137+00:00
science,telegramchannels,channel,25,Science,en,2,2026-04-22T13:14:23.099145+00:00
worldmath,telegramchannels,channel,25,Science,en,3,2026-04-22T13:14:23.099148+00:00
everythingscience,telegramchannels,channel,25,Science,en,7,2026-04-22T13:14:23.099166+00:00
laws_of_human_nature,telegramchannels,channel,25,Science,en,8,2026-04-22T13:14:23.099169+00:00
crynet,telegramchannels,channel,25,Science,en,9,2026-04-22T13:14:23.099172+00:00
space_english,telegramchannels,channel,25,Science,en,10,2026-04-22T13:14:23.099175+00:00
thewonderofspace,telegramchannels,channel,25,Science,en,11,2026-04-22T13:14:23.099178+00:00
amboss_medical_news,telegramchannels,channel,25,Science,en,12,2026-04-22T13:14:23.099181+00:00
apodchannel,telegramchannels,channel,25,Science,en,13,2026-04-22T13:14:23.099184+00:00
science_cha,telegramchannels,channel,25,Science,en,14,2026-04-22T13:14:23.099187+00:00
enterprise_uss,telegramchannels,channel,25,Science,en,15,2026-04-22T13:14:23.099190+00:00
the_secrets_of_the_universe,telegramchannels,channel,25,Science,en,16,2026-04-22T13:14:23.099194+00:00
physics91172,telegramchannels,channel,25,Science,en,17,2026-04-22T13:14:23.099197+00:00
neuroscience_articles,telegramchannels,channel,25,Science,en,18,2026-04-22T13:14:23.099200+00:00
nasa_daily_images,telegramchannels,channel,25,Science,en,19,2026-04-22T13:14:23.099204+00:00
astronexus,telegramchannels,channel,25,Science,en,20,2026-04-22T13:14:23.099207+00:00
universe_and_science,telegramchannels,channel,25,Science,en,21,2026-04-22T13:14:23.099210+00:00
the_unseen_world,telegramchannels,channel,25,Science,en,22,2026-04-22T13:14:23.099213+00:00
rermedapps,telegramchannels,channel,25,Science,en,23,2026-04-22T13:14:23.099216+00:00
ethiocosmos,telegramchannels,channel,25,Science,en,24,2026-04-22T13:14:23.099219+00:00
astrologysuper,telegramchannels,channel,25,Science,en,25,2026-04-22T13:14:23.099222+00:00
sci_news,telegramchannels,channel,25,Science,en,26,2026-04-22T13:14:23.099225+00:00
lookingtothefuture,telegramchannels,channel,25,Science,en,27,2026-04-22T13:14:23.099228+00:00
zero_anthropology,telegramchannels,channel,25,Science,en,28,2026-04-22T13:14:23.099231+00:00
madeforgeeks,telegramchannels,channel,25,Science,en,29,2026-04-22T13:14:23.099234+00:00
webtrafficgura,telegramchannels,channel,25,Science,en,30,2026-04-22T13:14:23.099237+00:00
plantpathology0,telegramchannels,channel,25,Science,en,31,2026-04-22T13:14:23.099240+00:00
factstelegramchannels,telegramchannels,channel,25,Science,en,32,2026-04-22T13:14:23.099243+00:00
dailydosespace,telegramchannels,channel,25,Science,en,33,2026-04-22T13:14:23.099246+00:00
skyevents,telegramchannels,channel,25,Science,en,34,2026-04-22T13:14:23.099249+00:00
itisfascinating,telegramchannels,channel,25,Science,en,35,2026-04-22T13:14:23.099251+00:00
spacenews3,telegramchannels,channel,25,Science,en,36,2026-04-22T13:14:23.099255+00:00
neurosciencepbn,telegramchannels,channel,25,Science,en,37,2026-04-22T13:14:23.099258+00:00
oa_mg,telegramchannels,channel,25,Science,en,38,2026-04-22T13:14:23.099261+00:00
dailychannels,telegramchannels,channel,25,Science,en,39,2026-04-22T13:14:23.099265+00:00
sad_quotes_thoughts,telegramchannels,channel,26,Self Development,en,1,2026-04-22T13:14:41.335552+00:00
tatespeech,telegramchannels,channel,26,Self Development,en,2,2026-04-22T13:14:41.335560+00:00
quote,telegramchannels,channel,26,Self Development,en,3,2026-04-22T13:14:41.335564+00:00
tatescholar,telegramchannels,channel,26,Self Development,en,7,2026-04-22T13:14:41.335582+00:00
therealworldag,telegramchannels,channel,26,Self Development,en,8,2026-04-22T13:14:41.335585+00:00
andrewtatefree,telegramchannels,channel,26,Self Development,en,9,2026-04-22T13:14:41.335588+00:00
inspiringimages,telegramchannels,channel,26,Self Development,en,10,2026-04-22T13:14:41.335591+00:00
quotery,telegramchannels,channel,26,Self Development,en,11,2026-04-22T13:14:41.335594+00:00
dailymotivations,telegramchannels,channel,26,Self Development,en,12,2026-04-22T13:14:41.335597+00:00
motive,telegramchannels,channel,26,Self Development,en,13,2026-04-22T13:14:41.335600+00:00
bibleverses,telegramchannels,channel,26,Self Development,en,14,2026-04-22T13:14:41.335603+00:00
inspiringthoughts,telegramchannels,channel,26,Self Development,en,15,2026-04-22T13:14:41.335605+00:00
andrewtate,telegramchannels,channel,26,Self Development,en,16,2026-04-22T13:14:41.335609+00:00
wordporn,telegramchannels,channel,26,Self Development,en,17,2026-04-22T13:14:41.335611+00:00
wisdomelites,telegramchannels,channel,26,Self Development,en,18,2026-04-22T13:14:41.335614+00:00
biztip101,telegramchannels,channel,26,Self Development,en,19,2026-04-22T13:14:41.335618+00:00
ted_talks,telegramchannels,channel,26,Self Development,en,20,2026-04-22T13:14:41.335621+00:00
smincrafts,telegramchannels,channel,26,Self Development,en,21,2026-04-22T13:14:41.335624+00:00
feedbrain,telegramchannels,channel,26,Self Development,en,22,2026-04-22T13:14:41.335626+00:00
inspirely,telegramchannels,channel,26,Self Development,en,23,2026-04-22T13:14:41.335629+00:00
moneybashers,telegramchannels,channel,26,Self Development,en,24,2026-04-22T13:14:41.335632+00:00
spiritualbooks,telegramchannels,channel,26,Self Development,en,25,2026-04-22T13:14:41.335635+00:00
uquotes,telegramchannels,channel,26,Self Development,en,26,2026-04-22T13:14:41.335639+00:00
tatesuniverse,telegramchannels,channel,26,Self Development,en,27,2026-04-22T13:14:41.335642+00:00
happywomeneu,telegramchannels,channel,26,Self Development,en,28,2026-04-22T13:14:41.335645+00:00
insidedeepquote,telegramchannels,channel,26,Self Development,en,29,2026-04-22T13:14:41.335649+00:00
successwork,telegramchannels,channel,26,Self Development,en,30,2026-04-22T13:14:41.335652+00:00
wayofpsychology,telegramchannels,channel,26,Self Development,en,31,2026-04-22T13:14:41.335654+00:00
embroideryfreedesign,telegramchannels,channel,26,Self Development,en,32,2026-04-22T13:14:41.335657+00:00
dreamersvsachievers,telegramchannels,channel,26,Self Development,en,33,2026-04-22T13:14:41.335661+00:00
supremeguide,telegramchannels,channel,26,Self Development,en,34,2026-04-22T13:14:41.335664+00:00
gentlewomensayings,telegramchannels,channel,26,Self Development,en,35,2026-04-22T13:14:41.335667+00:00
europeantribalism,telegramchannels,channel,26,Self Development,en,36,2026-04-22T13:14:41.335670+00:00
gaur_gopal_das_prabhu,telegramchannels,channel,26,Self Development,en,37,2026-04-22T13:14:41.335673+00:00
noblelessons,telegramchannels,channel,26,Self Development,en,38,2026-04-22T13:14:41.335676+00:00
inspiring_thoughts_every_day,telegramchannels,channel,26,Self Development,en,39,2026-04-22T13:14:41.335679+00:00
ironmindlegacy,telegramchannels,channel,26,Self Development,en,40,2026-04-22T13:14:41.335682+00:00
motivational_vibes,telegramchannels,channel,26,Self Development,en,41,2026-04-22T13:14:41.335686+00:00
leadershipquotes,telegramchannels,channel,26,Self Development,en,42,2026-04-22T13:14:41.335689+00:00
mindmasterypro,telegramchannels,channel,26,Self Development,en,43,2026-04-22T13:14:41.335692+00:00
talks,telegramchannels,channel,26,Self Development,en,44,2026-04-22T13:14:41.335695+00:00
dylife_ch,telegramchannels,channel,26,Self Development,en,45,2026-04-22T13:14:41.335698+00:00
motivationalwork,telegramchannels,channel,26,Self Development,en,46,2026-04-22T13:14:41.335701+00:00
quotes_motivational,telegramchannels,channel,26,Self Development,en,47,2026-04-22T13:14:41.335704+00:00
spritualmotivation,telegramchannels,channel,26,Self Development,en,48,2026-04-22T13:14:41.335707+00:00
friendsoftruth,telegramchannels,channel,26,Self Development,en,49,2026-04-22T13:14:41.335709+00:00
thelonghouse,telegramchannels,channel,26,Self Development,en,50,2026-04-22T13:14:41.335712+00:00
powerwords,telegramchannels,channel,26,Self Development,en,51,2026-04-22T13:14:41.335715+00:00
hustlersuniversity_40,telegramchannels,channel,26,Self Development,en,52,2026-04-22T13:14:41.335718+00:00
talktolife,telegramchannels,channel,26,Self Development,en,53,2026-04-22T13:14:41.335721+00:00
acts17apologetics,telegramchannels,channel,26,Self Development,en,54,2026-04-22T13:14:41.335724+00:00
marketing_and_personality,telegramchannels,channel,26,Self Development,en,55,2026-04-22T13:14:41.335727+00:00
d_a_lifestyle,telegramchannels,channel,26,Self Development,en,56,2026-04-22T13:14:41.335730+00:00
keepinspired,telegramchannels,channel,26,Self Development,en,57,2026-04-22T13:14:41.335733+00:00
medicalmotivations,telegramchannels,channel,26,Self Development,en,58,2026-04-22T13:14:41.335736+00:00
nightfactss,telegramchannels,channel,26,Self Development,en,59,2026-04-22T13:14:41.335739+00:00
you_pfff,telegramchannels,channel,26,Self Development,en,60,2026-04-22T13:14:41.335742+00:00
ahimsafeed,telegramchannels,channel,26,Self Development,en,61,2026-04-22T13:14:41.335745+00:00
quotes_literature,telegramchannels,channel,26,Self Development,en,62,2026-04-22T13:14:41.335748+00:00
adhd_tip,telegramchannels,channel,26,Self Development,en,63,2026-04-22T13:14:41.335751+00:00
motivationalpath,telegramchannels,channel,26,Self Development,en,64,2026-04-22T13:14:41.335754+00:00
spiritualleague,telegramchannels,channel,26,Self Development,en,65,2026-04-22T13:14:41.335757+00:00
selfinquirer,telegramchannels,channel,26,Self Development,en,66,2026-04-22T13:14:41.335760+00:00
englishinspirationalquotes,telegramchannels,channel,26,Self Development,en,67,2026-04-22T13:14:41.335763+00:00
fayozt,telegramchannels,channel,26,Self Development,en,68,2026-04-22T13:14:41.335766+00:00
motquotes,telegramchannels,channel,26,Self Development,en,69,2026-04-22T13:14:41.335769+00:00
mensinspirationalquotes,telegramchannels,channel,26,Self Development,en,70,2026-04-22T13:14:41.335772+00:00
taotehching,telegramchannels,channel,26,Self Development,en,71,2026-04-22T13:14:41.335775+00:00
infoshar,telegramchannels,channel,26,Self Development,en,72,2026-04-22T13:14:41.335778+00:00
forabettermeandyou,telegramchannels,channel,26,Self Development,en,73,2026-04-22T13:14:41.335780+00:00
podcastbygoogle,telegramchannels,channel,26,Self Development,en,74,2026-04-22T13:14:41.335783+00:00
globalinspiration,telegramchannels,channel,26,Self Development,en,75,2026-04-22T13:14:41.335786+00:00
dailyteachingssecret,telegramchannels,channel,26,Self Development,en,76,2026-04-22T13:14:41.335789+00:00
fearlesstribe,telegramchannels,channel,26,Self Development,en,77,2026-04-22T13:14:41.335792+00:00
womensinspirationalquotes,telegramchannels,channel,26,Self Development,en,78,2026-04-22T13:14:41.335795+00:00
attracttheimpossible,telegramchannels,channel,26,Self Development,en,79,2026-04-22T13:14:41.335798+00:00
cobratatemotivation,telegramchannels,channel,26,Self Development,en,80,2026-04-22T13:14:41.335801+00:00
massivemotivation,telegramchannels,channel,26,Self Development,en,81,2026-04-22T13:14:41.335804+00:00
motivated_im,telegramchannels,channel,26,Self Development,en,82,2026-04-22T13:14:41.335807+00:00
self_awareness5d,telegramchannels,channel,26,Self Development,en,83,2026-04-22T13:14:41.335810+00:00
tmgmeditations,telegramchannels,channel,26,Self Development,en,84,2026-04-22T13:14:41.335812+00:00
influitiv,telegramchannels,channel,26,Self Development,en,85,2026-04-22T13:14:41.335815+00:00
divspark,telegramchannels,channel,26,Self Development,en,86,2026-04-22T13:14:41.335818+00:00
core_spirit,telegramchannels,channel,26,Self Development,en,87,2026-04-22T13:14:41.335820+00:00
motivationalquotes2121,telegramchannels,channel,26,Self Development,en,88,2026-04-22T13:14:41.335823+00:00
awkn20,telegramchannels,channel,26,Self Development,en,89,2026-04-22T13:14:41.335826+00:00
masterymode,telegramchannels,channel,26,Self Development,en,90,2026-04-22T13:14:41.335829+00:00
introvert_af,telegramchannels,channel,26,Self Development,en,91,2026-04-22T13:14:41.335832+00:00
gnomicmagazine,telegramchannels,channel,26,Self Development,en,92,2026-04-22T13:14:41.335835+00:00
mindsettransformationafrica,telegramchannels,channel,26,Self Development,en,93,2026-04-22T13:14:41.335838+00:00
motivationaltip,telegramchannels,channel,26,Self Development,en,94,2026-04-22T13:14:41.335841+00:00
ayarandifreke,telegramchannels,channel,26,Self Development,en,95,2026-04-22T13:14:41.335844+00:00
the_tolstoy_farm,telegramchannels,channel,26,Self Development,en,96,2026-04-22T13:14:41.335847+00:00
mancraftbase,telegramchannels,channel,26,Self Development,en,97,2026-04-22T13:14:41.335850+00:00
bridgetosuccesspb,telegramchannels,channel,26,Self Development,en,98,2026-04-22T13:14:41.335852+00:00
intense_motivations,telegramchannels,channel,26,Self Development,en,99,2026-04-22T13:14:41.335855+00:00
sprayzetotheworld,telegramchannels,channel,26,Self Development,en,100,2026-04-22T13:14:41.335858+00:00
dailychannels,telegramchannels,channel,26,Self Development,en,101,2026-04-22T13:14:41.335862+00:00
cosplaystaticfigure,telegramchannels,channel,32,Shop,en,1,2026-04-22T13:15:10.076777+00:00
thefreebieguy,telegramchannels,channel,32,Shop,en,2,2026-04-22T13:15:10.076785+00:00
mamadeals1,telegramchannels,channel,32,Shop,en,3,2026-04-22T13:15:10.076788+00:00
couponwithkayla,telegramchannels,channel,32,Shop,en,7,2026-04-22T13:15:10.076807+00:00
citycouponmom,telegramchannels,channel,32,Shop,en,8,2026-04-22T13:15:10.076810+00:00
forhomestl,telegramchannels,channel,32,Shop,en,9,2026-04-22T13:15:10.076813+00:00
starwarsstl,telegramchannels,channel,32,Shop,en,10,2026-04-22T13:15:10.076816+00:00
hoobuyfinds5,telegramchannels,channel,32,Shop,en,11,2026-04-22T13:15:10.076819+00:00
pokemonstl,telegramchannels,channel,32,Shop,en,12,2026-04-22T13:15:10.076823+00:00
dcstl,telegramchannels,channel,32,Shop,en,13,2026-04-22T13:15:10.076825+00:00
funkostl,telegramchannels,channel,32,Shop,en,14,2026-04-22T13:15:10.076828+00:00
automotivestl,telegramchannels,channel,32,Shop,en,15,2026-04-22T13:15:10.076832+00:00
animalstl,telegramchannels,channel,32,Shop,en,16,2026-04-22T13:15:10.076834+00:00
sgcheapo,telegramchannels,channel,32,Shop,en,17,2026-04-22T13:15:10.076837+00:00
savewithfelix,telegramchannels,channel,32,Shop,en,18,2026-04-22T13:15:10.076840+00:00
mulebuyfind,telegramchannels,channel,32,Shop,en,19,2026-04-22T13:15:10.076843+00:00
oopbuy,telegramchannels,channel,32,Shop,en,20,2026-04-22T13:15:10.076846+00:00
voleking,telegramchannels,channel,32,Shop,en,21,2026-04-22T13:15:10.076849+00:00
sgpassiondeals,telegramchannels,channel,32,Shop,en,22,2026-04-22T13:15:10.076852+00:00
discount247,telegramchannels,channel,32,Shop,en,23,2026-04-22T13:15:10.076856+00:00
repcn,telegramchannels,channel,32,Shop,en,24,2026-04-22T13:15:10.076859+00:00
sktechhub,telegramchannels,channel,32,Shop,en,25,2026-04-22T13:15:10.076861+00:00
bestalibuys,telegramchannels,channel,32,Shop,en,26,2026-04-22T13:15:10.076864+00:00
sniperdeals,telegramchannels,channel,32,Shop,en,27,2026-04-22T13:15:10.076867+00:00
aexplorer,telegramchannels,channel,32,Shop,en,28,2026-04-22T13:15:10.076870+00:00
storeplus99,telegramchannels,channel,32,Shop,en,29,2026-04-22T13:15:10.076873+00:00
couponsfromchinacom,telegramchannels,channel,32,Shop,en,30,2026-04-22T13:15:10.076876+00:00
dress_and_more,telegramchannels,channel,32,Shop,en,31,2026-04-22T13:15:10.076879+00:00
dhgatevip,telegramchannels,channel,32,Shop,en,32,2026-04-22T13:15:10.076882+00:00
loadsofcodes,telegramchannels,channel,32,Shop,en,33,2026-04-22T13:15:10.076885+00:00
missdiamond2,telegramchannels,channel,32,Shop,en,34,2026-04-22T13:15:10.076888+00:00
renapparel,telegramchannels,channel,32,Shop,en,35,2026-04-22T13:15:10.076891+00:00
designer_clothing_replica_aaa,telegramchannels,channel,32,Shop,en,36,2026-04-22T13:15:10.076895+00:00
replicaproductsforsale,telegramchannels,channel,32,Shop,en,37,2026-04-22T13:15:10.076898+00:00
dealsunlimitedusa,telegramchannels,channel,32,Shop,en,38,2026-04-22T13:15:10.076901+00:00
minmaxdeals_offers,telegramchannels,channel,32,Shop,en,39,2026-04-22T13:15:10.076904+00:00
villainsloved,telegramchannels,channel,32,Shop,en,40,2026-04-22T13:15:10.076907+00:00
firstcopy1,telegramchannels,channel,32,Shop,en,41,2026-04-22T13:15:10.076910+00:00
igetvapesshop1,telegramchannels,channel,32,Shop,en,42,2026-04-22T13:15:10.076913+00:00
bagsshoesbeltswholesale,telegramchannels,channel,32,Shop,en,43,2026-04-22T13:15:10.076916+00:00
froggyxcloset,telegramchannels,channel,32,Shop,en,44,2026-04-22T13:15:10.076919+00:00
aliexplorer,telegramchannels,channel,32,Shop,en,45,2026-04-22T13:15:10.076922+00:00
alliexpresshidenlink,telegramchannels,channel,32,Shop,en,46,2026-04-22T13:15:10.076925+00:00
alicouponsdeals,telegramchannels,channel,32,Shop,en,47,2026-04-22T13:15:10.076928+00:00
aliexpressflashdeal,telegramchannels,channel,32,Shop,en,48,2026-04-22T13:15:10.076931+00:00
sneakerhit,telegramchannels,channel,32,Shop,en,49,2026-04-22T13:15:10.076934+00:00
loot_deals_channel,telegramchannels,channel,32,Shop,en,50,2026-04-22T13:15:10.076937+00:00
giftcard_cn,telegramchannels,channel,32,Shop,en,51,2026-04-22T13:15:10.076940+00:00
bestaliexpressbuys,telegramchannels,channel,32,Shop,en,52,2026-04-22T13:15:10.076944+00:00
elleystele,telegramchannels,channel,32,Shop,en,53,2026-04-22T13:15:10.076947+00:00
aliexpress_deals_max,telegramchannels,channel,32,Shop,en,54,2026-04-22T13:15:10.076951+00:00
allimstore,telegramchannels,channel,32,Shop,en,55,2026-04-22T13:15:10.076954+00:00
designer_outlet_uk_stock,telegramchannels,channel,32,Shop,en,56,2026-04-22T13:15:10.076957+00:00
applebrands33,telegramchannels,channel,32,Shop,en,57,2026-04-22T13:15:10.076960+00:00
bestdhg8finds,telegramchannels,channel,32,Shop,en,58,2026-04-22T13:15:10.076963+00:00
aliexpresslinkshidden,telegramchannels,channel,32,Shop,en,59,2026-04-22T13:15:10.076966+00:00
gizcoupon,telegramchannels,channel,32,Shop,en,60,2026-04-22T13:15:10.076969+00:00
aliexpresmoto,telegramchannels,channel,32,Shop,en,61,2026-04-22T13:15:10.076972+00:00
freeukdeals,telegramchannels,channel,32,Shop,en,62,2026-04-22T13:15:10.076974+00:00
pinpaibaobao_19001,telegramchannels,channel,32,Shop,en,63,2026-04-22T13:15:10.076977+00:00
kyctiktok_amazon_ebay_etsy_alias,telegramchannels,channel,32,Shop,en,64,2026-04-22T13:15:10.076981+00:00
stellaholi,telegramchannels,channel,32,Shop,en,65,2026-04-22T13:15:10.076983+00:00
prostozchin,telegramchannels,channel,32,Shop,en,66,2026-04-22T13:15:10.076986+00:00
socialmediaonline,telegramchannels,channel,32,Shop,en,67,2026-04-22T13:15:10.076989+00:00
big_cardmoney,telegramchannels,channel,32,Shop,en,68,2026-04-22T13:15:10.076992+00:00
watchesreplica,telegramchannels,channel,32,Shop,en,69,2026-04-22T13:15:10.076995+00:00
duckiesdump,telegramchannels,channel,32,Shop,en,70,2026-04-22T13:15:10.076998+00:00
grand_cart,telegramchannels,channel,32,Shop,en,71,2026-04-22T13:15:10.077001+00:00
legoue,telegramchannels,channel,32,Shop,en,72,2026-04-22T13:15:10.077003+00:00
myexloves,telegramchannels,channel,32,Shop,en,73,2026-04-22T13:15:10.077006+00:00
dssecretcloset,telegramchannels,channel,32,Shop,en,74,2026-04-22T13:15:10.077009+00:00
lidercomputertradingl,telegramchannels,channel,32,Shop,en,75,2026-04-22T13:15:10.077012+00:00
scloset,telegramchannels,channel,32,Shop,en,76,2026-04-22T13:15:10.077015+00:00
markluxury1,telegramchannels,channel,32,Shop,en,77,2026-04-22T13:15:10.077018+00:00
aliexpresshiddenlinks12,telegramchannels,channel,32,Shop,en,78,2026-04-22T13:15:10.077022+00:00
primestep,telegramchannels,channel,32,Shop,en,79,2026-04-22T13:15:10.077024+00:00
tde_electronicsdeals,telegramchannels,channel,32,Shop,en,80,2026-04-22T13:15:10.077027+00:00
prelovedwifus,telegramchannels,channel,32,Shop,en,81,2026-04-22T13:15:10.077030+00:00
fiftypercent,telegramchannels,channel,32,Shop,en,82,2026-04-22T13:15:10.077033+00:00
wholesalewatches1103,telegramchannels,channel,32,Shop,en,83,2026-04-22T13:15:10.077037+00:00
fulldeal,telegramchannels,channel,32,Shop,en,84,2026-04-22T13:15:10.077039+00:00
mobileaccessories007,telegramchannels,channel,32,Shop,en,85,2026-04-22T13:15:10.077042+00:00
amazon_fire_deals,telegramchannels,channel,32,Shop,en,86,2026-04-22T13:15:10.077045+00:00
discount3d,telegramchannels,channel,32,Shop,en,87,2026-04-22T13:15:10.077048+00:00
bluedeals,telegramchannels,channel,32,Shop,en,88,2026-04-22T13:15:10.077051+00:00
leousaandcanada,telegramchannels,channel,32,Shop,en,89,2026-04-22T13:15:10.077054+00:00
promocoes_amazon_esp,telegramchannels,channel,32,Shop,en,90,2026-04-22T13:15:10.077057+00:00
ukpremiumdeals,telegramchannels,channel,32,Shop,en,91,2026-04-22T13:15:10.077059+00:00
onlinedeals,telegramchannels,channel,32,Shop,en,92,2026-04-22T13:15:10.077062+00:00
alimstores,telegramchannels,channel,32,Shop,en,93,2026-04-22T13:15:10.077065+00:00
discount_gift_cards,telegramchannels,channel,32,Shop,en,94,2026-04-22T13:15:10.077068+00:00
affiliatedmarketingkeep,telegramchannels,channel,32,Shop,en,95,2026-04-22T13:15:10.077071+00:00
shemetaexpress,telegramchannels,channel,32,Shop,en,96,2026-04-22T13:15:10.077074+00:00
opcoupon,telegramchannels,channel,32,Shop,en,97,2026-04-22T13:15:10.077077+00:00
rcdealsandoffers,telegramchannels,channel,32,Shop,en,98,2026-04-22T13:15:10.077079+00:00
best_online_shopping_dealss,telegramchannels,channel,32,Shop,en,99,2026-04-22T13:15:10.077083+00:00
thegearbest,telegramchannels,channel,32,Shop,en,100,2026-04-22T13:15:10.077085+00:00
dealagram,telegramchannels,channel,32,Shop,en,101,2026-04-22T13:15:10.077088+00:00
ali_bargain,telegramchannels,channel,32,Shop,en,102,2026-04-22T13:15:10.077091+00:00
ishururu,telegramchannels,channel,32,Shop,en,103,2026-04-22T13:15:10.077093+00:00
dailychannels,telegramchannels,channel,32,Shop,en,104,2026-04-22T13:15:10.077098+00:00
football_nigeria,telegramchannels,channel,27,Sports & Fitness,en,1,2026-04-22T13:15:39.557823+00:00
sport_hub_football,telegramchannels,channel,27,Sports & Fitness,en,2,2026-04-22T13:15:39.557832+00:00
be_the_firsttt,telegramchannels,channel,27,Sports & Fitness,en,3,2026-04-22T13:15:39.557836+00:00
naija_sports,telegramchannels,channel,27,Sports & Fitness,en,7,2026-04-22T13:15:39.557853+00:00
sportscryptoinsider,telegramchannels,channel,27,Sports & Fitness,en,8,2026-04-22T13:15:39.557856+00:00
sportsdirect_eng,telegramchannels,channel,27,Sports & Fitness,en,9,2026-04-22T13:15:39.557860+00:00
sky_sports_football_updates,telegramchannels,channel,27,Sports & Fitness,en,10,2026-04-22T13:15:39.557863+00:00
premier_league_news_tg,telegramchannels,channel,27,Sports & Fitness,en,11,2026-04-22T13:15:39.557866+00:00
real_madrid_realmadrid_realtv,telegramchannels,channel,27,Sports & Fitness,en,12,2026-04-22T13:15:39.557869+00:00
arsenal_gunners_london,telegramchannels,channel,27,Sports & Fitness,en,13,2026-04-22T13:15:39.557872+00:00
troll_football_telegram,telegramchannels,channel,27,Sports & Fitness,en,14,2026-04-22T13:15:39.557875+00:00
cfc_chelseafc,telegramchannels,channel,27,Sports & Fitness,en,15,2026-04-22T13:15:39.557879+00:00
officialuefaeuro2024,telegramchannels,channel,27,Sports & Fitness,en,16,2026-04-22T13:15:39.557882+00:00
manchester_city_cf,telegramchannels,channel,27,Sports & Fitness,en,17,2026-04-22T13:15:39.557886+00:00
manchester_utdfc,telegramchannels,channel,27,Sports & Fitness,en,18,2026-04-22T13:15:39.557889+00:00
premier_league_update,telegramchannels,channel,27,Sports & Fitness,en,19,2026-04-22T13:15:39.557892+00:00
chelseafcworldwide_001,telegramchannels,channel,27,Sports & Fitness,en,20,2026-04-22T13:15:39.557895+00:00
vetland_sports_football1,telegramchannels,channel,27,Sports & Fitness,en,21,2026-04-22T13:15:39.557898+00:00
manutd_english_premier_league,telegramchannels,channel,27,Sports & Fitness,en,22,2026-04-22T13:15:39.557901+00:00
manchesterunitedsunsport,telegramchannels,channel,27,Sports & Fitness,en,23,2026-04-22T13:15:39.557904+00:00
barcelona,telegramchannels,channel,27,Sports & Fitness,en,24,2026-04-22T13:15:39.557907+00:00
hooliganscz1999,telegramchannels,channel,27,Sports & Fitness,en,25,2026-04-22T13:15:39.557911+00:00
chelsea_fc_worldwide,telegramchannels,channel,27,Sports & Fitness,en,26,2026-04-22T13:15:39.557914+00:00
rtfight_com,telegramchannels,channel,27,Sports & Fitness,en,27,2026-04-22T13:15:39.557917+00:00
manchesterunited,telegramchannels,channel,27,Sports & Fitness,en,28,2026-04-22T13:15:39.557920+00:00
premier_league_football_news,telegramchannels,channel,27,Sports & Fitness,en,29,2026-04-22T13:15:39.557923+00:00
br_football_news,telegramchannels,channel,27,Sports & Fitness,en,30,2026-04-22T13:15:39.557926+00:00
ghfootballnews,telegramchannels,channel,27,Sports & Fitness,en,31,2026-04-22T13:15:39.557929+00:00
arsenalsunsport,telegramchannels,channel,27,Sports & Fitness,en,32,2026-04-22T13:15:39.557932+00:00
empire_mu,telegramchannels,channel,27,Sports & Fitness,en,33,2026-04-22T13:15:39.557935+00:00
espnfc_news,telegramchannels,channel,27,Sports & Fitness,en,34,2026-04-22T13:15:39.557938+00:00
football433_uk,telegramchannels,channel,27,Sports & Fitness,en,35,2026-04-22T13:15:39.557941+00:00
fpl_in_telegram,telegramchannels,channel,27,Sports & Fitness,en,36,2026-04-22T13:15:39.557944+00:00
sofascore_uk,telegramchannels,channel,27,Sports & Fitness,en,37,2026-04-22T13:15:39.557947+00:00
asl_futbol_live_gollar_inline_tv,telegramchannels,channel,27,Sports & Fitness,en,38,2026-04-22T13:15:39.557950+00:00
chelseaanalysis,telegramchannels,channel,27,Sports & Fitness,en,39,2026-04-22T13:15:39.557953+00:00
chelseasunsport,telegramchannels,channel,27,Sports & Fitness,en,40,2026-04-22T13:15:39.557956+00:00
transfernews_live,telegramchannels,channel,27,Sports & Fitness,en,41,2026-04-22T13:15:39.557959+00:00
fpalerts,telegramchannels,channel,27,Sports & Fitness,en,42,2026-04-22T13:15:39.557962+00:00
goal_sport_football,telegramchannels,channel,27,Sports & Fitness,en,43,2026-04-22T13:15:39.557965+00:00
football_6,telegramchannels,channel,27,Sports & Fitness,en,44,2026-04-22T13:15:39.557968+00:00
supersportcbss,telegramchannels,channel,27,Sports & Fitness,en,45,2026-04-22T13:15:39.557971+00:00
ultrastifo,telegramchannels,channel,27,Sports & Fitness,en,46,2026-04-22T13:15:39.557975+00:00
arsenalc,telegramchannels,channel,27,Sports & Fitness,en,47,2026-04-22T13:15:39.557978+00:00
juventus,telegramchannels,channel,27,Sports & Fitness,en,48,2026-04-22T13:15:39.557980+00:00
ivanraiklin,telegramchannels,channel,27,Sports & Fitness,en,49,2026-04-22T13:15:39.557983+00:00
p_s_g,telegramchannels,channel,27,Sports & Fitness,en,50,2026-04-22T13:15:39.557986+00:00
tossguruu,telegramchannels,channel,27,Sports & Fitness,en,51,2026-04-22T13:15:39.557989+00:00
europa_conference,telegramchannels,channel,27,Sports & Fitness,en,52,2026-04-22T13:15:39.557993+00:00
premierleagueres,telegramchannels,channel,27,Sports & Fitness,en,53,2026-04-22T13:15:39.557996+00:00
brfootball_en,telegramchannels,channel,27,Sports & Fitness,en,54,2026-04-22T13:15:39.557999+00:00
europeanfixedmatchservicess,telegramchannels,channel,27,Sports & Fitness,en,55,2026-04-22T13:15:39.558002+00:00
ballballzz,telegramchannels,channel,27,Sports & Fitness,en,56,2026-04-22T13:15:39.558006+00:00
footballlivegoals,telegramchannels,channel,27,Sports & Fitness,en,57,2026-04-22T13:15:39.558008+00:00
fc_barcelona_worldwide,telegramchannels,channel,27,Sports & Fitness,en,58,2026-04-22T13:15:39.558011+00:00
steroid_best,telegramchannels,channel,27,Sports & Fitness,en,59,2026-04-22T13:15:39.558014+00:00
basketball_insights_scores,telegramchannels,channel,27,Sports & Fitness,en,60,2026-04-22T13:15:39.558017+00:00
fitnesstipschannel,telegramchannels,channel,27,Sports & Fitness,en,61,2026-04-22T13:15:39.558020+00:00
seriaares,telegramchannels,channel,27,Sports & Fitness,en,62,2026-04-22T13:15:39.558023+00:00
bjjfanaticsinstructionals,telegramchannels,channel,27,Sports & Fitness,en,63,2026-04-22T13:15:39.558027+00:00
ai_match_prediction,telegramchannels,channel,27,Sports & Fitness,en,64,2026-04-22T13:15:39.558030+00:00
beginnersfitness,telegramchannels,channel,27,Sports & Fitness,en,65,2026-04-22T13:15:39.558033+00:00
footballmemesbanter,telegramchannels,channel,27,Sports & Fitness,en,66,2026-04-22T13:15:39.558036+00:00
sportycrushes,telegramchannels,channel,27,Sports & Fitness,en,67,2026-04-22T13:15:39.558039+00:00
lfconline,telegramchannels,channel,27,Sports & Fitness,en,68,2026-04-22T13:15:39.558042+00:00
tottenham_fans,telegramchannels,channel,27,Sports & Fitness,en,69,2026-04-22T13:15:39.558045+00:00
lamineyamalworld,telegramchannels,channel,27,Sports & Fitness,en,70,2026-04-22T13:15:39.558048+00:00
chelseafcnewsdaily,telegramchannels,channel,27,Sports & Fitness,en,71,2026-04-22T13:15:39.558051+00:00
quadsgoddess,telegramchannels,channel,27,Sports & Fitness,en,72,2026-04-22T13:15:39.558054+00:00
fcbayernen,telegramchannels,channel,27,Sports & Fitness,en,73,2026-04-22T13:15:39.558057+00:00
bvacio,telegramchannels,channel,27,Sports & Fitness,en,74,2026-04-22T13:15:39.558060+00:00
soccer,telegramchannels,channel,27,Sports & Fitness,en,75,2026-04-22T13:15:39.558063+00:00
livegoalsportsforum,telegramchannels,channel,27,Sports & Fitness,en,76,2026-04-22T13:15:39.558066+00:00
theunitedstand,telegramchannels,channel,27,Sports & Fitness,en,77,2026-04-22T13:15:39.558069+00:00
lfcchannel,telegramchannels,channel,27,Sports & Fitness,en,78,2026-04-22T13:15:39.558072+00:00
live_cric,telegramchannels,channel,27,Sports & Fitness,en,79,2026-04-22T13:15:39.558075+00:00
leo_messi_fan_club,telegramchannels,channel,27,Sports & Fitness,en,80,2026-04-22T13:15:39.558078+00:00
livesoccerer,telegramchannels,channel,27,Sports & Fitness,en,81,2026-04-22T13:15:39.558081+00:00
funshizzlebetclub,telegramchannels,channel,27,Sports & Fitness,en,82,2026-04-22T13:15:39.558084+00:00
mancitypl,telegramchannels,channel,27,Sports & Fitness,en,83,2026-04-22T13:15:39.558087+00:00
realferrariline,telegramchannels,channel,27,Sports & Fitness,en,84,2026-04-22T13:15:39.558090+00:00
gymfitness_equipment_products,telegramchannels,channel,27,Sports & Fitness,en,85,2026-04-22T13:15:39.558093+00:00
thetennistime,telegramchannels,channel,27,Sports & Fitness,en,86,2026-04-22T13:15:39.558095+00:00
iihfbackup,telegramchannels,channel,27,Sports & Fitness,en,87,2026-04-22T13:15:39.558098+00:00
martingale_bets,telegramchannels,channel,27,Sports & Fitness,en,88,2026-04-22T13:15:39.558101+00:00
globalfoot24,telegramchannels,channel,27,Sports & Fitness,en,89,2026-04-22T13:15:39.558104+00:00
theatre_of_dream,telegramchannels,channel,27,Sports & Fitness,en,90,2026-04-22T13:15:39.558107+00:00
fifa1_net,telegramchannels,channel,27,Sports & Fitness,en,91,2026-04-22T13:15:39.558110+00:00
fftitan,telegramchannels,channel,27,Sports & Fitness,en,92,2026-04-22T13:15:39.558113+00:00
pandeyprediction07,telegramchannels,channel,27,Sports & Fitness,en,93,2026-04-22T13:15:39.558116+00:00
noahschannel025,telegramchannels,channel,27,Sports & Fitness,en,94,2026-04-22T13:15:39.558119+00:00
cristianoronaldobb,telegramchannels,channel,27,Sports & Fitness,en,95,2026-04-22T13:15:39.558122+00:00
footinfos23,telegramchannels,channel,27,Sports & Fitness,en,96,2026-04-22T13:15:39.558124+00:00
thesportsscope,telegramchannels,channel,27,Sports & Fitness,en,97,2026-04-22T13:15:39.558127+00:00
flipsocial,telegramchannels,channel,27,Sports & Fitness,en,98,2026-04-22T13:15:39.558130+00:00
eastafricasportspicha,telegramchannels,channel,27,Sports & Fitness,en,99,2026-04-22T13:15:39.558133+00:00
dailychannels,telegramchannels,channel,27,Sports & Fitness,en,100,2026-04-22T13:15:39.558138+00:00
wexsavi,telegramchannels,channel,38,Stickers,en,1,2026-04-22T13:15:50.451207+00:00
sticker_community,telegramchannels,channel,38,Stickers,en,2,2026-04-22T13:15:50.451215+00:00
round_stickers,telegramchannels,channel,38,Stickers,en,3,2026-04-22T13:15:50.451218+00:00
stickerxtara,telegramchannels,channel,38,Stickers,en,7,2026-04-22T13:15:50.451236+00:00
figurinhaswa,telegramchannels,channel,38,Stickers,en,8,2026-04-22T13:15:50.451239+00:00
anak_kucing_stiker,telegramchannels,channel,38,Stickers,en,9,2026-04-22T13:15:50.451243+00:00
co97ke,telegramchannels,channel,38,Stickers,en,10,2026-04-22T13:15:50.451246+00:00
dinokuningepribadeh,telegramchannels,channel,38,Stickers,en,11,2026-04-22T13:15:50.451250+00:00
stickersfurrys,telegramchannels,channel,38,Stickers,en,12,2026-04-22T13:15:50.451253+00:00
stickerkuromii,telegramchannels,channel,38,Stickers,en,13,2026-04-22T13:15:50.451256+00:00
animatedstickersarchive,telegramchannels,channel,38,Stickers,en,14,2026-04-22T13:15:50.451259+00:00
furrystickers2020,telegramchannels,channel,38,Stickers,en,15,2026-04-22T13:15:50.451262+00:00
dailychannels,telegramchannels,channel,38,Stickers,en,16,2026-04-22T13:15:50.451267+00:00
getmodpcs,telegramchannels,channel,28,Technology,en,1,2026-04-22T13:16:12.342095+00:00
xempireapps,telegramchannels,channel,28,Technology,en,2,2026-04-22T13:16:12.342103+00:00
partona_news,telegramchannels,channel,28,Technology,en,3,2026-04-22T13:16:12.342106+00:00
perplexity,telegramchannels,channel,28,Technology,en,7,2026-04-22T13:16:12.342124+00:00
cryptoaiagi,telegramchannels,channel,28,Technology,en,8,2026-04-22T13:16:12.342127+00:00
fomodotfundann,telegramchannels,channel,28,Technology,en,9,2026-04-22T13:16:12.342130+00:00
cumbertech,telegramchannels,channel,28,Technology,en,10,2026-04-22T13:16:12.342134+00:00
apkpure_official_2,telegramchannels,channel,28,Technology,en,11,2026-04-22T13:16:12.342139+00:00
aipost,telegramchannels,channel,28,Technology,en,12,2026-04-22T13:16:12.342142+00:00
adsgram_ai,telegramchannels,channel,28,Technology,en,13,2026-04-22T13:16:12.342145+00:00
singledevelopers,telegramchannels,channel,28,Technology,en,14,2026-04-22T13:16:12.342148+00:00
mozo_news,telegramchannels,channel,28,Technology,en,15,2026-04-22T13:16:12.342151+00:00
mbmods,telegramchannels,channel,28,Technology,en,16,2026-04-22T13:16:12.342154+00:00
chaingptnews,telegramchannels,channel,28,Technology,en,17,2026-04-22T13:16:12.342157+00:00
gpt360_announcement,telegramchannels,channel,28,Technology,en,18,2026-04-22T13:16:12.342160+00:00
uxlink_community,telegramchannels,channel,28,Technology,en,19,2026-04-22T13:16:12.342163+00:00
thehackernews,telegramchannels,channel,28,Technology,en,20,2026-04-22T13:16:12.342166+00:00
miui_download,telegramchannels,channel,28,Technology,en,21,2026-04-22T13:16:12.342169+00:00
xiaomiui,telegramchannels,channel,28,Technology,en,22,2026-04-22T13:16:12.342173+00:00
computer_science_and_programming,telegramchannels,channel,28,Technology,en,23,2026-04-22T13:16:12.342176+00:00
miniaturesterrain,telegramchannels,channel,28,Technology,en,24,2026-04-22T13:16:12.342179+00:00
technical_sapien_ofjoker,telegramchannels,channel,28,Technology,en,25,2026-04-22T13:16:12.342182+00:00
marvelstl,telegramchannels,channel,28,Technology,en,26,2026-04-22T13:16:12.342185+00:00
jobs_sql,telegramchannels,channel,28,Technology,en,27,2026-04-22T13:16:12.342188+00:00
linuxgram,telegramchannels,channel,28,Technology,en,28,2026-04-22T13:16:12.342191+00:00
aiosetup,telegramchannels,channel,28,Technology,en,29,2026-04-22T13:16:12.342194+00:00
ieofficial,telegramchannels,channel,28,Technology,en,30,2026-04-22T13:16:12.342197+00:00
artificial_intelligence_in,telegramchannels,channel,28,Technology,en,31,2026-04-22T13:16:12.342200+00:00
pythondevelopersindia,telegramchannels,channel,28,Technology,en,32,2026-04-22T13:16:12.342203+00:00
engrouphelp,telegramchannels,channel,28,Technology,en,33,2026-04-22T13:16:12.342206+00:00
mech3game,telegramchannels,channel,28,Technology,en,34,2026-04-22T13:16:12.342210+00:00
premiere_pro_adobe,telegramchannels,channel,28,Technology,en,35,2026-04-22T13:16:12.342213+00:00
programmingtip,telegramchannels,channel,28,Technology,en,36,2026-04-22T13:16:12.342216+00:00
theprogrammingart,telegramchannels,channel,28,Technology,en,37,2026-04-22T13:16:12.342219+00:00
thebugbountyhunter,telegramchannels,channel,28,Technology,en,38,2026-04-22T13:16:12.342222+00:00
techguide,telegramchannels,channel,28,Technology,en,39,2026-04-22T13:16:12.342227+00:00
androidmalware,telegramchannels,channel,28,Technology,en,40,2026-04-22T13:16:12.342230+00:00
nacbots,telegramchannels,channel,28,Technology,en,41,2026-04-22T13:16:12.342232+00:00
datascience4,telegramchannels,channel,28,Technology,en,42,2026-04-22T13:16:12.342236+00:00
codexbotz,telegramchannels,channel,28,Technology,en,43,2026-04-22T13:16:12.342239+00:00
elvis_w_g,telegramchannels,channel,28,Technology,en,44,2026-04-22T13:16:12.342242+00:00
real_discount,telegramchannels,channel,28,Technology,en,45,2026-04-22T13:16:12.342245+00:00
webdel,telegramchannels,channel,28,Technology,en,46,2026-04-22T13:16:12.342248+00:00
thedevs,telegramchannels,channel,28,Technology,en,47,2026-04-22T13:16:12.342250+00:00
imockups,telegramchannels,channel,28,Technology,en,48,2026-04-22T13:16:12.342253+00:00
fedevelopment,telegramchannels,channel,28,Technology,en,49,2026-04-22T13:16:12.342256+00:00
xiaomi,telegramchannels,channel,28,Technology,en,50,2026-04-22T13:16:12.342259+00:00
arduino_io,telegramchannels,channel,28,Technology,en,51,2026-04-22T13:16:12.342262+00:00
websitedesignlearninggroup,telegramchannels,channel,28,Technology,en,52,2026-04-22T13:16:12.342265+00:00
bigdataspecialist,telegramchannels,channel,28,Technology,en,53,2026-04-22T13:16:12.342268+00:00
popmods,telegramchannels,channel,28,Technology,en,54,2026-04-22T13:16:12.342271+00:00
front_end_first,telegramchannels,channel,28,Technology,en,55,2026-04-22T13:16:12.342275+00:00
github_repos,telegramchannels,channel,28,Technology,en,56,2026-04-22T13:16:12.342277+00:00
ignouc,telegramchannels,channel,28,Technology,en,57,2026-04-22T13:16:12.342280+00:00
cibsecurity,telegramchannels,channel,28,Technology,en,58,2026-04-22T13:16:12.342283+00:00
pocophoneglobalupdates,telegramchannels,channel,28,Technology,en,59,2026-04-22T13:16:12.342286+00:00
chatgpt_officialnews,telegramchannels,channel,28,Technology,en,60,2026-04-22T13:16:12.342289+00:00
movie_stl,telegramchannels,channel,28,Technology,en,61,2026-04-22T13:16:12.342292+00:00
hacking_group_channel,telegramchannels,channel,28,Technology,en,62,2026-04-22T13:16:12.342295+00:00
cisco,telegramchannels,channel,28,Technology,en,63,2026-04-22T13:16:12.342298+00:00
xkcdchannel,telegramchannels,channel,28,Technology,en,64,2026-04-22T13:16:12.342301+00:00
ethicalhackerscommunity,telegramchannels,channel,28,Technology,en,65,2026-04-22T13:16:12.342304+00:00
tonvpn_channel,telegramchannels,channel,28,Technology,en,66,2026-04-22T13:16:12.342308+00:00
prograchallenges,telegramchannels,channel,28,Technology,en,67,2026-04-22T13:16:12.342311+00:00
artificial_intelligence_ai,telegramchannels,channel,28,Technology,en,68,2026-04-22T13:16:12.342316+00:00
videogenerator,telegramchannels,channel,28,Technology,en,69,2026-04-22T13:16:12.342319+00:00
dev_meme,telegramchannels,channel,28,Technology,en,70,2026-04-22T13:16:12.342323+00:00
edurekaupdates,telegramchannels,channel,28,Technology,en,71,2026-04-22T13:16:12.342325+00:00
embedded_system,telegramchannels,channel,28,Technology,en,72,2026-04-22T13:16:12.342328+00:00
malwr,telegramchannels,channel,28,Technology,en,73,2026-04-22T13:16:12.342331+00:00
sysadm_in_channel,telegramchannels,channel,28,Technology,en,74,2026-04-22T13:16:12.342335+00:00
aspnetvnext,telegramchannels,channel,28,Technology,en,75,2026-04-22T13:16:12.342338+00:00
thefrontend,telegramchannels,channel,28,Technology,en,76,2026-04-22T13:16:12.342341+00:00
java_codings,telegramchannels,channel,28,Technology,en,77,2026-04-22T13:16:12.342343+00:00
pluschannel11,telegramchannels,channel,28,Technology,en,78,2026-04-22T13:16:12.342347+00:00
iosdevio,telegramchannels,channel,28,Technology,en,79,2026-04-22T13:16:12.342350+00:00
bleepingcomputer,telegramchannels,channel,28,Technology,en,80,2026-04-22T13:16:12.342353+00:00
netflix_bins_and_tricks,telegramchannels,channel,28,Technology,en,81,2026-04-22T13:16:12.342356+00:00
coding_genius1,telegramchannels,channel,28,Technology,en,82,2026-04-22T13:16:12.342359+00:00
techfreaks9,telegramchannels,channel,28,Technology,en,83,2026-04-22T13:16:12.342362+00:00
allabouthack,telegramchannels,channel,28,Technology,en,84,2026-04-22T13:16:12.342365+00:00
phpme,telegramchannels,channel,28,Technology,en,85,2026-04-22T13:16:12.342368+00:00
ready_dot_code,telegramchannels,channel,28,Technology,en,86,2026-04-22T13:16:12.342371+00:00
deephackers07,telegramchannels,channel,28,Technology,en,87,2026-04-22T13:16:12.342374+00:00
whitehat,telegramchannels,channel,28,Technology,en,88,2026-04-22T13:16:12.342376+00:00
techscope_news,telegramchannels,channel,28,Technology,en,89,2026-04-22T13:16:12.342379+00:00
techcrunch1,telegramchannels,channel,28,Technology,en,90,2026-04-22T13:16:12.342382+00:00
technologyforgood,telegramchannels,channel,28,Technology,en,91,2026-04-22T13:16:12.342385+00:00
thinkbroadly,telegramchannels,channel,28,Technology,en,92,2026-04-22T13:16:12.342388+00:00
remotejobsenglish,telegramchannels,channel,28,Technology,en,93,2026-04-22T13:16:12.342391+00:00
madelineproto,telegramchannels,channel,28,Technology,en,94,2026-04-22T13:16:12.342394+00:00
ethicalhackerscommunity2,telegramchannels,channel,28,Technology,en,95,2026-04-22T13:16:12.342397+00:00
ethical_hackers_giveaway,telegramchannels,channel,28,Technology,en,96,2026-04-22T13:16:12.342402+00:00
androidresid,telegramchannels,channel,28,Technology,en,97,2026-04-22T13:16:12.342405+00:00
chatgptmastermind,telegramchannels,channel,28,Technology,en,98,2026-04-22T13:16:12.342408+00:00
datasciencemorons,telegramchannels,channel,28,Technology,en,99,2026-04-22T13:16:12.342411+00:00
renewable_energy,telegramchannels,channel,28,Technology,en,100,2026-04-22T13:16:12.342414+00:00
java_script_world,telegramchannels,channel,28,Technology,en,101,2026-04-22T13:16:12.342417+00:00
daily,telegramchannels,channel,28,Technology,en,102,2026-04-22T13:16:12.342421+00:00
html_and_css_3,telegramchannels,channel,28,Technology,en,103,2026-04-22T13:16:12.342426+00:00
dailychannels,telegramchannels,channel,28,Technology,en,104,2026-04-22T13:16:12.342436+00:00
proxymtproto,telegramchannels,channel,36,Telegram,en,1,2026-04-22T13:16:26.297869+00:00
telegramtips,telegramchannels,channel,36,Telegram,en,2,2026-04-22T13:16:26.297877+00:00
telegram,telegramchannels,channel,36,Telegram,en,3,2026-04-22T13:16:26.297880+00:00
premium,telegramchannels,channel,36,Telegram,en,7,2026-04-22T13:16:26.297896+00:00
roolzgods,telegramchannels,channel,36,Telegram,en,8,2026-04-22T13:16:26.297899+00:00
username,telegramchannels,channel,36,Telegram,en,9,2026-04-22T13:16:26.297902+00:00
emoji1,telegramchannels,channel,36,Telegram,en,10,2026-04-22T13:16:26.297905+00:00
oxygenminerchannel,telegramchannels,channel,36,Telegram,en,11,2026-04-22T13:16:26.297908+00:00
join10xacademy1,telegramchannels,channel,36,Telegram,en,12,2026-04-22T13:16:26.297911+00:00
proxyme,telegramchannels,channel,36,Telegram,en,13,2026-04-22T13:16:26.297914+00:00
xplus_channel,telegramchannels,channel,36,Telegram,en,14,2026-04-22T13:16:26.297917+00:00
tele_ninja,telegramchannels,channel,36,Telegram,en,15,2026-04-22T13:16:26.297920+00:00
marienews,telegramchannels,channel,36,Telegram,en,16,2026-04-22T13:16:26.297922+00:00
mtproxies,telegramchannels,channel,36,Telegram,en,17,2026-04-22T13:16:26.297925+00:00
turbotel,telegramchannels,channel,36,Telegram,en,18,2026-04-22T13:16:26.297928+00:00
botnews,telegramchannels,channel,36,Telegram,en,19,2026-04-22T13:16:26.297931+00:00
designers,telegramchannels,channel,36,Telegram,en,20,2026-04-22T13:16:26.297934+00:00
forexsignalsxauusd2,telegramchannels,channel,36,Telegram,en,21,2026-04-22T13:16:26.297937+00:00
tgbeta,telegramchannels,channel,36,Telegram,en,22,2026-04-22T13:16:26.297939+00:00
desktop,telegramchannels,channel,36,Telegram,en,23,2026-04-22T13:16:26.297942+00:00
telegrampassport,telegramchannels,channel,36,Telegram,en,24,2026-04-22T13:16:26.297945+00:00
geekschannel,telegramchannels,channel,36,Telegram,en,25,2026-04-22T13:16:26.297948+00:00
dailychannels,telegramchannels,channel,36,Telegram,en,26,2026-04-22T13:16:26.297950+00:00
prizesstarss,telegramchannels,channel,36,Telegram,en,27,2026-04-22T13:16:26.297953+00:00
cutestickers4you,telegramchannels,channel,36,Telegram,en,28,2026-04-22T13:16:26.297957+00:00
telegaadexchange,telegramchannels,channel,36,Telegram,en,29,2026-04-22T13:16:26.297959+00:00
gbpusdxauusdscalpers,telegramchannels,channel,36,Telegram,en,30,2026-04-22T13:16:26.297963+00:00
join_community,telegramchannels,channel,36,Telegram,en,31,2026-04-22T13:16:26.297966+00:00
adsly,telegramchannels,channel,36,Telegram,en,32,2026-04-22T13:16:26.297969+00:00
opakhi1,telegramchannels,channel,36,Telegram,en,33,2026-04-22T13:16:26.297971+00:00
jointelegramlink1,telegramchannels,channel,36,Telegram,en,34,2026-04-22T13:16:26.297974+00:00
themesm8,telegramchannels,channel,36,Telegram,en,35,2026-04-22T13:16:26.297977+00:00
botfindr,telegramchannels,channel,36,Telegram,en,36,2026-04-22T13:16:26.297980+00:00
gifstiki,telegramchannels,channel,36,Telegram,en,37,2026-04-22T13:16:26.297983+00:00
tele_theme_android,telegramchannels,channel,36,Telegram,en,38,2026-04-22T13:16:26.297986+00:00
tcmead,telegramchannels,channel,36,Telegram,en,39,2026-04-22T13:16:26.297988+00:00
themetelegramhd,telegramchannels,channel,36,Telegram,en,40,2026-04-22T13:16:26.297991+00:00
goldsignalsprofessor1,telegramchannels,channel,36,Telegram,en,41,2026-04-22T13:16:26.297994+00:00
t_tutorial,telegramchannels,channel,36,Telegram,en,42,2026-04-22T13:16:26.297997+00:00
channelmurasxvip,telegramchannels,channel,36,Telegram,en,43,2026-04-22T13:16:26.298000+00:00
mtproxyboy,telegramchannels,channel,36,Telegram,en,44,2026-04-22T13:16:26.298003+00:00
youngtheme,telegramchannels,channel,36,Telegram,en,45,2026-04-22T13:16:26.298005+00:00
gbpusdbtcusdsignal,telegramchannels,channel,36,Telegram,en,46,2026-04-22T13:16:26.298008+00:00
talk_ted,telegramchannels,channel,36,Telegram,en,47,2026-04-22T13:16:26.298011+00:00
themeshub,telegramchannels,channel,36,Telegram,en,48,2026-04-22T13:16:26.298014+00:00
tgtester,telegramchannels,channel,36,Telegram,en,49,2026-04-22T13:16:26.298016+00:00
andrthemes,telegramchannels,channel,36,Telegram,en,50,2026-04-22T13:16:26.298019+00:00
soft_stickers,telegramchannels,channel,36,Telegram,en,51,2026-04-22T13:16:26.298022+00:00
syntheticxofficiai,telegramchannels,channel,36,Telegram,en,52,2026-04-22T13:16:26.298025+00:00
cryptopanicofficials,telegramchannels,channel,36,Telegram,en,53,2026-04-22T13:16:26.298028+00:00
heytelegram_number,telegramchannels,channel,36,Telegram,en,54,2026-04-22T13:16:26.298031+00:00
exnees_free_signals,telegramchannels,channel,36,Telegram,en,55,2026-04-22T13:16:26.298034+00:00
bitmain_order,telegramchannels,channel,36,Telegram,en,56,2026-04-22T13:16:26.298036+00:00
freeproxieseveryday,telegramchannels,channel,36,Telegram,en,57,2026-04-22T13:16:26.298039+00:00
hqproxy_com,telegramchannels,channel,36,Telegram,en,58,2026-04-22T13:16:26.298042+00:00
dogmtproto,telegramchannels,channel,36,Telegram,en,59,2026-04-22T13:16:26.298045+00:00
sstpgods,telegramchannels,channel,36,Telegram,en,60,2026-04-22T13:16:26.298047+00:00
promotetelegramch,telegramchannels,channel,36,Telegram,en,61,2026-04-22T13:16:26.298050+00:00
secureandfastproxymtproto,telegramchannels,channel,36,Telegram,en,62,2026-04-22T13:16:26.298053+00:00
usersellbuyy,telegramchannels,channel,36,Telegram,en,63,2026-04-22T13:16:26.298056+00:00
btcw0k,telegramchannels,channel,36,Telegram,en,64,2026-04-22T13:16:26.298059+00:00
berkaytelegramthemes,telegramchannels,channel,36,Telegram,en,65,2026-04-22T13:16:26.298061+00:00
paveldurovbackup,telegramchannels,channel,36,Telegram,en,66,2026-04-22T13:16:26.298064+00:00
dnatradingforex1,telegramchannels,channel,36,Telegram,en,67,2026-04-22T13:16:26.298067+00:00
tapswapai,telegramchannels,channel,40,Telegram Miniapps & Games,en,1,2026-04-22T13:16:49.997481+00:00
hamster_kombat,telegramchannels,channel,40,Telegram Miniapps & Games,en,2,2026-04-22T13:16:49.997489+00:00
seedupdates,telegramchannels,channel,40,Telegram Miniapps & Games,en,3,2026-04-22T13:16:49.997492+00:00
notcoin,telegramchannels,channel,40,Telegram Miniapps & Games,en,7,2026-04-22T13:16:49.997510+00:00
clayton,telegramchannels,channel,40,Telegram Miniapps & Games,en,8,2026-04-22T13:16:49.997513+00:00
tonclayton,telegramchannels,channel,40,Telegram Miniapps & Games,en,9,2026-04-22T13:16:49.997516+00:00
tonstationgames,telegramchannels,channel,40,Telegram Miniapps & Games,en,10,2026-04-22T13:16:49.997519+00:00
pixelverse_xyz,telegramchannels,channel,40,Telegram Miniapps & Games,en,11,2026-04-22T13:16:49.997522+00:00
thetapcoins,telegramchannels,channel,40,Telegram Miniapps & Games,en,12,2026-04-22T13:16:49.997525+00:00
binance_moonbix_announcements,telegramchannels,channel,40,Telegram Miniapps & Games,en,13,2026-04-22T13:16:49.997529+00:00
blumcrypto_memepad,telegramchannels,channel,40,Telegram Miniapps & Games,en,14,2026-04-22T13:16:49.997532+00:00
foruai_channel,telegramchannels,channel,40,Telegram Miniapps & Games,en,15,2026-04-22T13:16:49.997535+00:00
smpl_app,telegramchannels,channel,40,Telegram Miniapps & Games,en,16,2026-04-22T13:16:49.997538+00:00
toptapen,telegramchannels,channel,40,Telegram Miniapps & Games,en,17,2026-04-22T13:16:49.997541+00:00
watbird,telegramchannels,channel,40,Telegram Miniapps & Games,en,18,2026-04-22T13:16:49.997544+00:00
spinnercoin,telegramchannels,channel,40,Telegram Miniapps & Games,en,19,2026-04-22T13:16:49.997547+00:00
thespn,telegramchannels,channel,40,Telegram Miniapps & Games,en,20,2026-04-22T13:16:49.997550+00:00
lostdogscoeng,telegramchannels,channel,40,Telegram Miniapps & Games,en,21,2026-04-22T13:16:49.997554+00:00
taptoearninsider,telegramchannels,channel,40,Telegram Miniapps & Games,en,22,2026-04-22T13:16:49.997556+00:00
wuffi_announcements,telegramchannels,channel,40,Telegram Miniapps & Games,en,23,2026-04-22T13:16:49.997560+00:00
tonix_mining,telegramchannels,channel,40,Telegram Miniapps & Games,en,24,2026-04-22T13:16:49.997563+00:00
tasknchannel,telegramchannels,channel,40,Telegram Miniapps & Games,en,25,2026-04-22T13:16:49.997566+00:00
wontonorg,telegramchannels,channel,40,Telegram Miniapps & Games,en,26,2026-04-22T13:16:49.997569+00:00
blink_en,telegramchannels,channel,40,Telegram Miniapps & Games,en,27,2026-04-22T13:16:49.997572+00:00
byinchan,telegramchannels,channel,40,Telegram Miniapps & Games,en,28,2026-04-22T13:16:49.997575+00:00
hamsterupdate,telegramchannels,channel,40,Telegram Miniapps & Games,en,29,2026-04-22T13:16:49.997578+00:00
chickcoop_announcement,telegramchannels,channel,40,Telegram Miniapps & Games,en,30,2026-04-22T13:16:49.997581+00:00
tap_sport_official,telegramchannels,channel,40,Telegram Miniapps & Games,en,31,2026-04-22T13:16:49.997585+00:00
buyboost_official,telegramchannels,channel,40,Telegram Miniapps & Games,en,32,2026-04-22T13:16:49.997588+00:00
web3_tonroll,telegramchannels,channel,40,Telegram Miniapps & Games,en,33,2026-04-22T13:16:49.997591+00:00
notgram_game,telegramchannels,channel,40,Telegram Miniapps & Games,en,34,2026-04-22T13:16:49.997595+00:00
hamster_tools,telegramchannels,channel,40,Telegram Miniapps & Games,en,35,2026-04-22T13:16:49.997598+00:00
fanton_nft_en,telegramchannels,channel,40,Telegram Miniapps & Games,en,36,2026-04-22T13:16:49.997601+00:00
goblinmine,telegramchannels,channel,40,Telegram Miniapps & Games,en,37,2026-04-22T13:16:49.997604+00:00
legendsannouncements,telegramchannels,channel,40,Telegram Miniapps & Games,en,38,2026-04-22T13:16:49.997607+00:00
tap_tether_channel,telegramchannels,channel,40,Telegram Miniapps & Games,en,39,2026-04-22T13:16:49.997611+00:00
cr_tapp,telegramchannels,channel,40,Telegram Miniapps & Games,en,40,2026-04-22T13:16:49.997614+00:00
yumify,telegramchannels,channel,40,Telegram Miniapps & Games,en,41,2026-04-22T13:16:49.997617+00:00
thetonmap,telegramchannels,channel,40,Telegram Miniapps & Games,en,42,2026-04-22T13:16:49.997620+00:00
treasuretapperannouncements,telegramchannels,channel,40,Telegram Miniapps & Games,en,43,2026-04-22T13:16:49.997623+00:00
true_ecosystem,telegramchannels,channel,40,Telegram Miniapps & Games,en,44,2026-04-22T13:16:49.997626+00:00
dcombo,telegramchannels,channel,40,Telegram Miniapps & Games,en,45,2026-04-22T13:16:49.997629+00:00
lambotap,telegramchannels,channel,40,Telegram Miniapps & Games,en,46,2026-04-22T13:16:49.997632+00:00
tapraccooncoin,telegramchannels,channel,40,Telegram Miniapps & Games,en,47,2026-04-22T13:16:49.997635+00:00
gumartec,telegramchannels,channel,40,Telegram Miniapps & Games,en,48,2026-04-22T13:16:49.997638+00:00
tongochi_game,telegramchannels,channel,40,Telegram Miniapps & Games,en,49,2026-04-22T13:16:49.997641+00:00
alphatongame,telegramchannels,channel,40,Telegram Miniapps & Games,en,50,2026-04-22T13:16:49.997645+00:00
bnbcold,telegramchannels,channel,40,Telegram Miniapps & Games,en,51,2026-04-22T13:16:49.997648+00:00
tap_swap_international,telegramchannels,channel,40,Telegram Miniapps & Games,en,52,2026-04-22T13:16:49.997651+00:00
dailycombo,telegramchannels,channel,40,Telegram Miniapps & Games,en,53,2026-04-22T13:16:49.997654+00:00
tapptales,telegramchannels,channel,40,Telegram Miniapps & Games,en,54,2026-04-22T13:16:49.997658+00:00
tonvex_mining,telegramchannels,channel,40,Telegram Miniapps & Games,en,55,2026-04-22T13:16:49.997661+00:00
tapac_official,telegramchannels,channel,40,Telegram Miniapps & Games,en,56,2026-04-22T13:16:49.997663+00:00
hamsterchainann,telegramchannels,channel,40,Telegram Miniapps & Games,en,57,2026-04-22T13:16:49.997667+00:00
singsingchannel,telegramchannels,channel,40,Telegram Miniapps & Games,en,58,2026-04-22T13:16:49.997670+00:00
pilotongame,telegramchannels,channel,40,Telegram Miniapps & Games,en,59,2026-04-22T13:16:49.997673+00:00
native_survivors,telegramchannels,channel,40,Telegram Miniapps & Games,en,60,2026-04-22T13:16:49.997676+00:00
ton_geek,telegramchannels,channel,40,Telegram Miniapps & Games,en,61,2026-04-22T13:16:49.997679+00:00
cryptropulse,telegramchannels,channel,40,Telegram Miniapps & Games,en,62,2026-04-22T13:16:49.997682+00:00
hamstersintobulls,telegramchannels,channel,40,Telegram Miniapps & Games,en,63,2026-04-22T13:16:49.997685+00:00
earnzillarew,telegramchannels,channel,40,Telegram Miniapps & Games,en,64,2026-04-22T13:16:49.997688+00:00
yescoin,telegramchannels,channel,40,Telegram Miniapps & Games,en,65,2026-04-22T13:16:49.997691+00:00
spacesweeperz,telegramchannels,channel,40,Telegram Miniapps & Games,en,66,2026-04-22T13:16:49.997694+00:00
weedcashoff,telegramchannels,channel,40,Telegram Miniapps & Games,en,67,2026-04-22T13:16:49.997697+00:00
seedminerpro,telegramchannels,channel,40,Telegram Miniapps & Games,en,68,2026-04-22T13:16:49.997700+00:00
kombat_combo_hamster,telegramchannels,channel,40,Telegram Miniapps & Games,en,69,2026-04-22T13:16:49.997703+00:00
dailycompos,telegramchannels,channel,40,Telegram Miniapps & Games,en,70,2026-04-22T13:16:49.997706+00:00
financialcryptonews,telegramchannels,channel,40,Telegram Miniapps & Games,en,71,2026-04-22T13:16:49.997709+00:00
insiderslive,telegramchannels,channel,40,Telegram Miniapps & Games,en,72,2026-04-22T13:16:49.997712+00:00
dailychannels,telegramchannels,channel,40,Telegram Miniapps & Games,en,73,2026-04-22T13:16:49.997716+00:00
travel_dada,telegramchannels,channel,29,Travel,en,1,2026-04-22T13:17:07.761971+00:00
amazingworldtravel,telegramchannels,channel,29,Travel,en,2,2026-04-22T13:17:07.761978+00:00
fabrizioromanotg,telegramchannels,channel,29,Travel,en,3,2026-04-22T13:17:07.761981+00:00
sgtravelpromos,telegramchannels,channel,29,Travel,en,7,2026-04-22T13:17:07.761999+00:00
internationalgeographic,telegramchannels,channel,29,Travel,en,8,2026-04-22T13:17:07.762003+00:00
discovery_video1,telegramchannels,channel,29,Travel,en,9,2026-04-22T13:17:07.762006+00:00
indian,telegramchannels,channel,29,Travel,en,10,2026-04-22T13:17:07.762009+00:00
travelsfotod,telegramchannels,channel,29,Travel,en,11,2026-04-22T13:17:07.762012+00:00
yourtraveller,telegramchannels,channel,29,Travel,en,12,2026-04-22T13:17:07.762015+00:00
redbus2us,telegramchannels,channel,29,Travel,en,13,2026-04-22T13:17:07.762018+00:00
freedomtravelalliance,telegramchannels,channel,29,Travel,en,14,2026-04-22T13:17:07.762022+00:00
usavisaupdates,telegramchannels,channel,29,Travel,en,15,2026-04-22T13:17:07.762025+00:00
escapehouston,telegramchannels,channel,29,Travel,en,16,2026-04-22T13:17:07.762028+00:00
canadausavfsbot,telegramchannels,channel,29,Travel,en,17,2026-04-22T13:17:07.762031+00:00
thetravelintern,telegramchannels,channel,29,Travel,en,18,2026-04-22T13:17:07.762034+00:00
wanderlustguide,telegramchannels,channel,29,Travel,en,19,2026-04-22T13:17:07.762037+00:00
laactivityclub,telegramchannels,channel,29,Travel,en,20,2026-04-22T13:17:07.762040+00:00
sentosaisland,telegramchannels,channel,29,Travel,en,21,2026-04-22T13:17:07.762044+00:00
shachi_mall,telegramchannels,channel,29,Travel,en,22,2026-04-22T13:17:07.762047+00:00
escapeatx,telegramchannels,channel,29,Travel,en,23,2026-04-22T13:17:07.762050+00:00
adalyahotels,telegramchannels,channel,29,Travel,en,24,2026-04-22T13:17:07.762053+00:00
booking_flights_airbnb_hotels,telegramchannels,channel,29,Travel,en,25,2026-04-22T13:17:07.762056+00:00
cheap_flights_hotels,telegramchannels,channel,29,Travel,en,26,2026-04-22T13:17:07.762060+00:00
trip4world,telegramchannels,channel,29,Travel,en,27,2026-04-22T13:17:07.762063+00:00
b1b2availabilitybooking,telegramchannels,channel,29,Travel,en,28,2026-04-22T13:17:07.762066+00:00
expeditionsworldwide,telegramchannels,channel,29,Travel,en,29,2026-04-22T13:17:07.762070+00:00
gods_nature,telegramchannels,channel,29,Travel,en,30,2026-04-22T13:17:07.762073+00:00
luxurilab,telegramchannels,channel,29,Travel,en,31,2026-04-22T13:17:07.762075+00:00
car_rental_flights,telegramchannels,channel,29,Travel,en,32,2026-04-22T13:17:07.762078+00:00
beautifulll_place,telegramchannels,channel,29,Travel,en,33,2026-04-22T13:17:07.762081+00:00
escapeflights,telegramchannels,channel,29,Travel,en,34,2026-04-22T13:17:07.762085+00:00
escapeflights_lax,telegramchannels,channel,29,Travel,en,35,2026-04-22T13:17:07.762088+00:00
holidaypiratesuk,telegramchannels,channel,29,Travel,en,36,2026-04-22T13:17:07.762091+00:00
escapeflights_ord,telegramchannels,channel,29,Travel,en,37,2026-04-22T13:17:07.762094+00:00
eddytravels,telegramchannels,channel,29,Travel,en,38,2026-04-22T13:17:07.762097+00:00
usb1b2visa7,telegramchannels,channel,29,Travel,en,39,2026-04-22T13:17:07.762100+00:00
contikitravelsquad,telegramchannels,channel,29,Travel,en,40,2026-04-22T13:17:07.762103+00:00
travelhotelrentals,telegramchannels,channel,29,Travel,en,41,2026-04-22T13:17:07.762106+00:00
africafreak,telegramchannels,channel,29,Travel,en,42,2026-04-22T13:17:07.762110+00:00
visitafrica_today,telegramchannels,channel,29,Travel,en,43,2026-04-22T13:17:07.762113+00:00
dmo_karakalpakstan,telegramchannels,channel,29,Travel,en,44,2026-04-22T13:17:07.762116+00:00
travelinfinite,telegramchannels,channel,29,Travel,en,45,2026-04-22T13:17:07.762119+00:00
acetravels,telegramchannels,channel,29,Travel,en,46,2026-04-22T13:17:07.762121+00:00
letsgotripworld,telegramchannels,channel,29,Travel,en,47,2026-04-22T13:17:07.762124+00:00
gotravel1,telegramchannels,channel,29,Travel,en,48,2026-04-22T13:17:07.762127+00:00
thecajunlife,telegramchannels,channel,29,Travel,en,49,2026-04-22T13:17:07.762130+00:00
cyhholiday,telegramchannels,channel,29,Travel,en,50,2026-04-22T13:17:07.762133+00:00
wild_vibeztourism_ug,telegramchannels,channel,29,Travel,en,51,2026-04-22T13:17:07.762136+00:00
bongoplan,telegramchannels,channel,29,Travel,en,52,2026-04-22T13:17:07.762139+00:00
duketianatravelsandtours,telegramchannels,channel,29,Travel,en,53,2026-04-22T13:17:07.762142+00:00
settleitbcn,telegramchannels,channel,29,Travel,en,54,2026-04-22T13:17:07.762145+00:00
hitht,telegramchannels,channel,29,Travel,en,55,2026-04-22T13:17:07.762147+00:00
tripstations,telegramchannels,channel,29,Travel,en,56,2026-04-22T13:17:07.762151+00:00
globetrottinggetaways,telegramchannels,channel,29,Travel,en,57,2026-04-22T13:17:07.762153+00:00
dailychannels,telegramchannels,channel,29,Travel,en,58,2026-04-22T13:17:07.762158+00:00
turbovpnofficial,telegramchannels,channel,34,Utilities & Tools,en,1,2026-04-22T13:17:21.428083+00:00
tubesensei,telegramchannels,channel,34,Utilities & Tools,en,2,2026-04-22T13:17:21.428092+00:00
dragonballstl,telegramchannels,channel,34,Utilities & Tools,en,3,2026-04-22T13:17:21.428095+00:00
genie_news,telegramchannels,channel,34,Utilities & Tools,en,7,2026-04-22T13:17:21.428114+00:00
dc_stl,telegramchannels,channel,34,Utilities & Tools,en,8,2026-04-22T13:17:21.428118+00:00
marvel_stl,telegramchannels,channel,34,Utilities & Tools,en,9,2026-04-22T13:17:21.428121+00:00
tgbotsz,telegramchannels,channel,34,Utilities & Tools,en,10,2026-04-22T13:17:21.428124+00:00
star_wars_stl,telegramchannels,channel,34,Utilities & Tools,en,11,2026-04-22T13:17:21.428128+00:00
legalvst,telegramchannels,channel,34,Utilities & Tools,en,12,2026-04-22T13:17:21.428131+00:00
dragon_ball_stl,telegramchannels,channel,34,Utilities & Tools,en,13,2026-04-22T13:17:21.428135+00:00
stl_pokemon,telegramchannels,channel,34,Utilities & Tools,en,14,2026-04-22T13:17:21.428138+00:00
threedcult,telegramchannels,channel,34,Utilities & Tools,en,15,2026-04-22T13:17:21.428141+00:00
kids_stl,telegramchannels,channel,34,Utilities & Tools,en,16,2026-04-22T13:17:21.428145+00:00
easy_bots_network,telegramchannels,channel,34,Utilities & Tools,en,17,2026-04-22T13:17:21.428148+00:00
osintlosena,telegramchannels,channel,34,Utilities & Tools,en,18,2026-04-22T13:17:21.428151+00:00
androidtv_tools,telegramchannels,channel,34,Utilities & Tools,en,19,2026-04-22T13:17:21.428154+00:00
smartapphub,telegramchannels,channel,34,Utilities & Tools,en,20,2026-04-22T13:17:21.428157+00:00
searchenginesoptimization20,telegramchannels,channel,34,Utilities & Tools,en,21,2026-04-22T13:17:21.428161+00:00
catuserbot17,telegramchannels,channel,34,Utilities & Tools,en,22,2026-04-22T13:17:21.428164+00:00
freesmsreceiver,telegramchannels,channel,34,Utilities & Tools,en,23,2026-04-22T13:17:21.428167+00:00
tmdw_army,telegramchannels,channel,34,Utilities & Tools,en,24,2026-04-22T13:17:21.428170+00:00
infinitytips2027,telegramchannels,channel,34,Utilities & Tools,en,25,2026-04-22T13:17:21.428173+00:00
matlab_tips,telegramchannels,channel,34,Utilities & Tools,en,26,2026-04-22T13:17:21.428176+00:00
proxy_lists,telegramchannels,channel,34,Utilities & Tools,en,27,2026-04-22T13:17:21.428179+00:00
drchiva,telegramchannels,channel,34,Utilities & Tools,en,28,2026-04-22T13:17:21.428182+00:00
flstudiooctv,telegramchannels,channel,34,Utilities & Tools,en,29,2026-04-22T13:17:21.428185+00:00
topgadgets4u,telegramchannels,channel,34,Utilities & Tools,en,30,2026-04-22T13:17:21.428188+00:00
hackeraviatorpro,telegramchannels,channel,34,Utilities & Tools,en,31,2026-04-22T13:17:21.428191+00:00
botsbusinessseller,telegramchannels,channel,34,Utilities & Tools,en,32,2026-04-22T13:17:21.428194+00:00
crydata_apps,telegramchannels,channel,34,Utilities & Tools,en,33,2026-04-22T13:17:21.428197+00:00
askforit21,telegramchannels,channel,34,Utilities & Tools,en,34,2026-04-22T13:17:21.428201+00:00
cloudflarewarppluskey,telegramchannels,channel,34,Utilities & Tools,en,35,2026-04-22T13:17:21.428204+00:00
strongtoolsga,telegramchannels,channel,34,Utilities & Tools,en,36,2026-04-22T13:17:21.428207+00:00
giveawayofthedayfeed,telegramchannels,channel,34,Utilities & Tools,en,37,2026-04-22T13:17:21.428210+00:00
hacker_all_in_one_stuff_tech,telegramchannels,channel,34,Utilities & Tools,en,38,2026-04-22T13:17:21.428213+00:00
mql5heaven,telegramchannels,channel,34,Utilities & Tools,en,39,2026-04-22T13:17:21.428216+00:00
cyber_frog_ai,telegramchannels,channel,34,Utilities & Tools,en,40,2026-04-22T13:17:21.428219+00:00
playconsolemarket1,telegramchannels,channel,34,Utilities & Tools,en,41,2026-04-22T13:17:21.428222+00:00
winningpc,telegramchannels,channel,34,Utilities & Tools,en,42,2026-04-22T13:17:21.428225+00:00
modzgabba,telegramchannels,channel,34,Utilities & Tools,en,43,2026-04-22T13:17:21.428228+00:00
rootxupdate,telegramchannels,channel,34,Utilities & Tools,en,44,2026-04-22T13:17:21.428231+00:00
archivesof50tones,telegramchannels,channel,34,Utilities & Tools,en,45,2026-04-22T13:17:21.428234+00:00
techandtricksbd,telegramchannels,channel,34,Utilities & Tools,en,46,2026-04-22T13:17:21.428237+00:00
hackingniko,telegramchannels,channel,34,Utilities & Tools,en,47,2026-04-22T13:17:21.428240+00:00
fileunzip,telegramchannels,channel,34,Utilities & Tools,en,48,2026-04-22T13:17:21.428243+00:00
fridaysupportofficial,telegramchannels,channel,34,Utilities & Tools,en,49,2026-04-22T13:17:21.428246+00:00
fratofthetrillion,telegramchannels,channel,34,Utilities & Tools,en,50,2026-04-22T13:17:21.428249+00:00
dailychannels,telegramchannels,channel,34,Utilities & Tools,en,51,2026-04-22T13:17:21.428253+00:00
