username,source,chat_type,category_slug,category_label,language,rank,scraped_at
okxofficial_english,telegramchannels,group,all,All Categories,en,1,2026-04-25T14:05:24.250366+00:00
binanceexchange,telegramchannels,group,all,All Categories,en,2,2026-04-25T14:05:24.250376+00:00
kucoin_exchange,telegramchannels,group,all,All Categories,en,3,2026-04-25T14:05:24.250379+00:00
cinema_kotaka,telegramchannels,group,all,All Categories,en,7,2026-04-25T14:05:24.250398+00:00
uxuyen,telegramchannels,group,all,All Categories,en,8,2026-04-25T14:05:24.250401+00:00
python,telegramchannels,group,all,All Categories,en,9,2026-04-25T14:05:24.250404+00:00
satoshi_club,telegramchannels,group,all,All Categories,en,10,2026-04-25T14:05:24.250407+00:00
musicartistsworldwide,telegramchannels,group,all,All Categories,en,11,2026-04-25T14:05:24.250410+00:00
fasttoken_eng,telegramchannels,group,all,All Categories,en,12,2026-04-25T14:05:24.250414+00:00
beincryptocommunity,telegramchannels,group,all,All Categories,en,13,2026-04-25T14:05:24.250417+00:00
badoocom,telegramchannels,group,all,All Categories,en,14,2026-04-25T14:05:24.250427+00:00
clubhousesb,telegramchannels,group,all,All Categories,en,15,2026-04-25T14:05:24.250432+00:00
randomchatschat,telegramchannels,group,all,All Categories,en,16,2026-04-25T14:05:24.250436+00:00
tinderru,telegramchannels,group,all,All Categories,en,17,2026-04-25T14:05:24.250439+00:00
cybersecurityexperts,telegramchannels,group,all,All Categories,en,18,2026-04-25T14:05:24.250442+00:00
fastex_community,telegramchannels,group,all,All Categories,en,19,2026-04-25T14:05:24.250446+00:00
stlall,telegramchannels,group,all,All Categories,en,20,2026-04-25T14:05:24.250449+00:00
english_chatting_club_global,telegramchannels,group,all,All Categories,en,21,2026-04-25T14:05:24.250452+00:00
printing3dminiaturesterrain,telegramchannels,group,all,All Categories,en,22,2026-04-25T14:05:24.250455+00:00
best_chat_group,telegramchannels,group,all,All Categories,en,23,2026-04-25T14:05:24.250459+00:00
ezreferralslink,telegramchannels,group,all,All Categories,en,24,2026-04-25T14:05:24.250462+00:00
english_chatting_club,telegramchannels,group,all,All Categories,en,25,2026-04-25T14:05:24.250465+00:00
groupstl,telegramchannels,group,all,All Categories,en,26,2026-04-25T14:05:24.250468+00:00
usadateworld,telegramchannels,group,all,All Categories,en,27,2026-04-25T14:05:24.250471+00:00
icospeaks,telegramchannels,group,all,All Categories,en,28,2026-04-25T14:05:24.250474+00:00
yne123,telegramchannels,group,all,All Categories,en,29,2026-04-25T14:05:24.250477+00:00
international_english_chattings,telegramchannels,group,all,All Categories,en,30,2026-04-25T14:05:24.250480+00:00
vipkhoone_group,telegramchannels,group,all,All Categories,en,31,2026-04-25T14:05:24.250484+00:00
binancenfts,telegramchannels,group,all,All Categories,en,32,2026-04-25T14:05:24.250487+00:00
kadena_io,telegramchannels,group,all,All Categories,en,33,2026-04-25T14:05:24.250490+00:00
chattings_international_english,telegramchannels,group,all,All Categories,en,34,2026-04-25T14:05:24.250493+00:00
cryptomoonshots_chat,telegramchannels,group,all,All Categories,en,35,2026-04-25T14:05:24.250497+00:00
randomchatsenglish,telegramchannels,group,all,All Categories,en,36,2026-04-25T14:05:24.250500+00:00
publictestgroup,telegramchannels,group,all,All Categories,en,37,2026-04-25T14:05:24.250503+00:00
bottalk,telegramchannels,group,all,All Categories,en,38,2026-04-25T14:05:24.250506+00:00
forexsiganl,telegramchannels,group,all,All Categories,en,39,2026-04-25T14:05:24.250509+00:00
miniaturesterraingroup,telegramchannels,group,all,All Categories,en,40,2026-04-25T14:05:24.250512+00:00
flashdx17,telegramchannels,group,all,All Categories,en,41,2026-04-25T14:05:24.250515+00:00
instagramstoriesboost,telegramchannels,group,all,All Categories,en,42,2026-04-25T14:05:24.250518+00:00
estatexofficial,telegramchannels,group,all,All Categories,en,43,2026-04-25T14:05:24.250521+00:00
belajarmicrosoftexcel,telegramchannels,group,all,All Categories,en,44,2026-04-25T14:05:24.250524+00:00
followdx30,telegramchannels,group,all,All Categories,en,45,2026-04-25T14:05:24.250527+00:00
printing3dcosplaystaticfigure,telegramchannels,group,all,All Categories,en,46,2026-04-25T14:05:24.250530+00:00
dx8flash,telegramchannels,group,all,All Categories,en,47,2026-04-25T14:05:24.250533+00:00
indexengineering,telegramchannels,group,all,All Categories,en,48,2026-04-25T14:05:24.250536+00:00
otakuzdream,telegramchannels,group,all,All Categories,en,49,2026-04-25T14:05:24.250539+00:00
cryptochatcwn,telegramchannels,group,all,All Categories,en,50,2026-04-25T14:05:24.250542+00:00
starwarsg,telegramchannels,group,all,All Categories,en,51,2026-04-25T14:05:24.250545+00:00
giftcardstore_best,telegramchannels,group,all,All Categories,en,52,2026-04-25T14:05:24.250548+00:00
chainlinkofficial,telegramchannels,group,all,All Categories,en,53,2026-04-25T14:05:24.250551+00:00
dbzgroup,telegramchannels,group,all,All Categories,en,54,2026-04-25T14:05:24.250555+00:00
androidthemesgroup,telegramchannels,group,all,All Categories,en,55,2026-04-25T14:05:24.250558+00:00
mervelgroup,telegramchannels,group,all,All Categories,en,56,2026-04-25T14:05:24.250561+00:00
english_chatting_groups_1,telegramchannels,group,all,All Categories,en,57,2026-04-25T14:05:24.250564+00:00
fmcpayglobalchat,telegramchannels,group,all,All Categories,en,58,2026-04-25T14:05:24.250568+00:00
tiktok_growth,telegramchannels,group,all,All Categories,en,59,2026-04-25T14:05:24.250571+00:00
bitbns,telegramchannels,group,all,All Categories,en,60,2026-04-25T14:05:24.250575+00:00
entrepreneurialjourney,telegramchannels,group,all,All Categories,en,61,2026-04-25T14:05:24.250578+00:00
pocket_space,telegramchannels,group,all,All Categories,en,62,2026-04-25T14:05:24.250581+00:00
ofmlustify,telegramchannels,group,all,All Categories,en,63,2026-04-25T14:05:24.250584+00:00
english_world_chatting,telegramchannels,group,all,All Categories,en,64,2026-04-25T14:05:24.250587+00:00
icolisting,telegramchannels,group,all,All Categories,en,65,2026-04-25T14:05:24.250590+00:00
programminginc,telegramchannels,group,all,All Categories,en,66,2026-04-25T14:05:24.250594+00:00
fresherjobs13,telegramchannels,group,all,All Categories,en,67,2026-04-25T14:05:24.250597+00:00
free_promotion_links_share_group,telegramchannels,group,all,All Categories,en,68,2026-04-25T14:05:24.250600+00:00
instagram_switzerland,telegramchannels,group,all,All Categories,en,69,2026-04-25T14:05:24.250603+00:00
great_worriors,telegramchannels,group,all,All Categories,en,70,2026-04-25T14:05:24.250606+00:00
l4lyoutube,telegramchannels,group,all,All Categories,en,71,2026-04-25T14:05:24.250610+00:00
spaininstagram,telegramchannels,group,all,All Categories,en,72,2026-04-25T14:05:24.250613+00:00
bee_official_english,telegramchannels,group,all,All Categories,en,73,2026-04-25T14:05:24.250616+00:00
reactjsnodejsmernstack,telegramchannels,group,all,All Categories,en,74,2026-04-25T14:05:24.250619+00:00
convalexanoq,telegramchannels,group,all,All Categories,en,75,2026-04-25T14:05:24.250622+00:00
instagramreelsdx40,telegramchannels,group,all,All Categories,en,76,2026-04-25T14:05:24.250625+00:00
jobsinlondongroup,telegramchannels,group,all,All Categories,en,77,2026-04-25T14:05:24.250628+00:00
instagram_france,telegramchannels,group,all,All Categories,en,78,2026-04-25T14:05:24.250632+00:00
cardano,telegramchannels,group,all,All Categories,en,79,2026-04-25T14:05:24.250635+00:00
wisecrypto_chat,telegramchannels,group,all,All Categories,en,80,2026-04-25T14:05:24.250638+00:00
monetization4youtube,telegramchannels,group,all,All Categories,en,81,2026-04-25T14:05:24.250641+00:00
kardiachain,telegramchannels,group,all,All Categories,en,82,2026-04-25T14:05:24.250644+00:00
minxtokenofficial,telegramchannels,group,all,All Categories,en,83,2026-04-25T14:05:24.250647+00:00
import_export_europe,telegramchannels,group,all,All Categories,en,84,2026-04-25T14:05:24.250651+00:00
internationalchatting,telegramchannels,group,all,All Categories,en,85,2026-04-25T14:05:24.250654+00:00
qiibee,telegramchannels,group,all,All Categories,en,86,2026-04-25T14:05:24.250657+00:00
mexcbengali,telegramchannels,group,all,All Categories,en,87,2026-04-25T14:05:24.250660+00:00
datastructuresandalgo,telegramchannels,group,all,All Categories,en,88,2026-04-25T14:05:24.250663+00:00
printww,telegramchannels,group,all,All Categories,en,89,2026-04-25T14:05:24.250666+00:00
add_toncoin,telegramchannels,group,all,All Categories,en,90,2026-04-25T14:05:24.250669+00:00
katanainu,telegramchannels,group,all,All Categories,en,91,2026-04-25T14:05:24.250672+00:00
whale_tracker,telegramchannels,group,all,All Categories,en,92,2026-04-25T14:05:24.250675+00:00
zombiesquadhq,telegramchannels,group,all,All Categories,en,93,2026-04-25T14:05:24.250678+00:00
bitsquad,telegramchannels,group,all,All Categories,en,94,2026-04-25T14:05:24.250682+00:00
oneledger,telegramchannels,group,all,All Categories,en,95,2026-04-25T14:05:24.250685+00:00
pocophoneglobalofficial,telegramchannels,group,all,All Categories,en,96,2026-04-25T14:05:24.250688+00:00
btcsminers_2_2,telegramchannels,group,all,All Categories,en,97,2026-04-25T14:05:24.250691+00:00
devopsedureka,telegramchannels,group,all,All Categories,en,98,2026-04-25T14:05:24.250694+00:00
english_chatting_house,telegramchannels,group,all,All Categories,en,99,2026-04-25T14:05:24.250698+00:00
django,telegramchannels,group,all,All Categories,en,100,2026-04-25T14:05:24.250701+00:00
online_slots,telegramchannels,group,all,All Categories,en,101,2026-04-25T14:05:24.250704+00:00
lifestyleinstagram,telegramchannels,group,all,All Categories,en,102,2026-04-25T14:05:24.250707+00:00
chat1xslots,telegramchannels,group,all,All Categories,en,103,2026-04-25T14:05:24.250711+00:00
weddingeventsforum,telegramchannels,group,3,Art & Design,en,1,2026-04-25T14:05:37.474632+00:00
corel_draw_illustrator_design,telegramchannels,group,3,Art & Design,en,2,2026-04-25T14:05:37.474639+00:00
msamtech,telegramchannels,group,3,Art & Design,en,3,2026-04-25T14:05:37.474642+00:00
uxinfinity,telegramchannels,group,3,Art & Design,en,7,2026-04-25T14:05:37.474661+00:00
adt_global_trade,telegramchannels,group,4,Auto & Moto,en,1,2026-04-25T14:05:50.886433+00:00
automobile_engineer,telegramchannels,group,4,Auto & Moto,en,2,2026-04-25T14:05:50.886441+00:00
marcon_carimporter,telegramchannels,group,4,Auto & Moto,en,3,2026-04-25T14:05:50.886444+00:00
truckstop,telegramchannels,group,4,Auto & Moto,en,7,2026-04-25T14:05:50.886462+00:00
hotshottrucking,telegramchannels,group,4,Auto & Moto,en,8,2026-04-25T14:05:50.886466+00:00
chat1xslots,telegramchannels,group,33,Betting,en,1,2026-04-25T14:06:04.358444+00:00
online_slots,telegramchannels,group,33,Betting,en,2,2026-04-25T14:06:04.358454+00:00
empirevape,telegramchannels,group,33,Betting,en,3,2026-04-25T14:06:04.358457+00:00
bet9ja,telegramchannels,group,33,Betting,en,7,2026-04-25T14:06:04.358475+00:00
sgallaboutfashion,telegramchannels,group,33,Betting,en,8,2026-04-25T14:06:04.358479+00:00
bookingcode1xbet,telegramchannels,group,33,Betting,en,9,2026-04-25T14:06:04.358482+00:00
exchmarketgroup,telegramchannels,group,33,Betting,en,10,2026-04-25T14:06:04.358485+00:00
promo1xbetcode,telegramchannels,group,33,Betting,en,11,2026-04-25T14:06:04.358488+00:00
street_wall_bets,telegramchannels,group,33,Betting,en,12,2026-04-25T14:06:04.358492+00:00
free1xbetfixedmatches,telegramchannels,group,33,Betting,en,13,2026-04-25T14:06:04.358494+00:00
fixed_matches_group,telegramchannels,group,33,Betting,en,14,2026-04-25T14:06:04.358498+00:00
fixedmatchesgroups,telegramchannels,group,33,Betting,en,15,2026-04-25T14:06:04.358501+00:00
free1xbetgames,telegramchannels,group,33,Betting,en,16,2026-04-25T14:06:04.358504+00:00
ibettingteam,telegramchannels,group,33,Betting,en,17,2026-04-25T14:06:04.358507+00:00
booking_code_1xbet,telegramchannels,group,33,Betting,en,18,2026-04-25T14:06:04.358510+00:00
bet11xbet55,telegramchannels,group,33,Betting,en,19,2026-04-25T14:06:04.358513+00:00
bettingsure100,telegramchannels,group,33,Betting,en,20,2026-04-25T14:06:04.358516+00:00
ishaanbhai,telegramchannels,group,33,Betting,en,21,2026-04-25T14:06:04.358519+00:00
top_tips_chat,telegramchannels,group,33,Betting,en,22,2026-04-25T14:06:04.358522+00:00
pay_after_winning2,telegramchannels,group,33,Betting,en,23,2026-04-25T14:06:04.358525+00:00
bettingtipsdaybyday,telegramchannels,group,33,Betting,en,24,2026-04-25T14:06:04.358528+00:00
godsofoddss,telegramchannels,group,33,Betting,en,25,2026-04-25T14:06:04.358531+00:00
mightytipschat,telegramchannels,group,33,Betting,en,26,2026-04-25T14:06:04.358535+00:00
treasurebets,telegramchannels,group,33,Betting,en,27,2026-04-25T14:06:04.358538+00:00
fixedmatcheseuro0,telegramchannels,group,33,Betting,en,28,2026-04-25T14:06:04.358541+00:00
bettingmlb,telegramchannels,group,33,Betting,en,29,2026-04-25T14:06:04.358543+00:00
fixedmatchdetection,telegramchannels,group,33,Betting,en,30,2026-04-25T14:06:04.358546+00:00
xbetempire,telegramchannels,group,33,Betting,en,31,2026-04-25T14:06:04.358549+00:00
bettingdiscussion,telegramchannels,group,33,Betting,en,32,2026-04-25T14:06:04.358552+00:00
moonclubcom_official,telegramchannels,group,33,Betting,en,33,2026-04-25T14:06:04.358555+00:00
sattakingmae,telegramchannels,group,33,Betting,en,34,2026-04-25T14:06:04.358559+00:00
sportybetwinning1,telegramchannels,group,33,Betting,en,35,2026-04-25T14:06:04.358562+00:00
futuressignaslconnect,telegramchannels,group,33,Betting,en,36,2026-04-25T14:06:04.358565+00:00
mybettingapp,telegramchannels,group,33,Betting,en,37,2026-04-25T14:06:04.358569+00:00
sportybetsuregame3,telegramchannels,group,33,Betting,en,38,2026-04-25T14:06:04.358572+00:00
dorismallpredictionn,telegramchannels,group,33,Betting,en,39,2026-04-25T14:06:04.358575+00:00
affrocapper,telegramchannels,group,33,Betting,en,40,2026-04-25T14:06:04.358577+00:00
daily_free_betting_tips,telegramchannels,group,33,Betting,en,41,2026-04-25T14:06:04.358581+00:00
bjkingcommunity,telegramchannels,group,33,Betting,en,42,2026-04-25T14:06:04.358584+00:00
dicegamblepublic,telegramchannels,group,33,Betting,en,43,2026-04-25T14:06:04.358587+00:00
correctscore_fixed,telegramchannels,group,33,Betting,en,44,2026-04-25T14:06:04.358590+00:00
ac88dn,telegramchannels,group,33,Betting,en,45,2026-04-25T14:06:04.358593+00:00
strategicbettinghubchatgroup,telegramchannels,group,33,Betting,en,46,2026-04-25T14:06:04.358596+00:00
correct_score_vip,telegramchannels,group,33,Betting,en,47,2026-04-25T14:06:04.358599+00:00
free_betting_odds,telegramchannels,group,33,Betting,en,48,2026-04-25T14:06:04.358602+00:00
cricketbettingbook,telegramchannels,group,33,Betting,en,49,2026-04-25T14:06:04.358604+00:00
sure_vip_fixed_correct_score,telegramchannels,group,33,Betting,en,50,2026-04-25T14:06:04.358607+00:00
fixed_matches8,telegramchannels,group,33,Betting,en,51,2026-04-25T14:06:04.358610+00:00
fulltimehalftimedraw,telegramchannels,group,33,Betting,en,52,2026-04-25T14:06:04.358613+00:00
football_betting_group,telegramchannels,group,33,Betting,en,53,2026-04-25T14:06:04.358616+00:00
pay_after_winning1,telegramchannels,group,33,Betting,en,54,2026-04-25T14:06:04.358619+00:00
payafter_won,telegramchannels,group,33,Betting,en,55,2026-04-25T14:06:04.358622+00:00
sports_betting_group,telegramchannels,group,33,Betting,en,56,2026-04-25T14:06:04.358624+00:00
bet9jabettingcode,telegramchannels,group,33,Betting,en,57,2026-04-25T14:06:04.358627+00:00
ooddshub,telegramchannels,group,33,Betting,en,58,2026-04-25T14:06:04.358630+00:00
footballbettinggroup,telegramchannels,group,33,Betting,en,59,2026-04-25T14:06:04.358633+00:00
bet9jasportycodes,telegramchannels,group,33,Betting,en,60,2026-04-25T14:06:04.358636+00:00
germany_fixed_matches,telegramchannels,group,33,Betting,en,61,2026-04-25T14:06:04.358639+00:00
goaloonews,telegramchannels,group,33,Betting,en,62,2026-04-25T14:06:04.358642+00:00
sportybetsuregame2,telegramchannels,group,33,Betting,en,63,2026-04-25T14:06:04.358645+00:00
betting_booking_codes,telegramchannels,group,33,Betting,en,64,2026-04-25T14:06:04.358648+00:00
sure_vip_fixed_matches,telegramchannels,group,33,Betting,en,65,2026-04-25T14:06:04.358650+00:00
bet9ja6,telegramchannels,group,33,Betting,en,66,2026-04-25T14:06:04.358653+00:00
tradescapechat,telegramchannels,group,33,Betting,en,67,2026-04-25T14:06:04.358656+00:00
correctscorefreebettips,telegramchannels,group,33,Betting,en,68,2026-04-25T14:06:04.358659+00:00
bigoddsfixedmatches,telegramchannels,group,33,Betting,en,69,2026-04-25T14:06:04.358662+00:00
sportybetbookingnumber,telegramchannels,group,33,Betting,en,70,2026-04-25T14:06:04.358665+00:00
netherland_fixed_matches,telegramchannels,group,33,Betting,en,71,2026-04-25T14:06:04.358668+00:00
raonebettingclub,telegramchannels,group,33,Betting,en,72,2026-04-25T14:06:04.358671+00:00
betcage,telegramchannels,group,33,Betting,en,73,2026-04-25T14:06:04.358673+00:00
fixedmatcheshalftime,telegramchannels,group,33,Betting,en,74,2026-04-25T14:06:04.358676+00:00
surebettinggame1,telegramchannels,group,33,Betting,en,75,2026-04-25T14:06:04.358679+00:00
fixedmatchespayafterwin,telegramchannels,group,33,Betting,en,76,2026-04-25T14:06:04.358682+00:00
correct_score7,telegramchannels,group,33,Betting,en,77,2026-04-25T14:06:04.358684+00:00
apollobetsfree,telegramchannels,group,33,Betting,en,78,2026-04-25T14:06:04.358687+00:00
fixed_matches2,telegramchannels,group,33,Betting,en,79,2026-04-25T14:06:04.358690+00:00
correctscore_vip,telegramchannels,group,33,Betting,en,80,2026-04-25T14:06:04.358693+00:00
pre_dic_tion,telegramchannels,group,33,Betting,en,81,2026-04-25T14:06:04.358696+00:00
robdabookieschat,telegramchannels,group,33,Betting,en,82,2026-04-25T14:06:04.358699+00:00
pre_diction,telegramchannels,group,33,Betting,en,83,2026-04-25T14:06:04.358702+00:00
need_fixed_matches,telegramchannels,group,33,Betting,en,84,2026-04-25T14:06:04.358705+00:00
mega4pari,telegramchannels,group,33,Betting,en,85,2026-04-25T14:06:04.358708+00:00
want_fixed_matches,telegramchannels,group,33,Betting,en,86,2026-04-25T14:06:04.358710+00:00
legitfixedgame1,telegramchannels,group,33,Betting,en,87,2026-04-25T14:06:04.358713+00:00
fixed_matches_games,telegramchannels,group,33,Betting,en,88,2026-04-25T14:06:04.358716+00:00
daily_chat,telegramchannels,group,33,Betting,en,89,2026-04-25T14:06:04.358719+00:00
matrix0244,telegramchannels,group,33,Betting,en,90,2026-04-25T14:06:04.358722+00:00
secureonlinebetting,telegramchannels,group,33,Betting,en,91,2026-04-25T14:06:04.358725+00:00
england_fixed_matches,telegramchannels,group,33,Betting,en,92,2026-04-25T14:06:04.358728+00:00
trustpolicy,telegramchannels,group,33,Betting,en,93,2026-04-25T14:06:04.358731+00:00
wordpressblogger,telegramchannels,group,5,Blogs,en,1,2026-04-25T14:06:17.976753+00:00
ibloggospel,telegramchannels,group,5,Blogs,en,2,2026-04-25T14:06:17.976761+00:00
trueblogging,telegramchannels,group,5,Blogs,en,3,2026-04-25T14:06:17.976764+00:00
instagram_tricks1,telegramchannels,group,5,Blogs,en,7,2026-04-25T14:06:17.976782+00:00
bloggersplanet,telegramchannels,group,5,Blogs,en,8,2026-04-25T14:06:17.976786+00:00
bongojobs,telegramchannels,group,5,Blogs,en,9,2026-04-25T14:06:17.976789+00:00
socialsupportelite,telegramchannels,group,5,Blogs,en,10,2026-04-25T14:06:17.976792+00:00
freeebooksstore,telegramchannels,group,6,Books & Magazine,en,1,2026-04-25T14:06:31.221934+00:00
engineering_ebooks,telegramchannels,group,6,Books & Magazine,en,2,2026-04-25T14:06:31.221942+00:00
library_books_enthusiasts,telegramchannels,group,6,Books & Magazine,en,3,2026-04-25T14:06:31.221946+00:00
audoroom,telegramchannels,group,6,Books & Magazine,en,7,2026-04-25T14:06:31.221964+00:00
readya10,telegramchannels,group,6,Books & Magazine,en,8,2026-04-25T14:06:31.221967+00:00
xlitechat,telegramchannels,group,6,Books & Magazine,en,9,2026-04-25T14:06:31.221969+00:00
ofmlustify,telegramchannels,group,7,Business & Startups,en,1,2026-04-25T14:06:44.692474+00:00
entrepreneurialjourney,telegramchannels,group,7,Business & Startups,en,2,2026-04-25T14:06:44.692482+00:00
jobsinlondongroup,telegramchannels,group,7,Business & Startups,en,3,2026-04-25T14:06:44.692486+00:00
import_export_europe,telegramchannels,group,7,Business & Startups,en,7,2026-04-25T14:06:44.692504+00:00
jobs_recruiters,telegramchannels,group,7,Business & Startups,en,8,2026-04-25T14:06:44.692508+00:00
shopifyeasy,telegramchannels,group,7,Business & Startups,en,9,2026-04-25T14:06:44.692511+00:00
opportunitiestelegram,telegramchannels,group,7,Business & Startups,en,10,2026-04-25T14:06:44.692514+00:00
canadajobsnrentalservice,telegramchannels,group,7,Business & Startups,en,11,2026-04-25T14:06:44.692517+00:00
entrepreneureliteclub,telegramchannels,group,7,Business & Startups,en,12,2026-04-25T14:06:44.692520+00:00
affiliateconfeng,telegramchannels,group,7,Business & Startups,en,13,2026-04-25T14:06:44.692523+00:00
freelancersworldwide,telegramchannels,group,7,Business & Startups,en,14,2026-04-25T14:06:44.692526+00:00
giganticwavesglobal,telegramchannels,group,7,Business & Startups,en,15,2026-04-25T14:06:44.692529+00:00
volatality75,telegramchannels,group,7,Business & Startups,en,16,2026-04-25T14:06:44.692532+00:00
officebasedjobslondon,telegramchannels,group,7,Business & Startups,en,17,2026-04-25T14:06:44.692535+00:00
govermentdiplomafresherjobpharma,telegramchannels,group,7,Business & Startups,en,18,2026-04-25T14:06:44.692539+00:00
it_jobs_new_zealand,telegramchannels,group,7,Business & Startups,en,19,2026-04-25T14:06:44.692542+00:00
biashara254,telegramchannels,group,7,Business & Startups,en,20,2026-04-25T14:06:44.692546+00:00
it_jobs_ireland,telegramchannels,group,7,Business & Startups,en,21,2026-04-25T14:06:44.692549+00:00
it_jobs_singapore,telegramchannels,group,7,Business & Startups,en,22,2026-04-25T14:06:44.692551+00:00
it_jobs_uk,telegramchannels,group,7,Business & Startups,en,23,2026-04-25T14:06:44.692555+00:00
hopprfyapp,telegramchannels,group,7,Business & Startups,en,24,2026-04-25T14:06:44.692558+00:00
middleeastjobs,telegramchannels,group,7,Business & Startups,en,25,2026-04-25T14:06:44.692561+00:00
agribusinesslink,telegramchannels,group,7,Business & Startups,en,26,2026-04-25T14:06:44.692564+00:00
manchesterjobs,telegramchannels,group,7,Business & Startups,en,27,2026-04-25T14:06:44.692567+00:00
mentholprotocol,telegramchannels,group,7,Business & Startups,en,28,2026-04-25T14:06:44.692570+00:00
it_jobs_south_africa,telegramchannels,group,7,Business & Startups,en,29,2026-04-25T14:06:44.692573+00:00
foundertalks,telegramchannels,group,7,Business & Startups,en,30,2026-04-25T14:06:44.692576+00:00
farcoderjobs,telegramchannels,group,7,Business & Startups,en,31,2026-04-25T14:06:44.692579+00:00
dubaijobsexpo2020,telegramchannels,group,7,Business & Startups,en,32,2026-04-25T14:06:44.692582+00:00
it_jobs_kenya,telegramchannels,group,7,Business & Startups,en,33,2026-04-25T14:06:44.692585+00:00
wglglobalteam,telegramchannels,group,7,Business & Startups,en,34,2026-04-25T14:06:44.692588+00:00
freshersjobsx24,telegramchannels,group,7,Business & Startups,en,35,2026-04-25T14:06:44.692591+00:00
thepepinitiative,telegramchannels,group,7,Business & Startups,en,36,2026-04-25T14:06:44.692594+00:00
igengagementbooster,telegramchannels,group,7,Business & Startups,en,37,2026-04-25T14:06:44.692597+00:00
kuwtkgroup,telegramchannels,group,8,Celebrities,en,1,2026-04-25T14:06:57.823040+00:00
randomchatschat,telegramchannels,group,35,Communication,en,1,2026-04-25T14:07:11.180936+00:00
cinema_kotaka,telegramchannels,group,35,Communication,en,2,2026-04-25T14:07:11.180945+00:00
english_chatting_club_global,telegramchannels,group,35,Communication,en,3,2026-04-25T14:07:11.180949+00:00
international_english_chattings,telegramchannels,group,35,Communication,en,7,2026-04-25T14:07:11.180967+00:00
chattings_international_english,telegramchannels,group,35,Communication,en,8,2026-04-25T14:07:11.180971+00:00
randomchatsenglish,telegramchannels,group,35,Communication,en,9,2026-04-25T14:07:11.180974+00:00
english_chatting_groups_1,telegramchannels,group,35,Communication,en,10,2026-04-25T14:07:11.180977+00:00
free_promotion_links_share_group,telegramchannels,group,35,Communication,en,11,2026-04-25T14:07:11.180981+00:00
internationalchatting,telegramchannels,group,35,Communication,en,12,2026-04-25T14:07:11.180984+00:00
bangloree,telegramchannels,group,35,Communication,en,13,2026-04-25T14:07:11.180987+00:00
united_global_friends,telegramchannels,group,35,Communication,en,14,2026-04-25T14:07:11.180990+00:00
tivimate_en,telegramchannels,group,35,Communication,en,15,2026-04-25T14:07:11.180993+00:00
gaysupportgroup,telegramchannels,group,35,Communication,en,16,2026-04-25T14:07:11.180996+00:00
melbournefreedomrally,telegramchannels,group,35,Communication,en,17,2026-04-25T14:07:11.180999+00:00
depressionandanxietywarrior,telegramchannels,group,35,Communication,en,18,2026-04-25T14:07:11.181003+00:00
usachristiandating,telegramchannels,group,35,Communication,en,19,2026-04-25T14:07:11.181006+00:00
girlsboyschatgroup8,telegramchannels,group,35,Communication,en,20,2026-04-25T14:07:11.181009+00:00
englishchatz,telegramchannels,group,35,Communication,en,21,2026-04-25T14:07:11.181012+00:00
biotechnologydiscuss,telegramchannels,group,35,Communication,en,22,2026-04-25T14:07:11.181016+00:00
auroritychat,telegramchannels,group,35,Communication,en,23,2026-04-25T14:07:11.181019+00:00
teamjupiter1,telegramchannels,group,35,Communication,en,24,2026-04-25T14:07:11.181022+00:00
anime_chat_associationqin,telegramchannels,group,35,Communication,en,25,2026-04-25T14:07:11.181025+00:00
chat_lovex,telegramchannels,group,35,Communication,en,26,2026-04-25T14:07:11.181028+00:00
superhero_ascension,telegramchannels,group,35,Communication,en,27,2026-04-25T14:07:11.181031+00:00
globalfriendshipdating24,telegramchannels,group,35,Communication,en,28,2026-04-25T14:07:11.181034+00:00
englishchatroomforlearn,telegramchannels,group,35,Communication,en,29,2026-04-25T14:07:11.181036+00:00
helloloveapp,telegramchannels,group,35,Communication,en,30,2026-04-25T14:07:11.181039+00:00
english_american_chatting_group,telegramchannels,group,35,Communication,en,31,2026-04-25T14:07:11.181043+00:00
lgbtsafespace,telegramchannels,group,35,Communication,en,32,2026-04-25T14:07:11.181046+00:00
chat_with_unknown_random_friends,telegramchannels,group,35,Communication,en,33,2026-04-25T14:07:11.181049+00:00
redpilledlightworkerseire,telegramchannels,group,35,Communication,en,34,2026-04-25T14:07:11.181052+00:00
worldwide_chats,telegramchannels,group,35,Communication,en,35,2026-04-25T14:07:11.181055+00:00
everyonecanchat,telegramchannels,group,35,Communication,en,36,2026-04-25T14:07:11.181058+00:00
englishchattingcommunity0,telegramchannels,group,35,Communication,en,37,2026-04-25T14:07:11.181061+00:00
international_english_chat01,telegramchannels,group,35,Communication,en,38,2026-04-25T14:07:11.181064+00:00
papegaai_chat,telegramchannels,group,35,Communication,en,39,2026-04-25T14:07:11.181067+00:00
dragon_ball_group,telegramchannels,group,35,Communication,en,40,2026-04-25T14:07:11.181070+00:00
chitchatforallguys,telegramchannels,group,35,Communication,en,41,2026-04-25T14:07:11.181073+00:00
titansocialmedia,telegramchannels,group,35,Communication,en,42,2026-04-25T14:07:11.181076+00:00
global_friends30,telegramchannels,group,35,Communication,en,43,2026-04-25T14:07:11.181079+00:00
digitalhamradio,telegramchannels,group,35,Communication,en,44,2026-04-25T14:07:11.181082+00:00
voiceroom,telegramchannels,group,35,Communication,en,45,2026-04-25T14:07:11.181085+00:00
raged_prince,telegramchannels,group,35,Communication,en,46,2026-04-25T14:07:11.181088+00:00
englishclubplus,telegramchannels,group,35,Communication,en,47,2026-04-25T14:07:11.181091+00:00
moyemoye_group,telegramchannels,group,35,Communication,en,48,2026-04-25T14:07:11.181094+00:00
busipromoting,telegramchannels,group,35,Communication,en,49,2026-04-25T14:07:11.181097+00:00
hopehollow,telegramchannels,group,35,Communication,en,50,2026-04-25T14:07:11.181100+00:00
zombiesquadhq,telegramchannels,group,41,Crypto Airdrop,en,1,2026-04-25T14:07:24.436105+00:00
icospeaks,telegramchannels,group,41,Crypto Airdrop,en,2,2026-04-25T14:07:24.436113+00:00
airdropkingnewsofficial,telegramchannels,group,41,Crypto Airdrop,en,3,2026-04-25T14:07:24.436116+00:00
axelnetwork,telegramchannels,group,41,Crypto Airdrop,en,7,2026-04-25T14:07:24.436134+00:00
ari10_com,telegramchannels,group,41,Crypto Airdrop,en,8,2026-04-25T14:07:24.436138+00:00
ready4player,telegramchannels,group,41,Crypto Airdrop,en,9,2026-04-25T14:07:24.436141+00:00
airdrop_madness_chat,telegramchannels,group,41,Crypto Airdrop,en,10,2026-04-25T14:07:24.436144+00:00
claimairdropz1,telegramchannels,group,41,Crypto Airdrop,en,11,2026-04-25T14:07:24.436147+00:00
soomatokengroup,telegramchannels,group,41,Crypto Airdrop,en,12,2026-04-25T14:07:24.436150+00:00
airdropcatalogchat,telegramchannels,group,41,Crypto Airdrop,en,13,2026-04-25T14:07:24.436153+00:00
margintoken,telegramchannels,group,41,Crypto Airdrop,en,14,2026-04-25T14:07:24.436156+00:00
knlinkshare,telegramchannels,group,41,Crypto Airdrop,en,15,2026-04-25T14:07:24.436160+00:00
cryptocurrencyairdropsss,telegramchannels,group,41,Crypto Airdrop,en,16,2026-04-25T14:07:24.436163+00:00
usdt_stablecoin,telegramchannels,group,41,Crypto Airdrop,en,17,2026-04-25T14:07:24.436166+00:00
verifiedairdropfree,telegramchannels,group,41,Crypto Airdrop,en,18,2026-04-25T14:07:24.436169+00:00
emojibotsupport,telegramchannels,group,41,Crypto Airdrop,en,19,2026-04-25T14:07:24.436172+00:00
fiestanowcoin,telegramchannels,group,41,Crypto Airdrop,en,20,2026-04-25T14:07:24.436175+00:00
millionairelt,telegramchannels,group,41,Crypto Airdrop,en,21,2026-04-25T14:07:24.436178+00:00
fairdroph,telegramchannels,group,41,Crypto Airdrop,en,22,2026-04-25T14:07:24.436181+00:00
jointhisairdrop,telegramchannels,group,41,Crypto Airdrop,en,23,2026-04-25T14:07:24.436183+00:00
techmoneysupport,telegramchannels,group,41,Crypto Airdrop,en,24,2026-04-25T14:07:24.436187+00:00
apolycapsegame,telegramchannels,group,41,Crypto Airdrop,en,25,2026-04-25T14:07:24.436189+00:00
claimairdropss,telegramchannels,group,41,Crypto Airdrop,en,26,2026-04-25T14:07:24.436192+00:00
airdropearners786,telegramchannels,group,41,Crypto Airdrop,en,27,2026-04-25T14:07:24.436195+00:00
usdt_on_tron,telegramchannels,group,41,Crypto Airdrop,en,28,2026-04-25T14:07:24.436198+00:00
cryptoc_urrency,telegramchannels,group,41,Crypto Airdrop,en,29,2026-04-25T14:07:24.436202+00:00
airdropking067,telegramchannels,group,41,Crypto Airdrop,en,30,2026-04-25T14:07:24.436205+00:00
okxofficial_english,telegramchannels,group,9,Cryptocurrencies,en,1,2026-04-25T14:07:38.034015+00:00
binanceexchange,telegramchannels,group,9,Cryptocurrencies,en,2,2026-04-25T14:07:38.034024+00:00
kucoin_exchange,telegramchannels,group,9,Cryptocurrencies,en,3,2026-04-25T14:07:38.034027+00:00
uxuyen,telegramchannels,group,9,Cryptocurrencies,en,7,2026-04-25T14:07:38.034046+00:00
satoshi_club,telegramchannels,group,9,Cryptocurrencies,en,8,2026-04-25T14:07:38.034049+00:00
fasttoken_eng,telegramchannels,group,9,Cryptocurrencies,en,9,2026-04-25T14:07:38.034053+00:00
fastex_community,telegramchannels,group,9,Cryptocurrencies,en,10,2026-04-25T14:07:38.034056+00:00
ezreferralslink,telegramchannels,group,9,Cryptocurrencies,en,11,2026-04-25T14:07:38.034059+00:00
vipkhoone_group,telegramchannels,group,9,Cryptocurrencies,en,12,2026-04-25T14:07:38.034062+00:00
binancenfts,telegramchannels,group,9,Cryptocurrencies,en,13,2026-04-25T14:07:38.034066+00:00
cryptomoonshots_chat,telegramchannels,group,9,Cryptocurrencies,en,14,2026-04-25T14:07:38.034069+00:00
estatexofficial,telegramchannels,group,9,Cryptocurrencies,en,15,2026-04-25T14:07:38.034072+00:00
cryptochatcwn,telegramchannels,group,9,Cryptocurrencies,en,16,2026-04-25T14:07:38.034076+00:00
chainlinkofficial,telegramchannels,group,9,Cryptocurrencies,en,17,2026-04-25T14:07:38.034079+00:00
icolisting,telegramchannels,group,9,Cryptocurrencies,en,18,2026-04-25T14:07:38.034082+00:00
bee_official_english,telegramchannels,group,9,Cryptocurrencies,en,19,2026-04-25T14:07:38.034085+00:00
convalexanoq,telegramchannels,group,9,Cryptocurrencies,en,20,2026-04-25T14:07:38.034088+00:00
cardano,telegramchannels,group,9,Cryptocurrencies,en,21,2026-04-25T14:07:38.034091+00:00
wisecrypto_chat,telegramchannels,group,9,Cryptocurrencies,en,22,2026-04-25T14:07:38.034095+00:00
kardiachain,telegramchannels,group,9,Cryptocurrencies,en,23,2026-04-25T14:07:38.034098+00:00
minxtokenofficial,telegramchannels,group,9,Cryptocurrencies,en,24,2026-04-25T14:07:38.034101+00:00
qiibee,telegramchannels,group,9,Cryptocurrencies,en,25,2026-04-25T14:07:38.034104+00:00
mexcbengali,telegramchannels,group,9,Cryptocurrencies,en,26,2026-04-25T14:07:38.034107+00:00
add_toncoin,telegramchannels,group,9,Cryptocurrencies,en,27,2026-04-25T14:07:38.034110+00:00
katanainu,telegramchannels,group,9,Cryptocurrencies,en,28,2026-04-25T14:07:38.034113+00:00
whale_tracker,telegramchannels,group,9,Cryptocurrencies,en,29,2026-04-25T14:07:38.034116+00:00
oneledger,telegramchannels,group,9,Cryptocurrencies,en,30,2026-04-25T14:07:38.034119+00:00
btcsminers_2_2,telegramchannels,group,9,Cryptocurrencies,en,31,2026-04-25T14:07:38.034123+00:00
litecoin,telegramchannels,group,9,Cryptocurrencies,en,32,2026-04-25T14:07:38.034126+00:00
thegempad,telegramchannels,group,9,Cryptocurrencies,en,33,2026-04-25T14:07:38.034129+00:00
timpime,telegramchannels,group,9,Cryptocurrencies,en,34,2026-04-25T14:07:38.034133+00:00
wavescommunity,telegramchannels,group,9,Cryptocurrencies,en,35,2026-04-25T14:07:38.034136+00:00
officialtapngo,telegramchannels,group,9,Cryptocurrencies,en,36,2026-04-25T14:07:38.034139+00:00
pundix,telegramchannels,group,9,Cryptocurrencies,en,37,2026-04-25T14:07:38.034141+00:00
humansdotai,telegramchannels,group,9,Cryptocurrencies,en,38,2026-04-25T14:07:38.034145+00:00
studentcoin,telegramchannels,group,9,Cryptocurrencies,en,39,2026-04-25T14:07:38.034148+00:00
jollywhaleofficialchat,telegramchannels,group,9,Cryptocurrencies,en,40,2026-04-25T14:07:38.034151+00:00
dxsale,telegramchannels,group,9,Cryptocurrencies,en,41,2026-04-25T14:07:38.034154+00:00
polkaswap,telegramchannels,group,9,Cryptocurrencies,en,42,2026-04-25T14:07:38.034157+00:00
dev_solidity,telegramchannels,group,9,Cryptocurrencies,en,43,2026-04-25T14:07:38.034161+00:00
bitshibatoken,telegramchannels,group,9,Cryptocurrencies,en,44,2026-04-25T14:07:38.034163+00:00
gamerhashofficial,telegramchannels,group,9,Cryptocurrencies,en,45,2026-04-25T14:07:38.034167+00:00
cheyniio,telegramchannels,group,9,Cryptocurrencies,en,46,2026-04-25T14:07:38.034170+00:00
community_3commas,telegramchannels,group,9,Cryptocurrencies,en,47,2026-04-25T14:07:38.034173+00:00
blockchain_headhunter,telegramchannels,group,9,Cryptocurrencies,en,48,2026-04-25T14:07:38.034176+00:00
yachtingverse_chat,telegramchannels,group,9,Cryptocurrencies,en,49,2026-04-25T14:07:38.034179+00:00
realbox_official,telegramchannels,group,9,Cryptocurrencies,en,50,2026-04-25T14:07:38.034183+00:00
escrowservicespro,telegramchannels,group,9,Cryptocurrencies,en,51,2026-04-25T14:07:38.034185+00:00
binance_info_english,telegramchannels,group,9,Cryptocurrencies,en,52,2026-04-25T14:07:38.034189+00:00
usdtgainandfreebnb,telegramchannels,group,9,Cryptocurrencies,en,53,2026-04-25T14:07:38.034192+00:00
cloudbits,telegramchannels,group,9,Cryptocurrencies,en,54,2026-04-25T14:07:38.034195+00:00
alphaomegacoinofficial,telegramchannels,group,9,Cryptocurrencies,en,55,2026-04-25T14:07:38.034198+00:00
ternoa,telegramchannels,group,9,Cryptocurrencies,en,56,2026-04-25T14:07:38.034202+00:00
plutopeofficial,telegramchannels,group,9,Cryptocurrencies,en,57,2026-04-25T14:07:38.034205+00:00
coinstatsapp,telegramchannels,group,9,Cryptocurrencies,en,58,2026-04-25T14:07:38.034208+00:00
goldpesaofficial,telegramchannels,group,9,Cryptocurrencies,en,59,2026-04-25T14:07:38.034211+00:00
drop_your_nfts,telegramchannels,group,9,Cryptocurrencies,en,60,2026-04-25T14:07:38.034215+00:00
metaverseestoniacm,telegramchannels,group,9,Cryptocurrencies,en,61,2026-04-25T14:07:38.034218+00:00
coreblockchaincc,telegramchannels,group,9,Cryptocurrencies,en,62,2026-04-25T14:07:38.034221+00:00
nextearth_chat,telegramchannels,group,9,Cryptocurrencies,en,63,2026-04-25T14:07:38.034224+00:00
blockairgame,telegramchannels,group,9,Cryptocurrencies,en,64,2026-04-25T14:07:38.034227+00:00
pumpportai,telegramchannels,group,9,Cryptocurrencies,en,65,2026-04-25T14:07:38.034231+00:00
ccie_ei_lab,telegramchannels,group,9,Cryptocurrencies,en,66,2026-04-25T14:07:38.034234+00:00
fuzzy_one,telegramchannels,group,9,Cryptocurrencies,en,67,2026-04-25T14:07:38.034237+00:00
aurusofficial,telegramchannels,group,9,Cryptocurrencies,en,68,2026-04-25T14:07:38.034240+00:00
quillaudits_official,telegramchannels,group,9,Cryptocurrencies,en,69,2026-04-25T14:07:38.034243+00:00
academymastercrypto,telegramchannels,group,9,Cryptocurrencies,en,70,2026-04-25T14:07:38.034246+00:00
broxus_chat,telegramchannels,group,9,Cryptocurrencies,en,71,2026-04-25T14:07:38.034249+00:00
shadowfiofficial,telegramchannels,group,9,Cryptocurrencies,en,72,2026-04-25T14:07:38.034252+00:00
sharering,telegramchannels,group,9,Cryptocurrencies,en,73,2026-04-25T14:07:38.034256+00:00
epsiloan,telegramchannels,group,9,Cryptocurrencies,en,74,2026-04-25T14:07:38.034259+00:00
bingxphilippines,telegramchannels,group,9,Cryptocurrencies,en,75,2026-04-25T14:07:38.034262+00:00
caesiumlabmedia,telegramchannels,group,9,Cryptocurrencies,en,76,2026-04-25T14:07:38.034265+00:00
pepeonsol,telegramchannels,group,9,Cryptocurrencies,en,77,2026-04-25T14:07:38.034268+00:00
yellowcardcrypto,telegramchannels,group,9,Cryptocurrencies,en,78,2026-04-25T14:07:38.034271+00:00
xyphertalk,telegramchannels,group,9,Cryptocurrencies,en,79,2026-04-25T14:07:38.034274+00:00
investorsheaven2022,telegramchannels,group,9,Cryptocurrencies,en,80,2026-04-25T14:07:38.034278+00:00
gemsofficer,telegramchannels,group,9,Cryptocurrencies,en,81,2026-04-25T14:07:38.034281+00:00
fournayz,telegramchannels,group,9,Cryptocurrencies,en,82,2026-04-25T14:07:38.034284+00:00
bitcoin_united_states,telegramchannels,group,9,Cryptocurrencies,en,83,2026-04-25T14:07:38.034287+00:00
qrledgerofficial,telegramchannels,group,9,Cryptocurrencies,en,84,2026-04-25T14:07:38.034290+00:00
vabble,telegramchannels,group,9,Cryptocurrencies,en,85,2026-04-25T14:07:38.034293+00:00
getblockio_eng,telegramchannels,group,9,Cryptocurrencies,en,86,2026-04-25T14:07:38.034296+00:00
freecryptopl,telegramchannels,group,9,Cryptocurrencies,en,87,2026-04-25T14:07:38.034299+00:00
cryptinoschat,telegramchannels,group,9,Cryptocurrencies,en,88,2026-04-25T14:07:38.034302+00:00
cryptoherotagroup,telegramchannels,group,9,Cryptocurrencies,en,89,2026-04-25T14:07:38.034305+00:00
coinbaazar_exchange,telegramchannels,group,9,Cryptocurrencies,en,90,2026-04-25T14:07:38.034308+00:00
megatoken_group,telegramchannels,group,9,Cryptocurrencies,en,91,2026-04-25T14:07:38.034311+00:00
crypt_talk,telegramchannels,group,9,Cryptocurrencies,en,92,2026-04-25T14:07:38.034314+00:00
hlcpakistan,telegramchannels,group,9,Cryptocurrencies,en,93,2026-04-25T14:07:38.034317+00:00
cryptom00nshots,telegramchannels,group,9,Cryptocurrencies,en,94,2026-04-25T14:07:38.034320+00:00
gmcoin,telegramchannels,group,9,Cryptocurrencies,en,95,2026-04-25T14:07:38.034323+00:00
bbcoinlegends,telegramchannels,group,9,Cryptocurrencies,en,96,2026-04-25T14:07:38.034326+00:00
cryptosanijibrin,telegramchannels,group,9,Cryptocurrencies,en,97,2026-04-25T14:07:38.034330+00:00
furrevertoken,telegramchannels,group,9,Cryptocurrencies,en,98,2026-04-25T14:07:38.034332+00:00
satoshipanda,telegramchannels,group,9,Cryptocurrencies,en,99,2026-04-25T14:07:38.034335+00:00
lewkcom,telegramchannels,group,9,Cryptocurrencies,en,100,2026-04-25T14:07:38.034338+00:00
surfboardfinance,telegramchannels,group,9,Cryptocurrencies,en,101,2026-04-25T14:07:38.034342+00:00
dexkit,telegramchannels,group,9,Cryptocurrencies,en,102,2026-04-25T14:07:38.034345+00:00
lucrosus_capital,telegramchannels,group,9,Cryptocurrencies,en,103,2026-04-25T14:07:38.034348+00:00
forexsiganl,telegramchannels,group,42,Crypto & FX Trading,en,1,2026-04-25T14:07:51.764069+00:00
beincryptocommunity,telegramchannels,group,42,Crypto & FX Trading,en,2,2026-04-25T14:07:51.764077+00:00
fmcpayglobalchat,telegramchannels,group,42,Crypto & FX Trading,en,3,2026-04-25T14:07:51.764080+00:00
bitbns,telegramchannels,group,42,Crypto & FX Trading,en,7,2026-04-25T14:07:51.764098+00:00
bitsquad,telegramchannels,group,42,Crypto & FX Trading,en,8,2026-04-25T14:07:51.764101+00:00
monkey_crypto_pump,telegramchannels,group,42,Crypto & FX Trading,en,9,2026-04-25T14:07:51.764104+00:00
forexchatpro,telegramchannels,group,42,Crypto & FX Trading,en,10,2026-04-25T14:07:51.764108+00:00
changenow_chat,telegramchannels,group,42,Crypto & FX Trading,en,11,2026-04-25T14:07:51.764111+00:00
whalepoolbtc,telegramchannels,group,42,Crypto & FX Trading,en,12,2026-04-25T14:07:51.764114+00:00
jaguar_crypto_family,telegramchannels,group,42,Crypto & FX Trading,en,13,2026-04-25T14:07:51.764117+00:00
ctrader_official,telegramchannels,group,42,Crypto & FX Trading,en,14,2026-04-25T14:07:51.764120+00:00
venturefxsgroup,telegramchannels,group,42,Crypto & FX Trading,en,15,2026-04-25T14:07:51.764123+00:00
funded_trading_chat,telegramchannels,group,42,Crypto & FX Trading,en,16,2026-04-25T14:07:51.764126+00:00
joechampion,telegramchannels,group,42,Crypto & FX Trading,en,17,2026-04-25T14:07:51.764129+00:00
workquestchat,telegramchannels,group,42,Crypto & FX Trading,en,18,2026-04-25T14:07:51.764132+00:00
binaryoptions5,telegramchannels,group,42,Crypto & FX Trading,en,19,2026-04-25T14:07:51.764135+00:00
forexunlockanddecompile,telegramchannels,group,42,Crypto & FX Trading,en,20,2026-04-25T14:07:51.764138+00:00
metaspace_metaverse,telegramchannels,group,42,Crypto & FX Trading,en,21,2026-04-25T14:07:51.764141+00:00
forexonfirefof,telegramchannels,group,42,Crypto & FX Trading,en,22,2026-04-25T14:07:51.764145+00:00
tradeinwalstreet,telegramchannels,group,42,Crypto & FX Trading,en,23,2026-04-25T14:07:51.764147+00:00
forexexperttrader999,telegramchannels,group,42,Crypto & FX Trading,en,24,2026-04-25T14:07:51.764151+00:00
binanacebearsgroup,telegramchannels,group,42,Crypto & FX Trading,en,25,2026-04-25T14:07:51.764154+00:00
ea_paradise_group,telegramchannels,group,42,Crypto & FX Trading,en,26,2026-04-25T14:07:51.764157+00:00
fxnpsignals,telegramchannels,group,42,Crypto & FX Trading,en,27,2026-04-25T14:07:51.764160+00:00
rallypipsfxsignals,telegramchannels,group,42,Crypto & FX Trading,en,28,2026-04-25T14:07:51.764163+00:00
whaletankchat,telegramchannels,group,42,Crypto & FX Trading,en,29,2026-04-25T14:07:51.764166+00:00
btpcryptop,telegramchannels,group,42,Crypto & FX Trading,en,30,2026-04-25T14:07:51.764169+00:00
coinsecret,telegramchannels,group,42,Crypto & FX Trading,en,31,2026-04-25T14:07:51.764172+00:00
hotbit_trading_pumps,telegramchannels,group,42,Crypto & FX Trading,en,32,2026-04-25T14:07:51.764175+00:00
tfltradergroupchat,telegramchannels,group,42,Crypto & FX Trading,en,33,2026-04-25T14:07:51.764178+00:00
pumphous,telegramchannels,group,42,Crypto & FX Trading,en,34,2026-04-25T14:07:51.764181+00:00
adrianmatthew123,telegramchannels,group,42,Crypto & FX Trading,en,35,2026-04-25T14:07:51.764184+00:00
pip_pro_traderfx,telegramchannels,group,42,Crypto & FX Trading,en,36,2026-04-25T14:07:51.764187+00:00
libreprimus,telegramchannels,group,42,Crypto & FX Trading,en,37,2026-04-25T14:07:51.764190+00:00
bitkanofficial,telegramchannels,group,42,Crypto & FX Trading,en,38,2026-04-25T14:07:51.764193+00:00
bestforexsignalschat,telegramchannels,group,42,Crypto & FX Trading,en,39,2026-04-25T14:07:51.764196+00:00
fxpremieresignalsofficial,telegramchannels,group,42,Crypto & FX Trading,en,40,2026-04-25T14:07:51.764199+00:00
goldmasteer786,telegramchannels,group,42,Crypto & FX Trading,en,41,2026-04-25T14:07:51.764202+00:00
ssjforexsignals9,telegramchannels,group,42,Crypto & FX Trading,en,42,2026-04-25T14:07:51.764206+00:00
gaby_callss,telegramchannels,group,42,Crypto & FX Trading,en,43,2026-04-25T14:07:51.764208+00:00
strape,telegramchannels,group,42,Crypto & FX Trading,en,44,2026-04-25T14:07:51.764211+00:00
tradinglivestream,telegramchannels,group,42,Crypto & FX Trading,en,45,2026-04-25T14:07:51.764214+00:00
forexchatcenter,telegramchannels,group,42,Crypto & FX Trading,en,46,2026-04-25T14:07:51.764217+00:00
futuress_signals,telegramchannels,group,42,Crypto & FX Trading,en,47,2026-04-25T14:07:51.764220+00:00
ailantrohub1,telegramchannels,group,42,Crypto & FX Trading,en,48,2026-04-25T14:07:51.764223+00:00
senales_forex_uk,telegramchannels,group,42,Crypto & FX Trading,en,49,2026-04-25T14:07:51.764227+00:00
caspian_tech,telegramchannels,group,42,Crypto & FX Trading,en,50,2026-04-25T14:07:51.764230+00:00
forexbiglotz,telegramchannels,group,42,Crypto & FX Trading,en,51,2026-04-25T14:07:51.764233+00:00
binance_chain_official,telegramchannels,group,42,Crypto & FX Trading,en,52,2026-04-25T14:07:51.764237+00:00
binaryoptionpro_signals,telegramchannels,group,42,Crypto & FX Trading,en,53,2026-04-25T14:07:51.764240+00:00
alphatradezonegroups,telegramchannels,group,42,Crypto & FX Trading,en,54,2026-04-25T14:07:51.764243+00:00
forexmarketmakersgroup,telegramchannels,group,42,Crypto & FX Trading,en,55,2026-04-25T14:07:51.764247+00:00
thebitcoinfxgroup,telegramchannels,group,42,Crypto & FX Trading,en,56,2026-04-25T14:07:51.764250+00:00
fxoptimal,telegramchannels,group,42,Crypto & FX Trading,en,57,2026-04-25T14:07:51.764253+00:00
alphatradezone_group,telegramchannels,group,42,Crypto & FX Trading,en,58,2026-04-25T14:07:51.764256+00:00
airswap,telegramchannels,group,42,Crypto & FX Trading,en,59,2026-04-25T14:07:51.764259+00:00
ailantrohub3,telegramchannels,group,42,Crypto & FX Trading,en,60,2026-04-25T14:07:51.764262+00:00
alphatradezone_group_ta,telegramchannels,group,42,Crypto & FX Trading,en,61,2026-04-25T14:07:51.764266+00:00
propfirmpasse,telegramchannels,group,42,Crypto & FX Trading,en,62,2026-04-25T14:07:51.764268+00:00
cryptoearnings_hub,telegramchannels,group,42,Crypto & FX Trading,en,63,2026-04-25T14:07:51.764271+00:00
white_walkers_pulsechain,telegramchannels,group,42,Crypto & FX Trading,en,64,2026-04-25T14:07:51.764274+00:00
coinfarm,telegramchannels,group,42,Crypto & FX Trading,en,65,2026-04-25T14:07:51.764278+00:00
binarydotcom,telegramchannels,group,42,Crypto & FX Trading,en,66,2026-04-25T14:07:51.764281+00:00
cryptocurrency_coinmarketcap,telegramchannels,group,42,Crypto & FX Trading,en,67,2026-04-25T14:07:51.764284+00:00
tradeonderibet,telegramchannels,group,42,Crypto & FX Trading,en,68,2026-04-25T14:07:51.764287+00:00
alphatradezonegroup,telegramchannels,group,42,Crypto & FX Trading,en,69,2026-04-25T14:07:51.764290+00:00
ninja_indicators,telegramchannels,group,42,Crypto & FX Trading,en,70,2026-04-25T14:07:51.764293+00:00
signalsentop,telegramchannels,group,42,Crypto & FX Trading,en,71,2026-04-25T14:07:51.764296+00:00
spikeforecaster,telegramchannels,group,42,Crypto & FX Trading,en,72,2026-04-25T14:07:51.764299+00:00
milkypips_smartbot,telegramchannels,group,42,Crypto & FX Trading,en,73,2026-04-25T14:07:51.764302+00:00
forexcrackedeas,telegramchannels,group,42,Crypto & FX Trading,en,74,2026-04-25T14:07:51.764305+00:00
nowtoken_bounty,telegramchannels,group,42,Crypto & FX Trading,en,75,2026-04-25T14:07:51.764308+00:00
tradeandinvest_chat,telegramchannels,group,42,Crypto & FX Trading,en,76,2026-04-25T14:07:51.764311+00:00
spotfuturesscalpingbinance,telegramchannels,group,42,Crypto & FX Trading,en,77,2026-04-25T14:07:51.764314+00:00
forexinafrica1,telegramchannels,group,42,Crypto & FX Trading,en,78,2026-04-25T14:07:51.764318+00:00
usa_stockmarket1,telegramchannels,group,42,Crypto & FX Trading,en,79,2026-04-25T14:07:51.764321+00:00
freeforextradingchat,telegramchannels,group,42,Crypto & FX Trading,en,80,2026-04-25T14:07:51.764324+00:00
dzfxtrading1,telegramchannels,group,42,Crypto & FX Trading,en,81,2026-04-25T14:07:51.764327+00:00
forexx23,telegramchannels,group,42,Crypto & FX Trading,en,82,2026-04-25T14:07:51.764330+00:00
quiptalk,telegramchannels,group,42,Crypto & FX Trading,en,83,2026-04-25T14:07:51.764333+00:00
alexanderalez,telegramchannels,group,42,Crypto & FX Trading,en,84,2026-04-25T14:07:51.764336+00:00
cptsgroup,telegramchannels,group,42,Crypto & FX Trading,en,85,2026-04-25T14:07:51.764339+00:00
forextradersandinvestorwld,telegramchannels,group,42,Crypto & FX Trading,en,86,2026-04-25T14:07:51.764342+00:00
cryptrich,telegramchannels,group,42,Crypto & FX Trading,en,87,2026-04-25T14:07:51.764345+00:00
p1pchaser,telegramchannels,group,42,Crypto & FX Trading,en,88,2026-04-25T14:07:51.764347+00:00
tradinghubfx,telegramchannels,group,42,Crypto & FX Trading,en,89,2026-04-25T14:07:51.764351+00:00
coinmazecrypto,telegramchannels,group,42,Crypto & FX Trading,en,90,2026-04-25T14:07:51.764354+00:00
ggshotleaks,telegramchannels,group,42,Crypto & FX Trading,en,91,2026-04-25T14:07:51.764356+00:00
coinwhiff,telegramchannels,group,42,Crypto & FX Trading,en,92,2026-04-25T14:07:51.764359+00:00
ablfreesignals,telegramchannels,group,42,Crypto & FX Trading,en,93,2026-04-25T14:07:51.764362+00:00
futuresheroeschat,telegramchannels,group,42,Crypto & FX Trading,en,94,2026-04-25T14:07:51.764365+00:00
tradingwithstyle,telegramchannels,group,42,Crypto & FX Trading,en,95,2026-04-25T14:07:51.764368+00:00
alexviptradingsignal,telegramchannels,group,42,Crypto & FX Trading,en,96,2026-04-25T14:07:51.764371+00:00
derivdotcom,telegramchannels,group,42,Crypto & FX Trading,en,97,2026-04-25T14:07:51.764374+00:00
apetradebot,telegramchannels,group,42,Crypto & FX Trading,en,98,2026-04-25T14:07:51.764377+00:00
sigline_public,telegramchannels,group,42,Crypto & FX Trading,en,99,2026-04-25T14:07:51.764380+00:00
americanfxmaster,telegramchannels,group,42,Crypto & FX Trading,en,100,2026-04-25T14:07:51.764383+00:00
exeltrading,telegramchannels,group,42,Crypto & FX Trading,en,101,2026-04-25T14:07:51.764386+00:00
safxtraders,telegramchannels,group,42,Crypto & FX Trading,en,102,2026-04-25T14:07:51.764389+00:00
pockethunterzone,telegramchannels,group,42,Crypto & FX Trading,en,103,2026-04-25T14:07:51.764391+00:00
bilals_tech,telegramchannels,group,10,Economics & Finance,en,1,2026-04-25T14:08:04.810164+00:00
fresherjobs13,telegramchannels,group,10,Economics & Finance,en,2,2026-04-25T14:08:04.810172+00:00
bengaluruofficial,telegramchannels,group,10,Economics & Finance,en,3,2026-04-25T14:08:04.810176+00:00
usdteurope,telegramchannels,group,10,Economics & Finance,en,7,2026-04-25T14:08:04.810195+00:00
probrokersltd,telegramchannels,group,10,Economics & Finance,en,8,2026-04-25T14:08:04.810197+00:00
liquide_academy,telegramchannels,group,10,Economics & Finance,en,9,2026-04-25T14:08:04.810200+00:00
pakistanpaymentgateway,telegramchannels,group,10,Economics & Finance,en,10,2026-04-25T14:08:04.810203+00:00
stockmarketdiscussion1,telegramchannels,group,10,Economics & Finance,en,11,2026-04-25T14:08:04.810206+00:00
sgmarketnpreipo,telegramchannels,group,10,Economics & Finance,en,12,2026-04-25T14:08:04.810209+00:00
stockmarketwithsg,telegramchannels,group,10,Economics & Finance,en,13,2026-04-25T14:08:04.810213+00:00
safefundmanager,telegramchannels,group,10,Economics & Finance,en,14,2026-04-25T14:08:04.810216+00:00
legitwaystomakemoneynow,telegramchannels,group,10,Economics & Finance,en,15,2026-04-25T14:08:04.810219+00:00
makemoneyonline,telegramchannels,group,10,Economics & Finance,en,16,2026-04-25T14:08:04.810222+00:00
pincomeopport,telegramchannels,group,10,Economics & Finance,en,17,2026-04-25T14:08:04.810224+00:00
smartmoneyrobotea1,telegramchannels,group,10,Economics & Finance,en,18,2026-04-25T14:08:04.810227+00:00
stockallnew,telegramchannels,group,10,Economics & Finance,en,19,2026-04-25T14:08:04.810230+00:00
bestguranteedinvestmentlimited,telegramchannels,group,10,Economics & Finance,en,20,2026-04-25T14:08:04.810233+00:00
international_ai_marketing,telegramchannels,group,10,Economics & Finance,en,21,2026-04-25T14:08:04.810236+00:00
havokclub,telegramchannels,group,10,Economics & Finance,en,22,2026-04-25T14:08:04.810239+00:00
financeadmit,telegramchannels,group,10,Economics & Finance,en,23,2026-04-25T14:08:04.810242+00:00
bnf_option,telegramchannels,group,10,Economics & Finance,en,24,2026-04-25T14:08:04.810245+00:00
belajarmicrosoftexcel,telegramchannels,group,11,Education,en,1,2026-04-25T14:08:18.561858+00:00
yne123,telegramchannels,group,11,Education,en,2,2026-04-25T14:08:18.561866+00:00
great_worriors,telegramchannels,group,11,Education,en,3,2026-04-25T14:08:18.561870+00:00
web_developersz,telegramchannels,group,11,Education,en,7,2026-04-25T14:08:18.561888+00:00
guru_exam,telegramchannels,group,11,Education,en,8,2026-04-25T14:08:18.561892+00:00
vlsichaps,telegramchannels,group,11,Education,en,9,2026-04-25T14:08:18.561895+00:00
fullstackpathwaygroup,telegramchannels,group,11,Education,en,10,2026-04-25T14:08:18.561898+00:00
termux24x7,telegramchannels,group,11,Education,en,11,2026-04-25T14:08:18.561901+00:00
udemy_free_courses2u,telegramchannels,group,11,Education,en,12,2026-04-25T14:08:18.561904+00:00
superexams,telegramchannels,group,11,Education,en,13,2026-04-25T14:08:18.561907+00:00
doubt_buster_alpha,telegramchannels,group,11,Education,en,14,2026-04-25T14:08:18.561910+00:00
join_pure_mathematics,telegramchannels,group,11,Education,en,15,2026-04-25T14:08:18.561914+00:00
uaejobsonly,telegramchannels,group,11,Education,en,16,2026-04-25T14:08:18.561917+00:00
lcspeakgerman,telegramchannels,group,11,Education,en,17,2026-04-25T14:08:18.561920+00:00
mains_mastery,telegramchannels,group,11,Education,en,18,2026-04-25T14:08:18.561923+00:00
comrs12c,telegramchannels,group,11,Education,en,19,2026-04-25T14:08:18.561926+00:00
meganaukricom,telegramchannels,group,11,Education,en,20,2026-04-25T14:08:18.561929+00:00
dranojan,telegramchannels,group,11,Education,en,21,2026-04-25T14:08:18.561932+00:00
civil_home1,telegramchannels,group,11,Education,en,22,2026-04-25T14:08:18.561935+00:00
vancouverinternationalstudents,telegramchannels,group,11,Education,en,23,2026-04-25T14:08:18.561939+00:00
essaywork,telegramchannels,group,11,Education,en,24,2026-04-25T14:08:18.561942+00:00
corgitoreaders,telegramchannels,group,11,Education,en,25,2026-04-25T14:08:18.561945+00:00
scholarship_talks,telegramchannels,group,11,Education,en,26,2026-04-25T14:08:18.561948+00:00
freecoursesforitstudents,telegramchannels,group,11,Education,en,27,2026-04-25T14:08:18.561951+00:00
homemadesfood,telegramchannels,group,11,Education,en,28,2026-04-25T14:08:18.561954+00:00
allessayssg,telegramchannels,group,11,Education,en,29,2026-04-25T14:08:18.561957+00:00
the_bible_study_group,telegramchannels,group,11,Education,en,30,2026-04-25T14:08:18.561961+00:00
psychedelicempire,telegramchannels,group,11,Education,en,31,2026-04-25T14:08:18.561964+00:00
neet_pg_aiims,telegramchannels,group,11,Education,en,32,2026-04-25T14:08:18.561967+00:00
islamquransunnaheducation,telegramchannels,group,11,Education,en,33,2026-04-25T14:08:18.561970+00:00
smartcivils,telegramchannels,group,11,Education,en,34,2026-04-25T14:08:18.561973+00:00
currentaffairs_lab,telegramchannels,group,11,Education,en,35,2026-04-25T14:08:18.561976+00:00
eenglishcclub,telegramchannels,group,11,Education,en,36,2026-04-25T14:08:18.561979+00:00
gracerealmministries,telegramchannels,group,11,Education,en,37,2026-04-25T14:08:18.561982+00:00
chatcouponcode,telegramchannels,group,11,Education,en,38,2026-04-25T14:08:18.561985+00:00
ekeduneet,telegramchannels,group,11,Education,en,39,2026-04-25T14:08:18.561988+00:00
englishforwardcommunity,telegramchannels,group,11,Education,en,40,2026-04-25T14:08:18.561991+00:00
cdr_writers,telegramchannels,group,11,Education,en,41,2026-04-25T14:08:18.561994+00:00
africans1,telegramchannels,group,11,Education,en,42,2026-04-25T14:08:18.561997+00:00
scrummastertrain,telegramchannels,group,11,Education,en,43,2026-04-25T14:08:18.562000+00:00
capfinterview,telegramchannels,group,11,Education,en,44,2026-04-25T14:08:18.562003+00:00
capfacgroup,telegramchannels,group,11,Education,en,45,2026-04-25T14:08:18.562006+00:00
civildiscussiongrp,telegramchannels,group,11,Education,en,46,2026-04-25T14:08:18.562009+00:00
quranhadithmuslim,telegramchannels,group,11,Education,en,47,2026-04-25T14:08:18.562012+00:00
learningonlinecourses,telegramchannels,group,11,Education,en,48,2026-04-25T14:08:18.562015+00:00
dankbaatcheet,telegramchannels,group,11,Education,en,49,2026-04-25T14:08:18.562018+00:00
noteshaibhai,telegramchannels,group,11,Education,en,50,2026-04-25T14:08:18.562021+00:00
dubaiwalkinjobs,telegramchannels,group,11,Education,en,51,2026-04-25T14:08:18.562024+00:00
oiatooldiscussion,telegramchannels,group,11,Education,en,52,2026-04-25T14:08:18.562027+00:00
python3programmer,telegramchannels,group,11,Education,en,53,2026-04-25T14:08:18.562030+00:00
level_my_english,telegramchannels,group,11,Education,en,54,2026-04-25T14:08:18.562033+00:00
letsgetfluent,telegramchannels,group,11,Education,en,55,2026-04-25T14:08:18.562036+00:00
certgrow,telegramchannels,group,11,Education,en,56,2026-04-25T14:08:18.562039+00:00
psupyq,telegramchannels,group,11,Education,en,57,2026-04-25T14:08:18.562042+00:00
globaludemyy,telegramchannels,group,11,Education,en,58,2026-04-25T14:08:18.562045+00:00
youthskillempowerment,telegramchannels,group,11,Education,en,59,2026-04-25T14:08:18.562048+00:00
uniquestudi,telegramchannels,group,11,Education,en,60,2026-04-25T14:08:18.562051+00:00
neet_zone,telegramchannels,group,11,Education,en,61,2026-04-25T14:08:18.562054+00:00
paytmlootgroup,telegramchannels,group,11,Education,en,62,2026-04-25T14:08:18.562057+00:00
careervyaschat,telegramchannels,group,11,Education,en,63,2026-04-25T14:08:18.562060+00:00
bloomquizmaster,telegramchannels,group,11,Education,en,64,2026-04-25T14:08:18.562062+00:00
fivegknowledgebase,telegramchannels,group,11,Education,en,65,2026-04-25T14:08:18.562065+00:00
clickbeegroup,telegramchannels,group,12,Entertainment,en,1,2026-04-25T14:08:32.025255+00:00
otakuzdream,telegramchannels,group,12,Entertainment,en,2,2026-04-25T14:08:32.025263+00:00
flashkidd_freenet,telegramchannels,group,12,Entertainment,en,3,2026-04-25T14:08:32.025266+00:00
addictedgroup,telegramchannels,group,12,Entertainment,en,7,2026-04-25T14:08:32.025284+00:00
friendlyeng,telegramchannels,group,12,Entertainment,en,8,2026-04-25T14:08:32.025288+00:00
onepiecegroup,telegramchannels,group,12,Entertainment,en,9,2026-04-25T14:08:32.025291+00:00
introvertempire,telegramchannels,group,12,Entertainment,en,10,2026-04-25T14:08:32.025294+00:00
talking21,telegramchannels,group,12,Entertainment,en,11,2026-04-25T14:08:32.025297+00:00
international_worldtalkers_club,telegramchannels,group,12,Entertainment,en,12,2026-04-25T14:08:32.025300+00:00
dating_in_telegram,telegramchannels,group,12,Entertainment,en,13,2026-04-25T14:08:32.025303+00:00
exchangeiptv,telegramchannels,group,12,Entertainment,en,14,2026-04-25T14:08:32.025307+00:00
opspoiler,telegramchannels,group,12,Entertainment,en,15,2026-04-25T14:08:32.025310+00:00
dx5lcinsta,telegramchannels,group,12,Entertainment,en,16,2026-04-25T14:08:32.025313+00:00
moviesssadda,telegramchannels,group,12,Entertainment,en,17,2026-04-25T14:08:32.025316+00:00
flat_earthers,telegramchannels,group,12,Entertainment,en,18,2026-04-25T14:08:32.025319+00:00
ourqueengp,telegramchannels,group,12,Entertainment,en,19,2026-04-25T14:08:32.025322+00:00
iptv_hero,telegramchannels,group,12,Entertainment,en,20,2026-04-25T14:08:32.025325+00:00
tiktokcentral,telegramchannels,group,12,Entertainment,en,21,2026-04-25T14:08:32.025328+00:00
animenikko,telegramchannels,group,12,Entertainment,en,22,2026-04-25T14:08:32.025331+00:00
dankwaifu,telegramchannels,group,12,Entertainment,en,23,2026-04-25T14:08:32.025334+00:00
animeryuzoku,telegramchannels,group,12,Entertainment,en,24,2026-04-25T14:08:32.025337+00:00
stolenmemeshere,telegramchannels,group,12,Entertainment,en,25,2026-04-25T14:08:32.025341+00:00
nintendo_gamers,telegramchannels,group,12,Entertainment,en,26,2026-04-25T14:08:32.025344+00:00
englishtalksclub,telegramchannels,group,12,Entertainment,en,27,2026-04-25T14:08:32.025347+00:00
animekaizokuencodes,telegramchannels,group,12,Entertainment,en,28,2026-04-25T14:08:32.025350+00:00
haruhii_suzumiya_brigade,telegramchannels,group,12,Entertainment,en,29,2026-04-25T14:08:32.025353+00:00
chattingspot,telegramchannels,group,12,Entertainment,en,30,2026-04-25T14:08:32.025356+00:00
ogagatvmovies,telegramchannels,group,12,Entertainment,en,31,2026-04-25T14:08:32.025360+00:00
animegakkou,telegramchannels,group,12,Entertainment,en,32,2026-04-25T14:08:32.025363+00:00
globalforum,telegramchannels,group,12,Entertainment,en,33,2026-04-25T14:08:32.025366+00:00
romantic_friendss,telegramchannels,group,12,Entertainment,en,34,2026-04-25T14:08:32.025369+00:00
based_chat,telegramchannels,group,12,Entertainment,en,35,2026-04-25T14:08:32.025373+00:00
vibes12man,telegramchannels,group,12,Entertainment,en,36,2026-04-25T14:08:32.025376+00:00
gofurry,telegramchannels,group,12,Entertainment,en,37,2026-04-25T14:08:32.025379+00:00
deschat,telegramchannels,group,12,Entertainment,en,38,2026-04-25T14:08:32.025382+00:00
gotchaday,telegramchannels,group,12,Entertainment,en,39,2026-04-25T14:08:32.025385+00:00
leaderstv1,telegramchannels,group,12,Entertainment,en,40,2026-04-25T14:08:32.025388+00:00
internationalgp2,telegramchannels,group,12,Entertainment,en,41,2026-04-25T14:08:32.025390+00:00
cnfansfever,telegramchannels,group,13,Fashion & Beauty,en,1,2026-04-25T14:08:45.320607+00:00
sgmodels,telegramchannels,group,13,Fashion & Beauty,en,2,2026-04-25T14:08:45.320615+00:00
luxurybrandgang_group,telegramchannels,group,13,Fashion & Beauty,en,3,2026-04-25T14:08:45.320619+00:00
connect_mfr_resaler_group,telegramchannels,group,13,Fashion & Beauty,en,7,2026-04-25T14:08:45.320637+00:00
latestfashionanddesign,telegramchannels,group,13,Fashion & Beauty,en,8,2026-04-25T14:08:45.320640+00:00
streetconceptgr,telegramchannels,group,13,Fashion & Beauty,en,9,2026-04-25T14:08:45.320643+00:00
dhamakadeals789,telegramchannels,group,13,Fashion & Beauty,en,10,2026-04-25T14:08:45.320646+00:00
deadstardizcountz,telegramchannels,group,14,Food,en,1,2026-04-25T14:08:58.527371+00:00
medievalempireschat,telegramchannels,group,15,Games & Apps,en,1,2026-04-25T14:09:11.899312+00:00
pocket_space,telegramchannels,group,15,Games & Apps,en,2,2026-04-25T14:09:11.899320+00:00
unity3ddevs,telegramchannels,group,15,Games & Apps,en,3,2026-04-25T14:09:11.899323+00:00
soratopia,telegramchannels,group,15,Games & Apps,en,7,2026-04-25T14:09:11.899341+00:00
dogedogegame,telegramchannels,group,15,Games & Apps,en,8,2026-04-25T14:09:11.899344+00:00
deepspacegame,telegramchannels,group,15,Games & Apps,en,9,2026-04-25T14:09:11.899347+00:00
tauntbattleworld,telegramchannels,group,15,Games & Apps,en,10,2026-04-25T14:09:11.899350+00:00
axiommodz,telegramchannels,group,15,Games & Apps,en,11,2026-04-25T14:09:11.899353+00:00
animeryu,telegramchannels,group,15,Games & Apps,en,12,2026-04-25T14:09:11.899357+00:00
cryptosouleng,telegramchannels,group,15,Games & Apps,en,13,2026-04-25T14:09:11.899360+00:00
wodocommunity,telegramchannels,group,15,Games & Apps,en,14,2026-04-25T14:09:11.899363+00:00
shareyourlinksplatform,telegramchannels,group,15,Games & Apps,en,15,2026-04-25T14:09:11.899366+00:00
wfun_sg_community,telegramchannels,group,15,Games & Apps,en,16,2026-04-25T14:09:11.899369+00:00
all_moviesandpc_games_request,telegramchannels,group,15,Games & Apps,en,17,2026-04-25T14:09:11.899372+00:00
cockpit_panel,telegramchannels,group,15,Games & Apps,en,18,2026-04-25T14:09:11.899375+00:00
paypalsmoney,telegramchannels,group,15,Games & Apps,en,19,2026-04-25T14:09:11.899379+00:00
gameshub13,telegramchannels,group,15,Games & Apps,en,20,2026-04-25T14:09:11.899382+00:00
pokemon_global,telegramchannels,group,15,Games & Apps,en,21,2026-04-25T14:09:11.899385+00:00
pubgbgmichat,telegramchannels,group,15,Games & Apps,en,22,2026-04-25T14:09:11.899388+00:00
pubgtdm,telegramchannels,group,15,Games & Apps,en,23,2026-04-25T14:09:11.899391+00:00
pokemongo_friends,telegramchannels,group,15,Games & Apps,en,24,2026-04-25T14:09:11.899395+00:00
yamrajofficialgod,telegramchannels,group,15,Games & Apps,en,25,2026-04-25T14:09:11.899398+00:00
pubgroyalgamers,telegramchannels,group,15,Games & Apps,en,26,2026-04-25T14:09:11.899401+00:00
hello56786,telegramchannels,group,15,Games & Apps,en,27,2026-04-25T14:09:11.899404+00:00
ada222x,telegramchannels,group,15,Games & Apps,en,28,2026-04-25T14:09:11.899407+00:00
codetop_follow,telegramchannels,group,15,Games & Apps,en,29,2026-04-25T14:09:11.899410+00:00
minimilitia_gamers,telegramchannels,group,15,Games & Apps,en,30,2026-04-25T14:09:11.899413+00:00
creationsbyrdgroup,telegramchannels,group,15,Games & Apps,en,31,2026-04-25T14:09:11.899416+00:00
gamingdiscussion,telegramchannels,group,15,Games & Apps,en,32,2026-04-25T14:09:11.899426+00:00
pokemonpocketmeta,telegramchannels,group,15,Games & Apps,en,33,2026-04-25T14:09:11.899430+00:00
gamee_at_games,telegramchannels,group,15,Games & Apps,en,34,2026-04-25T14:09:11.899434+00:00
songtubegroup,telegramchannels,group,15,Games & Apps,en,35,2026-04-25T14:09:11.899437+00:00
qqhongbao33cc,telegramchannels,group,15,Games & Apps,en,36,2026-04-25T14:09:11.899440+00:00
androidapkappschannel,telegramchannels,group,15,Games & Apps,en,37,2026-04-25T14:09:11.899443+00:00
kjurghfr,telegramchannels,group,15,Games & Apps,en,38,2026-04-25T14:09:11.899446+00:00
wolfgangnakal,telegramchannels,group,15,Games & Apps,en,39,2026-04-25T14:09:11.899449+00:00
unoroom,telegramchannels,group,15,Games & Apps,en,40,2026-04-25T14:09:11.899452+00:00
netvrk_group,telegramchannels,group,15,Games & Apps,en,41,2026-04-25T14:09:11.899455+00:00
luckyjetaviatorjetx,telegramchannels,group,15,Games & Apps,en,42,2026-04-25T14:09:11.899458+00:00
wierdpanti,telegramchannels,group,15,Games & Apps,en,43,2026-04-25T14:09:11.899461+00:00
ketty124,telegramchannels,group,15,Games & Apps,en,44,2026-04-25T14:09:11.899464+00:00
choigamekiemtien,telegramchannels,group,15,Games & Apps,en,45,2026-04-25T14:09:11.899467+00:00
ps4_digital_stuff,telegramchannels,group,15,Games & Apps,en,46,2026-04-25T14:09:11.899470+00:00
ludoclub5555,telegramchannels,group,15,Games & Apps,en,47,2026-04-25T14:09:11.899473+00:00
walkifyapp1,telegramchannels,group,15,Games & Apps,en,48,2026-04-25T14:09:11.899476+00:00
ludokingdpshrivastava,telegramchannels,group,15,Games & Apps,en,49,2026-04-25T14:09:11.899479+00:00
playludoworld1495,telegramchannels,group,15,Games & Apps,en,50,2026-04-25T14:09:11.899482+00:00
sharpintl,telegramchannels,group,15,Games & Apps,en,51,2026-04-25T14:09:11.899485+00:00
yoga_meditation_js,telegramchannels,group,16,Health,en,1,2026-04-25T14:09:25.262381+00:00
chlorinedioxidesolutions,telegramchannels,group,16,Health,en,2,2026-04-25T14:09:25.262388+00:00
wellness_group,telegramchannels,group,16,Health,en,3,2026-04-25T14:09:25.262391+00:00
nowherbalife,telegramchannels,group,16,Health,en,7,2026-04-25T14:09:25.262410+00:00
huddlehumans,telegramchannels,group,16,Health,en,8,2026-04-25T14:09:25.262413+00:00
english_world_chatting,telegramchannels,group,17,Languages,en,1,2026-04-25T14:09:38.494066+00:00
english_chatting_club,telegramchannels,group,17,Languages,en,2,2026-04-25T14:09:38.494074+00:00
english_chatting_house,telegramchannels,group,17,Languages,en,3,2026-04-25T14:09:38.494077+00:00
lcspeakenglish,telegramchannels,group,17,Languages,en,7,2026-04-25T14:09:38.494096+00:00
english_literature_litzpedia,telegramchannels,group,17,Languages,en,8,2026-04-25T14:09:38.494099+00:00
learnenglish_quickly,telegramchannels,group,17,Languages,en,9,2026-04-25T14:09:38.494102+00:00
english_chatting_google,telegramchannels,group,17,Languages,en,10,2026-04-25T14:09:38.494106+00:00
advancedchat,telegramchannels,group,17,Languages,en,11,2026-04-25T14:09:38.494109+00:00
english_chattinggroup,telegramchannels,group,17,Languages,en,12,2026-04-25T14:09:38.494112+00:00
lcspeakfrench,telegramchannels,group,17,Languages,en,13,2026-04-25T14:09:38.494115+00:00
talking_e,telegramchannels,group,17,Languages,en,14,2026-04-25T14:09:38.494119+00:00
theenglishtelegram,telegramchannels,group,17,Languages,en,15,2026-04-25T14:09:38.494122+00:00
hubofenglish,telegramchannels,group,17,Languages,en,16,2026-04-25T14:09:38.494125+00:00
learningenglishtrump,telegramchannels,group,17,Languages,en,17,2026-04-25T14:09:38.494128+00:00
the_englishclub,telegramchannels,group,17,Languages,en,18,2026-04-25T14:09:38.494132+00:00
seekcommunity,telegramchannels,group,17,Languages,en,19,2026-04-25T14:09:38.494135+00:00
iloveenglishpractice,telegramchannels,group,17,Languages,en,20,2026-04-25T14:09:38.494138+00:00
english_speaking_group01,telegramchannels,group,17,Languages,en,21,2026-04-25T14:09:38.494142+00:00
english_chatting_cafe,telegramchannels,group,17,Languages,en,22,2026-04-25T14:09:38.494145+00:00
languagelearning123,telegramchannels,group,17,Languages,en,23,2026-04-25T14:09:38.494148+00:00
letstalkinenglish4,telegramchannels,group,17,Languages,en,24,2026-04-25T14:09:38.494151+00:00
lcspeakitalian,telegramchannels,group,17,Languages,en,25,2026-04-25T14:09:38.494154+00:00
the_english_speaking_club,telegramchannels,group,17,Languages,en,26,2026-04-25T14:09:38.494158+00:00
en_chat,telegramchannels,group,17,Languages,en,27,2026-04-25T14:09:38.494161+00:00
lt_english_group,telegramchannels,group,17,Languages,en,28,2026-04-25T14:09:38.494164+00:00
american_english_chatting,telegramchannels,group,17,Languages,en,29,2026-04-25T14:09:38.494167+00:00
lcspeakportuguese,telegramchannels,group,17,Languages,en,30,2026-04-25T14:09:38.494170+00:00
englishlanguagechat,telegramchannels,group,17,Languages,en,31,2026-04-25T14:09:38.494173+00:00
english_and_chinese_chat,telegramchannels,group,17,Languages,en,32,2026-04-25T14:09:38.494176+00:00
spanish_english_group,telegramchannels,group,17,Languages,en,33,2026-04-25T14:09:38.494179+00:00
ancient_egyptian_language,telegramchannels,group,17,Languages,en,34,2026-04-25T14:09:38.494183+00:00
englishspeakinggur,telegramchannels,group,17,Languages,en,35,2026-04-25T14:09:38.494186+00:00
lcspeakbahasa,telegramchannels,group,17,Languages,en,36,2026-04-25T14:09:38.494189+00:00
internationalenglishchat_2025,telegramchannels,group,17,Languages,en,37,2026-04-25T14:09:38.494192+00:00
zerotoheroenglish,telegramchannels,group,17,Languages,en,38,2026-04-25T14:09:38.494195+00:00
englishchatting2023,telegramchannels,group,17,Languages,en,39,2026-04-25T14:09:38.494198+00:00
englishchattingxz,telegramchannels,group,17,Languages,en,40,2026-04-25T14:09:38.494201+00:00
english_american_group,telegramchannels,group,17,Languages,en,41,2026-04-25T14:09:38.494204+00:00
peace4tworld,telegramchannels,group,17,Languages,en,42,2026-04-25T14:09:38.494208+00:00
englishchat21,telegramchannels,group,17,Languages,en,43,2026-04-25T14:09:38.494211+00:00
translation_tpona,telegramchannels,group,17,Languages,en,44,2026-04-25T14:09:38.494214+00:00
google_search_group,telegramchannels,group,17,Languages,en,45,2026-04-25T14:09:38.494217+00:00
internationalenglish_group,telegramchannels,group,17,Languages,en,46,2026-04-25T14:09:38.494220+00:00
talkgermany,telegramchannels,group,18,Love,en,1,2026-04-25T14:09:51.993193+00:00
usadateworld,telegramchannels,group,18,Love,en,2,2026-04-25T14:09:51.993201+00:00
hookupdatingapps,telegramchannels,group,18,Love,en,3,2026-04-25T14:09:51.993204+00:00
coffeeandbagel,telegramchannels,group,18,Love,en,7,2026-04-25T14:09:51.993222+00:00
tinderdatingapps,telegramchannels,group,18,Love,en,8,2026-04-25T14:09:51.993225+00:00
digital4marketing,telegramchannels,group,20,Marketing,en,1,2026-04-25T14:10:05.134050+00:00
topreach,telegramchannels,group,20,Marketing,en,2,2026-04-25T14:10:05.134058+00:00
socialmediamanagers2,telegramchannels,group,20,Marketing,en,3,2026-04-25T14:10:05.134061+00:00
joinchatglobalcommoditytraders,telegramchannels,group,20,Marketing,en,7,2026-04-25T14:10:05.134080+00:00
megaladonscalls,telegramchannels,group,20,Marketing,en,8,2026-04-25T14:10:05.134083+00:00
tradinghubfacts,telegramchannels,group,20,Marketing,en,9,2026-04-25T14:10:05.134086+00:00
hyderabadpropertydealer,telegramchannels,group,20,Marketing,en,10,2026-04-25T14:10:05.134089+00:00
infernalmarket,telegramchannels,group,20,Marketing,en,11,2026-04-25T14:10:05.134092+00:00
workfromhome9876,telegramchannels,group,20,Marketing,en,12,2026-04-25T14:10:05.134095+00:00
social_media_markets,telegramchannels,group,20,Marketing,en,13,2026-04-25T14:10:05.134098+00:00
siva_digital,telegramchannels,group,20,Marketing,en,14,2026-04-25T14:10:05.134102+00:00
instalovelikes,telegramchannels,group,20,Marketing,en,15,2026-04-25T14:10:05.134105+00:00
advetiseforfree,telegramchannels,group,20,Marketing,en,16,2026-04-25T14:10:05.134108+00:00
adult_traffic_buy_sell,telegramchannels,group,20,Marketing,en,17,2026-04-25T14:10:05.134111+00:00
rtb_talks,telegramchannels,group,20,Marketing,en,18,2026-04-25T14:10:05.134114+00:00
letsmakemoney_online,telegramchannels,group,20,Marketing,en,19,2026-04-25T14:10:05.134118+00:00
fivioopenmarket,telegramchannels,group,20,Marketing,en,20,2026-04-25T14:10:05.134121+00:00
unlimitedadvertisement_free,telegramchannels,group,20,Marketing,en,21,2026-04-25T14:10:05.134124+00:00
super_ideas_making_money_online,telegramchannels,group,20,Marketing,en,22,2026-04-25T14:10:05.134127+00:00
rocketlcdx30,telegramchannels,group,20,Marketing,en,23,2026-04-25T14:10:05.134130+00:00
amazon_deals_cashback,telegramchannels,group,20,Marketing,en,24,2026-04-25T14:10:05.134134+00:00
instapod_dx3,telegramchannels,group,20,Marketing,en,25,2026-04-25T14:10:05.134137+00:00
likes24hinstagram,telegramchannels,group,20,Marketing,en,26,2026-04-25T14:10:05.134140+00:00
blogstrategies,telegramchannels,group,20,Marketing,en,27,2026-04-25T14:10:05.134143+00:00
rocketlcdx25,telegramchannels,group,20,Marketing,en,28,2026-04-25T14:10:05.134147+00:00
mongoseomarketplace,telegramchannels,group,20,Marketing,en,29,2026-04-25T14:10:05.134150+00:00
rocketlcdx20,telegramchannels,group,20,Marketing,en,30,2026-04-25T14:10:05.134152+00:00
syokimaubusiness,telegramchannels,group,20,Marketing,en,31,2026-04-25T14:10:05.134155+00:00
instagrow30,telegramchannels,group,20,Marketing,en,32,2026-04-25T14:10:05.134158+00:00
rocketlcdx10,telegramchannels,group,20,Marketing,en,33,2026-04-25T14:10:05.134161+00:00
likestagram1,telegramchannels,group,20,Marketing,en,34,2026-04-25T14:10:05.134164+00:00
rocketlcdx15,telegramchannels,group,20,Marketing,en,35,2026-04-25T14:10:05.134166+00:00
instagramgainsdx3,telegramchannels,group,20,Marketing,en,36,2026-04-25T14:10:05.134169+00:00
refer_to_gether,telegramchannels,group,20,Marketing,en,37,2026-04-25T14:10:05.134172+00:00
reviewscenter,telegramchannels,group,20,Marketing,en,38,2026-04-25T14:10:05.134175+00:00
crowd1box,telegramchannels,group,20,Marketing,en,39,2026-04-25T14:10:05.134178+00:00
dx20thunderinstagram,telegramchannels,group,20,Marketing,en,40,2026-04-25T14:10:05.134180+00:00
freepromotion_links_share_group,telegramchannels,group,20,Marketing,en,41,2026-04-25T14:10:05.134183+00:00
activesestore,telegramchannels,group,20,Marketing,en,42,2026-04-25T14:10:05.134187+00:00
dx40thunderinstagram,telegramchannels,group,20,Marketing,en,43,2026-04-25T14:10:05.134189+00:00
dx5thunderinstagram,telegramchannels,group,20,Marketing,en,44,2026-04-25T14:10:05.134192+00:00
dx30thunderinstagram,telegramchannels,group,20,Marketing,en,45,2026-04-25T14:10:05.134195+00:00
dx25thunderinstagram,telegramchannels,group,20,Marketing,en,46,2026-04-25T14:10:05.134198+00:00
redditengagement,telegramchannels,group,20,Marketing,en,47,2026-04-25T14:10:05.134201+00:00
iptvunitedkingdom,telegramchannels,group,30,Movies & Videos,en,1,2026-04-25T14:10:18.207202+00:00
l4lyoutube,telegramchannels,group,30,Movies & Videos,en,2,2026-04-25T14:10:18.207210+00:00
watchhours,telegramchannels,group,30,Movies & Videos,en,3,2026-04-25T14:10:18.207213+00:00
memesfunnyvideosdan,telegramchannels,group,30,Movies & Videos,en,7,2026-04-25T14:10:18.207230+00:00
iptveurope724,telegramchannels,group,30,Movies & Videos,en,8,2026-04-25T14:10:18.207233+00:00
apnamoviesgroup,telegramchannels,group,30,Movies & Videos,en,9,2026-04-25T14:10:18.207236+00:00
piracybay,telegramchannels,group,30,Movies & Videos,en,10,2026-04-25T14:10:18.207239+00:00
restreamprozone,telegramchannels,group,30,Movies & Videos,en,11,2026-04-25T14:10:18.207242+00:00
stryketvseriesofficial,telegramchannels,group,30,Movies & Videos,en,12,2026-04-25T14:10:18.207245+00:00
iptvespagneitalyuk,telegramchannels,group,30,Movies & Videos,en,13,2026-04-25T14:10:18.207248+00:00
youtube_channel22,telegramchannels,group,30,Movies & Videos,en,14,2026-04-25T14:10:18.207251+00:00
animechatgroupenglish,telegramchannels,group,30,Movies & Videos,en,15,2026-04-25T14:10:18.207253+00:00
animekawaiigroup,telegramchannels,group,30,Movies & Videos,en,16,2026-04-25T14:10:18.207256+00:00
youtubecommunity_creators,telegramchannels,group,30,Movies & Videos,en,17,2026-04-25T14:10:18.207260+00:00
newmoviereq,telegramchannels,group,30,Movies & Videos,en,18,2026-04-25T14:10:18.207262+00:00
mweymarmovie,telegramchannels,group,30,Movies & Videos,en,19,2026-04-25T14:10:18.207265+00:00
hindimovieshd100,telegramchannels,group,30,Movies & Videos,en,20,2026-04-25T14:10:18.207268+00:00
tvcinemassocial,telegramchannels,group,30,Movies & Videos,en,21,2026-04-25T14:10:18.207271+00:00
sub4subsupergroup,telegramchannels,group,30,Movies & Videos,en,22,2026-04-25T14:10:18.207273+00:00
xtozmoive,telegramchannels,group,30,Movies & Videos,en,23,2026-04-25T14:10:18.207276+00:00
youtsubscmmnty,telegramchannels,group,30,Movies & Videos,en,24,2026-04-25T14:10:18.207279+00:00
movieshubdiscussions,telegramchannels,group,30,Movies & Videos,en,25,2026-04-25T14:10:18.207282+00:00
locoviber,telegramchannels,group,30,Movies & Videos,en,26,2026-04-25T14:10:18.207285+00:00
audius,telegramchannels,group,21,Music,en,1,2026-04-25T14:10:32.081293+00:00
musicartistsworldwide,telegramchannels,group,21,Music,en,2,2026-04-25T14:10:32.081300+00:00
spotifysaver321,telegramchannels,group,21,Music,en,3,2026-04-25T14:10:32.081304+00:00
djnetworkworldwide,telegramchannels,group,21,Music,en,7,2026-04-25T14:10:32.081322+00:00
musicaespecialmp3,telegramchannels,group,21,Music,en,8,2026-04-25T14:10:32.081326+00:00
indiegroup,telegramchannels,group,21,Music,en,9,2026-04-25T14:10:32.081328+00:00
metalwithtags,telegramchannels,group,21,Music,en,10,2026-04-25T14:10:32.081332+00:00
musiccloudsl,telegramchannels,group,21,Music,en,11,2026-04-25T14:10:32.081335+00:00
ztqfviw2ytm1,telegramchannels,group,21,Music,en,12,2026-04-25T14:10:32.081338+00:00
lastfm_telegram,telegramchannels,group,21,Music,en,13,2026-04-25T14:10:32.081341+00:00
agtdabeatbreakerz,telegramchannels,group,21,Music,en,14,2026-04-25T14:10:32.081344+00:00
music_tren,telegramchannels,group,21,Music,en,15,2026-04-25T14:10:32.081347+00:00
weshmyplug1,telegramchannels,group,21,Music,en,16,2026-04-25T14:10:32.081350+00:00
yogamedit,telegramchannels,group,21,Music,en,17,2026-04-25T14:10:32.081353+00:00
stoicville,telegramchannels,group,21,Music,en,18,2026-04-25T14:10:32.081356+00:00
shinnime09,telegramchannels,group,21,Music,en,19,2026-04-25T14:10:32.081359+00:00
petspicsvideos,telegramchannels,group,1,Nature & Animals,en,1,2026-04-25T14:10:45.264755+00:00
ballpythonsworld,telegramchannels,group,1,Nature & Animals,en,2,2026-04-25T14:10:45.264763+00:00
anthroexpo,telegramchannels,group,1,Nature & Animals,en,3,2026-04-25T14:10:45.264766+00:00
tonomons,telegramchannels,group,23,News & Media,en,1,2026-04-25T14:10:58.870586+00:00
areyouawakeyet,telegramchannels,group,23,News & Media,en,2,2026-04-25T14:10:58.870594+00:00
juliegreen_ministries,telegramchannels,group,23,News & Media,en,3,2026-04-25T14:10:58.870598+00:00
realdeplorables,telegramchannels,group,23,News & Media,en,7,2026-04-25T14:10:58.870616+00:00
qpatriots,telegramchannels,group,23,News & Media,en,8,2026-04-25T14:10:58.870619+00:00
trumpsupportersus,telegramchannels,group,23,News & Media,en,9,2026-04-25T14:10:58.870622+00:00
androidnewsgroup,telegramchannels,group,23,News & Media,en,10,2026-04-25T14:10:58.870626+00:00
tinderru,telegramchannels,group,39,NSFW & Adults,en,1,2026-04-25T14:11:12.878510+00:00
badoocom,telegramchannels,group,39,NSFW & Adults,en,2,2026-04-25T14:11:12.878518+00:00
best_chat_group,telegramchannels,group,39,NSFW & Adults,en,3,2026-04-25T14:11:12.878522+00:00
camgirlschat2025,telegramchannels,group,39,NSFW & Adults,en,7,2026-04-25T14:11:12.878541+00:00
mambamos,telegramchannels,group,39,NSFW & Adults,en,8,2026-04-25T14:11:12.878544+00:00
ofmegalink18,telegramchannels,group,39,NSFW & Adults,en,9,2026-04-25T14:11:12.878547+00:00
onlycamofficial,telegramchannels,group,39,NSFW & Adults,en,10,2026-04-25T14:11:12.878550+00:00
hotskinnystunners,telegramchannels,group,39,NSFW & Adults,en,11,2026-04-25T14:11:12.878553+00:00
kayitcom,telegramchannels,group,39,NSFW & Adults,en,12,2026-04-25T14:11:12.878556+00:00
feel_something_real_video_profil,telegramchannels,group,39,NSFW & Adults,en,13,2026-04-25T14:11:12.878559+00:00
mikaylacampinos267,telegramchannels,group,39,NSFW & Adults,en,14,2026-04-25T14:11:12.878562+00:00
piperrockelle267,telegramchannels,group,39,NSFW & Adults,en,15,2026-04-25T14:11:12.878565+00:00
ja191993,telegramchannels,group,39,NSFW & Adults,en,16,2026-04-25T14:11:12.878568+00:00
professorleaksof,telegramchannels,group,39,NSFW & Adults,en,17,2026-04-25T14:11:12.878571+00:00
onlyfans_leaks_worldwide,telegramchannels,group,39,NSFW & Adults,en,18,2026-04-25T14:11:12.878575+00:00
let_s_meet_up_new_site_to_watch,telegramchannels,group,39,NSFW & Adults,en,19,2026-04-25T14:11:12.878578+00:00
flirty_soft_meet_flirt_and_chat,telegramchannels,group,39,NSFW & Adults,en,20,2026-04-25T14:11:12.878581+00:00
dating_with_vibe_chat_search_and,telegramchannels,group,39,NSFW & Adults,en,21,2026-04-25T14:11:12.878584+00:00
virtual_love_real_profiles_real,telegramchannels,group,39,NSFW & Adults,en,22,2026-04-25T14:11:12.878588+00:00
mysterious_chat_new_matches_dail,telegramchannels,group,39,NSFW & Adults,en,23,2026-04-25T14:11:12.878591+00:00
just_wanna_love_real_people_real,telegramchannels,group,39,NSFW & Adults,en,24,2026-04-25T14:11:12.878595+00:00
sibella_avdic,telegramchannels,group,39,NSFW & Adults,en,25,2026-04-25T14:11:12.878598+00:00
topmodelschat_vip,telegramchannels,group,39,NSFW & Adults,en,26,2026-04-25T14:11:12.878601+00:00
usadateworld1,telegramchannels,group,39,NSFW & Adults,en,27,2026-04-25T14:11:12.878604+00:00
flashdx17,telegramchannels,group,31,Other,en,1,2026-04-25T14:11:26.658243+00:00
stlall,telegramchannels,group,31,Other,en,2,2026-04-25T14:11:26.658251+00:00
instagramstoriesboost,telegramchannels,group,31,Other,en,3,2026-04-25T14:11:26.658255+00:00
followdx30,telegramchannels,group,31,Other,en,7,2026-04-25T14:11:26.658273+00:00
dx8flash,telegramchannels,group,31,Other,en,8,2026-04-25T14:11:26.658276+00:00
giftcardstore_best,telegramchannels,group,31,Other,en,9,2026-04-25T14:11:26.658280+00:00
dbzgroup,telegramchannels,group,31,Other,en,10,2026-04-25T14:11:26.658283+00:00
tiktok_growth,telegramchannels,group,31,Other,en,11,2026-04-25T14:11:26.658286+00:00
instagram_switzerland,telegramchannels,group,31,Other,en,12,2026-04-25T14:11:26.658289+00:00
spaininstagram,telegramchannels,group,31,Other,en,13,2026-04-25T14:11:26.658292+00:00
instagramreelsdx40,telegramchannels,group,31,Other,en,14,2026-04-25T14:11:26.658296+00:00
instagram_france,telegramchannels,group,31,Other,en,15,2026-04-25T14:11:26.658299+00:00
monetization4youtube,telegramchannels,group,31,Other,en,16,2026-04-25T14:11:26.658302+00:00
lifestyleinstagram,telegramchannels,group,31,Other,en,17,2026-04-25T14:11:26.658305+00:00
dx10flash,telegramchannels,group,31,Other,en,18,2026-04-25T14:11:26.658309+00:00
dx60instagramlikes,telegramchannels,group,31,Other,en,19,2026-04-25T14:11:26.658312+00:00
dx15flash,telegramchannels,group,31,Other,en,20,2026-04-25T14:11:26.658315+00:00
dx24flash,telegramchannels,group,31,Other,en,21,2026-04-25T14:11:26.658318+00:00
bestlondonjob,telegramchannels,group,31,Other,en,22,2026-04-25T14:11:26.658321+00:00
wikibitregulatorycommunity,telegramchannels,group,31,Other,en,23,2026-04-25T14:11:26.658324+00:00
malwareresearch,telegramchannels,group,31,Other,en,24,2026-04-25T14:11:26.658328+00:00
mbbsprep,telegramchannels,group,31,Other,en,25,2026-04-25T14:11:26.658331+00:00
livestreamfeet,telegramchannels,group,31,Other,en,26,2026-04-25T14:11:26.658334+00:00
oracledbwr,telegramchannels,group,31,Other,en,27,2026-04-25T14:11:26.658337+00:00
codezalindotv,telegramchannels,group,31,Other,en,28,2026-04-25T14:11:26.658340+00:00
yotube0,telegramchannels,group,31,Other,en,29,2026-04-25T14:11:26.658344+00:00
zalindotvplus,telegramchannels,group,31,Other,en,30,2026-04-25T14:11:26.658347+00:00
cybersecuritynewschat,telegramchannels,group,31,Other,en,31,2026-04-25T14:11:26.658350+00:00
youtubesub4subpromote,telegramchannels,group,31,Other,en,32,2026-04-25T14:11:26.658353+00:00
italyinstagram,telegramchannels,group,31,Other,en,33,2026-04-25T14:11:26.658356+00:00
bitcobtrustmark,telegramchannels,group,31,Other,en,34,2026-04-25T14:11:26.658360+00:00
legitgroup1,telegramchannels,group,31,Other,en,35,2026-04-25T14:11:26.658363+00:00
chainlink,telegramchannels,group,31,Other,en,36,2026-04-25T14:11:26.658366+00:00
broiptv,telegramchannels,group,31,Other,en,37,2026-04-25T14:11:26.658369+00:00
newyorkstate,telegramchannels,group,31,Other,en,38,2026-04-25T14:11:26.658372+00:00
stickerssgroup,telegramchannels,group,31,Other,en,39,2026-04-25T14:11:26.658375+00:00
rentinlondon,telegramchannels,group,31,Other,en,40,2026-04-25T14:11:26.658378+00:00
hyderabadrealestatesgroup,telegramchannels,group,31,Other,en,41,2026-04-25T14:11:26.658381+00:00
grupderomani,telegramchannels,group,31,Other,en,42,2026-04-25T14:11:26.658384+00:00
starryskycloud,telegramchannels,group,31,Other,en,43,2026-04-25T14:11:26.658388+00:00
successclubsscgroup,telegramchannels,group,31,Other,en,44,2026-04-25T14:11:26.658391+00:00
vedx30,telegramchannels,group,31,Other,en,45,2026-04-25T14:11:26.658394+00:00
fiverrpublic,telegramchannels,group,31,Other,en,46,2026-04-25T14:11:26.658397+00:00
all_international_jobs,telegramchannels,group,31,Other,en,47,2026-04-25T14:11:26.658400+00:00
productsbase,telegramchannels,group,31,Other,en,48,2026-04-25T14:11:26.658402+00:00
timisoara_rou,telegramchannels,group,31,Other,en,49,2026-04-25T14:11:26.658406+00:00
sh_stockpick,telegramchannels,group,31,Other,en,50,2026-04-25T14:11:26.658409+00:00
vedx50,telegramchannels,group,31,Other,en,51,2026-04-25T14:11:26.658411+00:00
abonekasmaveyardim,telegramchannels,group,31,Other,en,52,2026-04-25T14:11:26.658414+00:00
searchebee,telegramchannels,group,31,Other,en,53,2026-04-25T14:11:26.658417+00:00
domaine_name,telegramchannels,group,31,Other,en,54,2026-04-25T14:11:26.658427+00:00
vedx12h,telegramchannels,group,31,Other,en,55,2026-04-25T14:11:26.658430+00:00
binesandtricksdiscussion,telegramchannels,group,31,Other,en,56,2026-04-25T14:11:26.658433+00:00
hivebar,telegramchannels,group,31,Other,en,57,2026-04-25T14:11:26.658436+00:00
vedx10,telegramchannels,group,31,Other,en,58,2026-04-25T14:11:26.658439+00:00
engagenetinfluencerpod,telegramchannels,group,31,Other,en,59,2026-04-25T14:11:26.658442+00:00
poultrysynergy,telegramchannels,group,31,Other,en,60,2026-04-25T14:11:26.658445+00:00
smsforallsupport,telegramchannels,group,31,Other,en,61,2026-04-25T14:11:26.658448+00:00
dogridergroup,telegramchannels,group,31,Other,en,62,2026-04-25T14:11:26.658451+00:00
fmtblog,telegramchannels,group,31,Other,en,63,2026-04-25T14:11:26.658453+00:00
vedx20,telegramchannels,group,31,Other,en,64,2026-04-25T14:11:26.658456+00:00
subscribe4subscribe12,telegramchannels,group,31,Other,en,65,2026-04-25T14:11:26.658459+00:00
rach_brockmann,telegramchannels,group,31,Other,en,66,2026-04-25T14:11:26.658463+00:00
tapnetworkofficial,telegramchannels,group,31,Other,en,67,2026-04-25T14:11:26.658466+00:00
boycottmojang,telegramchannels,group,31,Other,en,68,2026-04-25T14:11:26.658469+00:00
christdiary,telegramchannels,group,31,Other,en,69,2026-04-25T14:11:26.658471+00:00
animes_girls_and_boys,telegramchannels,group,31,Other,en,70,2026-04-25T14:11:26.658475+00:00
chainfuel,telegramchannels,group,31,Other,en,71,2026-04-25T14:11:26.658478+00:00
wby_io,telegramchannels,group,31,Other,en,72,2026-04-25T14:11:26.658481+00:00
youtubesubscribergr,telegramchannels,group,31,Other,en,73,2026-04-25T14:11:26.658484+00:00
neo4jchat,telegramchannels,group,31,Other,en,74,2026-04-25T14:11:26.658487+00:00
vedx5,telegramchannels,group,31,Other,en,75,2026-04-25T14:11:26.658490+00:00
chatwithrevcraigministry,telegramchannels,group,31,Other,en,76,2026-04-25T14:11:26.658493+00:00
reffer_exchange_grp,telegramchannels,group,31,Other,en,77,2026-04-25T14:11:26.658495+00:00
iptvukeuro,telegramchannels,group,31,Other,en,78,2026-04-25T14:11:26.658499+00:00
fallin_gp,telegramchannels,group,31,Other,en,79,2026-04-25T14:11:26.658502+00:00
akmahatglink,telegramchannels,group,31,Other,en,80,2026-04-25T14:11:26.658504+00:00
pandachatg,telegramchannels,group,31,Other,en,81,2026-04-25T14:11:26.658507+00:00
darktor_chat,telegramchannels,group,31,Other,en,82,2026-04-25T14:11:26.658510+00:00
cigtobacco,telegramchannels,group,31,Other,en,83,2026-04-25T14:11:26.658513+00:00
ads324,telegramchannels,group,31,Other,en,84,2026-04-25T14:11:26.658515+00:00
globaldisk,telegramchannels,group,31,Other,en,85,2026-04-25T14:11:26.658518+00:00
firstclassmetals,telegramchannels,group,31,Other,en,86,2026-04-25T14:11:26.658521+00:00
privatecollectionuae,telegramchannels,group,31,Other,en,87,2026-04-25T14:11:26.658524+00:00
tedrixproperties,telegramchannels,group,31,Other,en,88,2026-04-25T14:11:26.658527+00:00
east_africa_jobs,telegramchannels,group,31,Other,en,89,2026-04-25T14:11:26.658530+00:00
mzfcommunity,telegramchannels,group,31,Other,en,90,2026-04-25T14:11:26.658533+00:00
youtube_subscribers_2020,telegramchannels,group,31,Other,en,91,2026-04-25T14:11:26.658536+00:00
vedx5lc,telegramchannels,group,31,Other,en,92,2026-04-25T14:11:26.658539+00:00
jobinboxofficial,telegramchannels,group,31,Other,en,93,2026-04-25T14:11:26.658542+00:00
thegreenestroom,telegramchannels,group,31,Other,en,94,2026-04-25T14:11:26.658545+00:00
anime_matrix,telegramchannels,group,31,Other,en,95,2026-04-25T14:11:26.658548+00:00
vedx5c,telegramchannels,group,31,Other,en,96,2026-04-25T14:11:26.658551+00:00
vipgroup_1,telegramchannels,group,31,Other,en,97,2026-04-25T14:11:26.658554+00:00
tagteams,telegramchannels,group,31,Other,en,98,2026-04-25T14:11:26.658557+00:00
getin4jobs,telegramchannels,group,31,Other,en,99,2026-04-25T14:11:26.658560+00:00
digiteye,telegramchannels,group,31,Other,en,100,2026-04-25T14:11:26.658563+00:00
growintelegram,telegramchannels,group,31,Other,en,101,2026-04-25T14:11:26.658566+00:00
makingmoneywithnolimts,telegramchannels,group,31,Other,en,102,2026-04-25T14:11:26.658569+00:00
skyzonegroup,telegramchannels,group,31,Other,en,103,2026-04-25T14:11:26.658572+00:00
mobilephotographycommunity,telegramchannels,group,24,Photo,en,1,2026-04-25T14:11:40.096241+00:00
profars,telegramchannels,group,24,Photo,en,2,2026-04-25T14:11:40.096250+00:00
truepatriotsunited,telegramchannels,group,37,Political,en,1,2026-04-25T14:11:53.567278+00:00
astronomy_discussion,telegramchannels,group,25,Science,en,1,2026-04-25T14:12:06.917612+00:00
bitgrit,telegramchannels,group,25,Science,en,2,2026-04-25T14:12:06.917619+00:00
thewonderersofspace,telegramchannels,group,25,Science,en,3,2026-04-25T14:12:06.917622+00:00
on_air_tech,telegramchannels,group,25,Science,en,7,2026-04-25T14:12:06.917640+00:00
knowledgefinders,telegramchannels,group,25,Science,en,8,2026-04-25T14:12:06.917643+00:00
atheismdebate,telegramchannels,group,25,Science,en,9,2026-04-25T14:12:06.917646+00:00
spiritualityworld,telegramchannels,group,26,Self Development,en,1,2026-04-25T14:12:20.256884+00:00
tarot,telegramchannels,group,26,Self Development,en,2,2026-04-25T14:12:20.256892+00:00
thesuicidegroup,telegramchannels,group,26,Self Development,en,3,2026-04-25T14:12:20.256895+00:00
lucid_dreaming_experiences,telegramchannels,group,26,Self Development,en,7,2026-04-25T14:12:20.256913+00:00
spiritualleague_group,telegramchannels,group,26,Self Development,en,8,2026-04-25T14:12:20.256916+00:00
infjint,telegramchannels,group,26,Self Development,en,9,2026-04-25T14:12:20.256919+00:00
fusionfamily,telegramchannels,group,26,Self Development,en,10,2026-04-25T14:12:20.256922+00:00
mysolidtruthgroup,telegramchannels,group,26,Self Development,en,11,2026-04-25T14:12:20.256925+00:00
motivationdistrict,telegramchannels,group,26,Self Development,en,12,2026-04-25T14:12:20.256928+00:00
mervelgroup,telegramchannels,group,32,Shop,en,1,2026-04-25T14:12:33.597405+00:00
miniaturesterraingroup,telegramchannels,group,32,Shop,en,2,2026-04-25T14:12:33.597413+00:00
replicawatch1,telegramchannels,group,32,Shop,en,3,2026-04-25T14:12:33.597416+00:00
aliexpressdealshot,telegramchannels,group,32,Shop,en,7,2026-04-25T14:12:33.597449+00:00
luxurystuff99,telegramchannels,group,32,Shop,en,8,2026-04-25T14:12:33.597454+00:00
repbbs,telegramchannels,group,32,Shop,en,9,2026-04-25T14:12:33.597459+00:00
qcpinzhi,telegramchannels,group,32,Shop,en,10,2026-04-25T14:12:33.597464+00:00
megaalashoppinggroup,telegramchannels,group,32,Shop,en,11,2026-04-25T14:12:33.597467+00:00
aliexpressbs,telegramchannels,group,32,Shop,en,12,2026-04-25T14:12:33.597470+00:00
amazonreviewexchange,telegramchannels,group,32,Shop,en,13,2026-04-25T14:12:33.597473+00:00
premiumprod,telegramchannels,group,32,Shop,en,14,2026-04-25T14:12:33.597476+00:00
findshacoo,telegramchannels,group,32,Shop,en,15,2026-04-25T14:12:33.597479+00:00
internshipsmalaysia,telegramchannels,group,32,Shop,en,16,2026-04-25T14:12:33.597482+00:00
dealspremiumofficial,telegramchannels,group,32,Shop,en,17,2026-04-25T14:12:33.597485+00:00
aliexpress_deals_maxn1,telegramchannels,group,32,Shop,en,18,2026-04-25T14:12:33.597488+00:00
amazon_online_shopping_deals_1,telegramchannels,group,32,Shop,en,19,2026-04-25T14:12:33.597491+00:00
doubledhamaaloffer,telegramchannels,group,32,Shop,en,20,2026-04-25T14:12:33.597494+00:00
dealogroup,telegramchannels,group,32,Shop,en,21,2026-04-25T14:12:33.597497+00:00
lootdealsakn,telegramchannels,group,32,Shop,en,22,2026-04-25T14:12:33.597500+00:00
savefreecash,telegramchannels,group,32,Shop,en,23,2026-04-25T14:12:33.597503+00:00
shoppingdiscout,telegramchannels,group,32,Shop,en,24,2026-04-25T14:12:33.597506+00:00
pricemazon,telegramchannels,group,32,Shop,en,25,2026-04-25T14:12:33.597509+00:00
footballfpl,telegramchannels,group,27,Sports & Fitness,en,1,2026-04-25T14:12:46.925329+00:00
clubhousesb,telegramchannels,group,27,Sports & Fitness,en,2,2026-04-25T14:12:46.925337+00:00
nowgoallive,telegramchannels,group,27,Sports & Fitness,en,3,2026-04-25T14:12:46.925340+00:00
physients,telegramchannels,group,27,Sports & Fitness,en,7,2026-04-25T14:12:46.925358+00:00
ouzhoubei1231,telegramchannels,group,27,Sports & Fitness,en,8,2026-04-25T14:12:46.925361+00:00
dreamstheatre,telegramchannels,group,27,Sports & Fitness,en,9,2026-04-25T14:12:46.925364+00:00
fftitanschat,telegramchannels,group,27,Sports & Fitness,en,10,2026-04-25T14:12:46.925367+00:00
cricfansclub,telegramchannels,group,27,Sports & Fitness,en,11,2026-04-25T14:12:46.925370+00:00
cybersecurityexperts,telegramchannels,group,28,Technology,en,1,2026-04-25T14:13:10.589111+00:00
python,telegramchannels,group,28,Technology,en,2,2026-04-25T14:13:10.589118+00:00
printing3dminiaturesterrain,telegramchannels,group,28,Technology,en,3,2026-04-25T14:13:10.589122+00:00
groupstl,telegramchannels,group,28,Technology,en,7,2026-04-25T14:13:10.589143+00:00
kadena_io,telegramchannels,group,28,Technology,en,8,2026-04-25T14:13:10.589146+00:00
printing3dcosplaystaticfigure,telegramchannels,group,28,Technology,en,9,2026-04-25T14:13:10.589149+00:00
starwarsg,telegramchannels,group,28,Technology,en,10,2026-04-25T14:13:10.589152+00:00
programminginc,telegramchannels,group,28,Technology,en,11,2026-04-25T14:13:10.589156+00:00
reactjsnodejsmernstack,telegramchannels,group,28,Technology,en,12,2026-04-25T14:13:10.589159+00:00
datastructuresandalgo,telegramchannels,group,28,Technology,en,13,2026-04-25T14:13:10.589162+00:00
printww,telegramchannels,group,28,Technology,en,14,2026-04-25T14:13:10.589165+00:00
pocophoneglobalofficial,telegramchannels,group,28,Technology,en,15,2026-04-25T14:13:10.589168+00:00
devopsedureka,telegramchannels,group,28,Technology,en,16,2026-04-25T14:13:10.589171+00:00
django,telegramchannels,group,28,Technology,en,17,2026-04-25T14:13:10.589174+00:00
cosplaygroup,telegramchannels,group,28,Technology,en,18,2026-04-25T14:13:10.589177+00:00
printing3d3,telegramchannels,group,28,Technology,en,19,2026-04-25T14:13:10.589180+00:00
combolistfresh,telegramchannels,group,28,Technology,en,20,2026-04-25T14:13:10.589184+00:00
pokemon3d,telegramchannels,group,28,Technology,en,21,2026-04-25T14:13:10.589187+00:00
termuxcyber,telegramchannels,group,28,Technology,en,22,2026-04-25T14:13:10.589190+00:00
funkogroup,telegramchannels,group,28,Technology,en,23,2026-04-25T14:13:10.589193+00:00
forhome3d,telegramchannels,group,28,Technology,en,24,2026-04-25T14:13:10.589195+00:00
cbanke,telegramchannels,group,28,Technology,en,25,2026-04-25T14:13:10.589198+00:00
dcgroupcomics,telegramchannels,group,28,Technology,en,26,2026-04-25T14:13:10.589201+00:00
webdevchat,telegramchannels,group,28,Technology,en,27,2026-04-25T14:13:10.589204+00:00
aws_exam,telegramchannels,group,28,Technology,en,28,2026-04-25T14:13:10.589207+00:00
nemred,telegramchannels,group,28,Technology,en,29,2026-04-25T14:13:10.589210+00:00
thedevs_js,telegramchannels,group,28,Technology,en,30,2026-04-25T14:13:10.589213+00:00
nothingphone2,telegramchannels,group,28,Technology,en,31,2026-04-25T14:13:10.589216+00:00
xinfintalk,telegramchannels,group,28,Technology,en,32,2026-04-25T14:13:10.589219+00:00
ethicalhackersc,telegramchannels,group,28,Technology,en,33,2026-04-25T14:13:10.589222+00:00
seogoogleadsweb,telegramchannels,group,28,Technology,en,34,2026-04-25T14:13:10.589225+00:00
linux_group,telegramchannels,group,28,Technology,en,35,2026-04-25T14:13:10.589231+00:00
sap_pppmsdqm,telegramchannels,group,28,Technology,en,36,2026-04-25T14:13:10.589234+00:00
qualitician,telegramchannels,group,28,Technology,en,37,2026-04-25T14:13:10.589237+00:00
geekschat,telegramchannels,group,28,Technology,en,38,2026-04-25T14:13:10.589239+00:00
mailcow,telegramchannels,group,28,Technology,en,39,2026-04-25T14:13:10.589242+00:00
pythonedureka,telegramchannels,group,28,Technology,en,40,2026-04-25T14:13:10.589245+00:00
system_design_and_architecture,telegramchannels,group,28,Technology,en,41,2026-04-25T14:13:10.589249+00:00
spotociscoclub,telegramchannels,group,28,Technology,en,42,2026-04-25T14:13:10.589252+00:00
hackersbase4gees,telegramchannels,group,28,Technology,en,43,2026-04-25T14:13:10.589255+00:00
beboaquafarms,telegramchannels,group,28,Technology,en,44,2026-04-25T14:13:10.589258+00:00
qdforum,telegramchannels,group,28,Technology,en,45,2026-04-25T14:13:10.589261+00:00
realsecgroup,telegramchannels,group,28,Technology,en,46,2026-04-25T14:13:10.589264+00:00
satellitereceiversoftware,telegramchannels,group,28,Technology,en,47,2026-04-25T14:13:10.589267+00:00
ciscoccnademo,telegramchannels,group,28,Technology,en,48,2026-04-25T14:13:10.589270+00:00
letstalkprogramming,telegramchannels,group,28,Technology,en,49,2026-04-25T14:13:10.589272+00:00
virtualassistant360,telegramchannels,group,28,Technology,en,50,2026-04-25T14:13:10.589276+00:00
chatgpt_officialchat,telegramchannels,group,28,Technology,en,51,2026-04-25T14:13:10.589279+00:00
globaltechtalks,telegramchannels,group,28,Technology,en,52,2026-04-25T14:13:10.589281+00:00
nonymouscommunity,telegramchannels,group,28,Technology,en,53,2026-04-25T14:13:10.589284+00:00
salesforceb,telegramchannels,group,28,Technology,en,54,2026-04-25T14:13:10.589288+00:00
hotstarbot_op,telegramchannels,group,28,Technology,en,55,2026-04-25T14:13:10.589291+00:00
bioinformaticsdiscus,telegramchannels,group,28,Technology,en,56,2026-04-25T14:13:10.589294+00:00
mifi_unlock,telegramchannels,group,28,Technology,en,57,2026-04-25T14:13:10.589297+00:00
gsmgermany,telegramchannels,group,28,Technology,en,58,2026-04-25T14:13:10.589300+00:00
tasker_advanced,telegramchannels,group,28,Technology,en,59,2026-04-25T14:13:10.589303+00:00
windowstelegram,telegramchannels,group,28,Technology,en,60,2026-04-25T14:13:10.589306+00:00
itnetworkingireland,telegramchannels,group,28,Technology,en,61,2026-04-25T14:13:10.589309+00:00
shiiinagroup,telegramchannels,group,28,Technology,en,62,2026-04-25T14:13:10.589312+00:00
dropshippingmajor,telegramchannels,group,28,Technology,en,63,2026-04-25T14:13:10.589320+00:00
trustunionofficial,telegramchannels,group,28,Technology,en,64,2026-04-25T14:13:10.589323+00:00
shelf_earn_money,telegramchannels,group,28,Technology,en,65,2026-04-25T14:13:10.589326+00:00
hacking_burners,telegramchannels,group,28,Technology,en,66,2026-04-25T14:13:10.589329+00:00
uecom,telegramchannels,group,28,Technology,en,67,2026-04-25T14:13:10.589332+00:00
ccielabgroup,telegramchannels,group,28,Technology,en,68,2026-04-25T14:13:10.589336+00:00
bitcherryenglish,telegramchannels,group,28,Technology,en,69,2026-04-25T14:13:10.589339+00:00
zero2herocoin,telegramchannels,group,28,Technology,en,70,2026-04-25T14:13:10.589342+00:00
ali_cloud,telegramchannels,group,28,Technology,en,71,2026-04-25T14:13:10.589345+00:00
spotoitcertsclub,telegramchannels,group,28,Technology,en,72,2026-04-25T14:13:10.589347+00:00
techhub_support,telegramchannels,group,28,Technology,en,73,2026-04-25T14:13:10.589351+00:00
undernet_org,telegramchannels,group,28,Technology,en,74,2026-04-25T14:13:10.589354+00:00
infotechfamilydiscussion,telegramchannels,group,28,Technology,en,75,2026-04-25T14:13:10.589356+00:00
z3r0ch4t,telegramchannels,group,28,Technology,en,76,2026-04-25T14:13:10.589359+00:00
subeesub,telegramchannels,group,28,Technology,en,77,2026-04-25T14:13:10.589362+00:00
webchatgura,telegramchannels,group,28,Technology,en,78,2026-04-25T14:13:10.589366+00:00
bydpp21,telegramchannels,group,28,Technology,en,79,2026-04-25T14:13:10.589369+00:00
appdom,telegramchannels,group,28,Technology,en,80,2026-04-25T14:13:10.589371+00:00
unix9,telegramchannels,group,28,Technology,en,81,2026-04-25T14:13:10.589374+00:00
micromagician01,telegramchannels,group,28,Technology,en,82,2026-04-25T14:13:10.589377+00:00
dbatech,telegramchannels,group,28,Technology,en,83,2026-04-25T14:13:10.589380+00:00
binareeafrica,telegramchannels,group,28,Technology,en,84,2026-04-25T14:13:10.589383+00:00
fixit_help,telegramchannels,group,28,Technology,en,85,2026-04-25T14:13:10.589385+00:00
pythoncaptcha,telegramchannels,group,28,Technology,en,86,2026-04-25T14:13:10.589388+00:00
will_hacks_group,telegramchannels,group,28,Technology,en,87,2026-04-25T14:13:10.589391+00:00
meanstack_lta,telegramchannels,group,28,Technology,en,88,2026-04-25T14:13:10.589394+00:00
decenternetph,telegramchannels,group,28,Technology,en,89,2026-04-25T14:13:10.589396+00:00
iotbharat,telegramchannels,group,28,Technology,en,90,2026-04-25T14:13:10.589399+00:00
technologyfaq,telegramchannels,group,28,Technology,en,91,2026-04-25T14:13:10.589402+00:00
codinggroup1,telegramchannels,group,28,Technology,en,92,2026-04-25T14:13:10.589405+00:00
eyetech200,telegramchannels,group,28,Technology,en,93,2026-04-25T14:13:10.589408+00:00
fenititg,telegramchannels,group,28,Technology,en,94,2026-04-25T14:13:10.589411+00:00
electricboatforum,telegramchannels,group,28,Technology,en,95,2026-04-25T14:13:10.589413+00:00
curvechat,telegramchannels,group,28,Technology,en,96,2026-04-25T14:13:10.589416+00:00
sulinos,telegramchannels,group,28,Technology,en,97,2026-04-25T14:13:10.589419+00:00
hackerlar009,telegramchannels,group,28,Technology,en,98,2026-04-25T14:13:10.589427+00:00
opensuse_group,telegramchannels,group,28,Technology,en,99,2026-04-25T14:13:10.589430+00:00
technicalsami2,telegramchannels,group,28,Technology,en,100,2026-04-25T14:13:10.589433+00:00
resurrectionremixjason,telegramchannels,group,28,Technology,en,101,2026-04-25T14:13:10.589436+00:00
www_1computer,telegramchannels,group,28,Technology,en,102,2026-04-25T14:13:10.589439+00:00
google_ads098,telegramchannels,group,28,Technology,en,103,2026-04-25T14:13:10.589442+00:00
bottalk,telegramchannels,group,36,Telegram,en,1,2026-04-25T14:13:24.040062+00:00
publictestgroup,telegramchannels,group,36,Telegram,en,2,2026-04-25T14:13:24.040071+00:00
androidthemesgroup,telegramchannels,group,36,Telegram,en,3,2026-04-25T14:13:24.040074+00:00
telegramandroidtalk,telegramchannels,group,36,Telegram,en,7,2026-04-25T14:13:24.040093+00:00
trxxbond,telegramchannels,group,36,Telegram,en,8,2026-04-25T14:13:24.040096+00:00
metaisland_gg,telegramchannels,group,40,Telegram Miniapps & Games,en,1,2026-04-25T14:13:36.996084+00:00
gamebots,telegramchannels,group,40,Telegram Miniapps & Games,en,2,2026-04-25T14:13:36.996092+00:00
tiktokfollowersandlikes,telegramchannels,group,40,Telegram Miniapps & Games,en,3,2026-04-25T14:13:36.996095+00:00
travel_plus_tourism,telegramchannels,group,29,Travel,en,1,2026-04-25T14:13:50.144633+00:00
koh_samui,telegramchannels,group,29,Travel,en,2,2026-04-25T14:13:50.144641+00:00
tour_operators_worldwide,telegramchannels,group,29,Travel,en,3,2026-04-25T14:13:50.144645+00:00
visacruisejobs,telegramchannels,group,29,Travel,en,7,2026-04-25T14:13:50.144663+00:00
nl_amsterdam,telegramchannels,group,29,Travel,en,8,2026-04-25T14:13:50.144666+00:00
bdrailinfo,telegramchannels,group,29,Travel,en,9,2026-04-25T14:13:50.144669+00:00
angeleschat,telegramchannels,group,29,Travel,en,10,2026-04-25T14:13:50.144672+00:00
automotivegroup,telegramchannels,group,34,Utilities & Tools,en,1,2026-04-25T14:14:03.069808+00:00
indexengineering,telegramchannels,group,34,Utilities & Tools,en,2,2026-04-25T14:14:03.069816+00:00
animalsgroupstl,telegramchannels,group,34,Utilities & Tools,en,3,2026-04-25T14:14:03.069819+00:00
canvaproteamlinkss,telegramchannels,group,34,Utilities & Tools,en,7,2026-04-25T14:14:03.069838+00:00
searchengineoptimization_group,telegramchannels,group,34,Utilities & Tools,en,8,2026-04-25T14:14:03.069841+00:00
smmpanelsuppliers,telegramchannels,group,34,Utilities & Tools,en,9,2026-04-25T14:14:03.069844+00:00
datadetection2025,telegramchannels,group,34,Utilities & Tools,en,10,2026-04-25T14:14:03.069848+00:00
flymirror,telegramchannels,group,34,Utilities & Tools,en,11,2026-04-25T14:14:03.069850+00:00
genieonline,telegramchannels,group,34,Utilities & Tools,en,12,2026-04-25T14:14:03.069853+00:00
