username,source,chat_type,category_slug,category_label,language,rank,scraped_at
okxofficial_english,telegramchannels,group,all,All Categories,en,1,2026-05-03T13:59:23.565054+00:00
binanceexchange,telegramchannels,group,all,All Categories,en,2,2026-05-03T13:59:23.565065+00:00
kucoin_exchange,telegramchannels,group,all,All Categories,en,3,2026-05-03T13:59:23.565068+00:00
cinema_kotaka,telegramchannels,group,all,All Categories,en,7,2026-05-03T13:59:23.565088+00:00
uxuyen,telegramchannels,group,all,All Categories,en,8,2026-05-03T13:59:23.565091+00:00
python,telegramchannels,group,all,All Categories,en,9,2026-05-03T13:59:23.565094+00:00
musicartistsworldwide,telegramchannels,group,all,All Categories,en,10,2026-05-03T13:59:23.565097+00:00
satoshi_club,telegramchannels,group,all,All Categories,en,11,2026-05-03T13:59:23.565100+00:00
fasttoken_eng,telegramchannels,group,all,All Categories,en,12,2026-05-03T13:59:23.565103+00:00
beincryptocommunity,telegramchannels,group,all,All Categories,en,13,2026-05-03T13:59:23.565106+00:00
badoocom,telegramchannels,group,all,All Categories,en,14,2026-05-03T13:59:23.565109+00:00
clubhousesb,telegramchannels,group,all,All Categories,en,15,2026-05-03T13:59:23.565113+00:00
randomchatschat,telegramchannels,group,all,All Categories,en,16,2026-05-03T13:59:23.565116+00:00
tinderru,telegramchannels,group,all,All Categories,en,17,2026-05-03T13:59:23.565119+00:00
cybersecurityexperts,telegramchannels,group,all,All Categories,en,18,2026-05-03T13:59:23.565122+00:00
fastex_community,telegramchannels,group,all,All Categories,en,19,2026-05-03T13:59:23.565125+00:00
stlall,telegramchannels,group,all,All Categories,en,20,2026-05-03T13:59:23.565129+00:00
english_chatting_club_global,telegramchannels,group,all,All Categories,en,21,2026-05-03T13:59:23.565132+00:00
printing3dminiaturesterrain,telegramchannels,group,all,All Categories,en,22,2026-05-03T13:59:23.565135+00:00
best_chat_group,telegramchannels,group,all,All Categories,en,23,2026-05-03T13:59:23.565138+00:00
ezreferralslink,telegramchannels,group,all,All Categories,en,24,2026-05-03T13:59:23.565142+00:00
groupstl,telegramchannels,group,all,All Categories,en,25,2026-05-03T13:59:23.565145+00:00
english_chatting_club,telegramchannels,group,all,All Categories,en,26,2026-05-03T13:59:23.565148+00:00
usadateworld,telegramchannels,group,all,All Categories,en,27,2026-05-03T13:59:23.565151+00:00
yne123,telegramchannels,group,all,All Categories,en,28,2026-05-03T13:59:23.565155+00:00
vipkhoone_group,telegramchannels,group,all,All Categories,en,29,2026-05-03T13:59:23.565158+00:00
international_english_chattings,telegramchannels,group,all,All Categories,en,30,2026-05-03T13:59:23.565161+00:00
binancenfts,telegramchannels,group,all,All Categories,en,31,2026-05-03T13:59:23.565164+00:00
kadena_io,telegramchannels,group,all,All Categories,en,32,2026-05-03T13:59:23.565168+00:00
icospeaks,telegramchannels,group,all,All Categories,en,33,2026-05-03T13:59:23.565170+00:00
cryptomoonshots_chat,telegramchannels,group,all,All Categories,en,34,2026-05-03T13:59:23.565174+00:00
chattings_international_english,telegramchannels,group,all,All Categories,en,35,2026-05-03T13:59:23.565178+00:00
randomchatsenglish,telegramchannels,group,all,All Categories,en,36,2026-05-03T13:59:23.565181+00:00
publictestgroup,telegramchannels,group,all,All Categories,en,37,2026-05-03T13:59:23.565184+00:00
bottalk,telegramchannels,group,all,All Categories,en,38,2026-05-03T13:59:23.565187+00:00
forexsiganl,telegramchannels,group,all,All Categories,en,39,2026-05-03T13:59:23.565190+00:00
miniaturesterraingroup,telegramchannels,group,all,All Categories,en,40,2026-05-03T13:59:23.565194+00:00
flashdx17,telegramchannels,group,all,All Categories,en,41,2026-05-03T13:59:23.565197+00:00
belajarmicrosoftexcel,telegramchannels,group,all,All Categories,en,42,2026-05-03T13:59:23.565201+00:00
instagramstoriesboost,telegramchannels,group,all,All Categories,en,43,2026-05-03T13:59:23.565203+00:00
followdx30,telegramchannels,group,all,All Categories,en,44,2026-05-03T13:59:23.565206+00:00
printing3dcosplaystaticfigure,telegramchannels,group,all,All Categories,en,45,2026-05-03T13:59:23.565210+00:00
estatexofficial,telegramchannels,group,all,All Categories,en,46,2026-05-03T13:59:23.565213+00:00
dx8flash,telegramchannels,group,all,All Categories,en,47,2026-05-03T13:59:23.565216+00:00
indexengineering,telegramchannels,group,all,All Categories,en,48,2026-05-03T13:59:23.565219+00:00
giftcardstore_best,telegramchannels,group,all,All Categories,en,49,2026-05-03T13:59:23.565222+00:00
otakuzdream,telegramchannels,group,all,All Categories,en,50,2026-05-03T13:59:23.565225+00:00
cryptochatcwn,telegramchannels,group,all,All Categories,en,51,2026-05-03T13:59:23.565228+00:00
starwarsg,telegramchannels,group,all,All Categories,en,52,2026-05-03T13:59:23.565231+00:00
chainlinkofficial,telegramchannels,group,all,All Categories,en,53,2026-05-03T13:59:23.565234+00:00
dbzgroup,telegramchannels,group,all,All Categories,en,54,2026-05-03T13:59:23.565237+00:00
androidthemesgroup,telegramchannels,group,all,All Categories,en,55,2026-05-03T13:59:23.565240+00:00
mervelgroup,telegramchannels,group,all,All Categories,en,56,2026-05-03T13:59:23.565243+00:00
english_chatting_groups_1,telegramchannels,group,all,All Categories,en,57,2026-05-03T13:59:23.565247+00:00
fmcpayglobalchat,telegramchannels,group,all,All Categories,en,58,2026-05-03T13:59:23.565250+00:00
bitbns,telegramchannels,group,all,All Categories,en,59,2026-05-03T13:59:23.565253+00:00
tiktok_growth,telegramchannels,group,all,All Categories,en,60,2026-05-03T13:59:23.565256+00:00
entrepreneurialjourney,telegramchannels,group,all,All Categories,en,61,2026-05-03T13:59:23.565259+00:00
ofmlustify,telegramchannels,group,all,All Categories,en,62,2026-05-03T13:59:23.565262+00:00
pocket_space,telegramchannels,group,all,All Categories,en,63,2026-05-03T13:59:23.565265+00:00
english_world_chatting,telegramchannels,group,all,All Categories,en,64,2026-05-03T13:59:23.565269+00:00
programminginc,telegramchannels,group,all,All Categories,en,65,2026-05-03T13:59:23.565272+00:00
icolisting,telegramchannels,group,all,All Categories,en,66,2026-05-03T13:59:23.565276+00:00
fresherjobs13,telegramchannels,group,all,All Categories,en,67,2026-05-03T13:59:23.565279+00:00
instagram_switzerland,telegramchannels,group,all,All Categories,en,68,2026-05-03T13:59:23.565282+00:00
free_promotion_links_share_group,telegramchannels,group,all,All Categories,en,69,2026-05-03T13:59:23.565286+00:00
bee_official_english,telegramchannels,group,all,All Categories,en,70,2026-05-03T13:59:23.565289+00:00
great_worriors,telegramchannels,group,all,All Categories,en,71,2026-05-03T13:59:23.565293+00:00
l4lyoutube,telegramchannels,group,all,All Categories,en,72,2026-05-03T13:59:23.565296+00:00
spaininstagram,telegramchannels,group,all,All Categories,en,73,2026-05-03T13:59:23.565299+00:00
reactjsnodejsmernstack,telegramchannels,group,all,All Categories,en,74,2026-05-03T13:59:23.565302+00:00
instagramreelsdx40,telegramchannels,group,all,All Categories,en,75,2026-05-03T13:59:23.565305+00:00
jobsinlondongroup,telegramchannels,group,all,All Categories,en,76,2026-05-03T13:59:23.565308+00:00
instagram_france,telegramchannels,group,all,All Categories,en,77,2026-05-03T13:59:23.565311+00:00
cardano,telegramchannels,group,all,All Categories,en,78,2026-05-03T13:59:23.565314+00:00
wisecrypto_chat,telegramchannels,group,all,All Categories,en,79,2026-05-03T13:59:23.565317+00:00
monetization4youtube,telegramchannels,group,all,All Categories,en,80,2026-05-03T13:59:23.565321+00:00
kardiachain,telegramchannels,group,all,All Categories,en,81,2026-05-03T13:59:23.565324+00:00
import_export_europe,telegramchannels,group,all,All Categories,en,82,2026-05-03T13:59:23.565327+00:00
minxtokenofficial,telegramchannels,group,all,All Categories,en,83,2026-05-03T13:59:23.565331+00:00
internationalchatting,telegramchannels,group,all,All Categories,en,84,2026-05-03T13:59:23.565334+00:00
qiibee,telegramchannels,group,all,All Categories,en,85,2026-05-03T13:59:23.565337+00:00
printww,telegramchannels,group,all,All Categories,en,86,2026-05-03T13:59:23.565340+00:00
katanainu,telegramchannels,group,all,All Categories,en,87,2026-05-03T13:59:23.565343+00:00
mexcbengali,telegramchannels,group,all,All Categories,en,88,2026-05-03T13:59:23.565346+00:00
whale_tracker,telegramchannels,group,all,All Categories,en,89,2026-05-03T13:59:23.565349+00:00
bitsquad,telegramchannels,group,all,All Categories,en,90,2026-05-03T13:59:23.565352+00:00
zombiesquadhq,telegramchannels,group,all,All Categories,en,91,2026-05-03T13:59:23.565355+00:00
pocophoneglobalofficial,telegramchannels,group,all,All Categories,en,92,2026-05-03T13:59:23.565359+00:00
btcsminers_2_2,telegramchannels,group,all,All Categories,en,93,2026-05-03T13:59:23.565362+00:00
devopsedureka,telegramchannels,group,all,All Categories,en,94,2026-05-03T13:59:23.565365+00:00
english_chatting_house,telegramchannels,group,all,All Categories,en,95,2026-05-03T13:59:23.565368+00:00
django,telegramchannels,group,all,All Categories,en,96,2026-05-03T13:59:23.565371+00:00
online_slots,telegramchannels,group,all,All Categories,en,97,2026-05-03T13:59:23.565374+00:00
oneledger,telegramchannels,group,all,All Categories,en,98,2026-05-03T13:59:23.565377+00:00
add_toncoin,telegramchannels,group,all,All Categories,en,99,2026-05-03T13:59:23.565380+00:00
chat1xslots,telegramchannels,group,all,All Categories,en,100,2026-05-03T13:59:23.565383+00:00
lifestyleinstagram,telegramchannels,group,all,All Categories,en,101,2026-05-03T13:59:23.565386+00:00
dx10flash,telegramchannels,group,all,All Categories,en,102,2026-05-03T13:59:23.565389+00:00
litecoin,telegramchannels,group,all,All Categories,en,103,2026-05-03T13:59:23.565392+00:00
weddingeventsforum,telegramchannels,group,3,Art & Design,en,1,2026-05-03T13:59:45.191458+00:00
corel_draw_illustrator_design,telegramchannels,group,3,Art & Design,en,2,2026-05-03T13:59:45.191465+00:00
msamtech,telegramchannels,group,3,Art & Design,en,3,2026-05-03T13:59:45.191468+00:00
uxinfinity,telegramchannels,group,3,Art & Design,en,7,2026-05-03T13:59:45.191486+00:00
adt_global_trade,telegramchannels,group,4,Auto & Moto,en,1,2026-05-03T14:00:06.354200+00:00
automobile_engineer,telegramchannels,group,4,Auto & Moto,en,2,2026-05-03T14:00:06.354208+00:00
marcon_carimporter,telegramchannels,group,4,Auto & Moto,en,3,2026-05-03T14:00:06.354212+00:00
truckstop,telegramchannels,group,4,Auto & Moto,en,7,2026-05-03T14:00:06.354230+00:00
hotshottrucking,telegramchannels,group,4,Auto & Moto,en,8,2026-05-03T14:00:06.354233+00:00
chat1xslots,telegramchannels,group,33,Betting,en,1,2026-05-03T14:00:29.646765+00:00
online_slots,telegramchannels,group,33,Betting,en,2,2026-05-03T14:00:29.646773+00:00
empirevape,telegramchannels,group,33,Betting,en,3,2026-05-03T14:00:29.646776+00:00
bet9ja,telegramchannels,group,33,Betting,en,7,2026-05-03T14:00:29.646794+00:00
sgallaboutfashion,telegramchannels,group,33,Betting,en,8,2026-05-03T14:00:29.646798+00:00
bookingcode1xbet,telegramchannels,group,33,Betting,en,9,2026-05-03T14:00:29.646801+00:00
exchmarketgroup,telegramchannels,group,33,Betting,en,10,2026-05-03T14:00:29.646804+00:00
promo1xbetcode,telegramchannels,group,33,Betting,en,11,2026-05-03T14:00:29.646807+00:00
street_wall_bets,telegramchannels,group,33,Betting,en,12,2026-05-03T14:00:29.646810+00:00
free1xbetfixedmatches,telegramchannels,group,33,Betting,en,13,2026-05-03T14:00:29.646814+00:00
fixed_matches_group,telegramchannels,group,33,Betting,en,14,2026-05-03T14:00:29.646817+00:00
fixedmatchesgroups,telegramchannels,group,33,Betting,en,15,2026-05-03T14:00:29.646819+00:00
free1xbetgames,telegramchannels,group,33,Betting,en,16,2026-05-03T14:00:29.646822+00:00
ibettingteam,telegramchannels,group,33,Betting,en,17,2026-05-03T14:00:29.646825+00:00
booking_code_1xbet,telegramchannels,group,33,Betting,en,18,2026-05-03T14:00:29.646829+00:00
bet11xbet55,telegramchannels,group,33,Betting,en,19,2026-05-03T14:00:29.646832+00:00
bettingsure100,telegramchannels,group,33,Betting,en,20,2026-05-03T14:00:29.646835+00:00
ishaanbhai,telegramchannels,group,33,Betting,en,21,2026-05-03T14:00:29.646839+00:00
top_tips_chat,telegramchannels,group,33,Betting,en,22,2026-05-03T14:00:29.646842+00:00
pay_after_winning2,telegramchannels,group,33,Betting,en,23,2026-05-03T14:00:29.646845+00:00
bettingtipsdaybyday,telegramchannels,group,33,Betting,en,24,2026-05-03T14:00:29.646848+00:00
godsofoddss,telegramchannels,group,33,Betting,en,25,2026-05-03T14:00:29.646851+00:00
mightytipschat,telegramchannels,group,33,Betting,en,26,2026-05-03T14:00:29.646854+00:00
treasurebets,telegramchannels,group,33,Betting,en,27,2026-05-03T14:00:29.646856+00:00
fixedmatcheseuro0,telegramchannels,group,33,Betting,en,28,2026-05-03T14:00:29.646860+00:00
bettingmlb,telegramchannels,group,33,Betting,en,29,2026-05-03T14:00:29.646863+00:00
fixedmatchdetection,telegramchannels,group,33,Betting,en,30,2026-05-03T14:00:29.646866+00:00
xbetempire,telegramchannels,group,33,Betting,en,31,2026-05-03T14:00:29.646869+00:00
bettingdiscussion,telegramchannels,group,33,Betting,en,32,2026-05-03T14:00:29.646872+00:00
moonclubcom_official,telegramchannels,group,33,Betting,en,33,2026-05-03T14:00:29.646875+00:00
sattakingmae,telegramchannels,group,33,Betting,en,34,2026-05-03T14:00:29.646878+00:00
sportybetwinning1,telegramchannels,group,33,Betting,en,35,2026-05-03T14:00:29.646881+00:00
futuressignaslconnect,telegramchannels,group,33,Betting,en,36,2026-05-03T14:00:29.646884+00:00
mybettingapp,telegramchannels,group,33,Betting,en,37,2026-05-03T14:00:29.646887+00:00
sportybetsuregame3,telegramchannels,group,33,Betting,en,38,2026-05-03T14:00:29.646890+00:00
dorismallpredictionn,telegramchannels,group,33,Betting,en,39,2026-05-03T14:00:29.646893+00:00
affrocapper,telegramchannels,group,33,Betting,en,40,2026-05-03T14:00:29.646896+00:00
daily_free_betting_tips,telegramchannels,group,33,Betting,en,41,2026-05-03T14:00:29.646899+00:00
bjkingcommunity,telegramchannels,group,33,Betting,en,42,2026-05-03T14:00:29.646902+00:00
dicegamblepublic,telegramchannels,group,33,Betting,en,43,2026-05-03T14:00:29.646905+00:00
correctscore_fixed,telegramchannels,group,33,Betting,en,44,2026-05-03T14:00:29.646908+00:00
correct_score_vip,telegramchannels,group,33,Betting,en,45,2026-05-03T14:00:29.646911+00:00
ac88dn,telegramchannels,group,33,Betting,en,46,2026-05-03T14:00:29.646914+00:00
strategicbettinghubchatgroup,telegramchannels,group,33,Betting,en,47,2026-05-03T14:00:29.646917+00:00
free_betting_odds,telegramchannels,group,33,Betting,en,48,2026-05-03T14:00:29.646920+00:00
cricketbettingbook,telegramchannels,group,33,Betting,en,49,2026-05-03T14:00:29.646923+00:00
sure_vip_fixed_correct_score,telegramchannels,group,33,Betting,en,50,2026-05-03T14:00:29.646926+00:00
fixed_matches8,telegramchannels,group,33,Betting,en,51,2026-05-03T14:00:29.646929+00:00
fulltimehalftimedraw,telegramchannels,group,33,Betting,en,52,2026-05-03T14:00:29.646932+00:00
football_betting_group,telegramchannels,group,33,Betting,en,53,2026-05-03T14:00:29.646935+00:00
pay_after_winning1,telegramchannels,group,33,Betting,en,54,2026-05-03T14:00:29.646938+00:00
sports_betting_group,telegramchannels,group,33,Betting,en,55,2026-05-03T14:00:29.646941+00:00
payafter_won,telegramchannels,group,33,Betting,en,56,2026-05-03T14:00:29.646945+00:00
footballbettinggroup,telegramchannels,group,33,Betting,en,57,2026-05-03T14:00:29.646948+00:00
bet9jabettingcode,telegramchannels,group,33,Betting,en,58,2026-05-03T14:00:29.646950+00:00
ooddshub,telegramchannels,group,33,Betting,en,59,2026-05-03T14:00:29.646954+00:00
bet9jasportycodes,telegramchannels,group,33,Betting,en,60,2026-05-03T14:00:29.646958+00:00
goaloonews,telegramchannels,group,33,Betting,en,61,2026-05-03T14:00:29.646961+00:00
germany_fixed_matches,telegramchannels,group,33,Betting,en,62,2026-05-03T14:00:29.646964+00:00
sportybetsuregame2,telegramchannels,group,33,Betting,en,63,2026-05-03T14:00:29.646967+00:00
bet9ja6,telegramchannels,group,33,Betting,en,64,2026-05-03T14:00:29.646970+00:00
betting_booking_codes,telegramchannels,group,33,Betting,en,65,2026-05-03T14:00:29.646973+00:00
sure_vip_fixed_matches,telegramchannels,group,33,Betting,en,66,2026-05-03T14:00:29.646976+00:00
tradescapechat,telegramchannels,group,33,Betting,en,67,2026-05-03T14:00:29.646979+00:00
correctscorefreebettips,telegramchannels,group,33,Betting,en,68,2026-05-03T14:00:29.646982+00:00
bigoddsfixedmatches,telegramchannels,group,33,Betting,en,69,2026-05-03T14:00:29.646985+00:00
sportybetbookingnumber,telegramchannels,group,33,Betting,en,70,2026-05-03T14:00:29.646988+00:00
raonebettingclub,telegramchannels,group,33,Betting,en,71,2026-05-03T14:00:29.646991+00:00
netherland_fixed_matches,telegramchannels,group,33,Betting,en,72,2026-05-03T14:00:29.646994+00:00
betcage,telegramchannels,group,33,Betting,en,73,2026-05-03T14:00:29.646997+00:00
fixedmatcheshalftime,telegramchannels,group,33,Betting,en,74,2026-05-03T14:00:29.647000+00:00
surebettinggame1,telegramchannels,group,33,Betting,en,75,2026-05-03T14:00:29.647002+00:00
fixedmatchespayafterwin,telegramchannels,group,33,Betting,en,76,2026-05-03T14:00:29.647005+00:00
correct_score7,telegramchannels,group,33,Betting,en,77,2026-05-03T14:00:29.647008+00:00
fixed_matches2,telegramchannels,group,33,Betting,en,78,2026-05-03T14:00:29.647011+00:00
apollobetsfree,telegramchannels,group,33,Betting,en,79,2026-05-03T14:00:29.647014+00:00
correctscore_vip,telegramchannels,group,33,Betting,en,80,2026-05-03T14:00:29.647018+00:00
pre_dic_tion,telegramchannels,group,33,Betting,en,81,2026-05-03T14:00:29.647021+00:00
robdabookieschat,telegramchannels,group,33,Betting,en,82,2026-05-03T14:00:29.647024+00:00
pre_diction,telegramchannels,group,33,Betting,en,83,2026-05-03T14:00:29.647026+00:00
need_fixed_matches,telegramchannels,group,33,Betting,en,84,2026-05-03T14:00:29.647029+00:00
want_fixed_matches,telegramchannels,group,33,Betting,en,85,2026-05-03T14:00:29.647032+00:00
legitfixedgame1,telegramchannels,group,33,Betting,en,86,2026-05-03T14:00:29.647035+00:00
mega4pari,telegramchannels,group,33,Betting,en,87,2026-05-03T14:00:29.647038+00:00
fixed_matches_games,telegramchannels,group,33,Betting,en,88,2026-05-03T14:00:29.647041+00:00
daily_chat,telegramchannels,group,33,Betting,en,89,2026-05-03T14:00:29.647044+00:00
matrix0244,telegramchannels,group,33,Betting,en,90,2026-05-03T14:00:29.647047+00:00
secureonlinebetting,telegramchannels,group,33,Betting,en,91,2026-05-03T14:00:29.647051+00:00
england_fixed_matches,telegramchannels,group,33,Betting,en,92,2026-05-03T14:00:29.647053+00:00
trustpolicy,telegramchannels,group,33,Betting,en,93,2026-05-03T14:00:29.647056+00:00
wordpressblogger,telegramchannels,group,5,Blogs,en,1,2026-05-03T14:00:52.280153+00:00
ibloggospel,telegramchannels,group,5,Blogs,en,2,2026-05-03T14:00:52.280161+00:00
trueblogging,telegramchannels,group,5,Blogs,en,3,2026-05-03T14:00:52.280165+00:00
instagram_tricks1,telegramchannels,group,5,Blogs,en,7,2026-05-03T14:00:52.280183+00:00
bloggersplanet,telegramchannels,group,5,Blogs,en,8,2026-05-03T14:00:52.280186+00:00
bongojobs,telegramchannels,group,5,Blogs,en,9,2026-05-03T14:00:52.280189+00:00
socialsupportelite,telegramchannels,group,5,Blogs,en,10,2026-05-03T14:00:52.280192+00:00
freeebooksstore,telegramchannels,group,6,Books & Magazine,en,1,2026-05-03T14:01:11.757780+00:00
engineering_ebooks,telegramchannels,group,6,Books & Magazine,en,2,2026-05-03T14:01:11.757789+00:00
library_books_enthusiasts,telegramchannels,group,6,Books & Magazine,en,3,2026-05-03T14:01:11.757792+00:00
audoroom,telegramchannels,group,6,Books & Magazine,en,7,2026-05-03T14:01:11.757810+00:00
readya10,telegramchannels,group,6,Books & Magazine,en,8,2026-05-03T14:01:11.757814+00:00
xlitechat,telegramchannels,group,6,Books & Magazine,en,9,2026-05-03T14:01:11.757817+00:00
ofmlustify,telegramchannels,group,7,Business & Startups,en,1,2026-05-03T14:01:36.144160+00:00
entrepreneurialjourney,telegramchannels,group,7,Business & Startups,en,2,2026-05-03T14:01:36.144168+00:00
jobsinlondongroup,telegramchannels,group,7,Business & Startups,en,3,2026-05-03T14:01:36.144172+00:00
import_export_europe,telegramchannels,group,7,Business & Startups,en,7,2026-05-03T14:01:36.144190+00:00
jobs_recruiters,telegramchannels,group,7,Business & Startups,en,8,2026-05-03T14:01:36.144194+00:00
shopifyeasy,telegramchannels,group,7,Business & Startups,en,9,2026-05-03T14:01:36.144197+00:00
opportunitiestelegram,telegramchannels,group,7,Business & Startups,en,10,2026-05-03T14:01:36.144200+00:00
canadajobsnrentalservice,telegramchannels,group,7,Business & Startups,en,11,2026-05-03T14:01:36.144203+00:00
entrepreneureliteclub,telegramchannels,group,7,Business & Startups,en,12,2026-05-03T14:01:36.144206+00:00
affiliateconfeng,telegramchannels,group,7,Business & Startups,en,13,2026-05-03T14:01:36.144209+00:00
freelancersworldwide,telegramchannels,group,7,Business & Startups,en,14,2026-05-03T14:01:36.144212+00:00
giganticwavesglobal,telegramchannels,group,7,Business & Startups,en,15,2026-05-03T14:01:36.144216+00:00
volatality75,telegramchannels,group,7,Business & Startups,en,16,2026-05-03T14:01:36.144219+00:00
officebasedjobslondon,telegramchannels,group,7,Business & Startups,en,17,2026-05-03T14:01:36.144222+00:00
govermentdiplomafresherjobpharma,telegramchannels,group,7,Business & Startups,en,18,2026-05-03T14:01:36.144225+00:00
it_jobs_new_zealand,telegramchannels,group,7,Business & Startups,en,19,2026-05-03T14:01:36.144228+00:00
biashara254,telegramchannels,group,7,Business & Startups,en,20,2026-05-03T14:01:36.144231+00:00
it_jobs_ireland,telegramchannels,group,7,Business & Startups,en,21,2026-05-03T14:01:36.144234+00:00
it_jobs_singapore,telegramchannels,group,7,Business & Startups,en,22,2026-05-03T14:01:36.144237+00:00
it_jobs_uk,telegramchannels,group,7,Business & Startups,en,23,2026-05-03T14:01:36.144240+00:00
hopprfyapp,telegramchannels,group,7,Business & Startups,en,24,2026-05-03T14:01:36.144244+00:00
middleeastjobs,telegramchannels,group,7,Business & Startups,en,25,2026-05-03T14:01:36.144247+00:00
agribusinesslink,telegramchannels,group,7,Business & Startups,en,26,2026-05-03T14:01:36.144250+00:00
manchesterjobs,telegramchannels,group,7,Business & Startups,en,27,2026-05-03T14:01:36.144253+00:00
mentholprotocol,telegramchannels,group,7,Business & Startups,en,28,2026-05-03T14:01:36.144257+00:00
it_jobs_south_africa,telegramchannels,group,7,Business & Startups,en,29,2026-05-03T14:01:36.144260+00:00
farcoderjobs,telegramchannels,group,7,Business & Startups,en,30,2026-05-03T14:01:36.144263+00:00
foundertalks,telegramchannels,group,7,Business & Startups,en,31,2026-05-03T14:01:36.144266+00:00
dubaijobsexpo2020,telegramchannels,group,7,Business & Startups,en,32,2026-05-03T14:01:36.144269+00:00
it_jobs_kenya,telegramchannels,group,7,Business & Startups,en,33,2026-05-03T14:01:36.144272+00:00
wglglobalteam,telegramchannels,group,7,Business & Startups,en,34,2026-05-03T14:01:36.144275+00:00
freshersjobsx24,telegramchannels,group,7,Business & Startups,en,35,2026-05-03T14:01:36.144278+00:00
thepepinitiative,telegramchannels,group,7,Business & Startups,en,36,2026-05-03T14:01:36.144281+00:00
igengagementbooster,telegramchannels,group,7,Business & Startups,en,37,2026-05-03T14:01:36.144284+00:00
kuwtkgroup,telegramchannels,group,8,Celebrities,en,1,2026-05-03T14:01:59.946692+00:00
randomchatschat,telegramchannels,group,35,Communication,en,1,2026-05-03T14:02:23.103404+00:00
cinema_kotaka,telegramchannels,group,35,Communication,en,2,2026-05-03T14:02:23.103412+00:00
english_chatting_club_global,telegramchannels,group,35,Communication,en,3,2026-05-03T14:02:23.103416+00:00
international_english_chattings,telegramchannels,group,35,Communication,en,7,2026-05-03T14:02:23.103444+00:00
chattings_international_english,telegramchannels,group,35,Communication,en,8,2026-05-03T14:02:23.103447+00:00
randomchatsenglish,telegramchannels,group,35,Communication,en,9,2026-05-03T14:02:23.103451+00:00
english_chatting_groups_1,telegramchannels,group,35,Communication,en,10,2026-05-03T14:02:23.103454+00:00
free_promotion_links_share_group,telegramchannels,group,35,Communication,en,11,2026-05-03T14:02:23.103457+00:00
internationalchatting,telegramchannels,group,35,Communication,en,12,2026-05-03T14:02:23.103461+00:00
bangloree,telegramchannels,group,35,Communication,en,13,2026-05-03T14:02:23.103464+00:00
united_global_friends,telegramchannels,group,35,Communication,en,14,2026-05-03T14:02:23.103467+00:00
tivimate_en,telegramchannels,group,35,Communication,en,15,2026-05-03T14:02:23.103470+00:00
gaysupportgroup,telegramchannels,group,35,Communication,en,16,2026-05-03T14:02:23.103473+00:00
melbournefreedomrally,telegramchannels,group,35,Communication,en,17,2026-05-03T14:02:23.103476+00:00
sellerhuntchat,telegramchannels,group,35,Communication,en,18,2026-05-03T14:02:23.103479+00:00
depressionandanxietywarrior,telegramchannels,group,35,Communication,en,19,2026-05-03T14:02:23.103482+00:00
usachristiandating,telegramchannels,group,35,Communication,en,20,2026-05-03T14:02:23.103485+00:00
girlsboyschatgroup8,telegramchannels,group,35,Communication,en,21,2026-05-03T14:02:23.103488+00:00
englishchatz,telegramchannels,group,35,Communication,en,22,2026-05-03T14:02:23.103491+00:00
biotechnologydiscuss,telegramchannels,group,35,Communication,en,23,2026-05-03T14:02:23.103494+00:00
auroritychat,telegramchannels,group,35,Communication,en,24,2026-05-03T14:02:23.103497+00:00
teamjupiter1,telegramchannels,group,35,Communication,en,25,2026-05-03T14:02:23.103501+00:00
anime_chat_associationqin,telegramchannels,group,35,Communication,en,26,2026-05-03T14:02:23.103504+00:00
chat_lovex,telegramchannels,group,35,Communication,en,27,2026-05-03T14:02:23.103507+00:00
superhero_ascension,telegramchannels,group,35,Communication,en,28,2026-05-03T14:02:23.103510+00:00
globalfriendshipdating24,telegramchannels,group,35,Communication,en,29,2026-05-03T14:02:23.103513+00:00
englishchatroomforlearn,telegramchannels,group,35,Communication,en,30,2026-05-03T14:02:23.103516+00:00
helloloveapp,telegramchannels,group,35,Communication,en,31,2026-05-03T14:02:23.103519+00:00
english_american_chatting_group,telegramchannels,group,35,Communication,en,32,2026-05-03T14:02:23.103522+00:00
lgbtsafespace,telegramchannels,group,35,Communication,en,33,2026-05-03T14:02:23.103525+00:00
chat_with_unknown_random_friends,telegramchannels,group,35,Communication,en,34,2026-05-03T14:02:23.103529+00:00
everyonecanchat,telegramchannels,group,35,Communication,en,35,2026-05-03T14:02:23.103532+00:00
redpilledlightworkerseire,telegramchannels,group,35,Communication,en,36,2026-05-03T14:02:23.103535+00:00
worldwide_chats,telegramchannels,group,35,Communication,en,37,2026-05-03T14:02:23.103538+00:00
englishchattingcommunity0,telegramchannels,group,35,Communication,en,38,2026-05-03T14:02:23.103541+00:00
international_english_chat01,telegramchannels,group,35,Communication,en,39,2026-05-03T14:02:23.103544+00:00
papegaai_chat,telegramchannels,group,35,Communication,en,40,2026-05-03T14:02:23.103547+00:00
global_friends30,telegramchannels,group,35,Communication,en,41,2026-05-03T14:02:23.103550+00:00
chitchatforallguys,telegramchannels,group,35,Communication,en,42,2026-05-03T14:02:23.103554+00:00
titansocialmedia,telegramchannels,group,35,Communication,en,43,2026-05-03T14:02:23.103557+00:00
dragon_ball_group,telegramchannels,group,35,Communication,en,44,2026-05-03T14:02:23.103560+00:00
digitalhamradio,telegramchannels,group,35,Communication,en,45,2026-05-03T14:02:23.103563+00:00
voiceroom,telegramchannels,group,35,Communication,en,46,2026-05-03T14:02:23.103566+00:00
raged_prince,telegramchannels,group,35,Communication,en,47,2026-05-03T14:02:23.103569+00:00
englishclubplus,telegramchannels,group,35,Communication,en,48,2026-05-03T14:02:23.103571+00:00
moyemoye_group,telegramchannels,group,35,Communication,en,49,2026-05-03T14:02:23.103575+00:00
busipromoting,telegramchannels,group,35,Communication,en,50,2026-05-03T14:02:23.103577+00:00
hopehollow,telegramchannels,group,35,Communication,en,51,2026-05-03T14:02:23.103580+00:00
zombiesquadhq,telegramchannels,group,41,Crypto Airdrop,en,1,2026-05-03T14:02:40.646385+00:00
icospeaks,telegramchannels,group,41,Crypto Airdrop,en,2,2026-05-03T14:02:40.646393+00:00
airdropkingnewsofficial,telegramchannels,group,41,Crypto Airdrop,en,3,2026-05-03T14:02:40.646397+00:00
axelnetwork,telegramchannels,group,41,Crypto Airdrop,en,7,2026-05-03T14:02:40.646415+00:00
ari10_com,telegramchannels,group,41,Crypto Airdrop,en,8,2026-05-03T14:02:40.646418+00:00
ready4player,telegramchannels,group,41,Crypto Airdrop,en,9,2026-05-03T14:02:40.646429+00:00
airdrop_madness_chat,telegramchannels,group,41,Crypto Airdrop,en,10,2026-05-03T14:02:40.646432+00:00
claimairdropz1,telegramchannels,group,41,Crypto Airdrop,en,11,2026-05-03T14:02:40.646436+00:00
soomatokengroup,telegramchannels,group,41,Crypto Airdrop,en,12,2026-05-03T14:02:40.646439+00:00
airdropcatalogchat,telegramchannels,group,41,Crypto Airdrop,en,13,2026-05-03T14:02:40.646442+00:00
margintoken,telegramchannels,group,41,Crypto Airdrop,en,14,2026-05-03T14:02:40.646445+00:00
knlinkshare,telegramchannels,group,41,Crypto Airdrop,en,15,2026-05-03T14:02:40.646448+00:00
usdt_stablecoin,telegramchannels,group,41,Crypto Airdrop,en,16,2026-05-03T14:02:40.646451+00:00
cryptocurrencyairdropsss,telegramchannels,group,41,Crypto Airdrop,en,17,2026-05-03T14:02:40.646454+00:00
verifiedairdropfree,telegramchannels,group,41,Crypto Airdrop,en,18,2026-05-03T14:02:40.646457+00:00
emojibotsupport,telegramchannels,group,41,Crypto Airdrop,en,19,2026-05-03T14:02:40.646460+00:00
fiestanowcoin,telegramchannels,group,41,Crypto Airdrop,en,20,2026-05-03T14:02:40.646463+00:00
millionairelt,telegramchannels,group,41,Crypto Airdrop,en,21,2026-05-03T14:02:40.646466+00:00
fairdroph,telegramchannels,group,41,Crypto Airdrop,en,22,2026-05-03T14:02:40.646469+00:00
jointhisairdrop,telegramchannels,group,41,Crypto Airdrop,en,23,2026-05-03T14:02:40.646472+00:00
techmoneysupport,telegramchannels,group,41,Crypto Airdrop,en,24,2026-05-03T14:02:40.646475+00:00
claimairdropss,telegramchannels,group,41,Crypto Airdrop,en,25,2026-05-03T14:02:40.646478+00:00
apolycapsegame,telegramchannels,group,41,Crypto Airdrop,en,26,2026-05-03T14:02:40.646480+00:00
airdropearners786,telegramchannels,group,41,Crypto Airdrop,en,27,2026-05-03T14:02:40.646483+00:00
cryptoc_urrency,telegramchannels,group,41,Crypto Airdrop,en,28,2026-05-03T14:02:40.646486+00:00
usdt_on_tron,telegramchannels,group,41,Crypto Airdrop,en,29,2026-05-03T14:02:40.646489+00:00
airdropking067,telegramchannels,group,41,Crypto Airdrop,en,30,2026-05-03T14:02:40.646492+00:00
okxofficial_english,telegramchannels,group,9,Cryptocurrencies,en,1,2026-05-03T14:02:57.157299+00:00
binanceexchange,telegramchannels,group,9,Cryptocurrencies,en,2,2026-05-03T14:02:57.157308+00:00
kucoin_exchange,telegramchannels,group,9,Cryptocurrencies,en,3,2026-05-03T14:02:57.157311+00:00
uxuyen,telegramchannels,group,9,Cryptocurrencies,en,7,2026-05-03T14:02:57.157329+00:00
satoshi_club,telegramchannels,group,9,Cryptocurrencies,en,8,2026-05-03T14:02:57.157332+00:00
fasttoken_eng,telegramchannels,group,9,Cryptocurrencies,en,9,2026-05-03T14:02:57.157335+00:00
fastex_community,telegramchannels,group,9,Cryptocurrencies,en,10,2026-05-03T14:02:57.157338+00:00
ezreferralslink,telegramchannels,group,9,Cryptocurrencies,en,11,2026-05-03T14:02:57.157341+00:00
vipkhoone_group,telegramchannels,group,9,Cryptocurrencies,en,12,2026-05-03T14:02:57.157345+00:00
binancenfts,telegramchannels,group,9,Cryptocurrencies,en,13,2026-05-03T14:02:57.157348+00:00
cryptomoonshots_chat,telegramchannels,group,9,Cryptocurrencies,en,14,2026-05-03T14:02:57.157351+00:00
estatexofficial,telegramchannels,group,9,Cryptocurrencies,en,15,2026-05-03T14:02:57.157354+00:00
cryptochatcwn,telegramchannels,group,9,Cryptocurrencies,en,16,2026-05-03T14:02:57.157357+00:00
chainlinkofficial,telegramchannels,group,9,Cryptocurrencies,en,17,2026-05-03T14:02:57.157360+00:00
icolisting,telegramchannels,group,9,Cryptocurrencies,en,18,2026-05-03T14:02:57.157363+00:00
bee_official_english,telegramchannels,group,9,Cryptocurrencies,en,19,2026-05-03T14:02:57.157366+00:00
cardano,telegramchannels,group,9,Cryptocurrencies,en,20,2026-05-03T14:02:57.157369+00:00
wisecrypto_chat,telegramchannels,group,9,Cryptocurrencies,en,21,2026-05-03T14:02:57.157372+00:00
kardiachain,telegramchannels,group,9,Cryptocurrencies,en,22,2026-05-03T14:02:57.157375+00:00
minxtokenofficial,telegramchannels,group,9,Cryptocurrencies,en,23,2026-05-03T14:02:57.157379+00:00
qiibee,telegramchannels,group,9,Cryptocurrencies,en,24,2026-05-03T14:02:57.157382+00:00
katanainu,telegramchannels,group,9,Cryptocurrencies,en,25,2026-05-03T14:02:57.157385+00:00
mexcbengali,telegramchannels,group,9,Cryptocurrencies,en,26,2026-05-03T14:02:57.157388+00:00
whale_tracker,telegramchannels,group,9,Cryptocurrencies,en,27,2026-05-03T14:02:57.157391+00:00
btcsminers_2_2,telegramchannels,group,9,Cryptocurrencies,en,28,2026-05-03T14:02:57.157394+00:00
oneledger,telegramchannels,group,9,Cryptocurrencies,en,29,2026-05-03T14:02:57.157397+00:00
add_toncoin,telegramchannels,group,9,Cryptocurrencies,en,30,2026-05-03T14:02:57.157400+00:00
litecoin,telegramchannels,group,9,Cryptocurrencies,en,31,2026-05-03T14:02:57.157403+00:00
thegempad,telegramchannels,group,9,Cryptocurrencies,en,32,2026-05-03T14:02:57.157406+00:00
convalexanoq,telegramchannels,group,9,Cryptocurrencies,en,33,2026-05-03T14:02:57.157409+00:00
timpime,telegramchannels,group,9,Cryptocurrencies,en,34,2026-05-03T14:02:57.157413+00:00
wavescommunity,telegramchannels,group,9,Cryptocurrencies,en,35,2026-05-03T14:02:57.157416+00:00
officialtapngo,telegramchannels,group,9,Cryptocurrencies,en,36,2026-05-03T14:02:57.157420+00:00
pundix,telegramchannels,group,9,Cryptocurrencies,en,37,2026-05-03T14:02:57.157423+00:00
humansdotai,telegramchannels,group,9,Cryptocurrencies,en,38,2026-05-03T14:02:57.157426+00:00
studentcoin,telegramchannels,group,9,Cryptocurrencies,en,39,2026-05-03T14:02:57.157433+00:00
jollywhaleofficialchat,telegramchannels,group,9,Cryptocurrencies,en,40,2026-05-03T14:02:57.157436+00:00
dxsale,telegramchannels,group,9,Cryptocurrencies,en,41,2026-05-03T14:02:57.157439+00:00
polkaswap,telegramchannels,group,9,Cryptocurrencies,en,42,2026-05-03T14:02:57.157442+00:00
dev_solidity,telegramchannels,group,9,Cryptocurrencies,en,43,2026-05-03T14:02:57.157446+00:00
gamerhashofficial,telegramchannels,group,9,Cryptocurrencies,en,44,2026-05-03T14:02:57.157449+00:00
bitshibatoken,telegramchannels,group,9,Cryptocurrencies,en,45,2026-05-03T14:02:57.157452+00:00
cheyniio,telegramchannels,group,9,Cryptocurrencies,en,46,2026-05-03T14:02:57.157455+00:00
community_3commas,telegramchannels,group,9,Cryptocurrencies,en,47,2026-05-03T14:02:57.157458+00:00
blockchain_headhunter,telegramchannels,group,9,Cryptocurrencies,en,48,2026-05-03T14:02:57.157462+00:00
yachtingverse_chat,telegramchannels,group,9,Cryptocurrencies,en,49,2026-05-03T14:02:57.157465+00:00
realbox_official,telegramchannels,group,9,Cryptocurrencies,en,50,2026-05-03T14:02:57.157468+00:00
escrowservicespro,telegramchannels,group,9,Cryptocurrencies,en,51,2026-05-03T14:02:57.157471+00:00
binance_info_english,telegramchannels,group,9,Cryptocurrencies,en,52,2026-05-03T14:02:57.157475+00:00
usdtgainandfreebnb,telegramchannels,group,9,Cryptocurrencies,en,53,2026-05-03T14:02:57.157478+00:00
cloudbits,telegramchannels,group,9,Cryptocurrencies,en,54,2026-05-03T14:02:57.157481+00:00
alphaomegacoinofficial,telegramchannels,group,9,Cryptocurrencies,en,55,2026-05-03T14:02:57.157484+00:00
coinstatsapp,telegramchannels,group,9,Cryptocurrencies,en,56,2026-05-03T14:02:57.157487+00:00
ternoa,telegramchannels,group,9,Cryptocurrencies,en,57,2026-05-03T14:02:57.157490+00:00
plutopeofficial,telegramchannels,group,9,Cryptocurrencies,en,58,2026-05-03T14:02:57.157493+00:00
goldpesaofficial,telegramchannels,group,9,Cryptocurrencies,en,59,2026-05-03T14:02:57.157496+00:00
drop_your_nfts,telegramchannels,group,9,Cryptocurrencies,en,60,2026-05-03T14:02:57.157500+00:00
coreblockchaincc,telegramchannels,group,9,Cryptocurrencies,en,61,2026-05-03T14:02:57.157503+00:00
metaverseestoniacm,telegramchannels,group,9,Cryptocurrencies,en,62,2026-05-03T14:02:57.157506+00:00
nextearth_chat,telegramchannels,group,9,Cryptocurrencies,en,63,2026-05-03T14:02:57.157509+00:00
blockairgame,telegramchannels,group,9,Cryptocurrencies,en,64,2026-05-03T14:02:57.157512+00:00
pumpportai,telegramchannels,group,9,Cryptocurrencies,en,65,2026-05-03T14:02:57.157515+00:00
ccie_ei_lab,telegramchannels,group,9,Cryptocurrencies,en,66,2026-05-03T14:02:57.157518+00:00
fuzzy_one,telegramchannels,group,9,Cryptocurrencies,en,67,2026-05-03T14:02:57.157521+00:00
quillaudits_official,telegramchannels,group,9,Cryptocurrencies,en,68,2026-05-03T14:02:57.157524+00:00
aurusofficial,telegramchannels,group,9,Cryptocurrencies,en,69,2026-05-03T14:02:57.157527+00:00
academymastercrypto,telegramchannels,group,9,Cryptocurrencies,en,70,2026-05-03T14:02:57.157531+00:00
broxus_chat,telegramchannels,group,9,Cryptocurrencies,en,71,2026-05-03T14:02:57.157534+00:00
shadowfiofficial,telegramchannels,group,9,Cryptocurrencies,en,72,2026-05-03T14:02:57.157537+00:00
sharering,telegramchannels,group,9,Cryptocurrencies,en,73,2026-05-03T14:02:57.157540+00:00
bingxphilippines,telegramchannels,group,9,Cryptocurrencies,en,74,2026-05-03T14:02:57.157543+00:00
epsiloan,telegramchannels,group,9,Cryptocurrencies,en,75,2026-05-03T14:02:57.157546+00:00
caesiumlabmedia,telegramchannels,group,9,Cryptocurrencies,en,76,2026-05-03T14:02:57.157549+00:00
pepeonsol,telegramchannels,group,9,Cryptocurrencies,en,77,2026-05-03T14:02:57.157552+00:00
xyphertalk,telegramchannels,group,9,Cryptocurrencies,en,78,2026-05-03T14:02:57.157556+00:00
yellowcardcrypto,telegramchannels,group,9,Cryptocurrencies,en,79,2026-05-03T14:02:57.157559+00:00
investorsheaven2022,telegramchannels,group,9,Cryptocurrencies,en,80,2026-05-03T14:02:57.157562+00:00
fournayz,telegramchannels,group,9,Cryptocurrencies,en,81,2026-05-03T14:02:57.157566+00:00
gemsofficer,telegramchannels,group,9,Cryptocurrencies,en,82,2026-05-03T14:02:57.157569+00:00
qrledgerofficial,telegramchannels,group,9,Cryptocurrencies,en,83,2026-05-03T14:02:57.157572+00:00
vabble,telegramchannels,group,9,Cryptocurrencies,en,84,2026-05-03T14:02:57.157575+00:00
bitcoin_united_states,telegramchannels,group,9,Cryptocurrencies,en,85,2026-05-03T14:02:57.157578+00:00
getblockio_eng,telegramchannels,group,9,Cryptocurrencies,en,86,2026-05-03T14:02:57.157581+00:00
freecryptopl,telegramchannels,group,9,Cryptocurrencies,en,87,2026-05-03T14:02:57.157584+00:00
cryptinoschat,telegramchannels,group,9,Cryptocurrencies,en,88,2026-05-03T14:02:57.157587+00:00
cryptoherotagroup,telegramchannels,group,9,Cryptocurrencies,en,89,2026-05-03T14:02:57.157590+00:00
crypt_talk,telegramchannels,group,9,Cryptocurrencies,en,90,2026-05-03T14:02:57.157593+00:00
megatoken_group,telegramchannels,group,9,Cryptocurrencies,en,91,2026-05-03T14:02:57.157596+00:00
coinbaazar_exchange,telegramchannels,group,9,Cryptocurrencies,en,92,2026-05-03T14:02:57.157599+00:00
hlcpakistan,telegramchannels,group,9,Cryptocurrencies,en,93,2026-05-03T14:02:57.157602+00:00
gmcoin,telegramchannels,group,9,Cryptocurrencies,en,94,2026-05-03T14:02:57.157605+00:00
cryptom00nshots,telegramchannels,group,9,Cryptocurrencies,en,95,2026-05-03T14:02:57.157609+00:00
bbcoinlegends,telegramchannels,group,9,Cryptocurrencies,en,96,2026-05-03T14:02:57.157611+00:00
furrevertoken,telegramchannels,group,9,Cryptocurrencies,en,97,2026-05-03T14:02:57.157614+00:00
satoshipanda,telegramchannels,group,9,Cryptocurrencies,en,98,2026-05-03T14:02:57.157617+00:00
dexkit,telegramchannels,group,9,Cryptocurrencies,en,99,2026-05-03T14:02:57.157620+00:00
lewkcom,telegramchannels,group,9,Cryptocurrencies,en,100,2026-05-03T14:02:57.157623+00:00
surfboardfinance,telegramchannels,group,9,Cryptocurrencies,en,101,2026-05-03T14:02:57.157626+00:00
cryptosanijibrin,telegramchannels,group,9,Cryptocurrencies,en,102,2026-05-03T14:02:57.157629+00:00
lucrosus_capital,telegramchannels,group,9,Cryptocurrencies,en,103,2026-05-03T14:02:57.157632+00:00
forexsiganl,telegramchannels,group,42,Crypto & FX Trading,en,1,2026-05-03T14:03:09.984668+00:00
beincryptocommunity,telegramchannels,group,42,Crypto & FX Trading,en,2,2026-05-03T14:03:09.984676+00:00
fmcpayglobalchat,telegramchannels,group,42,Crypto & FX Trading,en,3,2026-05-03T14:03:09.984679+00:00
bitbns,telegramchannels,group,42,Crypto & FX Trading,en,7,2026-05-03T14:03:09.984695+00:00
bitsquad,telegramchannels,group,42,Crypto & FX Trading,en,8,2026-05-03T14:03:09.984698+00:00
monkey_crypto_pump,telegramchannels,group,42,Crypto & FX Trading,en,9,2026-05-03T14:03:09.984701+00:00
forexchatpro,telegramchannels,group,42,Crypto & FX Trading,en,10,2026-05-03T14:03:09.984704+00:00
changenow_chat,telegramchannels,group,42,Crypto & FX Trading,en,11,2026-05-03T14:03:09.984707+00:00
whalepoolbtc,telegramchannels,group,42,Crypto & FX Trading,en,12,2026-05-03T14:03:09.984710+00:00
jaguar_crypto_family,telegramchannels,group,42,Crypto & FX Trading,en,13,2026-05-03T14:03:09.984713+00:00
ctrader_official,telegramchannels,group,42,Crypto & FX Trading,en,14,2026-05-03T14:03:09.984716+00:00
venturefxsgroup,telegramchannels,group,42,Crypto & FX Trading,en,15,2026-05-03T14:03:09.984718+00:00
funded_trading_chat,telegramchannels,group,42,Crypto & FX Trading,en,16,2026-05-03T14:03:09.984722+00:00
joechampion,telegramchannels,group,42,Crypto & FX Trading,en,17,2026-05-03T14:03:09.984724+00:00
workquestchat,telegramchannels,group,42,Crypto & FX Trading,en,18,2026-05-03T14:03:09.984727+00:00
binaryoptions5,telegramchannels,group,42,Crypto & FX Trading,en,19,2026-05-03T14:03:09.984730+00:00
forexunlockanddecompile,telegramchannels,group,42,Crypto & FX Trading,en,20,2026-05-03T14:03:09.984733+00:00
metaspace_metaverse,telegramchannels,group,42,Crypto & FX Trading,en,21,2026-05-03T14:03:09.984736+00:00
forexonfirefof,telegramchannels,group,42,Crypto & FX Trading,en,22,2026-05-03T14:03:09.984739+00:00
tradeinwalstreet,telegramchannels,group,42,Crypto & FX Trading,en,23,2026-05-03T14:03:09.984742+00:00
forexexperttrader999,telegramchannels,group,42,Crypto & FX Trading,en,24,2026-05-03T14:03:09.984745+00:00
binanacebearsgroup,telegramchannels,group,42,Crypto & FX Trading,en,25,2026-05-03T14:03:09.984748+00:00
ea_paradise_group,telegramchannels,group,42,Crypto & FX Trading,en,26,2026-05-03T14:03:09.984751+00:00
fxnpsignals,telegramchannels,group,42,Crypto & FX Trading,en,27,2026-05-03T14:03:09.984753+00:00
rallypipsfxsignals,telegramchannels,group,42,Crypto & FX Trading,en,28,2026-05-03T14:03:09.984756+00:00
btpcryptop,telegramchannels,group,42,Crypto & FX Trading,en,29,2026-05-03T14:03:09.984759+00:00
whaletankchat,telegramchannels,group,42,Crypto & FX Trading,en,30,2026-05-03T14:03:09.984762+00:00
coinsecret,telegramchannels,group,42,Crypto & FX Trading,en,31,2026-05-03T14:03:09.984765+00:00
hotbit_trading_pumps,telegramchannels,group,42,Crypto & FX Trading,en,32,2026-05-03T14:03:09.984768+00:00
tfltradergroupchat,telegramchannels,group,42,Crypto & FX Trading,en,33,2026-05-03T14:03:09.984770+00:00
pumphous,telegramchannels,group,42,Crypto & FX Trading,en,34,2026-05-03T14:03:09.984773+00:00
adrianmatthew123,telegramchannels,group,42,Crypto & FX Trading,en,35,2026-05-03T14:03:09.984776+00:00
pip_pro_traderfx,telegramchannels,group,42,Crypto & FX Trading,en,36,2026-05-03T14:03:09.984779+00:00
libreprimus,telegramchannels,group,42,Crypto & FX Trading,en,37,2026-05-03T14:03:09.984781+00:00
bitkanofficial,telegramchannels,group,42,Crypto & FX Trading,en,38,2026-05-03T14:03:09.984784+00:00
bestforexsignalschat,telegramchannels,group,42,Crypto & FX Trading,en,39,2026-05-03T14:03:09.984787+00:00
fxpremieresignalsofficial,telegramchannels,group,42,Crypto & FX Trading,en,40,2026-05-03T14:03:09.984790+00:00
ssjforexsignals9,telegramchannels,group,42,Crypto & FX Trading,en,41,2026-05-03T14:03:09.984792+00:00
goldmasteer786,telegramchannels,group,42,Crypto & FX Trading,en,42,2026-05-03T14:03:09.984796+00:00
gaby_callss,telegramchannels,group,42,Crypto & FX Trading,en,43,2026-05-03T14:03:09.984799+00:00
strape,telegramchannels,group,42,Crypto & FX Trading,en,44,2026-05-03T14:03:09.984801+00:00
tradinglivestream,telegramchannels,group,42,Crypto & FX Trading,en,45,2026-05-03T14:03:09.984804+00:00
forexchatcenter,telegramchannels,group,42,Crypto & FX Trading,en,46,2026-05-03T14:03:09.984807+00:00
futuress_signals,telegramchannels,group,42,Crypto & FX Trading,en,47,2026-05-03T14:03:09.984810+00:00
ailantrohub1,telegramchannels,group,42,Crypto & FX Trading,en,48,2026-05-03T14:03:09.984812+00:00
senales_forex_uk,telegramchannels,group,42,Crypto & FX Trading,en,49,2026-05-03T14:03:09.984815+00:00
caspian_tech,telegramchannels,group,42,Crypto & FX Trading,en,50,2026-05-03T14:03:09.984818+00:00
forexbiglotz,telegramchannels,group,42,Crypto & FX Trading,en,51,2026-05-03T14:03:09.984821+00:00
binance_chain_official,telegramchannels,group,42,Crypto & FX Trading,en,52,2026-05-03T14:03:09.984824+00:00
propfirmpasse,telegramchannels,group,42,Crypto & FX Trading,en,53,2026-05-03T14:03:09.984826+00:00
binaryoptionpro_signals,telegramchannels,group,42,Crypto & FX Trading,en,54,2026-05-03T14:03:09.984830+00:00
alphatradezonegroups,telegramchannels,group,42,Crypto & FX Trading,en,55,2026-05-03T14:03:09.984832+00:00
forexmarketmakersgroup,telegramchannels,group,42,Crypto & FX Trading,en,56,2026-05-03T14:03:09.984835+00:00
thebitcoinfxgroup,telegramchannels,group,42,Crypto & FX Trading,en,57,2026-05-03T14:03:09.984838+00:00
fxoptimal,telegramchannels,group,42,Crypto & FX Trading,en,58,2026-05-03T14:03:09.984841+00:00
alphatradezone_group,telegramchannels,group,42,Crypto & FX Trading,en,59,2026-05-03T14:03:09.984844+00:00
airswap,telegramchannels,group,42,Crypto & FX Trading,en,60,2026-05-03T14:03:09.984847+00:00
ailantrohub3,telegramchannels,group,42,Crypto & FX Trading,en,61,2026-05-03T14:03:09.984850+00:00
alphatradezone_group_ta,telegramchannels,group,42,Crypto & FX Trading,en,62,2026-05-03T14:03:09.984852+00:00
cryptoearnings_hub,telegramchannels,group,42,Crypto & FX Trading,en,63,2026-05-03T14:03:09.984855+00:00
white_walkers_pulsechain,telegramchannels,group,42,Crypto & FX Trading,en,64,2026-05-03T14:03:09.984858+00:00
coinfarm,telegramchannels,group,42,Crypto & FX Trading,en,65,2026-05-03T14:03:09.984861+00:00
binarydotcom,telegramchannels,group,42,Crypto & FX Trading,en,66,2026-05-03T14:03:09.984864+00:00
cryptocurrency_coinmarketcap,telegramchannels,group,42,Crypto & FX Trading,en,67,2026-05-03T14:03:09.984866+00:00
tradeonderibet,telegramchannels,group,42,Crypto & FX Trading,en,68,2026-05-03T14:03:09.984869+00:00
alphatradezonegroup,telegramchannels,group,42,Crypto & FX Trading,en,69,2026-05-03T14:03:09.984872+00:00
ninja_indicators,telegramchannels,group,42,Crypto & FX Trading,en,70,2026-05-03T14:03:09.984875+00:00
signalsentop,telegramchannels,group,42,Crypto & FX Trading,en,71,2026-05-03T14:03:09.984877+00:00
spikeforecaster,telegramchannels,group,42,Crypto & FX Trading,en,72,2026-05-03T14:03:09.984880+00:00
milkypips_smartbot,telegramchannels,group,42,Crypto & FX Trading,en,73,2026-05-03T14:03:09.984883+00:00
forexcrackedeas,telegramchannels,group,42,Crypto & FX Trading,en,74,2026-05-03T14:03:09.984885+00:00
nowtoken_bounty,telegramchannels,group,42,Crypto & FX Trading,en,75,2026-05-03T14:03:09.984888+00:00
tradeandinvest_chat,telegramchannels,group,42,Crypto & FX Trading,en,76,2026-05-03T14:03:09.984891+00:00
spotfuturesscalpingbinance,telegramchannels,group,42,Crypto & FX Trading,en,77,2026-05-03T14:03:09.984893+00:00
forexinafrica1,telegramchannels,group,42,Crypto & FX Trading,en,78,2026-05-03T14:03:09.984897+00:00
usa_stockmarket1,telegramchannels,group,42,Crypto & FX Trading,en,79,2026-05-03T14:03:09.984900+00:00
dzfxtrading1,telegramchannels,group,42,Crypto & FX Trading,en,80,2026-05-03T14:03:09.984902+00:00
freeforextradingchat,telegramchannels,group,42,Crypto & FX Trading,en,81,2026-05-03T14:03:09.984905+00:00
forexx23,telegramchannels,group,42,Crypto & FX Trading,en,82,2026-05-03T14:03:09.984907+00:00
quiptalk,telegramchannels,group,42,Crypto & FX Trading,en,83,2026-05-03T14:03:09.984910+00:00
alexanderalez,telegramchannels,group,42,Crypto & FX Trading,en,84,2026-05-03T14:03:09.984912+00:00
cptsgroup,telegramchannels,group,42,Crypto & FX Trading,en,85,2026-05-03T14:03:09.984915+00:00
p1pchaser,telegramchannels,group,42,Crypto & FX Trading,en,86,2026-05-03T14:03:09.984918+00:00
forextradersandinvestorwld,telegramchannels,group,42,Crypto & FX Trading,en,87,2026-05-03T14:03:09.984921+00:00
cryptrich,telegramchannels,group,42,Crypto & FX Trading,en,88,2026-05-03T14:03:09.984923+00:00
tradinghubfx,telegramchannels,group,42,Crypto & FX Trading,en,89,2026-05-03T14:03:09.984926+00:00
coinmazecrypto,telegramchannels,group,42,Crypto & FX Trading,en,90,2026-05-03T14:03:09.984929+00:00
coinwhiff,telegramchannels,group,42,Crypto & FX Trading,en,91,2026-05-03T14:03:09.984931+00:00
ggshotleaks,telegramchannels,group,42,Crypto & FX Trading,en,92,2026-05-03T14:03:09.984934+00:00
ablfreesignals,telegramchannels,group,42,Crypto & FX Trading,en,93,2026-05-03T14:03:09.984937+00:00
futuresheroeschat,telegramchannels,group,42,Crypto & FX Trading,en,94,2026-05-03T14:03:09.984940+00:00
tradingwithstyle,telegramchannels,group,42,Crypto & FX Trading,en,95,2026-05-03T14:03:09.984942+00:00
alexviptradingsignal,telegramchannels,group,42,Crypto & FX Trading,en,96,2026-05-03T14:03:09.984945+00:00
derivdotcom,telegramchannels,group,42,Crypto & FX Trading,en,97,2026-05-03T14:03:09.984948+00:00
apetradebot,telegramchannels,group,42,Crypto & FX Trading,en,98,2026-05-03T14:03:09.984950+00:00
sigline_public,telegramchannels,group,42,Crypto & FX Trading,en,99,2026-05-03T14:03:09.984953+00:00
americanfxmaster,telegramchannels,group,42,Crypto & FX Trading,en,100,2026-05-03T14:03:09.984956+00:00
exeltrading,telegramchannels,group,42,Crypto & FX Trading,en,101,2026-05-03T14:03:09.984959+00:00
safxtraders,telegramchannels,group,42,Crypto & FX Trading,en,102,2026-05-03T14:03:09.984961+00:00
pockethunterzone,telegramchannels,group,42,Crypto & FX Trading,en,103,2026-05-03T14:03:09.984964+00:00
bilals_tech,telegramchannels,group,10,Economics & Finance,en,1,2026-05-03T14:03:24.849417+00:00
fresherjobs13,telegramchannels,group,10,Economics & Finance,en,2,2026-05-03T14:03:24.849448+00:00
bengaluruofficial,telegramchannels,group,10,Economics & Finance,en,3,2026-05-03T14:03:24.849451+00:00
usdteurope,telegramchannels,group,10,Economics & Finance,en,7,2026-05-03T14:03:24.849470+00:00
probrokersltd,telegramchannels,group,10,Economics & Finance,en,8,2026-05-03T14:03:24.849473+00:00
liquide_academy,telegramchannels,group,10,Economics & Finance,en,9,2026-05-03T14:03:24.849476+00:00
pakistanpaymentgateway,telegramchannels,group,10,Economics & Finance,en,10,2026-05-03T14:03:24.849479+00:00
stockmarketdiscussion1,telegramchannels,group,10,Economics & Finance,en,11,2026-05-03T14:03:24.849482+00:00
sgmarketnpreipo,telegramchannels,group,10,Economics & Finance,en,12,2026-05-03T14:03:24.849485+00:00
stockmarketwithsg,telegramchannels,group,10,Economics & Finance,en,13,2026-05-03T14:03:24.849488+00:00
safefundmanager,telegramchannels,group,10,Economics & Finance,en,14,2026-05-03T14:03:24.849491+00:00
legitwaystomakemoneynow,telegramchannels,group,10,Economics & Finance,en,15,2026-05-03T14:03:24.849494+00:00
makemoneyonline,telegramchannels,group,10,Economics & Finance,en,16,2026-05-03T14:03:24.849498+00:00
pincomeopport,telegramchannels,group,10,Economics & Finance,en,17,2026-05-03T14:03:24.849501+00:00
smartmoneyrobotea1,telegramchannels,group,10,Economics & Finance,en,18,2026-05-03T14:03:24.849504+00:00
stockallnew,telegramchannels,group,10,Economics & Finance,en,19,2026-05-03T14:03:24.849507+00:00
bestguranteedinvestmentlimited,telegramchannels,group,10,Economics & Finance,en,20,2026-05-03T14:03:24.849510+00:00
international_ai_marketing,telegramchannels,group,10,Economics & Finance,en,21,2026-05-03T14:03:24.849512+00:00
havokclub,telegramchannels,group,10,Economics & Finance,en,22,2026-05-03T14:03:24.849515+00:00
financeadmit,telegramchannels,group,10,Economics & Finance,en,23,2026-05-03T14:03:24.849518+00:00
bnf_option,telegramchannels,group,10,Economics & Finance,en,24,2026-05-03T14:03:24.849521+00:00
belajarmicrosoftexcel,telegramchannels,group,11,Education,en,1,2026-05-03T14:03:38.028847+00:00
yne123,telegramchannels,group,11,Education,en,2,2026-05-03T14:03:38.028855+00:00
great_worriors,telegramchannels,group,11,Education,en,3,2026-05-03T14:03:38.028858+00:00
web_developersz,telegramchannels,group,11,Education,en,7,2026-05-03T14:03:38.028875+00:00
guru_exam,telegramchannels,group,11,Education,en,8,2026-05-03T14:03:38.028878+00:00
vlsichaps,telegramchannels,group,11,Education,en,9,2026-05-03T14:03:38.028880+00:00
fullstackpathwaygroup,telegramchannels,group,11,Education,en,10,2026-05-03T14:03:38.028883+00:00
termux24x7,telegramchannels,group,11,Education,en,11,2026-05-03T14:03:38.028886+00:00
udemy_free_courses2u,telegramchannels,group,11,Education,en,12,2026-05-03T14:03:38.028889+00:00
superexams,telegramchannels,group,11,Education,en,13,2026-05-03T14:03:38.028892+00:00
doubt_buster_alpha,telegramchannels,group,11,Education,en,14,2026-05-03T14:03:38.028895+00:00
join_pure_mathematics,telegramchannels,group,11,Education,en,15,2026-05-03T14:03:38.028897+00:00
uaejobsonly,telegramchannels,group,11,Education,en,16,2026-05-03T14:03:38.028900+00:00
lcspeakgerman,telegramchannels,group,11,Education,en,17,2026-05-03T14:03:38.028903+00:00
mains_mastery,telegramchannels,group,11,Education,en,18,2026-05-03T14:03:38.028906+00:00
comrs12c,telegramchannels,group,11,Education,en,19,2026-05-03T14:03:38.028909+00:00
meganaukricom,telegramchannels,group,11,Education,en,20,2026-05-03T14:03:38.028911+00:00
dranojan,telegramchannels,group,11,Education,en,21,2026-05-03T14:03:38.028914+00:00
civil_home1,telegramchannels,group,11,Education,en,22,2026-05-03T14:03:38.028916+00:00
vancouverinternationalstudents,telegramchannels,group,11,Education,en,23,2026-05-03T14:03:38.028919+00:00
essaywork,telegramchannels,group,11,Education,en,24,2026-05-03T14:03:38.028922+00:00
corgitoreaders,telegramchannels,group,11,Education,en,25,2026-05-03T14:03:38.028925+00:00
scholarship_talks,telegramchannels,group,11,Education,en,26,2026-05-03T14:03:38.028928+00:00
freecoursesforitstudents,telegramchannels,group,11,Education,en,27,2026-05-03T14:03:38.028931+00:00
homemadesfood,telegramchannels,group,11,Education,en,28,2026-05-03T14:03:38.028933+00:00
psychedelicempire,telegramchannels,group,11,Education,en,29,2026-05-03T14:03:38.028936+00:00
allessayssg,telegramchannels,group,11,Education,en,30,2026-05-03T14:03:38.028939+00:00
the_bible_study_group,telegramchannels,group,11,Education,en,31,2026-05-03T14:03:38.028942+00:00
neet_pg_aiims,telegramchannels,group,11,Education,en,32,2026-05-03T14:03:38.028945+00:00
islamquransunnaheducation,telegramchannels,group,11,Education,en,33,2026-05-03T14:03:38.028948+00:00
smartcivils,telegramchannels,group,11,Education,en,34,2026-05-03T14:03:38.028951+00:00
currentaffairs_lab,telegramchannels,group,11,Education,en,35,2026-05-03T14:03:38.028954+00:00
eenglishcclub,telegramchannels,group,11,Education,en,36,2026-05-03T14:03:38.028956+00:00
gracerealmministries,telegramchannels,group,11,Education,en,37,2026-05-03T14:03:38.028959+00:00
chatcouponcode,telegramchannels,group,11,Education,en,38,2026-05-03T14:03:38.028962+00:00
ekeduneet,telegramchannels,group,11,Education,en,39,2026-05-03T14:03:38.028964+00:00
englishforwardcommunity,telegramchannels,group,11,Education,en,40,2026-05-03T14:03:38.028967+00:00
cdr_writers,telegramchannels,group,11,Education,en,41,2026-05-03T14:03:38.028969+00:00
africans1,telegramchannels,group,11,Education,en,42,2026-05-03T14:03:38.028972+00:00
scrummastertrain,telegramchannels,group,11,Education,en,43,2026-05-03T14:03:38.028975+00:00
capfinterview,telegramchannels,group,11,Education,en,44,2026-05-03T14:03:38.028977+00:00
capfacgroup,telegramchannels,group,11,Education,en,45,2026-05-03T14:03:38.028980+00:00
civildiscussiongrp,telegramchannels,group,11,Education,en,46,2026-05-03T14:03:38.028983+00:00
quranhadithmuslim,telegramchannels,group,11,Education,en,47,2026-05-03T14:03:38.028985+00:00
learningonlinecourses,telegramchannels,group,11,Education,en,48,2026-05-03T14:03:38.028988+00:00
dankbaatcheet,telegramchannels,group,11,Education,en,49,2026-05-03T14:03:38.028991+00:00
dubaiwalkinjobs,telegramchannels,group,11,Education,en,50,2026-05-03T14:03:38.028993+00:00
noteshaibhai,telegramchannels,group,11,Education,en,51,2026-05-03T14:03:38.028996+00:00
oiatooldiscussion,telegramchannels,group,11,Education,en,52,2026-05-03T14:03:38.028998+00:00
python3programmer,telegramchannels,group,11,Education,en,53,2026-05-03T14:03:38.029001+00:00
level_my_english,telegramchannels,group,11,Education,en,54,2026-05-03T14:03:38.029004+00:00
letsgetfluent,telegramchannels,group,11,Education,en,55,2026-05-03T14:03:38.029007+00:00
certgrow,telegramchannels,group,11,Education,en,56,2026-05-03T14:03:38.029010+00:00
psupyq,telegramchannels,group,11,Education,en,57,2026-05-03T14:03:38.029013+00:00
globaludemyy,telegramchannels,group,11,Education,en,58,2026-05-03T14:03:38.029015+00:00
youthskillempowerment,telegramchannels,group,11,Education,en,59,2026-05-03T14:03:38.029018+00:00
uniquestudi,telegramchannels,group,11,Education,en,60,2026-05-03T14:03:38.029020+00:00
neet_zone,telegramchannels,group,11,Education,en,61,2026-05-03T14:03:38.029023+00:00
paytmlootgroup,telegramchannels,group,11,Education,en,62,2026-05-03T14:03:38.029026+00:00
careervyaschat,telegramchannels,group,11,Education,en,63,2026-05-03T14:03:38.029028+00:00
bloomquizmaster,telegramchannels,group,11,Education,en,64,2026-05-03T14:03:38.029031+00:00
fivegknowledgebase,telegramchannels,group,11,Education,en,65,2026-05-03T14:03:38.029033+00:00
clickbeegroup,telegramchannels,group,12,Entertainment,en,1,2026-05-03T14:03:51.172681+00:00
otakuzdream,telegramchannels,group,12,Entertainment,en,2,2026-05-03T14:03:51.172689+00:00
flashkidd_freenet,telegramchannels,group,12,Entertainment,en,3,2026-05-03T14:03:51.172692+00:00
addictedgroup,telegramchannels,group,12,Entertainment,en,7,2026-05-03T14:03:51.172711+00:00
friendlyeng,telegramchannels,group,12,Entertainment,en,8,2026-05-03T14:03:51.172714+00:00
onepiecegroup,telegramchannels,group,12,Entertainment,en,9,2026-05-03T14:03:51.172717+00:00
introvertempire,telegramchannels,group,12,Entertainment,en,10,2026-05-03T14:03:51.172720+00:00
talking21,telegramchannels,group,12,Entertainment,en,11,2026-05-03T14:03:51.172724+00:00
dating_in_telegram,telegramchannels,group,12,Entertainment,en,12,2026-05-03T14:03:51.172727+00:00
international_worldtalkers_club,telegramchannels,group,12,Entertainment,en,13,2026-05-03T14:03:51.172730+00:00
exchangeiptv,telegramchannels,group,12,Entertainment,en,14,2026-05-03T14:03:51.172733+00:00
opspoiler,telegramchannels,group,12,Entertainment,en,15,2026-05-03T14:03:51.172736+00:00
dx5lcinsta,telegramchannels,group,12,Entertainment,en,16,2026-05-03T14:03:51.172740+00:00
moviesssadda,telegramchannels,group,12,Entertainment,en,17,2026-05-03T14:03:51.172743+00:00
flat_earthers,telegramchannels,group,12,Entertainment,en,18,2026-05-03T14:03:51.172746+00:00
ourqueengp,telegramchannels,group,12,Entertainment,en,19,2026-05-03T14:03:51.172749+00:00
iptv_hero,telegramchannels,group,12,Entertainment,en,20,2026-05-03T14:03:51.172752+00:00
tiktokcentral,telegramchannels,group,12,Entertainment,en,21,2026-05-03T14:03:51.172755+00:00
animenikko,telegramchannels,group,12,Entertainment,en,22,2026-05-03T14:03:51.172758+00:00
dankwaifu,telegramchannels,group,12,Entertainment,en,23,2026-05-03T14:03:51.172761+00:00
animeryuzoku,telegramchannels,group,12,Entertainment,en,24,2026-05-03T14:03:51.172764+00:00
nintendo_gamers,telegramchannels,group,12,Entertainment,en,25,2026-05-03T14:03:51.172767+00:00
stolenmemeshere,telegramchannels,group,12,Entertainment,en,26,2026-05-03T14:03:51.172770+00:00
englishtalksclub,telegramchannels,group,12,Entertainment,en,27,2026-05-03T14:03:51.172774+00:00
animekaizokuencodes,telegramchannels,group,12,Entertainment,en,28,2026-05-03T14:03:51.172777+00:00
haruhii_suzumiya_brigade,telegramchannels,group,12,Entertainment,en,29,2026-05-03T14:03:51.172780+00:00
ogagatvmovies,telegramchannels,group,12,Entertainment,en,30,2026-05-03T14:03:51.172783+00:00
chattingspot,telegramchannels,group,12,Entertainment,en,31,2026-05-03T14:03:51.172786+00:00
animegakkou,telegramchannels,group,12,Entertainment,en,32,2026-05-03T14:03:51.172789+00:00
globalforum,telegramchannels,group,12,Entertainment,en,33,2026-05-03T14:03:51.172792+00:00
romantic_friendss,telegramchannels,group,12,Entertainment,en,34,2026-05-03T14:03:51.172796+00:00
based_chat,telegramchannels,group,12,Entertainment,en,35,2026-05-03T14:03:51.172798+00:00
vibes12man,telegramchannels,group,12,Entertainment,en,36,2026-05-03T14:03:51.172801+00:00
gofurry,telegramchannels,group,12,Entertainment,en,37,2026-05-03T14:03:51.172804+00:00
deschat,telegramchannels,group,12,Entertainment,en,38,2026-05-03T14:03:51.172807+00:00
gotchaday,telegramchannels,group,12,Entertainment,en,39,2026-05-03T14:03:51.172810+00:00
leaderstv1,telegramchannels,group,12,Entertainment,en,40,2026-05-03T14:03:51.172813+00:00
internationalgp2,telegramchannels,group,12,Entertainment,en,41,2026-05-03T14:03:51.172816+00:00
cnfansfever,telegramchannels,group,13,Fashion & Beauty,en,1,2026-05-03T14:04:04.424783+00:00
sgmodels,telegramchannels,group,13,Fashion & Beauty,en,2,2026-05-03T14:04:04.424791+00:00
luxurybrandgang_group,telegramchannels,group,13,Fashion & Beauty,en,3,2026-05-03T14:04:04.424794+00:00
connect_mfr_resaler_group,telegramchannels,group,13,Fashion & Beauty,en,7,2026-05-03T14:04:04.424813+00:00
latestfashionanddesign,telegramchannels,group,13,Fashion & Beauty,en,8,2026-05-03T14:04:04.424816+00:00
streetconceptgr,telegramchannels,group,13,Fashion & Beauty,en,9,2026-05-03T14:04:04.424819+00:00
dhamakadeals789,telegramchannels,group,13,Fashion & Beauty,en,10,2026-05-03T14:04:04.424823+00:00
deadstardizcountz,telegramchannels,group,14,Food,en,1,2026-05-03T14:04:17.295793+00:00
medievalempireschat,telegramchannels,group,15,Games & Apps,en,1,2026-05-03T14:04:30.483245+00:00
pocket_space,telegramchannels,group,15,Games & Apps,en,2,2026-05-03T14:04:30.483253+00:00
unity3ddevs,telegramchannels,group,15,Games & Apps,en,3,2026-05-03T14:04:30.483256+00:00
soratopia,telegramchannels,group,15,Games & Apps,en,7,2026-05-03T14:04:30.483275+00:00
dogedogegame,telegramchannels,group,15,Games & Apps,en,8,2026-05-03T14:04:30.483278+00:00
deepspacegame,telegramchannels,group,15,Games & Apps,en,9,2026-05-03T14:04:30.483281+00:00
tauntbattleworld,telegramchannels,group,15,Games & Apps,en,10,2026-05-03T14:04:30.483285+00:00
axiommodz,telegramchannels,group,15,Games & Apps,en,11,2026-05-03T14:04:30.483288+00:00
animeryu,telegramchannels,group,15,Games & Apps,en,12,2026-05-03T14:04:30.483291+00:00
cryptosouleng,telegramchannels,group,15,Games & Apps,en,13,2026-05-03T14:04:30.483294+00:00
wodocommunity,telegramchannels,group,15,Games & Apps,en,14,2026-05-03T14:04:30.483297+00:00
shareyourlinksplatform,telegramchannels,group,15,Games & Apps,en,15,2026-05-03T14:04:30.483300+00:00
wfun_sg_community,telegramchannels,group,15,Games & Apps,en,16,2026-05-03T14:04:30.483303+00:00
all_moviesandpc_games_request,telegramchannels,group,15,Games & Apps,en,17,2026-05-03T14:04:30.483306+00:00
cockpit_panel,telegramchannels,group,15,Games & Apps,en,18,2026-05-03T14:04:30.483309+00:00
paypalsmoney,telegramchannels,group,15,Games & Apps,en,19,2026-05-03T14:04:30.483312+00:00
pokemon_global,telegramchannels,group,15,Games & Apps,en,20,2026-05-03T14:04:30.483315+00:00
gameshub13,telegramchannels,group,15,Games & Apps,en,21,2026-05-03T14:04:30.483318+00:00
pubgbgmichat,telegramchannels,group,15,Games & Apps,en,22,2026-05-03T14:04:30.483321+00:00
pokemongo_friends,telegramchannels,group,15,Games & Apps,en,23,2026-05-03T14:04:30.483324+00:00
pubgtdm,telegramchannels,group,15,Games & Apps,en,24,2026-05-03T14:04:30.483326+00:00
yamrajofficialgod,telegramchannels,group,15,Games & Apps,en,25,2026-05-03T14:04:30.483329+00:00
pubgroyalgamers,telegramchannels,group,15,Games & Apps,en,26,2026-05-03T14:04:30.483333+00:00
hello56786,telegramchannels,group,15,Games & Apps,en,27,2026-05-03T14:04:30.483336+00:00
ada222x,telegramchannels,group,15,Games & Apps,en,28,2026-05-03T14:04:30.483339+00:00
codetop_follow,telegramchannels,group,15,Games & Apps,en,29,2026-05-03T14:04:30.483342+00:00
minimilitia_gamers,telegramchannels,group,15,Games & Apps,en,30,2026-05-03T14:04:30.483345+00:00
creationsbyrdgroup,telegramchannels,group,15,Games & Apps,en,31,2026-05-03T14:04:30.483348+00:00
gamingdiscussion,telegramchannels,group,15,Games & Apps,en,32,2026-05-03T14:04:30.483351+00:00
pokemonpocketmeta,telegramchannels,group,15,Games & Apps,en,33,2026-05-03T14:04:30.483354+00:00
gamee_at_games,telegramchannels,group,15,Games & Apps,en,34,2026-05-03T14:04:30.483357+00:00
songtubegroup,telegramchannels,group,15,Games & Apps,en,35,2026-05-03T14:04:30.483360+00:00
qqhongbao33cc,telegramchannels,group,15,Games & Apps,en,36,2026-05-03T14:04:30.483363+00:00
androidapkappschannel,telegramchannels,group,15,Games & Apps,en,37,2026-05-03T14:04:30.483366+00:00
wolfgangnakal,telegramchannels,group,15,Games & Apps,en,38,2026-05-03T14:04:30.483369+00:00
kjurghfr,telegramchannels,group,15,Games & Apps,en,39,2026-05-03T14:04:30.483372+00:00
unoroom,telegramchannels,group,15,Games & Apps,en,40,2026-05-03T14:04:30.483374+00:00
netvrk_group,telegramchannels,group,15,Games & Apps,en,41,2026-05-03T14:04:30.483377+00:00
wierdpanti,telegramchannels,group,15,Games & Apps,en,42,2026-05-03T14:04:30.483381+00:00
ketty124,telegramchannels,group,15,Games & Apps,en,43,2026-05-03T14:04:30.483383+00:00
luckyjetaviatorjetx,telegramchannels,group,15,Games & Apps,en,44,2026-05-03T14:04:30.483386+00:00
choigamekiemtien,telegramchannels,group,15,Games & Apps,en,45,2026-05-03T14:04:30.483389+00:00
ps4_digital_stuff,telegramchannels,group,15,Games & Apps,en,46,2026-05-03T14:04:30.483392+00:00
ludoclub5555,telegramchannels,group,15,Games & Apps,en,47,2026-05-03T14:04:30.483395+00:00
ludokingdpshrivastava,telegramchannels,group,15,Games & Apps,en,48,2026-05-03T14:04:30.483398+00:00
walkifyapp1,telegramchannels,group,15,Games & Apps,en,49,2026-05-03T14:04:30.483401+00:00
playludoworld1495,telegramchannels,group,15,Games & Apps,en,50,2026-05-03T14:04:30.483404+00:00
sharpintl,telegramchannels,group,15,Games & Apps,en,51,2026-05-03T14:04:30.483406+00:00
yoga_meditation_js,telegramchannels,group,16,Health,en,1,2026-05-03T14:04:43.802396+00:00
chlorinedioxidesolutions,telegramchannels,group,16,Health,en,2,2026-05-03T14:04:43.802404+00:00
wellness_group,telegramchannels,group,16,Health,en,3,2026-05-03T14:04:43.802407+00:00
nowherbalife,telegramchannels,group,16,Health,en,7,2026-05-03T14:04:43.802435+00:00
huddlehumans,telegramchannels,group,16,Health,en,8,2026-05-03T14:04:43.802437+00:00
english_world_chatting,telegramchannels,group,17,Languages,en,1,2026-05-03T14:04:57.341225+00:00
english_chatting_club,telegramchannels,group,17,Languages,en,2,2026-05-03T14:04:57.341233+00:00
english_chatting_house,telegramchannels,group,17,Languages,en,3,2026-05-03T14:04:57.341237+00:00
lcspeakenglish,telegramchannels,group,17,Languages,en,7,2026-05-03T14:04:57.341256+00:00
english_literature_litzpedia,telegramchannels,group,17,Languages,en,8,2026-05-03T14:04:57.341259+00:00
learnenglish_quickly,telegramchannels,group,17,Languages,en,9,2026-05-03T14:04:57.341262+00:00
english_chatting_google,telegramchannels,group,17,Languages,en,10,2026-05-03T14:04:57.341266+00:00
advancedchat,telegramchannels,group,17,Languages,en,11,2026-05-03T14:04:57.341269+00:00
english_chattinggroup,telegramchannels,group,17,Languages,en,12,2026-05-03T14:04:57.341272+00:00
lcspeakfrench,telegramchannels,group,17,Languages,en,13,2026-05-03T14:04:57.341275+00:00
talking_e,telegramchannels,group,17,Languages,en,14,2026-05-03T14:04:57.341278+00:00
theenglishtelegram,telegramchannels,group,17,Languages,en,15,2026-05-03T14:04:57.341281+00:00
hubofenglish,telegramchannels,group,17,Languages,en,16,2026-05-03T14:04:57.341285+00:00
learningenglishtrump,telegramchannels,group,17,Languages,en,17,2026-05-03T14:04:57.341288+00:00
the_englishclub,telegramchannels,group,17,Languages,en,18,2026-05-03T14:04:57.341291+00:00
seekcommunity,telegramchannels,group,17,Languages,en,19,2026-05-03T14:04:57.341294+00:00
iloveenglishpractice,telegramchannels,group,17,Languages,en,20,2026-05-03T14:04:57.341297+00:00
english_speaking_group01,telegramchannels,group,17,Languages,en,21,2026-05-03T14:04:57.341301+00:00
english_chatting_cafe,telegramchannels,group,17,Languages,en,22,2026-05-03T14:04:57.341304+00:00
languagelearning123,telegramchannels,group,17,Languages,en,23,2026-05-03T14:04:57.341307+00:00
letstalkinenglish4,telegramchannels,group,17,Languages,en,24,2026-05-03T14:04:57.341311+00:00
lcspeakitalian,telegramchannels,group,17,Languages,en,25,2026-05-03T14:04:57.341314+00:00
the_english_speaking_club,telegramchannels,group,17,Languages,en,26,2026-05-03T14:04:57.341317+00:00
en_chat,telegramchannels,group,17,Languages,en,27,2026-05-03T14:04:57.341320+00:00
lt_english_group,telegramchannels,group,17,Languages,en,28,2026-05-03T14:04:57.341323+00:00
american_english_chatting,telegramchannels,group,17,Languages,en,29,2026-05-03T14:04:57.341326+00:00
lcspeakportuguese,telegramchannels,group,17,Languages,en,30,2026-05-03T14:04:57.341330+00:00
englishlanguagechat,telegramchannels,group,17,Languages,en,31,2026-05-03T14:04:57.341333+00:00
english_and_chinese_chat,telegramchannels,group,17,Languages,en,32,2026-05-03T14:04:57.341336+00:00
spanish_english_group,telegramchannels,group,17,Languages,en,33,2026-05-03T14:04:57.341339+00:00
ancient_egyptian_language,telegramchannels,group,17,Languages,en,34,2026-05-03T14:04:57.341342+00:00
englishspeakinggur,telegramchannels,group,17,Languages,en,35,2026-05-03T14:04:57.341345+00:00
lcspeakbahasa,telegramchannels,group,17,Languages,en,36,2026-05-03T14:04:57.341348+00:00
internationalenglishchat_2025,telegramchannels,group,17,Languages,en,37,2026-05-03T14:04:57.341351+00:00
zerotoheroenglish,telegramchannels,group,17,Languages,en,38,2026-05-03T14:04:57.341355+00:00
englishchatting2023,telegramchannels,group,17,Languages,en,39,2026-05-03T14:04:57.341358+00:00
englishchattingxz,telegramchannels,group,17,Languages,en,40,2026-05-03T14:04:57.341361+00:00
english_american_group,telegramchannels,group,17,Languages,en,41,2026-05-03T14:04:57.341364+00:00
peace4tworld,telegramchannels,group,17,Languages,en,42,2026-05-03T14:04:57.341367+00:00
englishchat21,telegramchannels,group,17,Languages,en,43,2026-05-03T14:04:57.341370+00:00
translation_tpona,telegramchannels,group,17,Languages,en,44,2026-05-03T14:04:57.341373+00:00
google_search_group,telegramchannels,group,17,Languages,en,45,2026-05-03T14:04:57.341377+00:00
internationalenglish_group,telegramchannels,group,17,Languages,en,46,2026-05-03T14:04:57.341380+00:00
talkgermany,telegramchannels,group,18,Love,en,1,2026-05-03T14:05:10.384028+00:00
usadateworld,telegramchannels,group,18,Love,en,2,2026-05-03T14:05:10.384035+00:00
hookupdatingapps,telegramchannels,group,18,Love,en,3,2026-05-03T14:05:10.384038+00:00
coffeeandbagel,telegramchannels,group,18,Love,en,7,2026-05-03T14:05:10.384055+00:00
tinderdatingapps,telegramchannels,group,18,Love,en,8,2026-05-03T14:05:10.384058+00:00
digital4marketing,telegramchannels,group,20,Marketing,en,1,2026-05-03T14:05:23.694911+00:00
topreach,telegramchannels,group,20,Marketing,en,2,2026-05-03T14:05:23.694919+00:00
socialmediamanagers2,telegramchannels,group,20,Marketing,en,3,2026-05-03T14:05:23.694923+00:00
joinchatglobalcommoditytraders,telegramchannels,group,20,Marketing,en,7,2026-05-03T14:05:23.694941+00:00
tradinghubfacts,telegramchannels,group,20,Marketing,en,8,2026-05-03T14:05:23.694945+00:00
megaladonscalls,telegramchannels,group,20,Marketing,en,9,2026-05-03T14:05:23.694947+00:00
hyderabadpropertydealer,telegramchannels,group,20,Marketing,en,10,2026-05-03T14:05:23.694951+00:00
infernalmarket,telegramchannels,group,20,Marketing,en,11,2026-05-03T14:05:23.694954+00:00
workfromhome9876,telegramchannels,group,20,Marketing,en,12,2026-05-03T14:05:23.694957+00:00
social_media_markets,telegramchannels,group,20,Marketing,en,13,2026-05-03T14:05:23.694960+00:00
instalovelikes,telegramchannels,group,20,Marketing,en,14,2026-05-03T14:05:23.694963+00:00
advetiseforfree,telegramchannels,group,20,Marketing,en,15,2026-05-03T14:05:23.694966+00:00
adult_traffic_buy_sell,telegramchannels,group,20,Marketing,en,16,2026-05-03T14:05:23.694969+00:00
siva_digital,telegramchannels,group,20,Marketing,en,17,2026-05-03T14:05:23.694973+00:00
rtb_talks,telegramchannels,group,20,Marketing,en,18,2026-05-03T14:05:23.694976+00:00
letsmakemoney_online,telegramchannels,group,20,Marketing,en,19,2026-05-03T14:05:23.694979+00:00
fivioopenmarket,telegramchannels,group,20,Marketing,en,20,2026-05-03T14:05:23.694982+00:00
unlimitedadvertisement_free,telegramchannels,group,20,Marketing,en,21,2026-05-03T14:05:23.694985+00:00
super_ideas_making_money_online,telegramchannels,group,20,Marketing,en,22,2026-05-03T14:05:23.694988+00:00
rocketlcdx30,telegramchannels,group,20,Marketing,en,23,2026-05-03T14:05:23.694991+00:00
amazon_deals_cashback,telegramchannels,group,20,Marketing,en,24,2026-05-03T14:05:23.694995+00:00
instapod_dx3,telegramchannels,group,20,Marketing,en,25,2026-05-03T14:05:23.694998+00:00
likes24hinstagram,telegramchannels,group,20,Marketing,en,26,2026-05-03T14:05:23.695001+00:00
blogstrategies,telegramchannels,group,20,Marketing,en,27,2026-05-03T14:05:23.695005+00:00
rocketlcdx25,telegramchannels,group,20,Marketing,en,28,2026-05-03T14:05:23.695008+00:00
mongoseomarketplace,telegramchannels,group,20,Marketing,en,29,2026-05-03T14:05:23.695011+00:00
rocketlcdx20,telegramchannels,group,20,Marketing,en,30,2026-05-03T14:05:23.695014+00:00
syokimaubusiness,telegramchannels,group,20,Marketing,en,31,2026-05-03T14:05:23.695017+00:00
instagrow30,telegramchannels,group,20,Marketing,en,32,2026-05-03T14:05:23.695020+00:00
rocketlcdx10,telegramchannels,group,20,Marketing,en,33,2026-05-03T14:05:23.695023+00:00
likestagram1,telegramchannels,group,20,Marketing,en,34,2026-05-03T14:05:23.695026+00:00
rocketlcdx15,telegramchannels,group,20,Marketing,en,35,2026-05-03T14:05:23.695029+00:00
instagramgainsdx3,telegramchannels,group,20,Marketing,en,36,2026-05-03T14:05:23.695032+00:00
refer_to_gether,telegramchannels,group,20,Marketing,en,37,2026-05-03T14:05:23.695035+00:00
reviewscenter,telegramchannels,group,20,Marketing,en,38,2026-05-03T14:05:23.695038+00:00
crowd1box,telegramchannels,group,20,Marketing,en,39,2026-05-03T14:05:23.695041+00:00
dx20thunderinstagram,telegramchannels,group,20,Marketing,en,40,2026-05-03T14:05:23.695043+00:00
freepromotion_links_share_group,telegramchannels,group,20,Marketing,en,41,2026-05-03T14:05:23.695047+00:00
activesestore,telegramchannels,group,20,Marketing,en,42,2026-05-03T14:05:23.695050+00:00
dx40thunderinstagram,telegramchannels,group,20,Marketing,en,43,2026-05-03T14:05:23.695053+00:00
dx5thunderinstagram,telegramchannels,group,20,Marketing,en,44,2026-05-03T14:05:23.695056+00:00
dx30thunderinstagram,telegramchannels,group,20,Marketing,en,45,2026-05-03T14:05:23.695059+00:00
dx25thunderinstagram,telegramchannels,group,20,Marketing,en,46,2026-05-03T14:05:23.695062+00:00
redditengagement,telegramchannels,group,20,Marketing,en,47,2026-05-03T14:05:23.695065+00:00
iptvunitedkingdom,telegramchannels,group,30,Movies & Videos,en,1,2026-05-03T14:05:36.455944+00:00
l4lyoutube,telegramchannels,group,30,Movies & Videos,en,2,2026-05-03T14:05:36.455953+00:00
watchhours,telegramchannels,group,30,Movies & Videos,en,3,2026-05-03T14:05:36.455956+00:00
memesfunnyvideosdan,telegramchannels,group,30,Movies & Videos,en,7,2026-05-03T14:05:36.455976+00:00
iptveurope724,telegramchannels,group,30,Movies & Videos,en,8,2026-05-03T14:05:36.455979+00:00
apnamoviesgroup,telegramchannels,group,30,Movies & Videos,en,9,2026-05-03T14:05:36.455982+00:00
piracybay,telegramchannels,group,30,Movies & Videos,en,10,2026-05-03T14:05:36.455985+00:00
restreamprozone,telegramchannels,group,30,Movies & Videos,en,11,2026-05-03T14:05:36.455988+00:00
stryketvseriesofficial,telegramchannels,group,30,Movies & Videos,en,12,2026-05-03T14:05:36.455992+00:00
iptvespagneitalyuk,telegramchannels,group,30,Movies & Videos,en,13,2026-05-03T14:05:36.455995+00:00
youtube_channel22,telegramchannels,group,30,Movies & Videos,en,14,2026-05-03T14:05:36.455998+00:00
animechatgroupenglish,telegramchannels,group,30,Movies & Videos,en,15,2026-05-03T14:05:36.456002+00:00
animekawaiigroup,telegramchannels,group,30,Movies & Videos,en,16,2026-05-03T14:05:36.456005+00:00
youtubecommunity_creators,telegramchannels,group,30,Movies & Videos,en,17,2026-05-03T14:05:36.456008+00:00
newmoviereq,telegramchannels,group,30,Movies & Videos,en,18,2026-05-03T14:05:36.456011+00:00
mweymarmovie,telegramchannels,group,30,Movies & Videos,en,19,2026-05-03T14:05:36.456014+00:00
hindimovieshd100,telegramchannels,group,30,Movies & Videos,en,20,2026-05-03T14:05:36.456017+00:00
tvcinemassocial,telegramchannels,group,30,Movies & Videos,en,21,2026-05-03T14:05:36.456020+00:00
xtozmoive,telegramchannels,group,30,Movies & Videos,en,22,2026-05-03T14:05:36.456023+00:00
sub4subsupergroup,telegramchannels,group,30,Movies & Videos,en,23,2026-05-03T14:05:36.456026+00:00
youtsubscmmnty,telegramchannels,group,30,Movies & Videos,en,24,2026-05-03T14:05:36.456029+00:00
movieshubdiscussions,telegramchannels,group,30,Movies & Videos,en,25,2026-05-03T14:05:36.456032+00:00
locoviber,telegramchannels,group,30,Movies & Videos,en,26,2026-05-03T14:05:36.456035+00:00
audius,telegramchannels,group,21,Music,en,1,2026-05-03T14:05:49.311908+00:00
musicartistsworldwide,telegramchannels,group,21,Music,en,2,2026-05-03T14:05:49.311915+00:00
spotifysaver321,telegramchannels,group,21,Music,en,3,2026-05-03T14:05:49.311918+00:00
djnetworkworldwide,telegramchannels,group,21,Music,en,7,2026-05-03T14:05:49.311936+00:00
musicaespecialmp3,telegramchannels,group,21,Music,en,8,2026-05-03T14:05:49.311938+00:00
indiegroup,telegramchannels,group,21,Music,en,9,2026-05-03T14:05:49.311941+00:00
metalwithtags,telegramchannels,group,21,Music,en,10,2026-05-03T14:05:49.311944+00:00
musiccloudsl,telegramchannels,group,21,Music,en,11,2026-05-03T14:05:49.311947+00:00
ztqfviw2ytm1,telegramchannels,group,21,Music,en,12,2026-05-03T14:05:49.311950+00:00
lastfm_telegram,telegramchannels,group,21,Music,en,13,2026-05-03T14:05:49.311953+00:00
agtdabeatbreakerz,telegramchannels,group,21,Music,en,14,2026-05-03T14:05:49.311955+00:00
music_tren,telegramchannels,group,21,Music,en,15,2026-05-03T14:05:49.311958+00:00
weshmyplug1,telegramchannels,group,21,Music,en,16,2026-05-03T14:05:49.311961+00:00
yogamedit,telegramchannels,group,21,Music,en,17,2026-05-03T14:05:49.311964+00:00
stoicville,telegramchannels,group,21,Music,en,18,2026-05-03T14:05:49.311967+00:00
shinnime09,telegramchannels,group,21,Music,en,19,2026-05-03T14:05:49.311969+00:00
petspicsvideos,telegramchannels,group,1,Nature & Animals,en,1,2026-05-03T14:06:02.564254+00:00
ballpythonsworld,telegramchannels,group,1,Nature & Animals,en,2,2026-05-03T14:06:02.564262+00:00
anthroexpo,telegramchannels,group,1,Nature & Animals,en,3,2026-05-03T14:06:02.564265+00:00
tonomons,telegramchannels,group,23,News & Media,en,1,2026-05-03T14:06:15.585021+00:00
areyouawakeyet,telegramchannels,group,23,News & Media,en,2,2026-05-03T14:06:15.585029+00:00
juliegreen_ministries,telegramchannels,group,23,News & Media,en,3,2026-05-03T14:06:15.585033+00:00
realdeplorables,telegramchannels,group,23,News & Media,en,7,2026-05-03T14:06:15.585051+00:00
qpatriots,telegramchannels,group,23,News & Media,en,8,2026-05-03T14:06:15.585054+00:00
trumpsupportersus,telegramchannels,group,23,News & Media,en,9,2026-05-03T14:06:15.585057+00:00
androidnewsgroup,telegramchannels,group,23,News & Media,en,10,2026-05-03T14:06:15.585060+00:00
tinderru,telegramchannels,group,39,NSFW & Adults,en,1,2026-05-03T14:06:28.669658+00:00
badoocom,telegramchannels,group,39,NSFW & Adults,en,2,2026-05-03T14:06:28.669666+00:00
best_chat_group,telegramchannels,group,39,NSFW & Adults,en,3,2026-05-03T14:06:28.669669+00:00
camgirlschat2025,telegramchannels,group,39,NSFW & Adults,en,7,2026-05-03T14:06:28.669686+00:00
mambamos,telegramchannels,group,39,NSFW & Adults,en,8,2026-05-03T14:06:28.669688+00:00
ofmegalink18,telegramchannels,group,39,NSFW & Adults,en,9,2026-05-03T14:06:28.669691+00:00
onlycamofficial,telegramchannels,group,39,NSFW & Adults,en,10,2026-05-03T14:06:28.669694+00:00
hotskinnystunners,telegramchannels,group,39,NSFW & Adults,en,11,2026-05-03T14:06:28.669697+00:00
kayitcom,telegramchannels,group,39,NSFW & Adults,en,12,2026-05-03T14:06:28.669700+00:00
mikaylacampinos267,telegramchannels,group,39,NSFW & Adults,en,13,2026-05-03T14:06:28.669702+00:00
feel_something_real_video_profil,telegramchannels,group,39,NSFW & Adults,en,14,2026-05-03T14:06:28.669705+00:00
piperrockelle267,telegramchannels,group,39,NSFW & Adults,en,15,2026-05-03T14:06:28.669708+00:00
ja191993,telegramchannels,group,39,NSFW & Adults,en,16,2026-05-03T14:06:28.669711+00:00
professorleaksof,telegramchannels,group,39,NSFW & Adults,en,17,2026-05-03T14:06:28.669714+00:00
onlyfans_leaks_worldwide,telegramchannels,group,39,NSFW & Adults,en,18,2026-05-03T14:06:28.669717+00:00
let_s_meet_up_new_site_to_watch,telegramchannels,group,39,NSFW & Adults,en,19,2026-05-03T14:06:28.669720+00:00
flirty_soft_meet_flirt_and_chat,telegramchannels,group,39,NSFW & Adults,en,20,2026-05-03T14:06:28.669723+00:00
dating_with_vibe_chat_search_and,telegramchannels,group,39,NSFW & Adults,en,21,2026-05-03T14:06:28.669726+00:00
virtual_love_real_profiles_real,telegramchannels,group,39,NSFW & Adults,en,22,2026-05-03T14:06:28.669729+00:00
mysterious_chat_new_matches_dail,telegramchannels,group,39,NSFW & Adults,en,23,2026-05-03T14:06:28.669732+00:00
just_wanna_love_real_people_real,telegramchannels,group,39,NSFW & Adults,en,24,2026-05-03T14:06:28.669735+00:00
sibella_avdic,telegramchannels,group,39,NSFW & Adults,en,25,2026-05-03T14:06:28.669738+00:00
topmodelschat_vip,telegramchannels,group,39,NSFW & Adults,en,26,2026-05-03T14:06:28.669742+00:00
usadateworld1,telegramchannels,group,39,NSFW & Adults,en,27,2026-05-03T14:06:28.669744+00:00
flashdx17,telegramchannels,group,31,Other,en,1,2026-05-03T14:06:41.900319+00:00
stlall,telegramchannels,group,31,Other,en,2,2026-05-03T14:06:41.900326+00:00
instagramstoriesboost,telegramchannels,group,31,Other,en,3,2026-05-03T14:06:41.900330+00:00
followdx30,telegramchannels,group,31,Other,en,7,2026-05-03T14:06:41.900349+00:00
dx8flash,telegramchannels,group,31,Other,en,8,2026-05-03T14:06:41.900352+00:00
giftcardstore_best,telegramchannels,group,31,Other,en,9,2026-05-03T14:06:41.900355+00:00
dbzgroup,telegramchannels,group,31,Other,en,10,2026-05-03T14:06:41.900358+00:00
tiktok_growth,telegramchannels,group,31,Other,en,11,2026-05-03T14:06:41.900362+00:00
instagram_switzerland,telegramchannels,group,31,Other,en,12,2026-05-03T14:06:41.900365+00:00
spaininstagram,telegramchannels,group,31,Other,en,13,2026-05-03T14:06:41.900368+00:00
instagramreelsdx40,telegramchannels,group,31,Other,en,14,2026-05-03T14:06:41.900371+00:00
instagram_france,telegramchannels,group,31,Other,en,15,2026-05-03T14:06:41.900374+00:00
monetization4youtube,telegramchannels,group,31,Other,en,16,2026-05-03T14:06:41.900377+00:00
lifestyleinstagram,telegramchannels,group,31,Other,en,17,2026-05-03T14:06:41.900381+00:00
dx10flash,telegramchannels,group,31,Other,en,18,2026-05-03T14:06:41.900384+00:00
dx60instagramlikes,telegramchannels,group,31,Other,en,19,2026-05-03T14:06:41.900387+00:00
dx15flash,telegramchannels,group,31,Other,en,20,2026-05-03T14:06:41.900390+00:00
dx24flash,telegramchannels,group,31,Other,en,21,2026-05-03T14:06:41.900393+00:00
bestlondonjob,telegramchannels,group,31,Other,en,22,2026-05-03T14:06:41.900396+00:00
wikibitregulatorycommunity,telegramchannels,group,31,Other,en,23,2026-05-03T14:06:41.900400+00:00
malwareresearch,telegramchannels,group,31,Other,en,24,2026-05-03T14:06:41.900403+00:00
mbbsprep,telegramchannels,group,31,Other,en,25,2026-05-03T14:06:41.900406+00:00
livestreamfeet,telegramchannels,group,31,Other,en,26,2026-05-03T14:06:41.900409+00:00
oracledbwr,telegramchannels,group,31,Other,en,27,2026-05-03T14:06:41.900412+00:00
codezalindotv,telegramchannels,group,31,Other,en,28,2026-05-03T14:06:41.900415+00:00
yotube0,telegramchannels,group,31,Other,en,29,2026-05-03T14:06:41.900417+00:00
zalindotvplus,telegramchannels,group,31,Other,en,30,2026-05-03T14:06:41.900425+00:00
cybersecuritynewschat,telegramchannels,group,31,Other,en,31,2026-05-03T14:06:41.900430+00:00
youtubesub4subpromote,telegramchannels,group,31,Other,en,32,2026-05-03T14:06:41.900434+00:00
italyinstagram,telegramchannels,group,31,Other,en,33,2026-05-03T14:06:41.900437+00:00
bitcobtrustmark,telegramchannels,group,31,Other,en,34,2026-05-03T14:06:41.900441+00:00
chainlink,telegramchannels,group,31,Other,en,35,2026-05-03T14:06:41.900444+00:00
legitgroup1,telegramchannels,group,31,Other,en,36,2026-05-03T14:06:41.900447+00:00
broiptv,telegramchannels,group,31,Other,en,37,2026-05-03T14:06:41.900450+00:00
newyorkstate,telegramchannels,group,31,Other,en,38,2026-05-03T14:06:41.900453+00:00
stickerssgroup,telegramchannels,group,31,Other,en,39,2026-05-03T14:06:41.900456+00:00
rentinlondon,telegramchannels,group,31,Other,en,40,2026-05-03T14:06:41.900459+00:00
grupderomani,telegramchannels,group,31,Other,en,41,2026-05-03T14:06:41.900462+00:00
hyderabadrealestatesgroup,telegramchannels,group,31,Other,en,42,2026-05-03T14:06:41.900466+00:00
starryskycloud,telegramchannels,group,31,Other,en,43,2026-05-03T14:06:41.900469+00:00
successclubsscgroup,telegramchannels,group,31,Other,en,44,2026-05-03T14:06:41.900471+00:00
vedx30,telegramchannels,group,31,Other,en,45,2026-05-03T14:06:41.900475+00:00
fiverrpublic,telegramchannels,group,31,Other,en,46,2026-05-03T14:06:41.900478+00:00
all_international_jobs,telegramchannels,group,31,Other,en,47,2026-05-03T14:06:41.900480+00:00
productsbase,telegramchannels,group,31,Other,en,48,2026-05-03T14:06:41.900483+00:00
timisoara_rou,telegramchannels,group,31,Other,en,49,2026-05-03T14:06:41.900486+00:00
sh_stockpick,telegramchannels,group,31,Other,en,50,2026-05-03T14:06:41.900489+00:00
vedx50,telegramchannels,group,31,Other,en,51,2026-05-03T14:06:41.900492+00:00
domaine_name,telegramchannels,group,31,Other,en,52,2026-05-03T14:06:41.900495+00:00
abonekasmaveyardim,telegramchannels,group,31,Other,en,53,2026-05-03T14:06:41.900498+00:00
searchebee,telegramchannels,group,31,Other,en,54,2026-05-03T14:06:41.900501+00:00
vedx12h,telegramchannels,group,31,Other,en,55,2026-05-03T14:06:41.900504+00:00
binesandtricksdiscussion,telegramchannels,group,31,Other,en,56,2026-05-03T14:06:41.900507+00:00
hivebar,telegramchannels,group,31,Other,en,57,2026-05-03T14:06:41.900510+00:00
vedx10,telegramchannels,group,31,Other,en,58,2026-05-03T14:06:41.900513+00:00
engagenetinfluencerpod,telegramchannels,group,31,Other,en,59,2026-05-03T14:06:41.900516+00:00
poultrysynergy,telegramchannels,group,31,Other,en,60,2026-05-03T14:06:41.900519+00:00
smsforallsupport,telegramchannels,group,31,Other,en,61,2026-05-03T14:06:41.900522+00:00
dogridergroup,telegramchannels,group,31,Other,en,62,2026-05-03T14:06:41.900525+00:00
fmtblog,telegramchannels,group,31,Other,en,63,2026-05-03T14:06:41.900527+00:00
vedx20,telegramchannels,group,31,Other,en,64,2026-05-03T14:06:41.900530+00:00
subscribe4subscribe12,telegramchannels,group,31,Other,en,65,2026-05-03T14:06:41.900533+00:00
rach_brockmann,telegramchannels,group,31,Other,en,66,2026-05-03T14:06:41.900536+00:00
boycottmojang,telegramchannels,group,31,Other,en,67,2026-05-03T14:06:41.900539+00:00
tapnetworkofficial,telegramchannels,group,31,Other,en,68,2026-05-03T14:06:41.900542+00:00
christdiary,telegramchannels,group,31,Other,en,69,2026-05-03T14:06:41.900545+00:00
animes_girls_and_boys,telegramchannels,group,31,Other,en,70,2026-05-03T14:06:41.900548+00:00
chainfuel,telegramchannels,group,31,Other,en,71,2026-05-03T14:06:41.900551+00:00
wby_io,telegramchannels,group,31,Other,en,72,2026-05-03T14:06:41.900554+00:00
youtubesubscribergr,telegramchannels,group,31,Other,en,73,2026-05-03T14:06:41.900557+00:00
neo4jchat,telegramchannels,group,31,Other,en,74,2026-05-03T14:06:41.900560+00:00
vedx5,telegramchannels,group,31,Other,en,75,2026-05-03T14:06:41.900562+00:00
chatwithrevcraigministry,telegramchannels,group,31,Other,en,76,2026-05-03T14:06:41.900565+00:00
reffer_exchange_grp,telegramchannels,group,31,Other,en,77,2026-05-03T14:06:41.900568+00:00
iptvukeuro,telegramchannels,group,31,Other,en,78,2026-05-03T14:06:41.900572+00:00
fallin_gp,telegramchannels,group,31,Other,en,79,2026-05-03T14:06:41.900575+00:00
akmahatglink,telegramchannels,group,31,Other,en,80,2026-05-03T14:06:41.900577+00:00
cigtobacco,telegramchannels,group,31,Other,en,81,2026-05-03T14:06:41.900580+00:00
darktor_chat,telegramchannels,group,31,Other,en,82,2026-05-03T14:06:41.900583+00:00
pandachatg,telegramchannels,group,31,Other,en,83,2026-05-03T14:06:41.900586+00:00
ads324,telegramchannels,group,31,Other,en,84,2026-05-03T14:06:41.900589+00:00
firstclassmetals,telegramchannels,group,31,Other,en,85,2026-05-03T14:06:41.900592+00:00
globaldisk,telegramchannels,group,31,Other,en,86,2026-05-03T14:06:41.900595+00:00
privatecollectionuae,telegramchannels,group,31,Other,en,87,2026-05-03T14:06:41.900598+00:00
tedrixproperties,telegramchannels,group,31,Other,en,88,2026-05-03T14:06:41.900601+00:00
mzfcommunity,telegramchannels,group,31,Other,en,89,2026-05-03T14:06:41.900603+00:00
east_africa_jobs,telegramchannels,group,31,Other,en,90,2026-05-03T14:06:41.900606+00:00
youtube_subscribers_2020,telegramchannels,group,31,Other,en,91,2026-05-03T14:06:41.900609+00:00
vedx5lc,telegramchannels,group,31,Other,en,92,2026-05-03T14:06:41.900612+00:00
jobinboxofficial,telegramchannels,group,31,Other,en,93,2026-05-03T14:06:41.900615+00:00
thegreenestroom,telegramchannels,group,31,Other,en,94,2026-05-03T14:06:41.900618+00:00
vedx5c,telegramchannels,group,31,Other,en,95,2026-05-03T14:06:41.900621+00:00
anime_matrix,telegramchannels,group,31,Other,en,96,2026-05-03T14:06:41.900623+00:00
vipgroup_1,telegramchannels,group,31,Other,en,97,2026-05-03T14:06:41.900626+00:00
getin4jobs,telegramchannels,group,31,Other,en,98,2026-05-03T14:06:41.900629+00:00
digiteye,telegramchannels,group,31,Other,en,99,2026-05-03T14:06:41.900632+00:00
growintelegram,telegramchannels,group,31,Other,en,100,2026-05-03T14:06:41.900635+00:00
makingmoneywithnolimts,telegramchannels,group,31,Other,en,101,2026-05-03T14:06:41.900638+00:00
tagteams,telegramchannels,group,31,Other,en,102,2026-05-03T14:06:41.900640+00:00
skyzonegroup,telegramchannels,group,31,Other,en,103,2026-05-03T14:06:41.900643+00:00
mobilephotographycommunity,telegramchannels,group,24,Photo,en,1,2026-05-03T14:06:54.979893+00:00
profars,telegramchannels,group,24,Photo,en,2,2026-05-03T14:06:54.979901+00:00
truepatriotsunited,telegramchannels,group,37,Political,en,1,2026-05-03T14:07:08.076783+00:00
astronomy_discussion,telegramchannels,group,25,Science,en,1,2026-05-03T14:07:21.537589+00:00
bitgrit,telegramchannels,group,25,Science,en,2,2026-05-03T14:07:21.537596+00:00
thewonderersofspace,telegramchannels,group,25,Science,en,3,2026-05-03T14:07:21.537599+00:00
on_air_tech,telegramchannels,group,25,Science,en,7,2026-05-03T14:07:21.537616+00:00
knowledgefinders,telegramchannels,group,25,Science,en,8,2026-05-03T14:07:21.537619+00:00
atheismdebate,telegramchannels,group,25,Science,en,9,2026-05-03T14:07:21.537622+00:00
spiritualityworld,telegramchannels,group,26,Self Development,en,1,2026-05-03T14:07:34.368293+00:00
tarot,telegramchannels,group,26,Self Development,en,2,2026-05-03T14:07:34.368301+00:00
thesuicidegroup,telegramchannels,group,26,Self Development,en,3,2026-05-03T14:07:34.368304+00:00
lucid_dreaming_experiences,telegramchannels,group,26,Self Development,en,7,2026-05-03T14:07:34.368323+00:00
spiritualleague_group,telegramchannels,group,26,Self Development,en,8,2026-05-03T14:07:34.368326+00:00
infjint,telegramchannels,group,26,Self Development,en,9,2026-05-03T14:07:34.368329+00:00
fusionfamily,telegramchannels,group,26,Self Development,en,10,2026-05-03T14:07:34.368332+00:00
mysolidtruthgroup,telegramchannels,group,26,Self Development,en,11,2026-05-03T14:07:34.368335+00:00
motivationdistrict,telegramchannels,group,26,Self Development,en,12,2026-05-03T14:07:34.368338+00:00
mervelgroup,telegramchannels,group,32,Shop,en,1,2026-05-03T14:07:47.527243+00:00
miniaturesterraingroup,telegramchannels,group,32,Shop,en,2,2026-05-03T14:07:47.527251+00:00
replicawatch1,telegramchannels,group,32,Shop,en,3,2026-05-03T14:07:47.527254+00:00
aliexpressdealshot,telegramchannels,group,32,Shop,en,7,2026-05-03T14:07:47.527273+00:00
luxurystuff99,telegramchannels,group,32,Shop,en,8,2026-05-03T14:07:47.527276+00:00
repbbs,telegramchannels,group,32,Shop,en,9,2026-05-03T14:07:47.527279+00:00
qcpinzhi,telegramchannels,group,32,Shop,en,10,2026-05-03T14:07:47.527282+00:00
megaalashoppinggroup,telegramchannels,group,32,Shop,en,11,2026-05-03T14:07:47.527285+00:00
aliexpressbs,telegramchannels,group,32,Shop,en,12,2026-05-03T14:07:47.527288+00:00
amazonreviewexchange,telegramchannels,group,32,Shop,en,13,2026-05-03T14:07:47.527291+00:00
premiumprod,telegramchannels,group,32,Shop,en,14,2026-05-03T14:07:47.527294+00:00
findshacoo,telegramchannels,group,32,Shop,en,15,2026-05-03T14:07:47.527297+00:00
internshipsmalaysia,telegramchannels,group,32,Shop,en,16,2026-05-03T14:07:47.527300+00:00
dealspremiumofficial,telegramchannels,group,32,Shop,en,17,2026-05-03T14:07:47.527303+00:00
aliexpress_deals_maxn1,telegramchannels,group,32,Shop,en,18,2026-05-03T14:07:47.527306+00:00
amazon_online_shopping_deals_1,telegramchannels,group,32,Shop,en,19,2026-05-03T14:07:47.527309+00:00
doubledhamaaloffer,telegramchannels,group,32,Shop,en,20,2026-05-03T14:07:47.527312+00:00
dealogroup,telegramchannels,group,32,Shop,en,21,2026-05-03T14:07:47.527315+00:00
lootdealsakn,telegramchannels,group,32,Shop,en,22,2026-05-03T14:07:47.527318+00:00
savefreecash,telegramchannels,group,32,Shop,en,23,2026-05-03T14:07:47.527321+00:00
shoppingdiscout,telegramchannels,group,32,Shop,en,24,2026-05-03T14:07:47.527324+00:00
pricemazon,telegramchannels,group,32,Shop,en,25,2026-05-03T14:07:47.527327+00:00
footballfpl,telegramchannels,group,27,Sports & Fitness,en,1,2026-05-03T14:08:00.501980+00:00
clubhousesb,telegramchannels,group,27,Sports & Fitness,en,2,2026-05-03T14:08:00.501989+00:00
nowgoallive,telegramchannels,group,27,Sports & Fitness,en,3,2026-05-03T14:08:00.501992+00:00
physients,telegramchannels,group,27,Sports & Fitness,en,7,2026-05-03T14:08:00.502009+00:00
ouzhoubei1231,telegramchannels,group,27,Sports & Fitness,en,8,2026-05-03T14:08:00.502013+00:00
dreamstheatre,telegramchannels,group,27,Sports & Fitness,en,9,2026-05-03T14:08:00.502016+00:00
fftitanschat,telegramchannels,group,27,Sports & Fitness,en,10,2026-05-03T14:08:00.502018+00:00
cricfansclub,telegramchannels,group,27,Sports & Fitness,en,11,2026-05-03T14:08:00.502021+00:00
cybersecurityexperts,telegramchannels,group,28,Technology,en,1,2026-05-03T14:08:24.061092+00:00
python,telegramchannels,group,28,Technology,en,2,2026-05-03T14:08:24.061100+00:00
printing3dminiaturesterrain,telegramchannels,group,28,Technology,en,3,2026-05-03T14:08:24.061103+00:00
groupstl,telegramchannels,group,28,Technology,en,7,2026-05-03T14:08:24.061126+00:00
kadena_io,telegramchannels,group,28,Technology,en,8,2026-05-03T14:08:24.061129+00:00
printing3dcosplaystaticfigure,telegramchannels,group,28,Technology,en,9,2026-05-03T14:08:24.061133+00:00
starwarsg,telegramchannels,group,28,Technology,en,10,2026-05-03T14:08:24.061136+00:00
programminginc,telegramchannels,group,28,Technology,en,11,2026-05-03T14:08:24.061139+00:00
reactjsnodejsmernstack,telegramchannels,group,28,Technology,en,12,2026-05-03T14:08:24.061142+00:00
printww,telegramchannels,group,28,Technology,en,13,2026-05-03T14:08:24.061145+00:00
pocophoneglobalofficial,telegramchannels,group,28,Technology,en,14,2026-05-03T14:08:24.061148+00:00
devopsedureka,telegramchannels,group,28,Technology,en,15,2026-05-03T14:08:24.061151+00:00
django,telegramchannels,group,28,Technology,en,16,2026-05-03T14:08:24.061154+00:00
cosplaygroup,telegramchannels,group,28,Technology,en,17,2026-05-03T14:08:24.061157+00:00
printing3d3,telegramchannels,group,28,Technology,en,18,2026-05-03T14:08:24.061160+00:00
combolistfresh,telegramchannels,group,28,Technology,en,19,2026-05-03T14:08:24.061163+00:00
pokemon3d,telegramchannels,group,28,Technology,en,20,2026-05-03T14:08:24.061167+00:00
termuxcyber,telegramchannels,group,28,Technology,en,21,2026-05-03T14:08:24.061170+00:00
funkogroup,telegramchannels,group,28,Technology,en,22,2026-05-03T14:08:24.061173+00:00
forhome3d,telegramchannels,group,28,Technology,en,23,2026-05-03T14:08:24.061176+00:00
cbanke,telegramchannels,group,28,Technology,en,24,2026-05-03T14:08:24.061179+00:00
dcgroupcomics,telegramchannels,group,28,Technology,en,25,2026-05-03T14:08:24.061182+00:00
webdevchat,telegramchannels,group,28,Technology,en,26,2026-05-03T14:08:24.061185+00:00
aws_exam,telegramchannels,group,28,Technology,en,27,2026-05-03T14:08:24.061188+00:00
nemred,telegramchannels,group,28,Technology,en,28,2026-05-03T14:08:24.061191+00:00
thedevs_js,telegramchannels,group,28,Technology,en,29,2026-05-03T14:08:24.061194+00:00
nothingphone2,telegramchannels,group,28,Technology,en,30,2026-05-03T14:08:24.061197+00:00
xinfintalk,telegramchannels,group,28,Technology,en,31,2026-05-03T14:08:24.061200+00:00
ethicalhackersc,telegramchannels,group,28,Technology,en,32,2026-05-03T14:08:24.061203+00:00
seogoogleadsweb,telegramchannels,group,28,Technology,en,33,2026-05-03T14:08:24.061206+00:00
linux_group,telegramchannels,group,28,Technology,en,34,2026-05-03T14:08:24.061209+00:00
sap_pppmsdqm,telegramchannels,group,28,Technology,en,35,2026-05-03T14:08:24.061214+00:00
qualitician,telegramchannels,group,28,Technology,en,36,2026-05-03T14:08:24.061217+00:00
geekschat,telegramchannels,group,28,Technology,en,37,2026-05-03T14:08:24.061220+00:00
mailcow,telegramchannels,group,28,Technology,en,38,2026-05-03T14:08:24.061223+00:00
pythonedureka,telegramchannels,group,28,Technology,en,39,2026-05-03T14:08:24.061226+00:00
system_design_and_architecture,telegramchannels,group,28,Technology,en,40,2026-05-03T14:08:24.061229+00:00
spotociscoclub,telegramchannels,group,28,Technology,en,41,2026-05-03T14:08:24.061232+00:00
hackersbase4gees,telegramchannels,group,28,Technology,en,42,2026-05-03T14:08:24.061236+00:00
beboaquafarms,telegramchannels,group,28,Technology,en,43,2026-05-03T14:08:24.061238+00:00
qdforum,telegramchannels,group,28,Technology,en,44,2026-05-03T14:08:24.061241+00:00
realsecgroup,telegramchannels,group,28,Technology,en,45,2026-05-03T14:08:24.061244+00:00
satellitereceiversoftware,telegramchannels,group,28,Technology,en,46,2026-05-03T14:08:24.061247+00:00
ciscoccnademo,telegramchannels,group,28,Technology,en,47,2026-05-03T14:08:24.061250+00:00
virtualassistant360,telegramchannels,group,28,Technology,en,48,2026-05-03T14:08:24.061253+00:00
letstalkprogramming,telegramchannels,group,28,Technology,en,49,2026-05-03T14:08:24.061256+00:00
chatgpt_officialchat,telegramchannels,group,28,Technology,en,50,2026-05-03T14:08:24.061259+00:00
globaltechtalks,telegramchannels,group,28,Technology,en,51,2026-05-03T14:08:24.061262+00:00
nonymouscommunity,telegramchannels,group,28,Technology,en,52,2026-05-03T14:08:24.061265+00:00
salesforceb,telegramchannels,group,28,Technology,en,53,2026-05-03T14:08:24.061268+00:00
hotstarbot_op,telegramchannels,group,28,Technology,en,54,2026-05-03T14:08:24.061271+00:00
bioinformaticsdiscus,telegramchannels,group,28,Technology,en,55,2026-05-03T14:08:24.061274+00:00
gsmgermany,telegramchannels,group,28,Technology,en,56,2026-05-03T14:08:24.061277+00:00
mifi_unlock,telegramchannels,group,28,Technology,en,57,2026-05-03T14:08:24.061280+00:00
tasker_advanced,telegramchannels,group,28,Technology,en,58,2026-05-03T14:08:24.061283+00:00
windowstelegram,telegramchannels,group,28,Technology,en,59,2026-05-03T14:08:24.061286+00:00
shiiinagroup,telegramchannels,group,28,Technology,en,60,2026-05-03T14:08:24.061288+00:00
itnetworkingireland,telegramchannels,group,28,Technology,en,61,2026-05-03T14:08:24.061291+00:00
dropshippingmajor,telegramchannels,group,28,Technology,en,62,2026-05-03T14:08:24.061294+00:00
trustunionofficial,telegramchannels,group,28,Technology,en,63,2026-05-03T14:08:24.061299+00:00
shelf_earn_money,telegramchannels,group,28,Technology,en,64,2026-05-03T14:08:24.061302+00:00
hacking_burners,telegramchannels,group,28,Technology,en,65,2026-05-03T14:08:24.061305+00:00
ccielabgroup,telegramchannels,group,28,Technology,en,66,2026-05-03T14:08:24.061309+00:00
uecom,telegramchannels,group,28,Technology,en,67,2026-05-03T14:08:24.061311+00:00
bitcherryenglish,telegramchannels,group,28,Technology,en,68,2026-05-03T14:08:24.061315+00:00
zero2herocoin,telegramchannels,group,28,Technology,en,69,2026-05-03T14:08:24.061317+00:00
spotoitcertsclub,telegramchannels,group,28,Technology,en,70,2026-05-03T14:08:24.061320+00:00
techhub_support,telegramchannels,group,28,Technology,en,71,2026-05-03T14:08:24.061323+00:00
undernet_org,telegramchannels,group,28,Technology,en,72,2026-05-03T14:08:24.061326+00:00
ali_cloud,telegramchannels,group,28,Technology,en,73,2026-05-03T14:08:24.061329+00:00
infotechfamilydiscussion,telegramchannels,group,28,Technology,en,74,2026-05-03T14:08:24.061332+00:00
z3r0ch4t,telegramchannels,group,28,Technology,en,75,2026-05-03T14:08:24.061336+00:00
subeesub,telegramchannels,group,28,Technology,en,76,2026-05-03T14:08:24.061338+00:00
syniti,telegramchannels,group,28,Technology,en,77,2026-05-03T14:08:24.061341+00:00
bydpp21,telegramchannels,group,28,Technology,en,78,2026-05-03T14:08:24.061344+00:00
webchatgura,telegramchannels,group,28,Technology,en,79,2026-05-03T14:08:24.061348+00:00
appdom,telegramchannels,group,28,Technology,en,80,2026-05-03T14:08:24.061350+00:00
unix9,telegramchannels,group,28,Technology,en,81,2026-05-03T14:08:24.061353+00:00
micromagician01,telegramchannels,group,28,Technology,en,82,2026-05-03T14:08:24.061356+00:00
dbatech,telegramchannels,group,28,Technology,en,83,2026-05-03T14:08:24.061358+00:00
binareeafrica,telegramchannels,group,28,Technology,en,84,2026-05-03T14:08:24.061361+00:00
fixit_help,telegramchannels,group,28,Technology,en,85,2026-05-03T14:08:24.061364+00:00
pythoncaptcha,telegramchannels,group,28,Technology,en,86,2026-05-03T14:08:24.061367+00:00
will_hacks_group,telegramchannels,group,28,Technology,en,87,2026-05-03T14:08:24.061370+00:00
meanstack_lta,telegramchannels,group,28,Technology,en,88,2026-05-03T14:08:24.061373+00:00
decenternetph,telegramchannels,group,28,Technology,en,89,2026-05-03T14:08:24.061376+00:00
iotbharat,telegramchannels,group,28,Technology,en,90,2026-05-03T14:08:24.061378+00:00
technologyfaq,telegramchannels,group,28,Technology,en,91,2026-05-03T14:08:24.061383+00:00
codinggroup1,telegramchannels,group,28,Technology,en,92,2026-05-03T14:08:24.061386+00:00
eyetech200,telegramchannels,group,28,Technology,en,93,2026-05-03T14:08:24.061389+00:00
electricboatforum,telegramchannels,group,28,Technology,en,94,2026-05-03T14:08:24.061392+00:00
fenititg,telegramchannels,group,28,Technology,en,95,2026-05-03T14:08:24.061395+00:00
curvechat,telegramchannels,group,28,Technology,en,96,2026-05-03T14:08:24.061398+00:00
sulinos,telegramchannels,group,28,Technology,en,97,2026-05-03T14:08:24.061400+00:00
hackerlar009,telegramchannels,group,28,Technology,en,98,2026-05-03T14:08:24.061403+00:00
opensuse_group,telegramchannels,group,28,Technology,en,99,2026-05-03T14:08:24.061406+00:00
technicalsami2,telegramchannels,group,28,Technology,en,100,2026-05-03T14:08:24.061409+00:00
resurrectionremixjason,telegramchannels,group,28,Technology,en,101,2026-05-03T14:08:24.061411+00:00
www_1computer,telegramchannels,group,28,Technology,en,102,2026-05-03T14:08:24.061414+00:00
eaia_io,telegramchannels,group,28,Technology,en,103,2026-05-03T14:08:24.061417+00:00
bottalk,telegramchannels,group,36,Telegram,en,1,2026-05-03T14:08:37.509187+00:00
publictestgroup,telegramchannels,group,36,Telegram,en,2,2026-05-03T14:08:37.509195+00:00
androidthemesgroup,telegramchannels,group,36,Telegram,en,3,2026-05-03T14:08:37.509198+00:00
telegramandroidtalk,telegramchannels,group,36,Telegram,en,7,2026-05-03T14:08:37.509216+00:00
trxxbond,telegramchannels,group,36,Telegram,en,8,2026-05-03T14:08:37.509219+00:00
metaisland_gg,telegramchannels,group,40,Telegram Miniapps & Games,en,1,2026-05-03T14:08:51.075189+00:00
gamebots,telegramchannels,group,40,Telegram Miniapps & Games,en,2,2026-05-03T14:08:51.075197+00:00
tiktokfollowersandlikes,telegramchannels,group,40,Telegram Miniapps & Games,en,3,2026-05-03T14:08:51.075200+00:00
travel_plus_tourism,telegramchannels,group,29,Travel,en,1,2026-05-03T14:09:03.897590+00:00
koh_samui,telegramchannels,group,29,Travel,en,2,2026-05-03T14:09:03.897597+00:00
tour_operators_worldwide,telegramchannels,group,29,Travel,en,3,2026-05-03T14:09:03.897601+00:00
visacruisejobs,telegramchannels,group,29,Travel,en,7,2026-05-03T14:09:03.897618+00:00
nl_amsterdam,telegramchannels,group,29,Travel,en,8,2026-05-03T14:09:03.897622+00:00
bdrailinfo,telegramchannels,group,29,Travel,en,9,2026-05-03T14:09:03.897625+00:00
angeleschat,telegramchannels,group,29,Travel,en,10,2026-05-03T14:09:03.897627+00:00
automotivegroup,telegramchannels,group,34,Utilities & Tools,en,1,2026-05-03T14:09:16.863815+00:00
indexengineering,telegramchannels,group,34,Utilities & Tools,en,2,2026-05-03T14:09:16.863823+00:00
animalsgroupstl,telegramchannels,group,34,Utilities & Tools,en,3,2026-05-03T14:09:16.863826+00:00
canvaproteamlinkss,telegramchannels,group,34,Utilities & Tools,en,7,2026-05-03T14:09:16.863845+00:00
searchengineoptimization_group,telegramchannels,group,34,Utilities & Tools,en,8,2026-05-03T14:09:16.863849+00:00
smmpanelsuppliers,telegramchannels,group,34,Utilities & Tools,en,9,2026-05-03T14:09:16.863852+00:00
datadetection2025,telegramchannels,group,34,Utilities & Tools,en,10,2026-05-03T14:09:16.863856+00:00
flymirror,telegramchannels,group,34,Utilities & Tools,en,11,2026-05-03T14:09:16.863859+00:00
genieonline,telegramchannels,group,34,Utilities & Tools,en,12,2026-05-03T14:09:16.863862+00:00
