username,source,chat_type,category_slug,category_label,language,rank,scraped_at
okxofficial_english,telegramchannels,group,all,All Categories,en,1,2026-05-07T13:10:52.789830+00:00
binanceexchange,telegramchannels,group,all,All Categories,en,2,2026-05-07T13:10:52.789840+00:00
kucoin_exchange,telegramchannels,group,all,All Categories,en,3,2026-05-07T13:10:52.789843+00:00
cinema_kotaka,telegramchannels,group,all,All Categories,en,7,2026-05-07T13:10:52.789861+00:00
uxuyen,telegramchannels,group,all,All Categories,en,8,2026-05-07T13:10:52.789864+00:00
python,telegramchannels,group,all,All Categories,en,9,2026-05-07T13:10:52.789867+00:00
musicartistsworldwide,telegramchannels,group,all,All Categories,en,10,2026-05-07T13:10:52.789870+00:00
satoshi_club,telegramchannels,group,all,All Categories,en,11,2026-05-07T13:10:52.789873+00:00
fasttoken_eng,telegramchannels,group,all,All Categories,en,12,2026-05-07T13:10:52.789876+00:00
beincryptocommunity,telegramchannels,group,all,All Categories,en,13,2026-05-07T13:10:52.789879+00:00
badoocom,telegramchannels,group,all,All Categories,en,14,2026-05-07T13:10:52.789882+00:00
clubhousesb,telegramchannels,group,all,All Categories,en,15,2026-05-07T13:10:52.789884+00:00
randomchatschat,telegramchannels,group,all,All Categories,en,16,2026-05-07T13:10:52.789887+00:00
tinderru,telegramchannels,group,all,All Categories,en,17,2026-05-07T13:10:52.789890+00:00
cybersecurityexperts,telegramchannels,group,all,All Categories,en,18,2026-05-07T13:10:52.789893+00:00
fastex_community,telegramchannels,group,all,All Categories,en,19,2026-05-07T13:10:52.789896+00:00
stlall,telegramchannels,group,all,All Categories,en,20,2026-05-07T13:10:52.789899+00:00
english_chatting_club_global,telegramchannels,group,all,All Categories,en,21,2026-05-07T13:10:52.789902+00:00
printing3dminiaturesterrain,telegramchannels,group,all,All Categories,en,22,2026-05-07T13:10:52.789905+00:00
best_chat_group,telegramchannels,group,all,All Categories,en,23,2026-05-07T13:10:52.789908+00:00
ezreferralslink,telegramchannels,group,all,All Categories,en,24,2026-05-07T13:10:52.789911+00:00
groupstl,telegramchannels,group,all,All Categories,en,25,2026-05-07T13:10:52.789914+00:00
english_chatting_club,telegramchannels,group,all,All Categories,en,26,2026-05-07T13:10:52.789917+00:00
usadateworld,telegramchannels,group,all,All Categories,en,27,2026-05-07T13:10:52.789919+00:00
yne123,telegramchannels,group,all,All Categories,en,28,2026-05-07T13:10:52.789922+00:00
vipkhoone_group,telegramchannels,group,all,All Categories,en,29,2026-05-07T13:10:52.789925+00:00
international_english_chattings,telegramchannels,group,all,All Categories,en,30,2026-05-07T13:10:52.789928+00:00
binancenfts,telegramchannels,group,all,All Categories,en,31,2026-05-07T13:10:52.789932+00:00
kadena_io,telegramchannels,group,all,All Categories,en,32,2026-05-07T13:10:52.789935+00:00
cryptomoonshots_chat,telegramchannels,group,all,All Categories,en,33,2026-05-07T13:10:52.789937+00:00
icospeaks,telegramchannels,group,all,All Categories,en,34,2026-05-07T13:10:52.789940+00:00
chattings_international_english,telegramchannels,group,all,All Categories,en,35,2026-05-07T13:10:52.789943+00:00
randomchatsenglish,telegramchannels,group,all,All Categories,en,36,2026-05-07T13:10:52.789946+00:00
publictestgroup,telegramchannels,group,all,All Categories,en,37,2026-05-07T13:10:52.789949+00:00
bottalk,telegramchannels,group,all,All Categories,en,38,2026-05-07T13:10:52.789952+00:00
miniaturesterraingroup,telegramchannels,group,all,All Categories,en,39,2026-05-07T13:10:52.789954+00:00
forexsiganl,telegramchannels,group,all,All Categories,en,40,2026-05-07T13:10:52.789957+00:00
flashdx17,telegramchannels,group,all,All Categories,en,41,2026-05-07T13:10:52.789960+00:00
belajarmicrosoftexcel,telegramchannels,group,all,All Categories,en,42,2026-05-07T13:10:52.789963+00:00
instagramstoriesboost,telegramchannels,group,all,All Categories,en,43,2026-05-07T13:10:52.789966+00:00
followdx30,telegramchannels,group,all,All Categories,en,44,2026-05-07T13:10:52.789968+00:00
printing3dcosplaystaticfigure,telegramchannels,group,all,All Categories,en,45,2026-05-07T13:10:52.789971+00:00
estatexofficial,telegramchannels,group,all,All Categories,en,46,2026-05-07T13:10:52.789974+00:00
dx8flash,telegramchannels,group,all,All Categories,en,47,2026-05-07T13:10:52.789977+00:00
indexengineering,telegramchannels,group,all,All Categories,en,48,2026-05-07T13:10:52.789979+00:00
otakuzdream,telegramchannels,group,all,All Categories,en,49,2026-05-07T13:10:52.789982+00:00
starwarsg,telegramchannels,group,all,All Categories,en,50,2026-05-07T13:10:52.789985+00:00
cryptochatcwn,telegramchannels,group,all,All Categories,en,51,2026-05-07T13:10:52.789988+00:00
giftcardstore_best,telegramchannels,group,all,All Categories,en,52,2026-05-07T13:10:52.789991+00:00
chainlinkofficial,telegramchannels,group,all,All Categories,en,53,2026-05-07T13:10:52.789994+00:00
dbzgroup,telegramchannels,group,all,All Categories,en,54,2026-05-07T13:10:52.789997+00:00
androidthemesgroup,telegramchannels,group,all,All Categories,en,55,2026-05-07T13:10:52.790000+00:00
mervelgroup,telegramchannels,group,all,All Categories,en,56,2026-05-07T13:10:52.790003+00:00
english_chatting_groups_1,telegramchannels,group,all,All Categories,en,57,2026-05-07T13:10:52.790006+00:00
oneledger,telegramchannels,group,all,All Categories,en,58,2026-05-07T13:10:52.790009+00:00
fmcpayglobalchat,telegramchannels,group,all,All Categories,en,59,2026-05-07T13:10:52.790012+00:00
bitbns,telegramchannels,group,all,All Categories,en,60,2026-05-07T13:10:52.790015+00:00
tiktok_growth,telegramchannels,group,all,All Categories,en,61,2026-05-07T13:10:52.790017+00:00
entrepreneurialjourney,telegramchannels,group,all,All Categories,en,62,2026-05-07T13:10:52.790020+00:00
ofmlustify,telegramchannels,group,all,All Categories,en,63,2026-05-07T13:10:52.790023+00:00
pocket_space,telegramchannels,group,all,All Categories,en,64,2026-05-07T13:10:52.790026+00:00
english_world_chatting,telegramchannels,group,all,All Categories,en,65,2026-05-07T13:10:52.790029+00:00
programminginc,telegramchannels,group,all,All Categories,en,66,2026-05-07T13:10:52.790032+00:00
fresherjobs13,telegramchannels,group,all,All Categories,en,67,2026-05-07T13:10:52.790035+00:00
instagram_switzerland,telegramchannels,group,all,All Categories,en,68,2026-05-07T13:10:52.790038+00:00
bee_official_english,telegramchannels,group,all,All Categories,en,69,2026-05-07T13:10:52.790041+00:00
free_promotion_links_share_group,telegramchannels,group,all,All Categories,en,70,2026-05-07T13:10:52.790044+00:00
icolisting,telegramchannels,group,all,All Categories,en,71,2026-05-07T13:10:52.790047+00:00
l4lyoutube,telegramchannels,group,all,All Categories,en,72,2026-05-07T13:10:52.790050+00:00
great_worriors,telegramchannels,group,all,All Categories,en,73,2026-05-07T13:10:52.790053+00:00
spaininstagram,telegramchannels,group,all,All Categories,en,74,2026-05-07T13:10:52.790056+00:00
reactjsnodejsmernstack,telegramchannels,group,all,All Categories,en,75,2026-05-07T13:10:52.790058+00:00
instagramreelsdx40,telegramchannels,group,all,All Categories,en,76,2026-05-07T13:10:52.790061+00:00
instagram_france,telegramchannels,group,all,All Categories,en,77,2026-05-07T13:10:52.790064+00:00
jobsinlondongroup,telegramchannels,group,all,All Categories,en,78,2026-05-07T13:10:52.790067+00:00
cardano,telegramchannels,group,all,All Categories,en,79,2026-05-07T13:10:52.790070+00:00
wisecrypto_chat,telegramchannels,group,all,All Categories,en,80,2026-05-07T13:10:52.790073+00:00
monetization4youtube,telegramchannels,group,all,All Categories,en,81,2026-05-07T13:10:52.790076+00:00
kardiachain,telegramchannels,group,all,All Categories,en,82,2026-05-07T13:10:52.790079+00:00
import_export_europe,telegramchannels,group,all,All Categories,en,83,2026-05-07T13:10:52.790082+00:00
internationalchatting,telegramchannels,group,all,All Categories,en,84,2026-05-07T13:10:52.790085+00:00
minxtokenofficial,telegramchannels,group,all,All Categories,en,85,2026-05-07T13:10:52.790088+00:00
qiibee,telegramchannels,group,all,All Categories,en,86,2026-05-07T13:10:52.790090+00:00
printww,telegramchannels,group,all,All Categories,en,87,2026-05-07T13:10:52.790093+00:00
katanainu,telegramchannels,group,all,All Categories,en,88,2026-05-07T13:10:52.790096+00:00
whale_tracker,telegramchannels,group,all,All Categories,en,89,2026-05-07T13:10:52.790099+00:00
mexcbengali,telegramchannels,group,all,All Categories,en,90,2026-05-07T13:10:52.790101+00:00
bitsquad,telegramchannels,group,all,All Categories,en,91,2026-05-07T13:10:52.790104+00:00
pocophoneglobalofficial,telegramchannels,group,all,All Categories,en,92,2026-05-07T13:10:52.790107+00:00
zombiesquadhq,telegramchannels,group,all,All Categories,en,93,2026-05-07T13:10:52.790109+00:00
btcsminers_2_2,telegramchannels,group,all,All Categories,en,94,2026-05-07T13:10:52.790113+00:00
devopsedureka,telegramchannels,group,all,All Categories,en,95,2026-05-07T13:10:52.790116+00:00
django,telegramchannels,group,all,All Categories,en,96,2026-05-07T13:10:52.790119+00:00
english_chatting_house,telegramchannels,group,all,All Categories,en,97,2026-05-07T13:10:52.790121+00:00
online_slots,telegramchannels,group,all,All Categories,en,98,2026-05-07T13:10:52.790124+00:00
chat1xslots,telegramchannels,group,all,All Categories,en,99,2026-05-07T13:10:52.790127+00:00
lifestyleinstagram,telegramchannels,group,all,All Categories,en,100,2026-05-07T13:10:52.790130+00:00
add_toncoin,telegramchannels,group,all,All Categories,en,101,2026-05-07T13:10:52.790132+00:00
dx10flash,telegramchannels,group,all,All Categories,en,102,2026-05-07T13:10:52.790135+00:00
litecoin,telegramchannels,group,all,All Categories,en,103,2026-05-07T13:10:52.790138+00:00
weddingeventsforum,telegramchannels,group,3,Art & Design,en,1,2026-05-07T13:11:06.119530+00:00
corel_draw_illustrator_design,telegramchannels,group,3,Art & Design,en,2,2026-05-07T13:11:06.119544+00:00
msamtech,telegramchannels,group,3,Art & Design,en,3,2026-05-07T13:11:06.119548+00:00
uxinfinity,telegramchannels,group,3,Art & Design,en,7,2026-05-07T13:11:06.119565+00:00
adt_global_trade,telegramchannels,group,4,Auto & Moto,en,1,2026-05-07T13:11:19.410714+00:00
automobile_engineer,telegramchannels,group,4,Auto & Moto,en,2,2026-05-07T13:11:19.410721+00:00
marcon_carimporter,telegramchannels,group,4,Auto & Moto,en,3,2026-05-07T13:11:19.410724+00:00
truckstop,telegramchannels,group,4,Auto & Moto,en,7,2026-05-07T13:11:19.410741+00:00
hotshottrucking,telegramchannels,group,4,Auto & Moto,en,8,2026-05-07T13:11:19.410744+00:00
chat1xslots,telegramchannels,group,33,Betting,en,1,2026-05-07T13:11:32.561610+00:00
online_slots,telegramchannels,group,33,Betting,en,2,2026-05-07T13:11:32.561618+00:00
empirevape,telegramchannels,group,33,Betting,en,3,2026-05-07T13:11:32.561621+00:00
bet9ja,telegramchannels,group,33,Betting,en,7,2026-05-07T13:11:32.561638+00:00
sgallaboutfashion,telegramchannels,group,33,Betting,en,8,2026-05-07T13:11:32.561641+00:00
bookingcode1xbet,telegramchannels,group,33,Betting,en,9,2026-05-07T13:11:32.561644+00:00
promo1xbetcode,telegramchannels,group,33,Betting,en,10,2026-05-07T13:11:32.561647+00:00
exchmarketgroup,telegramchannels,group,33,Betting,en,11,2026-05-07T13:11:32.561650+00:00
street_wall_bets,telegramchannels,group,33,Betting,en,12,2026-05-07T13:11:32.561653+00:00
free1xbetfixedmatches,telegramchannels,group,33,Betting,en,13,2026-05-07T13:11:32.561656+00:00
fixed_matches_group,telegramchannels,group,33,Betting,en,14,2026-05-07T13:11:32.561659+00:00
fixedmatchesgroups,telegramchannels,group,33,Betting,en,15,2026-05-07T13:11:32.561661+00:00
free1xbetgames,telegramchannels,group,33,Betting,en,16,2026-05-07T13:11:32.561664+00:00
ibettingteam,telegramchannels,group,33,Betting,en,17,2026-05-07T13:11:32.561667+00:00
booking_code_1xbet,telegramchannels,group,33,Betting,en,18,2026-05-07T13:11:32.561670+00:00
bet11xbet55,telegramchannels,group,33,Betting,en,19,2026-05-07T13:11:32.561673+00:00
bettingsure100,telegramchannels,group,33,Betting,en,20,2026-05-07T13:11:32.561676+00:00
ishaanbhai,telegramchannels,group,33,Betting,en,21,2026-05-07T13:11:32.561679+00:00
top_tips_chat,telegramchannels,group,33,Betting,en,22,2026-05-07T13:11:32.561681+00:00
pay_after_winning2,telegramchannels,group,33,Betting,en,23,2026-05-07T13:11:32.561684+00:00
bettingtipsdaybyday,telegramchannels,group,33,Betting,en,24,2026-05-07T13:11:32.561687+00:00
godsofoddss,telegramchannels,group,33,Betting,en,25,2026-05-07T13:11:32.561690+00:00
mightytipschat,telegramchannels,group,33,Betting,en,26,2026-05-07T13:11:32.561693+00:00
treasurebets,telegramchannels,group,33,Betting,en,27,2026-05-07T13:11:32.561695+00:00
fixedmatcheseuro0,telegramchannels,group,33,Betting,en,28,2026-05-07T13:11:32.561698+00:00
bettingmlb,telegramchannels,group,33,Betting,en,29,2026-05-07T13:11:32.561701+00:00
fixedmatchdetection,telegramchannels,group,33,Betting,en,30,2026-05-07T13:11:32.561704+00:00
xbetempire,telegramchannels,group,33,Betting,en,31,2026-05-07T13:11:32.561706+00:00
bettingdiscussion,telegramchannels,group,33,Betting,en,32,2026-05-07T13:11:32.561709+00:00
moonclubcom_official,telegramchannels,group,33,Betting,en,33,2026-05-07T13:11:32.561712+00:00
sattakingmae,telegramchannels,group,33,Betting,en,34,2026-05-07T13:11:32.561715+00:00
sportybetwinning1,telegramchannels,group,33,Betting,en,35,2026-05-07T13:11:32.561718+00:00
futuressignaslconnect,telegramchannels,group,33,Betting,en,36,2026-05-07T13:11:32.561721+00:00
mybettingapp,telegramchannels,group,33,Betting,en,37,2026-05-07T13:11:32.561723+00:00
sportybetsuregame3,telegramchannels,group,33,Betting,en,38,2026-05-07T13:11:32.561727+00:00
dorismallpredictionn,telegramchannels,group,33,Betting,en,39,2026-05-07T13:11:32.561730+00:00
affrocapper,telegramchannels,group,33,Betting,en,40,2026-05-07T13:11:32.561732+00:00
daily_free_betting_tips,telegramchannels,group,33,Betting,en,41,2026-05-07T13:11:32.561735+00:00
bjkingcommunity,telegramchannels,group,33,Betting,en,42,2026-05-07T13:11:32.561738+00:00
correctscore_fixed,telegramchannels,group,33,Betting,en,43,2026-05-07T13:11:32.561741+00:00
dicegamblepublic,telegramchannels,group,33,Betting,en,44,2026-05-07T13:11:32.561744+00:00
free_betting_odds,telegramchannels,group,33,Betting,en,45,2026-05-07T13:11:32.561747+00:00
sure_vip_fixed_correct_score,telegramchannels,group,33,Betting,en,46,2026-05-07T13:11:32.561749+00:00
correct_score_vip,telegramchannels,group,33,Betting,en,47,2026-05-07T13:11:32.561752+00:00
ac88dn,telegramchannels,group,33,Betting,en,48,2026-05-07T13:11:32.561755+00:00
strategicbettinghubchatgroup,telegramchannels,group,33,Betting,en,49,2026-05-07T13:11:32.561758+00:00
cricketbettingbook,telegramchannels,group,33,Betting,en,50,2026-05-07T13:11:32.561760+00:00
fulltimehalftimedraw,telegramchannels,group,33,Betting,en,51,2026-05-07T13:11:32.561763+00:00
football_betting_group,telegramchannels,group,33,Betting,en,52,2026-05-07T13:11:32.561765+00:00
payafter_won,telegramchannels,group,33,Betting,en,53,2026-05-07T13:11:32.561768+00:00
fixed_matches8,telegramchannels,group,33,Betting,en,54,2026-05-07T13:11:32.561772+00:00
pay_after_winning1,telegramchannels,group,33,Betting,en,55,2026-05-07T13:11:32.561775+00:00
sports_betting_group,telegramchannels,group,33,Betting,en,56,2026-05-07T13:11:32.561778+00:00
ooddshub,telegramchannels,group,33,Betting,en,57,2026-05-07T13:11:32.561780+00:00
bet9jabettingcode,telegramchannels,group,33,Betting,en,58,2026-05-07T13:11:32.561783+00:00
bet9jasportycodes,telegramchannels,group,33,Betting,en,59,2026-05-07T13:11:32.561786+00:00
footballbettinggroup,telegramchannels,group,33,Betting,en,60,2026-05-07T13:11:32.561789+00:00
goaloonews,telegramchannels,group,33,Betting,en,61,2026-05-07T13:11:32.561792+00:00
germany_fixed_matches,telegramchannels,group,33,Betting,en,62,2026-05-07T13:11:32.561794+00:00
sportybetsuregame2,telegramchannels,group,33,Betting,en,63,2026-05-07T13:11:32.561797+00:00
bet9ja6,telegramchannels,group,33,Betting,en,64,2026-05-07T13:11:32.561800+00:00
tradescapechat,telegramchannels,group,33,Betting,en,65,2026-05-07T13:11:32.561802+00:00
sure_vip_fixed_matches,telegramchannels,group,33,Betting,en,66,2026-05-07T13:11:32.561805+00:00
betting_booking_codes,telegramchannels,group,33,Betting,en,67,2026-05-07T13:11:32.561808+00:00
sportybetbookingnumber,telegramchannels,group,33,Betting,en,68,2026-05-07T13:11:32.561811+00:00
correctscorefreebettips,telegramchannels,group,33,Betting,en,69,2026-05-07T13:11:32.561814+00:00
netherland_fixed_matches,telegramchannels,group,33,Betting,en,70,2026-05-07T13:11:32.561816+00:00
bigoddsfixedmatches,telegramchannels,group,33,Betting,en,71,2026-05-07T13:11:32.561819+00:00
fixedmatcheshalftime,telegramchannels,group,33,Betting,en,72,2026-05-07T13:11:32.561822+00:00
raonebettingclub,telegramchannels,group,33,Betting,en,73,2026-05-07T13:11:32.561824+00:00
betcage,telegramchannels,group,33,Betting,en,74,2026-05-07T13:11:32.561827+00:00
fixedmatchespayafterwin,telegramchannels,group,33,Betting,en,75,2026-05-07T13:11:32.561830+00:00
correct_score7,telegramchannels,group,33,Betting,en,76,2026-05-07T13:11:32.561832+00:00
surebettinggame1,telegramchannels,group,33,Betting,en,77,2026-05-07T13:11:32.561835+00:00
fixed_matches2,telegramchannels,group,33,Betting,en,78,2026-05-07T13:11:32.561838+00:00
pre_dic_tion,telegramchannels,group,33,Betting,en,79,2026-05-07T13:11:32.561841+00:00
need_fixed_matches,telegramchannels,group,33,Betting,en,80,2026-05-07T13:11:32.561844+00:00
pre_diction,telegramchannels,group,33,Betting,en,81,2026-05-07T13:11:32.561846+00:00
apollobetsfree,telegramchannels,group,33,Betting,en,82,2026-05-07T13:11:32.561849+00:00
correctscore_vip,telegramchannels,group,33,Betting,en,83,2026-05-07T13:11:32.561852+00:00
robdabookieschat,telegramchannels,group,33,Betting,en,84,2026-05-07T13:11:32.561855+00:00
want_fixed_matches,telegramchannels,group,33,Betting,en,85,2026-05-07T13:11:32.561857+00:00
legitfixedgame1,telegramchannels,group,33,Betting,en,86,2026-05-07T13:11:32.561860+00:00
mega4pari,telegramchannels,group,33,Betting,en,87,2026-05-07T13:11:32.561862+00:00
fixed_matches_games,telegramchannels,group,33,Betting,en,88,2026-05-07T13:11:32.561865+00:00
daily_chat,telegramchannels,group,33,Betting,en,89,2026-05-07T13:11:32.561867+00:00
matrix0244,telegramchannels,group,33,Betting,en,90,2026-05-07T13:11:32.561870+00:00
secureonlinebetting,telegramchannels,group,33,Betting,en,91,2026-05-07T13:11:32.561873+00:00
england_fixed_matches,telegramchannels,group,33,Betting,en,92,2026-05-07T13:11:32.561875+00:00
trustpolicy,telegramchannels,group,33,Betting,en,93,2026-05-07T13:11:32.561878+00:00
wordpressblogger,telegramchannels,group,5,Blogs,en,1,2026-05-07T13:11:45.696714+00:00
ibloggospel,telegramchannels,group,5,Blogs,en,2,2026-05-07T13:11:45.696721+00:00
trueblogging,telegramchannels,group,5,Blogs,en,3,2026-05-07T13:11:45.696724+00:00
instagram_tricks1,telegramchannels,group,5,Blogs,en,7,2026-05-07T13:11:45.696740+00:00
bloggersplanet,telegramchannels,group,5,Blogs,en,8,2026-05-07T13:11:45.696743+00:00
bongojobs,telegramchannels,group,5,Blogs,en,9,2026-05-07T13:11:45.696746+00:00
socialsupportelite,telegramchannels,group,5,Blogs,en,10,2026-05-07T13:11:45.696749+00:00
freeebooksstore,telegramchannels,group,6,Books & Magazine,en,1,2026-05-07T13:11:59.165896+00:00
engineering_ebooks,telegramchannels,group,6,Books & Magazine,en,2,2026-05-07T13:11:59.165904+00:00
library_books_enthusiasts,telegramchannels,group,6,Books & Magazine,en,3,2026-05-07T13:11:59.165907+00:00
audoroom,telegramchannels,group,6,Books & Magazine,en,7,2026-05-07T13:11:59.165923+00:00
readya10,telegramchannels,group,6,Books & Magazine,en,8,2026-05-07T13:11:59.165926+00:00
xlitechat,telegramchannels,group,6,Books & Magazine,en,9,2026-05-07T13:11:59.165929+00:00
ofmlustify,telegramchannels,group,7,Business & Startups,en,1,2026-05-07T13:12:12.206995+00:00
entrepreneurialjourney,telegramchannels,group,7,Business & Startups,en,2,2026-05-07T13:12:12.207002+00:00
jobsinlondongroup,telegramchannels,group,7,Business & Startups,en,3,2026-05-07T13:12:12.207005+00:00
import_export_europe,telegramchannels,group,7,Business & Startups,en,7,2026-05-07T13:12:12.207022+00:00
jobs_recruiters,telegramchannels,group,7,Business & Startups,en,8,2026-05-07T13:12:12.207025+00:00
shopifyeasy,telegramchannels,group,7,Business & Startups,en,9,2026-05-07T13:12:12.207028+00:00
opportunitiestelegram,telegramchannels,group,7,Business & Startups,en,10,2026-05-07T13:12:12.207031+00:00
canadajobsnrentalservice,telegramchannels,group,7,Business & Startups,en,11,2026-05-07T13:12:12.207033+00:00
entrepreneureliteclub,telegramchannels,group,7,Business & Startups,en,12,2026-05-07T13:12:12.207036+00:00
affiliateconfeng,telegramchannels,group,7,Business & Startups,en,13,2026-05-07T13:12:12.207039+00:00
freelancersworldwide,telegramchannels,group,7,Business & Startups,en,14,2026-05-07T13:12:12.207042+00:00
giganticwavesglobal,telegramchannels,group,7,Business & Startups,en,15,2026-05-07T13:12:12.207045+00:00
volatality75,telegramchannels,group,7,Business & Startups,en,16,2026-05-07T13:12:12.207048+00:00
officebasedjobslondon,telegramchannels,group,7,Business & Startups,en,17,2026-05-07T13:12:12.207051+00:00
govermentdiplomafresherjobpharma,telegramchannels,group,7,Business & Startups,en,18,2026-05-07T13:12:12.207054+00:00
it_jobs_new_zealand,telegramchannels,group,7,Business & Startups,en,19,2026-05-07T13:12:12.207057+00:00
biashara254,telegramchannels,group,7,Business & Startups,en,20,2026-05-07T13:12:12.207060+00:00
it_jobs_ireland,telegramchannels,group,7,Business & Startups,en,21,2026-05-07T13:12:12.207063+00:00
it_jobs_singapore,telegramchannels,group,7,Business & Startups,en,22,2026-05-07T13:12:12.207066+00:00
it_jobs_uk,telegramchannels,group,7,Business & Startups,en,23,2026-05-07T13:12:12.207069+00:00
hopprfyapp,telegramchannels,group,7,Business & Startups,en,24,2026-05-07T13:12:12.207071+00:00
middleeastjobs,telegramchannels,group,7,Business & Startups,en,25,2026-05-07T13:12:12.207074+00:00
agribusinesslink,telegramchannels,group,7,Business & Startups,en,26,2026-05-07T13:12:12.207077+00:00
manchesterjobs,telegramchannels,group,7,Business & Startups,en,27,2026-05-07T13:12:12.207079+00:00
mentholprotocol,telegramchannels,group,7,Business & Startups,en,28,2026-05-07T13:12:12.207082+00:00
it_jobs_south_africa,telegramchannels,group,7,Business & Startups,en,29,2026-05-07T13:12:12.207085+00:00
farcoderjobs,telegramchannels,group,7,Business & Startups,en,30,2026-05-07T13:12:12.207087+00:00
foundertalks,telegramchannels,group,7,Business & Startups,en,31,2026-05-07T13:12:12.207090+00:00
dubaijobsexpo2020,telegramchannels,group,7,Business & Startups,en,32,2026-05-07T13:12:12.207093+00:00
it_jobs_kenya,telegramchannels,group,7,Business & Startups,en,33,2026-05-07T13:12:12.207096+00:00
wglglobalteam,telegramchannels,group,7,Business & Startups,en,34,2026-05-07T13:12:12.207098+00:00
freshersjobsx24,telegramchannels,group,7,Business & Startups,en,35,2026-05-07T13:12:12.207101+00:00
thepepinitiative,telegramchannels,group,7,Business & Startups,en,36,2026-05-07T13:12:12.207104+00:00
igengagementbooster,telegramchannels,group,7,Business & Startups,en,37,2026-05-07T13:12:12.207106+00:00
kuwtkgroup,telegramchannels,group,8,Celebrities,en,1,2026-05-07T13:12:25.708769+00:00
randomchatschat,telegramchannels,group,35,Communication,en,1,2026-05-07T13:12:38.654150+00:00
cinema_kotaka,telegramchannels,group,35,Communication,en,2,2026-05-07T13:12:38.654158+00:00
english_chatting_club_global,telegramchannels,group,35,Communication,en,3,2026-05-07T13:12:38.654161+00:00
international_english_chattings,telegramchannels,group,35,Communication,en,7,2026-05-07T13:12:38.654178+00:00
chattings_international_english,telegramchannels,group,35,Communication,en,8,2026-05-07T13:12:38.654180+00:00
randomchatsenglish,telegramchannels,group,35,Communication,en,9,2026-05-07T13:12:38.654183+00:00
english_chatting_groups_1,telegramchannels,group,35,Communication,en,10,2026-05-07T13:12:38.654187+00:00
free_promotion_links_share_group,telegramchannels,group,35,Communication,en,11,2026-05-07T13:12:38.654190+00:00
internationalchatting,telegramchannels,group,35,Communication,en,12,2026-05-07T13:12:38.654192+00:00
bangloree,telegramchannels,group,35,Communication,en,13,2026-05-07T13:12:38.654195+00:00
united_global_friends,telegramchannels,group,35,Communication,en,14,2026-05-07T13:12:38.654198+00:00
tivimate_en,telegramchannels,group,35,Communication,en,15,2026-05-07T13:12:38.654201+00:00
gaysupportgroup,telegramchannels,group,35,Communication,en,16,2026-05-07T13:12:38.654204+00:00
melbournefreedomrally,telegramchannels,group,35,Communication,en,17,2026-05-07T13:12:38.654207+00:00
sellerhuntchat,telegramchannels,group,35,Communication,en,18,2026-05-07T13:12:38.654209+00:00
depressionandanxietywarrior,telegramchannels,group,35,Communication,en,19,2026-05-07T13:12:38.654212+00:00
usachristiandating,telegramchannels,group,35,Communication,en,20,2026-05-07T13:12:38.654215+00:00
girlsboyschatgroup8,telegramchannels,group,35,Communication,en,21,2026-05-07T13:12:38.654218+00:00
englishchatz,telegramchannels,group,35,Communication,en,22,2026-05-07T13:12:38.654221+00:00
biotechnologydiscuss,telegramchannels,group,35,Communication,en,23,2026-05-07T13:12:38.654223+00:00
auroritychat,telegramchannels,group,35,Communication,en,24,2026-05-07T13:12:38.654226+00:00
teamjupiter1,telegramchannels,group,35,Communication,en,25,2026-05-07T13:12:38.654229+00:00
anime_chat_associationqin,telegramchannels,group,35,Communication,en,26,2026-05-07T13:12:38.654231+00:00
superhero_ascension,telegramchannels,group,35,Communication,en,27,2026-05-07T13:12:38.654234+00:00
chat_lovex,telegramchannels,group,35,Communication,en,28,2026-05-07T13:12:38.654237+00:00
globalfriendshipdating24,telegramchannels,group,35,Communication,en,29,2026-05-07T13:12:38.654240+00:00
englishchatroomforlearn,telegramchannels,group,35,Communication,en,30,2026-05-07T13:12:38.654243+00:00
helloloveapp,telegramchannels,group,35,Communication,en,31,2026-05-07T13:12:38.654246+00:00
english_american_chatting_group,telegramchannels,group,35,Communication,en,32,2026-05-07T13:12:38.654249+00:00
lgbtsafespace,telegramchannels,group,35,Communication,en,33,2026-05-07T13:12:38.654252+00:00
chat_with_unknown_random_friends,telegramchannels,group,35,Communication,en,34,2026-05-07T13:12:38.654255+00:00
everyonecanchat,telegramchannels,group,35,Communication,en,35,2026-05-07T13:12:38.654257+00:00
redpilledlightworkerseire,telegramchannels,group,35,Communication,en,36,2026-05-07T13:12:38.654260+00:00
worldwide_chats,telegramchannels,group,35,Communication,en,37,2026-05-07T13:12:38.654263+00:00
englishchattingcommunity0,telegramchannels,group,35,Communication,en,38,2026-05-07T13:12:38.654266+00:00
international_english_chat01,telegramchannels,group,35,Communication,en,39,2026-05-07T13:12:38.654268+00:00
papegaai_chat,telegramchannels,group,35,Communication,en,40,2026-05-07T13:12:38.654271+00:00
global_friends30,telegramchannels,group,35,Communication,en,41,2026-05-07T13:12:38.654274+00:00
dragon_ball_group,telegramchannels,group,35,Communication,en,42,2026-05-07T13:12:38.654277+00:00
titansocialmedia,telegramchannels,group,35,Communication,en,43,2026-05-07T13:12:38.654280+00:00
chitchatforallguys,telegramchannels,group,35,Communication,en,44,2026-05-07T13:12:38.654282+00:00
digitalhamradio,telegramchannels,group,35,Communication,en,45,2026-05-07T13:12:38.654285+00:00
voiceroom,telegramchannels,group,35,Communication,en,46,2026-05-07T13:12:38.654287+00:00
raged_prince,telegramchannels,group,35,Communication,en,47,2026-05-07T13:12:38.654291+00:00
englishclubplus,telegramchannels,group,35,Communication,en,48,2026-05-07T13:12:38.654293+00:00
moyemoye_group,telegramchannels,group,35,Communication,en,49,2026-05-07T13:12:38.654296+00:00
busipromoting,telegramchannels,group,35,Communication,en,50,2026-05-07T13:12:38.654299+00:00
hopehollow,telegramchannels,group,35,Communication,en,51,2026-05-07T13:12:38.654302+00:00
zombiesquadhq,telegramchannels,group,41,Crypto Airdrop,en,1,2026-05-07T13:12:51.234925+00:00
icospeaks,telegramchannels,group,41,Crypto Airdrop,en,2,2026-05-07T13:12:51.234932+00:00
airdropkingnewsofficial,telegramchannels,group,41,Crypto Airdrop,en,3,2026-05-07T13:12:51.234935+00:00
axelnetwork,telegramchannels,group,41,Crypto Airdrop,en,7,2026-05-07T13:12:51.234951+00:00
ari10_com,telegramchannels,group,41,Crypto Airdrop,en,8,2026-05-07T13:12:51.234954+00:00
ready4player,telegramchannels,group,41,Crypto Airdrop,en,9,2026-05-07T13:12:51.234957+00:00
airdrop_madness_chat,telegramchannels,group,41,Crypto Airdrop,en,10,2026-05-07T13:12:51.234960+00:00
claimairdropz1,telegramchannels,group,41,Crypto Airdrop,en,11,2026-05-07T13:12:51.234963+00:00
soomatokengroup,telegramchannels,group,41,Crypto Airdrop,en,12,2026-05-07T13:12:51.234966+00:00
airdropcatalogchat,telegramchannels,group,41,Crypto Airdrop,en,13,2026-05-07T13:12:51.234968+00:00
margintoken,telegramchannels,group,41,Crypto Airdrop,en,14,2026-05-07T13:12:51.234971+00:00
knlinkshare,telegramchannels,group,41,Crypto Airdrop,en,15,2026-05-07T13:12:51.234974+00:00
usdt_stablecoin,telegramchannels,group,41,Crypto Airdrop,en,16,2026-05-07T13:12:51.234976+00:00
cryptocurrencyairdropsss,telegramchannels,group,41,Crypto Airdrop,en,17,2026-05-07T13:12:51.234979+00:00
verifiedairdropfree,telegramchannels,group,41,Crypto Airdrop,en,18,2026-05-07T13:12:51.234982+00:00
emojibotsupport,telegramchannels,group,41,Crypto Airdrop,en,19,2026-05-07T13:12:51.234985+00:00
fiestanowcoin,telegramchannels,group,41,Crypto Airdrop,en,20,2026-05-07T13:12:51.234987+00:00
millionairelt,telegramchannels,group,41,Crypto Airdrop,en,21,2026-05-07T13:12:51.234990+00:00
fairdroph,telegramchannels,group,41,Crypto Airdrop,en,22,2026-05-07T13:12:51.234993+00:00
jointhisairdrop,telegramchannels,group,41,Crypto Airdrop,en,23,2026-05-07T13:12:51.234996+00:00
techmoneysupport,telegramchannels,group,41,Crypto Airdrop,en,24,2026-05-07T13:12:51.234999+00:00
apolycapsegame,telegramchannels,group,41,Crypto Airdrop,en,25,2026-05-07T13:12:51.235001+00:00
claimairdropss,telegramchannels,group,41,Crypto Airdrop,en,26,2026-05-07T13:12:51.235004+00:00
airdropearners786,telegramchannels,group,41,Crypto Airdrop,en,27,2026-05-07T13:12:51.235007+00:00
cryptoc_urrency,telegramchannels,group,41,Crypto Airdrop,en,28,2026-05-07T13:12:51.235010+00:00
usdt_on_tron,telegramchannels,group,41,Crypto Airdrop,en,29,2026-05-07T13:12:51.235013+00:00
airdropking067,telegramchannels,group,41,Crypto Airdrop,en,30,2026-05-07T13:12:51.235016+00:00
okxofficial_english,telegramchannels,group,9,Cryptocurrencies,en,1,2026-05-07T13:13:04.826754+00:00
binanceexchange,telegramchannels,group,9,Cryptocurrencies,en,2,2026-05-07T13:13:04.826761+00:00
kucoin_exchange,telegramchannels,group,9,Cryptocurrencies,en,3,2026-05-07T13:13:04.826764+00:00
uxuyen,telegramchannels,group,9,Cryptocurrencies,en,7,2026-05-07T13:13:04.826781+00:00
satoshi_club,telegramchannels,group,9,Cryptocurrencies,en,8,2026-05-07T13:13:04.826783+00:00
fasttoken_eng,telegramchannels,group,9,Cryptocurrencies,en,9,2026-05-07T13:13:04.826786+00:00
fastex_community,telegramchannels,group,9,Cryptocurrencies,en,10,2026-05-07T13:13:04.826789+00:00
ezreferralslink,telegramchannels,group,9,Cryptocurrencies,en,11,2026-05-07T13:13:04.826791+00:00
vipkhoone_group,telegramchannels,group,9,Cryptocurrencies,en,12,2026-05-07T13:13:04.826794+00:00
binancenfts,telegramchannels,group,9,Cryptocurrencies,en,13,2026-05-07T13:13:04.826797+00:00
cryptomoonshots_chat,telegramchannels,group,9,Cryptocurrencies,en,14,2026-05-07T13:13:04.826800+00:00
estatexofficial,telegramchannels,group,9,Cryptocurrencies,en,15,2026-05-07T13:13:04.826802+00:00
cryptochatcwn,telegramchannels,group,9,Cryptocurrencies,en,16,2026-05-07T13:13:04.826805+00:00
chainlinkofficial,telegramchannels,group,9,Cryptocurrencies,en,17,2026-05-07T13:13:04.826808+00:00
oneledger,telegramchannels,group,9,Cryptocurrencies,en,18,2026-05-07T13:13:04.826810+00:00
bee_official_english,telegramchannels,group,9,Cryptocurrencies,en,19,2026-05-07T13:13:04.826813+00:00
icolisting,telegramchannels,group,9,Cryptocurrencies,en,20,2026-05-07T13:13:04.826816+00:00
cardano,telegramchannels,group,9,Cryptocurrencies,en,21,2026-05-07T13:13:04.826819+00:00
wisecrypto_chat,telegramchannels,group,9,Cryptocurrencies,en,22,2026-05-07T13:13:04.826821+00:00
kardiachain,telegramchannels,group,9,Cryptocurrencies,en,23,2026-05-07T13:13:04.826824+00:00
minxtokenofficial,telegramchannels,group,9,Cryptocurrencies,en,24,2026-05-07T13:13:04.826827+00:00
qiibee,telegramchannels,group,9,Cryptocurrencies,en,25,2026-05-07T13:13:04.826829+00:00
katanainu,telegramchannels,group,9,Cryptocurrencies,en,26,2026-05-07T13:13:04.826832+00:00
whale_tracker,telegramchannels,group,9,Cryptocurrencies,en,27,2026-05-07T13:13:04.826835+00:00
mexcbengali,telegramchannels,group,9,Cryptocurrencies,en,28,2026-05-07T13:13:04.826837+00:00
btcsminers_2_2,telegramchannels,group,9,Cryptocurrencies,en,29,2026-05-07T13:13:04.826840+00:00
add_toncoin,telegramchannels,group,9,Cryptocurrencies,en,30,2026-05-07T13:13:04.826843+00:00
litecoin,telegramchannels,group,9,Cryptocurrencies,en,31,2026-05-07T13:13:04.826845+00:00
thegempad,telegramchannels,group,9,Cryptocurrencies,en,32,2026-05-07T13:13:04.826848+00:00
timpime,telegramchannels,group,9,Cryptocurrencies,en,33,2026-05-07T13:13:04.826851+00:00
convalexanoq,telegramchannels,group,9,Cryptocurrencies,en,34,2026-05-07T13:13:04.826854+00:00
wavescommunity,telegramchannels,group,9,Cryptocurrencies,en,35,2026-05-07T13:13:04.826856+00:00
officialtapngo,telegramchannels,group,9,Cryptocurrencies,en,36,2026-05-07T13:13:04.826859+00:00
pundix,telegramchannels,group,9,Cryptocurrencies,en,37,2026-05-07T13:13:04.826861+00:00
humansdotai,telegramchannels,group,9,Cryptocurrencies,en,38,2026-05-07T13:13:04.826864+00:00
studentcoin,telegramchannels,group,9,Cryptocurrencies,en,39,2026-05-07T13:13:04.826866+00:00
jollywhaleofficialchat,telegramchannels,group,9,Cryptocurrencies,en,40,2026-05-07T13:13:04.826869+00:00
dxsale,telegramchannels,group,9,Cryptocurrencies,en,41,2026-05-07T13:13:04.826871+00:00
polkaswap,telegramchannels,group,9,Cryptocurrencies,en,42,2026-05-07T13:13:04.826874+00:00
dev_solidity,telegramchannels,group,9,Cryptocurrencies,en,43,2026-05-07T13:13:04.826877+00:00
bitshibatoken,telegramchannels,group,9,Cryptocurrencies,en,44,2026-05-07T13:13:04.826879+00:00
gamerhashofficial,telegramchannels,group,9,Cryptocurrencies,en,45,2026-05-07T13:13:04.826885+00:00
cheyniio,telegramchannels,group,9,Cryptocurrencies,en,46,2026-05-07T13:13:04.826888+00:00
community_3commas,telegramchannels,group,9,Cryptocurrencies,en,47,2026-05-07T13:13:04.826891+00:00
blockchain_headhunter,telegramchannels,group,9,Cryptocurrencies,en,48,2026-05-07T13:13:04.826894+00:00
yachtingverse_chat,telegramchannels,group,9,Cryptocurrencies,en,49,2026-05-07T13:13:04.826897+00:00
realbox_official,telegramchannels,group,9,Cryptocurrencies,en,50,2026-05-07T13:13:04.826899+00:00
escrowservicespro,telegramchannels,group,9,Cryptocurrencies,en,51,2026-05-07T13:13:04.826902+00:00
binance_info_english,telegramchannels,group,9,Cryptocurrencies,en,52,2026-05-07T13:13:04.826905+00:00
usdtgainandfreebnb,telegramchannels,group,9,Cryptocurrencies,en,53,2026-05-07T13:13:04.826907+00:00
cloudbits,telegramchannels,group,9,Cryptocurrencies,en,54,2026-05-07T13:13:04.826910+00:00
alphaomegacoinofficial,telegramchannels,group,9,Cryptocurrencies,en,55,2026-05-07T13:13:04.826913+00:00
coinstatsapp,telegramchannels,group,9,Cryptocurrencies,en,56,2026-05-07T13:13:04.826916+00:00
ternoa,telegramchannels,group,9,Cryptocurrencies,en,57,2026-05-07T13:13:04.826918+00:00
plutopeofficial,telegramchannels,group,9,Cryptocurrencies,en,58,2026-05-07T13:13:04.826921+00:00
goldpesaofficial,telegramchannels,group,9,Cryptocurrencies,en,59,2026-05-07T13:13:04.826923+00:00
drop_your_nfts,telegramchannels,group,9,Cryptocurrencies,en,60,2026-05-07T13:13:04.826926+00:00
coreblockchaincc,telegramchannels,group,9,Cryptocurrencies,en,61,2026-05-07T13:13:04.826928+00:00
metaverseestoniacm,telegramchannels,group,9,Cryptocurrencies,en,62,2026-05-07T13:13:04.826931+00:00
nextearth_chat,telegramchannels,group,9,Cryptocurrencies,en,63,2026-05-07T13:13:04.826934+00:00
blockairgame,telegramchannels,group,9,Cryptocurrencies,en,64,2026-05-07T13:13:04.826936+00:00
pumpportai,telegramchannels,group,9,Cryptocurrencies,en,65,2026-05-07T13:13:04.826939+00:00
ccie_ei_lab,telegramchannels,group,9,Cryptocurrencies,en,66,2026-05-07T13:13:04.826942+00:00
fuzzy_one,telegramchannels,group,9,Cryptocurrencies,en,67,2026-05-07T13:13:04.826945+00:00
quillaudits_official,telegramchannels,group,9,Cryptocurrencies,en,68,2026-05-07T13:13:04.826947+00:00
aurusofficial,telegramchannels,group,9,Cryptocurrencies,en,69,2026-05-07T13:13:04.826950+00:00
academymastercrypto,telegramchannels,group,9,Cryptocurrencies,en,70,2026-05-07T13:13:04.826952+00:00
broxus_chat,telegramchannels,group,9,Cryptocurrencies,en,71,2026-05-07T13:13:04.826955+00:00
shadowfiofficial,telegramchannels,group,9,Cryptocurrencies,en,72,2026-05-07T13:13:04.826958+00:00
sharering,telegramchannels,group,9,Cryptocurrencies,en,73,2026-05-07T13:13:04.826962+00:00
bingxphilippines,telegramchannels,group,9,Cryptocurrencies,en,74,2026-05-07T13:13:04.826965+00:00
epsiloan,telegramchannels,group,9,Cryptocurrencies,en,75,2026-05-07T13:13:04.826967+00:00
caesiumlabmedia,telegramchannels,group,9,Cryptocurrencies,en,76,2026-05-07T13:13:04.826970+00:00
pepeonsol,telegramchannels,group,9,Cryptocurrencies,en,77,2026-05-07T13:13:04.826972+00:00
xyphertalk,telegramchannels,group,9,Cryptocurrencies,en,78,2026-05-07T13:13:04.826975+00:00
yellowcardcrypto,telegramchannels,group,9,Cryptocurrencies,en,79,2026-05-07T13:13:04.826978+00:00
investorsheaven2022,telegramchannels,group,9,Cryptocurrencies,en,80,2026-05-07T13:13:04.826981+00:00
qrledgerofficial,telegramchannels,group,9,Cryptocurrencies,en,81,2026-05-07T13:13:04.826983+00:00
fournayz,telegramchannels,group,9,Cryptocurrencies,en,82,2026-05-07T13:13:04.826986+00:00
gemsofficer,telegramchannels,group,9,Cryptocurrencies,en,83,2026-05-07T13:13:04.826989+00:00
vabble,telegramchannels,group,9,Cryptocurrencies,en,84,2026-05-07T13:13:04.826991+00:00
bitcoin_united_states,telegramchannels,group,9,Cryptocurrencies,en,85,2026-05-07T13:13:04.826994+00:00
getblockio_eng,telegramchannels,group,9,Cryptocurrencies,en,86,2026-05-07T13:13:04.826997+00:00
freecryptopl,telegramchannels,group,9,Cryptocurrencies,en,87,2026-05-07T13:13:04.826999+00:00
cryptinoschat,telegramchannels,group,9,Cryptocurrencies,en,88,2026-05-07T13:13:04.827002+00:00
cryptoherotagroup,telegramchannels,group,9,Cryptocurrencies,en,89,2026-05-07T13:13:04.827004+00:00
crypt_talk,telegramchannels,group,9,Cryptocurrencies,en,90,2026-05-07T13:13:04.827007+00:00
megatoken_group,telegramchannels,group,9,Cryptocurrencies,en,91,2026-05-07T13:13:04.827010+00:00
coinbaazar_exchange,telegramchannels,group,9,Cryptocurrencies,en,92,2026-05-07T13:13:04.827012+00:00
hlcpakistan,telegramchannels,group,9,Cryptocurrencies,en,93,2026-05-07T13:13:04.827015+00:00
gmcoin,telegramchannels,group,9,Cryptocurrencies,en,94,2026-05-07T13:13:04.827017+00:00
cryptom00nshots,telegramchannels,group,9,Cryptocurrencies,en,95,2026-05-07T13:13:04.827020+00:00
bbcoinlegends,telegramchannels,group,9,Cryptocurrencies,en,96,2026-05-07T13:13:04.827022+00:00
furrevertoken,telegramchannels,group,9,Cryptocurrencies,en,97,2026-05-07T13:13:04.827025+00:00
satoshipanda,telegramchannels,group,9,Cryptocurrencies,en,98,2026-05-07T13:13:04.827028+00:00
dexkit,telegramchannels,group,9,Cryptocurrencies,en,99,2026-05-07T13:13:04.827030+00:00
lewkcom,telegramchannels,group,9,Cryptocurrencies,en,100,2026-05-07T13:13:04.827032+00:00
surfboardfinance,telegramchannels,group,9,Cryptocurrencies,en,101,2026-05-07T13:13:04.827037+00:00
lucrosus_capital,telegramchannels,group,9,Cryptocurrencies,en,102,2026-05-07T13:13:04.827039+00:00
cryptosanijibrin,telegramchannels,group,9,Cryptocurrencies,en,103,2026-05-07T13:13:04.827042+00:00
forexsiganl,telegramchannels,group,42,Crypto & FX Trading,en,1,2026-05-07T13:13:18.402454+00:00
beincryptocommunity,telegramchannels,group,42,Crypto & FX Trading,en,2,2026-05-07T13:13:18.402462+00:00
fmcpayglobalchat,telegramchannels,group,42,Crypto & FX Trading,en,3,2026-05-07T13:13:18.402465+00:00
bitbns,telegramchannels,group,42,Crypto & FX Trading,en,7,2026-05-07T13:13:18.402481+00:00
bitsquad,telegramchannels,group,42,Crypto & FX Trading,en,8,2026-05-07T13:13:18.402484+00:00
monkey_crypto_pump,telegramchannels,group,42,Crypto & FX Trading,en,9,2026-05-07T13:13:18.402487+00:00
forexchatpro,telegramchannels,group,42,Crypto & FX Trading,en,10,2026-05-07T13:13:18.402490+00:00
changenow_chat,telegramchannels,group,42,Crypto & FX Trading,en,11,2026-05-07T13:13:18.402493+00:00
whalepoolbtc,telegramchannels,group,42,Crypto & FX Trading,en,12,2026-05-07T13:13:18.402496+00:00
jaguar_crypto_family,telegramchannels,group,42,Crypto & FX Trading,en,13,2026-05-07T13:13:18.402499+00:00
ctrader_official,telegramchannels,group,42,Crypto & FX Trading,en,14,2026-05-07T13:13:18.402502+00:00
venturefxsgroup,telegramchannels,group,42,Crypto & FX Trading,en,15,2026-05-07T13:13:18.402504+00:00
funded_trading_chat,telegramchannels,group,42,Crypto & FX Trading,en,16,2026-05-07T13:13:18.402507+00:00
joechampion,telegramchannels,group,42,Crypto & FX Trading,en,17,2026-05-07T13:13:18.402510+00:00
workquestchat,telegramchannels,group,42,Crypto & FX Trading,en,18,2026-05-07T13:13:18.402513+00:00
binaryoptions5,telegramchannels,group,42,Crypto & FX Trading,en,19,2026-05-07T13:13:18.402516+00:00
metaspace_metaverse,telegramchannels,group,42,Crypto & FX Trading,en,20,2026-05-07T13:13:18.402519+00:00
forexunlockanddecompile,telegramchannels,group,42,Crypto & FX Trading,en,21,2026-05-07T13:13:18.402522+00:00
forexonfirefof,telegramchannels,group,42,Crypto & FX Trading,en,22,2026-05-07T13:13:18.402525+00:00
tradeinwalstreet,telegramchannels,group,42,Crypto & FX Trading,en,23,2026-05-07T13:13:18.402528+00:00
forexexperttrader999,telegramchannels,group,42,Crypto & FX Trading,en,24,2026-05-07T13:13:18.402531+00:00
binanacebearsgroup,telegramchannels,group,42,Crypto & FX Trading,en,25,2026-05-07T13:13:18.402534+00:00
fxnpsignals,telegramchannels,group,42,Crypto & FX Trading,en,26,2026-05-07T13:13:18.402537+00:00
ea_paradise_group,telegramchannels,group,42,Crypto & FX Trading,en,27,2026-05-07T13:13:18.402540+00:00
rallypipsfxsignals,telegramchannels,group,42,Crypto & FX Trading,en,28,2026-05-07T13:13:18.402543+00:00
btpcryptop,telegramchannels,group,42,Crypto & FX Trading,en,29,2026-05-07T13:13:18.402546+00:00
coinsecret,telegramchannels,group,42,Crypto & FX Trading,en,30,2026-05-07T13:13:18.402549+00:00
whaletankchat,telegramchannels,group,42,Crypto & FX Trading,en,31,2026-05-07T13:13:18.402551+00:00
hotbit_trading_pumps,telegramchannels,group,42,Crypto & FX Trading,en,32,2026-05-07T13:13:18.402554+00:00
tfltradergroupchat,telegramchannels,group,42,Crypto & FX Trading,en,33,2026-05-07T13:13:18.402557+00:00
pumphous,telegramchannels,group,42,Crypto & FX Trading,en,34,2026-05-07T13:13:18.402561+00:00
adrianmatthew123,telegramchannels,group,42,Crypto & FX Trading,en,35,2026-05-07T13:13:18.402564+00:00
pip_pro_traderfx,telegramchannels,group,42,Crypto & FX Trading,en,36,2026-05-07T13:13:18.402567+00:00
libreprimus,telegramchannels,group,42,Crypto & FX Trading,en,37,2026-05-07T13:13:18.402570+00:00
bitkanofficial,telegramchannels,group,42,Crypto & FX Trading,en,38,2026-05-07T13:13:18.402573+00:00
bestforexsignalschat,telegramchannels,group,42,Crypto & FX Trading,en,39,2026-05-07T13:13:18.402575+00:00
fxpremieresignalsofficial,telegramchannels,group,42,Crypto & FX Trading,en,40,2026-05-07T13:13:18.402578+00:00
ssjforexsignals9,telegramchannels,group,42,Crypto & FX Trading,en,41,2026-05-07T13:13:18.402581+00:00
goldmasteer786,telegramchannels,group,42,Crypto & FX Trading,en,42,2026-05-07T13:13:18.402585+00:00
gaby_callss,telegramchannels,group,42,Crypto & FX Trading,en,43,2026-05-07T13:13:18.402587+00:00
strape,telegramchannels,group,42,Crypto & FX Trading,en,44,2026-05-07T13:13:18.402590+00:00
tradinglivestream,telegramchannels,group,42,Crypto & FX Trading,en,45,2026-05-07T13:13:18.402593+00:00
forexchatcenter,telegramchannels,group,42,Crypto & FX Trading,en,46,2026-05-07T13:13:18.402596+00:00
futuress_signals,telegramchannels,group,42,Crypto & FX Trading,en,47,2026-05-07T13:13:18.402599+00:00
ailantrohub1,telegramchannels,group,42,Crypto & FX Trading,en,48,2026-05-07T13:13:18.402602+00:00
senales_forex_uk,telegramchannels,group,42,Crypto & FX Trading,en,49,2026-05-07T13:13:18.402605+00:00
caspian_tech,telegramchannels,group,42,Crypto & FX Trading,en,50,2026-05-07T13:13:18.402608+00:00
forexbiglotz,telegramchannels,group,42,Crypto & FX Trading,en,51,2026-05-07T13:13:18.402611+00:00
binance_chain_official,telegramchannels,group,42,Crypto & FX Trading,en,52,2026-05-07T13:13:18.402614+00:00
propfirmpasse,telegramchannels,group,42,Crypto & FX Trading,en,53,2026-05-07T13:13:18.402617+00:00
binaryoptionpro_signals,telegramchannels,group,42,Crypto & FX Trading,en,54,2026-05-07T13:13:18.402620+00:00
alphatradezonegroups,telegramchannels,group,42,Crypto & FX Trading,en,55,2026-05-07T13:13:18.402622+00:00
forexmarketmakersgroup,telegramchannels,group,42,Crypto & FX Trading,en,56,2026-05-07T13:13:18.402625+00:00
thebitcoinfxgroup,telegramchannels,group,42,Crypto & FX Trading,en,57,2026-05-07T13:13:18.402628+00:00
fxoptimal,telegramchannels,group,42,Crypto & FX Trading,en,58,2026-05-07T13:13:18.402631+00:00
alphatradezone_group,telegramchannels,group,42,Crypto & FX Trading,en,59,2026-05-07T13:13:18.402633+00:00
airswap,telegramchannels,group,42,Crypto & FX Trading,en,60,2026-05-07T13:13:18.402637+00:00
ailantrohub3,telegramchannels,group,42,Crypto & FX Trading,en,61,2026-05-07T13:13:18.402639+00:00
alphatradezone_group_ta,telegramchannels,group,42,Crypto & FX Trading,en,62,2026-05-07T13:13:18.402642+00:00
cryptoearnings_hub,telegramchannels,group,42,Crypto & FX Trading,en,63,2026-05-07T13:13:18.402645+00:00
white_walkers_pulsechain,telegramchannels,group,42,Crypto & FX Trading,en,64,2026-05-07T13:13:18.402648+00:00
coinfarm,telegramchannels,group,42,Crypto & FX Trading,en,65,2026-05-07T13:13:18.402651+00:00
binarydotcom,telegramchannels,group,42,Crypto & FX Trading,en,66,2026-05-07T13:13:18.402653+00:00
cryptocurrency_coinmarketcap,telegramchannels,group,42,Crypto & FX Trading,en,67,2026-05-07T13:13:18.402656+00:00
tradeonderibet,telegramchannels,group,42,Crypto & FX Trading,en,68,2026-05-07T13:13:18.402659+00:00
alphatradezonegroup,telegramchannels,group,42,Crypto & FX Trading,en,69,2026-05-07T13:13:18.402662+00:00
ninja_indicators,telegramchannels,group,42,Crypto & FX Trading,en,70,2026-05-07T13:13:18.402665+00:00
signalsentop,telegramchannels,group,42,Crypto & FX Trading,en,71,2026-05-07T13:13:18.402667+00:00
spikeforecaster,telegramchannels,group,42,Crypto & FX Trading,en,72,2026-05-07T13:13:18.402670+00:00
milkypips_smartbot,telegramchannels,group,42,Crypto & FX Trading,en,73,2026-05-07T13:13:18.402673+00:00
forexcrackedeas,telegramchannels,group,42,Crypto & FX Trading,en,74,2026-05-07T13:13:18.402676+00:00
nowtoken_bounty,telegramchannels,group,42,Crypto & FX Trading,en,75,2026-05-07T13:13:18.402678+00:00
tradeandinvest_chat,telegramchannels,group,42,Crypto & FX Trading,en,76,2026-05-07T13:13:18.402681+00:00
spotfuturesscalpingbinance,telegramchannels,group,42,Crypto & FX Trading,en,77,2026-05-07T13:13:18.402684+00:00
forexinafrica1,telegramchannels,group,42,Crypto & FX Trading,en,78,2026-05-07T13:13:18.402687+00:00
usa_stockmarket1,telegramchannels,group,42,Crypto & FX Trading,en,79,2026-05-07T13:13:18.402690+00:00
dzfxtrading1,telegramchannels,group,42,Crypto & FX Trading,en,80,2026-05-07T13:13:18.402693+00:00
freeforextradingchat,telegramchannels,group,42,Crypto & FX Trading,en,81,2026-05-07T13:13:18.402696+00:00
forexx23,telegramchannels,group,42,Crypto & FX Trading,en,82,2026-05-07T13:13:18.402698+00:00
quiptalk,telegramchannels,group,42,Crypto & FX Trading,en,83,2026-05-07T13:13:18.402701+00:00
alexanderalez,telegramchannels,group,42,Crypto & FX Trading,en,84,2026-05-07T13:13:18.402704+00:00
cptsgroup,telegramchannels,group,42,Crypto & FX Trading,en,85,2026-05-07T13:13:18.402707+00:00
p1pchaser,telegramchannels,group,42,Crypto & FX Trading,en,86,2026-05-07T13:13:18.402710+00:00
forextradersandinvestorwld,telegramchannels,group,42,Crypto & FX Trading,en,87,2026-05-07T13:13:18.402712+00:00
cryptrich,telegramchannels,group,42,Crypto & FX Trading,en,88,2026-05-07T13:13:18.402715+00:00
tradinghubfx,telegramchannels,group,42,Crypto & FX Trading,en,89,2026-05-07T13:13:18.402717+00:00
coinmazecrypto,telegramchannels,group,42,Crypto & FX Trading,en,90,2026-05-07T13:13:18.402721+00:00
coinwhiff,telegramchannels,group,42,Crypto & FX Trading,en,91,2026-05-07T13:13:18.402723+00:00
ggshotleaks,telegramchannels,group,42,Crypto & FX Trading,en,92,2026-05-07T13:13:18.402726+00:00
ablfreesignals,telegramchannels,group,42,Crypto & FX Trading,en,93,2026-05-07T13:13:18.402729+00:00
futuresheroeschat,telegramchannels,group,42,Crypto & FX Trading,en,94,2026-05-07T13:13:18.402731+00:00
tradingwithstyle,telegramchannels,group,42,Crypto & FX Trading,en,95,2026-05-07T13:13:18.402734+00:00
alexviptradingsignal,telegramchannels,group,42,Crypto & FX Trading,en,96,2026-05-07T13:13:18.402737+00:00
derivdotcom,telegramchannels,group,42,Crypto & FX Trading,en,97,2026-05-07T13:13:18.402740+00:00
apetradebot,telegramchannels,group,42,Crypto & FX Trading,en,98,2026-05-07T13:13:18.402743+00:00
sigline_public,telegramchannels,group,42,Crypto & FX Trading,en,99,2026-05-07T13:13:18.402745+00:00
americanfxmaster,telegramchannels,group,42,Crypto & FX Trading,en,100,2026-05-07T13:13:18.402748+00:00
exeltrading,telegramchannels,group,42,Crypto & FX Trading,en,101,2026-05-07T13:13:18.402750+00:00
safxtraders,telegramchannels,group,42,Crypto & FX Trading,en,102,2026-05-07T13:13:18.402753+00:00
pockethunterzone,telegramchannels,group,42,Crypto & FX Trading,en,103,2026-05-07T13:13:18.402756+00:00
bilals_tech,telegramchannels,group,10,Economics & Finance,en,1,2026-05-07T13:13:31.518469+00:00
fresherjobs13,telegramchannels,group,10,Economics & Finance,en,2,2026-05-07T13:13:31.518476+00:00
bengaluruofficial,telegramchannels,group,10,Economics & Finance,en,3,2026-05-07T13:13:31.518480+00:00
usdteurope,telegramchannels,group,10,Economics & Finance,en,7,2026-05-07T13:13:31.518496+00:00
probrokersltd,telegramchannels,group,10,Economics & Finance,en,8,2026-05-07T13:13:31.518499+00:00
liquide_academy,telegramchannels,group,10,Economics & Finance,en,9,2026-05-07T13:13:31.518502+00:00
pakistanpaymentgateway,telegramchannels,group,10,Economics & Finance,en,10,2026-05-07T13:13:31.518505+00:00
stockmarketdiscussion1,telegramchannels,group,10,Economics & Finance,en,11,2026-05-07T13:13:31.518508+00:00
sgmarketnpreipo,telegramchannels,group,10,Economics & Finance,en,12,2026-05-07T13:13:31.518511+00:00
stockmarketwithsg,telegramchannels,group,10,Economics & Finance,en,13,2026-05-07T13:13:31.518513+00:00
safefundmanager,telegramchannels,group,10,Economics & Finance,en,14,2026-05-07T13:13:31.518516+00:00
legitwaystomakemoneynow,telegramchannels,group,10,Economics & Finance,en,15,2026-05-07T13:13:31.518519+00:00
makemoneyonline,telegramchannels,group,10,Economics & Finance,en,16,2026-05-07T13:13:31.518521+00:00
pincomeopport,telegramchannels,group,10,Economics & Finance,en,17,2026-05-07T13:13:31.518524+00:00
smartmoneyrobotea1,telegramchannels,group,10,Economics & Finance,en,18,2026-05-07T13:13:31.518527+00:00
stockallnew,telegramchannels,group,10,Economics & Finance,en,19,2026-05-07T13:13:31.518530+00:00
bestguranteedinvestmentlimited,telegramchannels,group,10,Economics & Finance,en,20,2026-05-07T13:13:31.518532+00:00
international_ai_marketing,telegramchannels,group,10,Economics & Finance,en,21,2026-05-07T13:13:31.518535+00:00
havokclub,telegramchannels,group,10,Economics & Finance,en,22,2026-05-07T13:13:31.518538+00:00
financeadmit,telegramchannels,group,10,Economics & Finance,en,23,2026-05-07T13:13:31.518541+00:00
bnf_option,telegramchannels,group,10,Economics & Finance,en,24,2026-05-07T13:13:31.518543+00:00
belajarmicrosoftexcel,telegramchannels,group,11,Education,en,1,2026-05-07T13:13:45.073505+00:00
yne123,telegramchannels,group,11,Education,en,2,2026-05-07T13:13:45.073512+00:00
great_worriors,telegramchannels,group,11,Education,en,3,2026-05-07T13:13:45.073515+00:00
web_developersz,telegramchannels,group,11,Education,en,7,2026-05-07T13:13:45.073533+00:00
guru_exam,telegramchannels,group,11,Education,en,8,2026-05-07T13:13:45.073536+00:00
vlsichaps,telegramchannels,group,11,Education,en,9,2026-05-07T13:13:45.073539+00:00
fullstackpathwaygroup,telegramchannels,group,11,Education,en,10,2026-05-07T13:13:45.073542+00:00
termux24x7,telegramchannels,group,11,Education,en,11,2026-05-07T13:13:45.073545+00:00
udemy_free_courses2u,telegramchannels,group,11,Education,en,12,2026-05-07T13:13:45.073549+00:00
superexams,telegramchannels,group,11,Education,en,13,2026-05-07T13:13:45.073552+00:00
doubt_buster_alpha,telegramchannels,group,11,Education,en,14,2026-05-07T13:13:45.073555+00:00
join_pure_mathematics,telegramchannels,group,11,Education,en,15,2026-05-07T13:13:45.073557+00:00
uaejobsonly,telegramchannels,group,11,Education,en,16,2026-05-07T13:13:45.073560+00:00
lcspeakgerman,telegramchannels,group,11,Education,en,17,2026-05-07T13:13:45.073563+00:00
mains_mastery,telegramchannels,group,11,Education,en,18,2026-05-07T13:13:45.073565+00:00
comrs12c,telegramchannels,group,11,Education,en,19,2026-05-07T13:13:45.073568+00:00
meganaukricom,telegramchannels,group,11,Education,en,20,2026-05-07T13:13:45.073571+00:00
dranojan,telegramchannels,group,11,Education,en,21,2026-05-07T13:13:45.073574+00:00
civil_home1,telegramchannels,group,11,Education,en,22,2026-05-07T13:13:45.073577+00:00
vancouverinternationalstudents,telegramchannels,group,11,Education,en,23,2026-05-07T13:13:45.073579+00:00
essaywork,telegramchannels,group,11,Education,en,24,2026-05-07T13:13:45.073582+00:00
corgitoreaders,telegramchannels,group,11,Education,en,25,2026-05-07T13:13:45.073585+00:00
scholarship_talks,telegramchannels,group,11,Education,en,26,2026-05-07T13:13:45.073588+00:00
freecoursesforitstudents,telegramchannels,group,11,Education,en,27,2026-05-07T13:13:45.073590+00:00
homemadesfood,telegramchannels,group,11,Education,en,28,2026-05-07T13:13:45.073593+00:00
psychedelicempire,telegramchannels,group,11,Education,en,29,2026-05-07T13:13:45.073596+00:00
allessayssg,telegramchannels,group,11,Education,en,30,2026-05-07T13:13:45.073598+00:00
the_bible_study_group,telegramchannels,group,11,Education,en,31,2026-05-07T13:13:45.073601+00:00
neet_pg_aiims,telegramchannels,group,11,Education,en,32,2026-05-07T13:13:45.073604+00:00
islamquransunnaheducation,telegramchannels,group,11,Education,en,33,2026-05-07T13:13:45.073607+00:00
smartcivils,telegramchannels,group,11,Education,en,34,2026-05-07T13:13:45.073610+00:00
currentaffairs_lab,telegramchannels,group,11,Education,en,35,2026-05-07T13:13:45.073612+00:00
eenglishcclub,telegramchannels,group,11,Education,en,36,2026-05-07T13:13:45.073615+00:00
gracerealmministries,telegramchannels,group,11,Education,en,37,2026-05-07T13:13:45.073618+00:00
chatcouponcode,telegramchannels,group,11,Education,en,38,2026-05-07T13:13:45.073621+00:00
ekeduneet,telegramchannels,group,11,Education,en,39,2026-05-07T13:13:45.073624+00:00
englishforwardcommunity,telegramchannels,group,11,Education,en,40,2026-05-07T13:13:45.073626+00:00
cdr_writers,telegramchannels,group,11,Education,en,41,2026-05-07T13:13:45.073629+00:00
africans1,telegramchannels,group,11,Education,en,42,2026-05-07T13:13:45.073632+00:00
scrummastertrain,telegramchannels,group,11,Education,en,43,2026-05-07T13:13:45.073635+00:00
capfinterview,telegramchannels,group,11,Education,en,44,2026-05-07T13:13:45.073637+00:00
capfacgroup,telegramchannels,group,11,Education,en,45,2026-05-07T13:13:45.073640+00:00
civildiscussiongrp,telegramchannels,group,11,Education,en,46,2026-05-07T13:13:45.073643+00:00
quranhadithmuslim,telegramchannels,group,11,Education,en,47,2026-05-07T13:13:45.073646+00:00
learningonlinecourses,telegramchannels,group,11,Education,en,48,2026-05-07T13:13:45.073648+00:00
dankbaatcheet,telegramchannels,group,11,Education,en,49,2026-05-07T13:13:45.073651+00:00
dubaiwalkinjobs,telegramchannels,group,11,Education,en,50,2026-05-07T13:13:45.073653+00:00
noteshaibhai,telegramchannels,group,11,Education,en,51,2026-05-07T13:13:45.073656+00:00
oiatooldiscussion,telegramchannels,group,11,Education,en,52,2026-05-07T13:13:45.073659+00:00
python3programmer,telegramchannels,group,11,Education,en,53,2026-05-07T13:13:45.073661+00:00
level_my_english,telegramchannels,group,11,Education,en,54,2026-05-07T13:13:45.073664+00:00
letsgetfluent,telegramchannels,group,11,Education,en,55,2026-05-07T13:13:45.073667+00:00
certgrow,telegramchannels,group,11,Education,en,56,2026-05-07T13:13:45.073669+00:00
psupyq,telegramchannels,group,11,Education,en,57,2026-05-07T13:13:45.073672+00:00
globaludemyy,telegramchannels,group,11,Education,en,58,2026-05-07T13:13:45.073675+00:00
youthskillempowerment,telegramchannels,group,11,Education,en,59,2026-05-07T13:13:45.073678+00:00
uniquestudi,telegramchannels,group,11,Education,en,60,2026-05-07T13:13:45.073680+00:00
neet_zone,telegramchannels,group,11,Education,en,61,2026-05-07T13:13:45.073683+00:00
paytmlootgroup,telegramchannels,group,11,Education,en,62,2026-05-07T13:13:45.073686+00:00
careervyaschat,telegramchannels,group,11,Education,en,63,2026-05-07T13:13:45.073688+00:00
bloomquizmaster,telegramchannels,group,11,Education,en,64,2026-05-07T13:13:45.073691+00:00
fivegknowledgebase,telegramchannels,group,11,Education,en,65,2026-05-07T13:13:45.073693+00:00
clickbeegroup,telegramchannels,group,12,Entertainment,en,1,2026-05-07T13:13:58.450689+00:00
otakuzdream,telegramchannels,group,12,Entertainment,en,2,2026-05-07T13:13:58.450696+00:00
flashkidd_freenet,telegramchannels,group,12,Entertainment,en,3,2026-05-07T13:13:58.450700+00:00
addictedgroup,telegramchannels,group,12,Entertainment,en,7,2026-05-07T13:13:58.450717+00:00
onepiecegroup,telegramchannels,group,12,Entertainment,en,8,2026-05-07T13:13:58.450720+00:00
friendlyeng,telegramchannels,group,12,Entertainment,en,9,2026-05-07T13:13:58.450722+00:00
introvertempire,telegramchannels,group,12,Entertainment,en,10,2026-05-07T13:13:58.450725+00:00
talking21,telegramchannels,group,12,Entertainment,en,11,2026-05-07T13:13:58.450728+00:00
dating_in_telegram,telegramchannels,group,12,Entertainment,en,12,2026-05-07T13:13:58.450731+00:00
international_worldtalkers_club,telegramchannels,group,12,Entertainment,en,13,2026-05-07T13:13:58.450734+00:00
exchangeiptv,telegramchannels,group,12,Entertainment,en,14,2026-05-07T13:13:58.450737+00:00
opspoiler,telegramchannels,group,12,Entertainment,en,15,2026-05-07T13:13:58.450740+00:00
dx5lcinsta,telegramchannels,group,12,Entertainment,en,16,2026-05-07T13:13:58.450742+00:00
moviesssadda,telegramchannels,group,12,Entertainment,en,17,2026-05-07T13:13:58.450745+00:00
flat_earthers,telegramchannels,group,12,Entertainment,en,18,2026-05-07T13:13:58.450748+00:00
ourqueengp,telegramchannels,group,12,Entertainment,en,19,2026-05-07T13:13:58.450750+00:00
iptv_hero,telegramchannels,group,12,Entertainment,en,20,2026-05-07T13:13:58.450753+00:00
tiktokcentral,telegramchannels,group,12,Entertainment,en,21,2026-05-07T13:13:58.450756+00:00
animenikko,telegramchannels,group,12,Entertainment,en,22,2026-05-07T13:13:58.450758+00:00
dankwaifu,telegramchannels,group,12,Entertainment,en,23,2026-05-07T13:13:58.450761+00:00
animeryuzoku,telegramchannels,group,12,Entertainment,en,24,2026-05-07T13:13:58.450764+00:00
nintendo_gamers,telegramchannels,group,12,Entertainment,en,25,2026-05-07T13:13:58.450766+00:00
stolenmemeshere,telegramchannels,group,12,Entertainment,en,26,2026-05-07T13:13:58.450769+00:00
englishtalksclub,telegramchannels,group,12,Entertainment,en,27,2026-05-07T13:13:58.450772+00:00
animekaizokuencodes,telegramchannels,group,12,Entertainment,en,28,2026-05-07T13:13:58.450775+00:00
haruhii_suzumiya_brigade,telegramchannels,group,12,Entertainment,en,29,2026-05-07T13:13:58.450777+00:00
ogagatvmovies,telegramchannels,group,12,Entertainment,en,30,2026-05-07T13:13:58.450780+00:00
chattingspot,telegramchannels,group,12,Entertainment,en,31,2026-05-07T13:13:58.450783+00:00
animegakkou,telegramchannels,group,12,Entertainment,en,32,2026-05-07T13:13:58.450785+00:00
globalforum,telegramchannels,group,12,Entertainment,en,33,2026-05-07T13:13:58.450788+00:00
romantic_friendss,telegramchannels,group,12,Entertainment,en,34,2026-05-07T13:13:58.450791+00:00
based_chat,telegramchannels,group,12,Entertainment,en,35,2026-05-07T13:13:58.450794+00:00
vibes12man,telegramchannels,group,12,Entertainment,en,36,2026-05-07T13:13:58.450797+00:00
gofurry,telegramchannels,group,12,Entertainment,en,37,2026-05-07T13:13:58.450800+00:00
deschat,telegramchannels,group,12,Entertainment,en,38,2026-05-07T13:13:58.450802+00:00
gotchaday,telegramchannels,group,12,Entertainment,en,39,2026-05-07T13:13:58.450805+00:00
leaderstv1,telegramchannels,group,12,Entertainment,en,40,2026-05-07T13:13:58.450808+00:00
internationalgp2,telegramchannels,group,12,Entertainment,en,41,2026-05-07T13:13:58.450811+00:00
cnfansfever,telegramchannels,group,13,Fashion & Beauty,en,1,2026-05-07T13:14:11.620092+00:00
sgmodels,telegramchannels,group,13,Fashion & Beauty,en,2,2026-05-07T13:14:11.620100+00:00
luxurybrandgang_group,telegramchannels,group,13,Fashion & Beauty,en,3,2026-05-07T13:14:11.620103+00:00
connect_mfr_resaler_group,telegramchannels,group,13,Fashion & Beauty,en,7,2026-05-07T13:14:11.620120+00:00
latestfashionanddesign,telegramchannels,group,13,Fashion & Beauty,en,8,2026-05-07T13:14:11.620123+00:00
streetconceptgr,telegramchannels,group,13,Fashion & Beauty,en,9,2026-05-07T13:14:11.620126+00:00
dhamakadeals789,telegramchannels,group,13,Fashion & Beauty,en,10,2026-05-07T13:14:11.620129+00:00
deadstardizcountz,telegramchannels,group,14,Food,en,1,2026-05-07T13:14:24.969416+00:00
medievalempireschat,telegramchannels,group,15,Games & Apps,en,1,2026-05-07T13:14:37.984558+00:00
pocket_space,telegramchannels,group,15,Games & Apps,en,2,2026-05-07T13:14:37.984566+00:00
unity3ddevs,telegramchannels,group,15,Games & Apps,en,3,2026-05-07T13:14:37.984569+00:00
soratopia,telegramchannels,group,15,Games & Apps,en,7,2026-05-07T13:14:37.984586+00:00
dogedogegame,telegramchannels,group,15,Games & Apps,en,8,2026-05-07T13:14:37.984588+00:00
deepspacegame,telegramchannels,group,15,Games & Apps,en,9,2026-05-07T13:14:37.984592+00:00
tauntbattleworld,telegramchannels,group,15,Games & Apps,en,10,2026-05-07T13:14:37.984595+00:00
axiommodz,telegramchannels,group,15,Games & Apps,en,11,2026-05-07T13:14:37.984597+00:00
animeryu,telegramchannels,group,15,Games & Apps,en,12,2026-05-07T13:14:37.984600+00:00
cryptosouleng,telegramchannels,group,15,Games & Apps,en,13,2026-05-07T13:14:37.984603+00:00
wodocommunity,telegramchannels,group,15,Games & Apps,en,14,2026-05-07T13:14:37.984605+00:00
shareyourlinksplatform,telegramchannels,group,15,Games & Apps,en,15,2026-05-07T13:14:37.984608+00:00
wfun_sg_community,telegramchannels,group,15,Games & Apps,en,16,2026-05-07T13:14:37.984611+00:00
all_moviesandpc_games_request,telegramchannels,group,15,Games & Apps,en,17,2026-05-07T13:14:37.984615+00:00
cockpit_panel,telegramchannels,group,15,Games & Apps,en,18,2026-05-07T13:14:37.984618+00:00
paypalsmoney,telegramchannels,group,15,Games & Apps,en,19,2026-05-07T13:14:37.984620+00:00
pokemon_global,telegramchannels,group,15,Games & Apps,en,20,2026-05-07T13:14:37.984623+00:00
gameshub13,telegramchannels,group,15,Games & Apps,en,21,2026-05-07T13:14:37.984626+00:00
pubgbgmichat,telegramchannels,group,15,Games & Apps,en,22,2026-05-07T13:14:37.984629+00:00
pokemongo_friends,telegramchannels,group,15,Games & Apps,en,23,2026-05-07T13:14:37.984631+00:00
yamrajofficialgod,telegramchannels,group,15,Games & Apps,en,24,2026-05-07T13:14:37.984634+00:00
pubgtdm,telegramchannels,group,15,Games & Apps,en,25,2026-05-07T13:14:37.984637+00:00
pubgroyalgamers,telegramchannels,group,15,Games & Apps,en,26,2026-05-07T13:14:37.984640+00:00
hello56786,telegramchannels,group,15,Games & Apps,en,27,2026-05-07T13:14:37.984643+00:00
ada222x,telegramchannels,group,15,Games & Apps,en,28,2026-05-07T13:14:37.984646+00:00
codetop_follow,telegramchannels,group,15,Games & Apps,en,29,2026-05-07T13:14:37.984649+00:00
minimilitia_gamers,telegramchannels,group,15,Games & Apps,en,30,2026-05-07T13:14:37.984652+00:00
creationsbyrdgroup,telegramchannels,group,15,Games & Apps,en,31,2026-05-07T13:14:37.984655+00:00
gamingdiscussion,telegramchannels,group,15,Games & Apps,en,32,2026-05-07T13:14:37.984657+00:00
gamee_at_games,telegramchannels,group,15,Games & Apps,en,33,2026-05-07T13:14:37.984660+00:00
pokemonpocketmeta,telegramchannels,group,15,Games & Apps,en,34,2026-05-07T13:14:37.984663+00:00
songtubegroup,telegramchannels,group,15,Games & Apps,en,35,2026-05-07T13:14:37.984666+00:00
qqhongbao33cc,telegramchannels,group,15,Games & Apps,en,36,2026-05-07T13:14:37.984669+00:00
androidapkappschannel,telegramchannels,group,15,Games & Apps,en,37,2026-05-07T13:14:37.984671+00:00
wolfgangnakal,telegramchannels,group,15,Games & Apps,en,38,2026-05-07T13:14:37.984674+00:00
kjurghfr,telegramchannels,group,15,Games & Apps,en,39,2026-05-07T13:14:37.984677+00:00
unoroom,telegramchannels,group,15,Games & Apps,en,40,2026-05-07T13:14:37.984680+00:00
netvrk_group,telegramchannels,group,15,Games & Apps,en,41,2026-05-07T13:14:37.984683+00:00
wierdpanti,telegramchannels,group,15,Games & Apps,en,42,2026-05-07T13:14:37.984686+00:00
luckyjetaviatorjetx,telegramchannels,group,15,Games & Apps,en,43,2026-05-07T13:14:37.984689+00:00
ketty124,telegramchannels,group,15,Games & Apps,en,44,2026-05-07T13:14:37.984691+00:00
choigamekiemtien,telegramchannels,group,15,Games & Apps,en,45,2026-05-07T13:14:37.984694+00:00
ps4_digital_stuff,telegramchannels,group,15,Games & Apps,en,46,2026-05-07T13:14:37.984697+00:00
ludoclub5555,telegramchannels,group,15,Games & Apps,en,47,2026-05-07T13:14:37.984700+00:00
ludokingdpshrivastava,telegramchannels,group,15,Games & Apps,en,48,2026-05-07T13:14:37.984702+00:00
walkifyapp1,telegramchannels,group,15,Games & Apps,en,49,2026-05-07T13:14:37.984705+00:00
playludoworld1495,telegramchannels,group,15,Games & Apps,en,50,2026-05-07T13:14:37.984708+00:00
sharpintl,telegramchannels,group,15,Games & Apps,en,51,2026-05-07T13:14:37.984710+00:00
yoga_meditation_js,telegramchannels,group,16,Health,en,1,2026-05-07T13:14:51.083519+00:00
chlorinedioxidesolutions,telegramchannels,group,16,Health,en,2,2026-05-07T13:14:51.083527+00:00
wellness_group,telegramchannels,group,16,Health,en,3,2026-05-07T13:14:51.083530+00:00
nowherbalife,telegramchannels,group,16,Health,en,7,2026-05-07T13:14:51.083547+00:00
huddlehumans,telegramchannels,group,16,Health,en,8,2026-05-07T13:14:51.083550+00:00
english_world_chatting,telegramchannels,group,17,Languages,en,1,2026-05-07T13:15:04.748291+00:00
english_chatting_club,telegramchannels,group,17,Languages,en,2,2026-05-07T13:15:04.748299+00:00
english_chatting_house,telegramchannels,group,17,Languages,en,3,2026-05-07T13:15:04.748302+00:00
lcspeakenglish,telegramchannels,group,17,Languages,en,7,2026-05-07T13:15:04.748320+00:00
english_literature_litzpedia,telegramchannels,group,17,Languages,en,8,2026-05-07T13:15:04.748323+00:00
learnenglish_quickly,telegramchannels,group,17,Languages,en,9,2026-05-07T13:15:04.748327+00:00
english_chatting_google,telegramchannels,group,17,Languages,en,10,2026-05-07T13:15:04.748330+00:00
advancedchat,telegramchannels,group,17,Languages,en,11,2026-05-07T13:15:04.748333+00:00
english_chattinggroup,telegramchannels,group,17,Languages,en,12,2026-05-07T13:15:04.748336+00:00
lcspeakfrench,telegramchannels,group,17,Languages,en,13,2026-05-07T13:15:04.748339+00:00
talking_e,telegramchannels,group,17,Languages,en,14,2026-05-07T13:15:04.748342+00:00
theenglishtelegram,telegramchannels,group,17,Languages,en,15,2026-05-07T13:15:04.748345+00:00
hubofenglish,telegramchannels,group,17,Languages,en,16,2026-05-07T13:15:04.748348+00:00
learningenglishtrump,telegramchannels,group,17,Languages,en,17,2026-05-07T13:15:04.748352+00:00
the_englishclub,telegramchannels,group,17,Languages,en,18,2026-05-07T13:15:04.748355+00:00
iloveenglishpractice,telegramchannels,group,17,Languages,en,19,2026-05-07T13:15:04.748358+00:00
seekcommunity,telegramchannels,group,17,Languages,en,20,2026-05-07T13:15:04.748361+00:00
english_speaking_group01,telegramchannels,group,17,Languages,en,21,2026-05-07T13:15:04.748367+00:00
english_chatting_cafe,telegramchannels,group,17,Languages,en,22,2026-05-07T13:15:04.748371+00:00
languagelearning123,telegramchannels,group,17,Languages,en,23,2026-05-07T13:15:04.748375+00:00
letstalkinenglish4,telegramchannels,group,17,Languages,en,24,2026-05-07T13:15:04.748378+00:00
lcspeakitalian,telegramchannels,group,17,Languages,en,25,2026-05-07T13:15:04.748381+00:00
the_english_speaking_club,telegramchannels,group,17,Languages,en,26,2026-05-07T13:15:04.748384+00:00
en_chat,telegramchannels,group,17,Languages,en,27,2026-05-07T13:15:04.748387+00:00
lt_english_group,telegramchannels,group,17,Languages,en,28,2026-05-07T13:15:04.748390+00:00
american_english_chatting,telegramchannels,group,17,Languages,en,29,2026-05-07T13:15:04.748393+00:00
lcspeakportuguese,telegramchannels,group,17,Languages,en,30,2026-05-07T13:15:04.748396+00:00
englishlanguagechat,telegramchannels,group,17,Languages,en,31,2026-05-07T13:15:04.748399+00:00
english_and_chinese_chat,telegramchannels,group,17,Languages,en,32,2026-05-07T13:15:04.748402+00:00
spanish_english_group,telegramchannels,group,17,Languages,en,33,2026-05-07T13:15:04.748405+00:00
ancient_egyptian_language,telegramchannels,group,17,Languages,en,34,2026-05-07T13:15:04.748408+00:00
englishspeakinggur,telegramchannels,group,17,Languages,en,35,2026-05-07T13:15:04.748411+00:00
lcspeakbahasa,telegramchannels,group,17,Languages,en,36,2026-05-07T13:15:04.748414+00:00
internationalenglishchat_2025,telegramchannels,group,17,Languages,en,37,2026-05-07T13:15:04.748417+00:00
zerotoheroenglish,telegramchannels,group,17,Languages,en,38,2026-05-07T13:15:04.748427+00:00
englishchatting2023,telegramchannels,group,17,Languages,en,39,2026-05-07T13:15:04.748430+00:00
englishchattingxz,telegramchannels,group,17,Languages,en,40,2026-05-07T13:15:04.748433+00:00
english_american_group,telegramchannels,group,17,Languages,en,41,2026-05-07T13:15:04.748436+00:00
peace4tworld,telegramchannels,group,17,Languages,en,42,2026-05-07T13:15:04.748439+00:00
englishchat21,telegramchannels,group,17,Languages,en,43,2026-05-07T13:15:04.748442+00:00
translation_tpona,telegramchannels,group,17,Languages,en,44,2026-05-07T13:15:04.748445+00:00
google_search_group,telegramchannels,group,17,Languages,en,45,2026-05-07T13:15:04.748448+00:00
internationalenglish_group,telegramchannels,group,17,Languages,en,46,2026-05-07T13:15:04.748451+00:00
talkgermany,telegramchannels,group,18,Love,en,1,2026-05-07T13:15:18.300285+00:00
usadateworld,telegramchannels,group,18,Love,en,2,2026-05-07T13:15:18.300292+00:00
hookupdatingapps,telegramchannels,group,18,Love,en,3,2026-05-07T13:15:18.300295+00:00
coffeeandbagel,telegramchannels,group,18,Love,en,7,2026-05-07T13:15:18.300312+00:00
tinderdatingapps,telegramchannels,group,18,Love,en,8,2026-05-07T13:15:18.300315+00:00
digital4marketing,telegramchannels,group,20,Marketing,en,1,2026-05-07T13:15:31.670368+00:00
topreach,telegramchannels,group,20,Marketing,en,2,2026-05-07T13:15:31.670375+00:00
google_ads77,telegramchannels,group,20,Marketing,en,3,2026-05-07T13:15:31.670378+00:00
socialmediamanagers2,telegramchannels,group,20,Marketing,en,7,2026-05-07T13:15:31.670395+00:00
joinchatglobalcommoditytraders,telegramchannels,group,20,Marketing,en,8,2026-05-07T13:15:31.670397+00:00
tradinghubfacts,telegramchannels,group,20,Marketing,en,9,2026-05-07T13:15:31.670400+00:00
megaladonscalls,telegramchannels,group,20,Marketing,en,10,2026-05-07T13:15:31.670403+00:00
infernalmarket,telegramchannels,group,20,Marketing,en,11,2026-05-07T13:15:31.670405+00:00
workfromhome9876,telegramchannels,group,20,Marketing,en,12,2026-05-07T13:15:31.670408+00:00
hyderabadpropertydealer,telegramchannels,group,20,Marketing,en,13,2026-05-07T13:15:31.670411+00:00
social_media_markets,telegramchannels,group,20,Marketing,en,14,2026-05-07T13:15:31.670415+00:00
instalovelikes,telegramchannels,group,20,Marketing,en,15,2026-05-07T13:15:31.670417+00:00
advetiseforfree,telegramchannels,group,20,Marketing,en,16,2026-05-07T13:15:31.670426+00:00
adult_traffic_buy_sell,telegramchannels,group,20,Marketing,en,17,2026-05-07T13:15:31.670429+00:00
siva_digital,telegramchannels,group,20,Marketing,en,18,2026-05-07T13:15:31.670432+00:00
rtb_talks,telegramchannels,group,20,Marketing,en,19,2026-05-07T13:15:31.670435+00:00
letsmakemoney_online,telegramchannels,group,20,Marketing,en,20,2026-05-07T13:15:31.670438+00:00
fivioopenmarket,telegramchannels,group,20,Marketing,en,21,2026-05-07T13:15:31.670440+00:00
unlimitedadvertisement_free,telegramchannels,group,20,Marketing,en,22,2026-05-07T13:15:31.670443+00:00
super_ideas_making_money_online,telegramchannels,group,20,Marketing,en,23,2026-05-07T13:15:31.670446+00:00
rocketlcdx30,telegramchannels,group,20,Marketing,en,24,2026-05-07T13:15:31.670449+00:00
amazon_deals_cashback,telegramchannels,group,20,Marketing,en,25,2026-05-07T13:15:31.670452+00:00
instapod_dx3,telegramchannels,group,20,Marketing,en,26,2026-05-07T13:15:31.670455+00:00
likes24hinstagram,telegramchannels,group,20,Marketing,en,27,2026-05-07T13:15:31.670458+00:00
blogstrategies,telegramchannels,group,20,Marketing,en,28,2026-05-07T13:15:31.670460+00:00
rocketlcdx25,telegramchannels,group,20,Marketing,en,29,2026-05-07T13:15:31.670463+00:00
mongoseomarketplace,telegramchannels,group,20,Marketing,en,30,2026-05-07T13:15:31.670465+00:00
rocketlcdx20,telegramchannels,group,20,Marketing,en,31,2026-05-07T13:15:31.670468+00:00
syokimaubusiness,telegramchannels,group,20,Marketing,en,32,2026-05-07T13:15:31.670471+00:00
rocketlcdx10,telegramchannels,group,20,Marketing,en,33,2026-05-07T13:15:31.670473+00:00
instagrow30,telegramchannels,group,20,Marketing,en,34,2026-05-07T13:15:31.670476+00:00
likestagram1,telegramchannels,group,20,Marketing,en,35,2026-05-07T13:15:31.670479+00:00
rocketlcdx15,telegramchannels,group,20,Marketing,en,36,2026-05-07T13:15:31.670482+00:00
instagramgainsdx3,telegramchannels,group,20,Marketing,en,37,2026-05-07T13:15:31.670485+00:00
refer_to_gether,telegramchannels,group,20,Marketing,en,38,2026-05-07T13:15:31.670488+00:00
reviewscenter,telegramchannels,group,20,Marketing,en,39,2026-05-07T13:15:31.670490+00:00
crowd1box,telegramchannels,group,20,Marketing,en,40,2026-05-07T13:15:31.670493+00:00
dx20thunderinstagram,telegramchannels,group,20,Marketing,en,41,2026-05-07T13:15:31.670496+00:00
freepromotion_links_share_group,telegramchannels,group,20,Marketing,en,42,2026-05-07T13:15:31.670499+00:00
activesestore,telegramchannels,group,20,Marketing,en,43,2026-05-07T13:15:31.670501+00:00
dx40thunderinstagram,telegramchannels,group,20,Marketing,en,44,2026-05-07T13:15:31.670504+00:00
dx5thunderinstagram,telegramchannels,group,20,Marketing,en,45,2026-05-07T13:15:31.670506+00:00
dx25thunderinstagram,telegramchannels,group,20,Marketing,en,46,2026-05-07T13:15:31.670509+00:00
dx30thunderinstagram,telegramchannels,group,20,Marketing,en,47,2026-05-07T13:15:31.670512+00:00
redditengagement,telegramchannels,group,20,Marketing,en,48,2026-05-07T13:15:31.670514+00:00
iptvunitedkingdom,telegramchannels,group,30,Movies & Videos,en,1,2026-05-07T13:15:44.848450+00:00
l4lyoutube,telegramchannels,group,30,Movies & Videos,en,2,2026-05-07T13:15:44.848457+00:00
watchhours,telegramchannels,group,30,Movies & Videos,en,3,2026-05-07T13:15:44.848460+00:00
memesfunnyvideosdan,telegramchannels,group,30,Movies & Videos,en,7,2026-05-07T13:15:44.848477+00:00
iptveurope724,telegramchannels,group,30,Movies & Videos,en,8,2026-05-07T13:15:44.848480+00:00
apnamoviesgroup,telegramchannels,group,30,Movies & Videos,en,9,2026-05-07T13:15:44.848483+00:00
piracybay,telegramchannels,group,30,Movies & Videos,en,10,2026-05-07T13:15:44.848485+00:00
restreamprozone,telegramchannels,group,30,Movies & Videos,en,11,2026-05-07T13:15:44.848488+00:00
stryketvseriesofficial,telegramchannels,group,30,Movies & Videos,en,12,2026-05-07T13:15:44.848491+00:00
iptvespagneitalyuk,telegramchannels,group,30,Movies & Videos,en,13,2026-05-07T13:15:44.848494+00:00
youtube_channel22,telegramchannels,group,30,Movies & Videos,en,14,2026-05-07T13:15:44.848497+00:00
animechatgroupenglish,telegramchannels,group,30,Movies & Videos,en,15,2026-05-07T13:15:44.848500+00:00
animekawaiigroup,telegramchannels,group,30,Movies & Videos,en,16,2026-05-07T13:15:44.848503+00:00
youtubecommunity_creators,telegramchannels,group,30,Movies & Videos,en,17,2026-05-07T13:15:44.848505+00:00
newmoviereq,telegramchannels,group,30,Movies & Videos,en,18,2026-05-07T13:15:44.848508+00:00
mweymarmovie,telegramchannels,group,30,Movies & Videos,en,19,2026-05-07T13:15:44.848511+00:00
hindimovieshd100,telegramchannels,group,30,Movies & Videos,en,20,2026-05-07T13:15:44.848514+00:00
tvcinemassocial,telegramchannels,group,30,Movies & Videos,en,21,2026-05-07T13:15:44.848517+00:00
xtozmoive,telegramchannels,group,30,Movies & Videos,en,22,2026-05-07T13:15:44.848520+00:00
sub4subsupergroup,telegramchannels,group,30,Movies & Videos,en,23,2026-05-07T13:15:44.848523+00:00
youtsubscmmnty,telegramchannels,group,30,Movies & Videos,en,24,2026-05-07T13:15:44.848525+00:00
movieshubdiscussions,telegramchannels,group,30,Movies & Videos,en,25,2026-05-07T13:15:44.848528+00:00
locoviber,telegramchannels,group,30,Movies & Videos,en,26,2026-05-07T13:15:44.848531+00:00
audius,telegramchannels,group,21,Music,en,1,2026-05-07T13:15:59.049016+00:00
musicartistsworldwide,telegramchannels,group,21,Music,en,2,2026-05-07T13:15:59.049023+00:00
spotifysaver321,telegramchannels,group,21,Music,en,3,2026-05-07T13:15:59.049027+00:00
djnetworkworldwide,telegramchannels,group,21,Music,en,7,2026-05-07T13:15:59.049043+00:00
musicaespecialmp3,telegramchannels,group,21,Music,en,8,2026-05-07T13:15:59.049046+00:00
indiegroup,telegramchannels,group,21,Music,en,9,2026-05-07T13:15:59.049049+00:00
metalwithtags,telegramchannels,group,21,Music,en,10,2026-05-07T13:15:59.049051+00:00
musiccloudsl,telegramchannels,group,21,Music,en,11,2026-05-07T13:15:59.049054+00:00
ztqfviw2ytm1,telegramchannels,group,21,Music,en,12,2026-05-07T13:15:59.049057+00:00
lastfm_telegram,telegramchannels,group,21,Music,en,13,2026-05-07T13:15:59.049060+00:00
agtdabeatbreakerz,telegramchannels,group,21,Music,en,14,2026-05-07T13:15:59.049063+00:00
music_tren,telegramchannels,group,21,Music,en,15,2026-05-07T13:15:59.049065+00:00
weshmyplug1,telegramchannels,group,21,Music,en,16,2026-05-07T13:15:59.049068+00:00
yogamedit,telegramchannels,group,21,Music,en,17,2026-05-07T13:15:59.049070+00:00
stoicville,telegramchannels,group,21,Music,en,18,2026-05-07T13:15:59.049073+00:00
shinnime09,telegramchannels,group,21,Music,en,19,2026-05-07T13:15:59.049076+00:00
petspicsvideos,telegramchannels,group,1,Nature & Animals,en,1,2026-05-07T13:16:12.478564+00:00
ballpythonsworld,telegramchannels,group,1,Nature & Animals,en,2,2026-05-07T13:16:12.478571+00:00
anthroexpo,telegramchannels,group,1,Nature & Animals,en,3,2026-05-07T13:16:12.478574+00:00
tonomons,telegramchannels,group,23,News & Media,en,1,2026-05-07T13:16:25.873948+00:00
areyouawakeyet,telegramchannels,group,23,News & Media,en,2,2026-05-07T13:16:25.873955+00:00
juliegreen_ministries,telegramchannels,group,23,News & Media,en,3,2026-05-07T13:16:25.873958+00:00
realdeplorables,telegramchannels,group,23,News & Media,en,7,2026-05-07T13:16:25.873974+00:00
qpatriots,telegramchannels,group,23,News & Media,en,8,2026-05-07T13:16:25.873977+00:00
trumpsupportersus,telegramchannels,group,23,News & Media,en,9,2026-05-07T13:16:25.873980+00:00
androidnewsgroup,telegramchannels,group,23,News & Media,en,10,2026-05-07T13:16:25.873983+00:00
tinderru,telegramchannels,group,39,NSFW & Adults,en,1,2026-05-07T13:16:40.550665+00:00
badoocom,telegramchannels,group,39,NSFW & Adults,en,2,2026-05-07T13:16:40.550672+00:00
best_chat_group,telegramchannels,group,39,NSFW & Adults,en,3,2026-05-07T13:16:40.550675+00:00
camgirlschat2025,telegramchannels,group,39,NSFW & Adults,en,7,2026-05-07T13:16:40.550692+00:00
mambamos,telegramchannels,group,39,NSFW & Adults,en,8,2026-05-07T13:16:40.550695+00:00
ofmegalink18,telegramchannels,group,39,NSFW & Adults,en,9,2026-05-07T13:16:40.550698+00:00
onlycamofficial,telegramchannels,group,39,NSFW & Adults,en,10,2026-05-07T13:16:40.550701+00:00
hotskinnystunners,telegramchannels,group,39,NSFW & Adults,en,11,2026-05-07T13:16:40.550705+00:00
kayitcom,telegramchannels,group,39,NSFW & Adults,en,12,2026-05-07T13:16:40.550707+00:00
mikaylacampinos267,telegramchannels,group,39,NSFW & Adults,en,13,2026-05-07T13:16:40.550710+00:00
piperrockelle267,telegramchannels,group,39,NSFW & Adults,en,14,2026-05-07T13:16:40.550713+00:00
feel_something_real_video_profil,telegramchannels,group,39,NSFW & Adults,en,15,2026-05-07T13:16:40.550716+00:00
ja191993,telegramchannels,group,39,NSFW & Adults,en,16,2026-05-07T13:16:40.550720+00:00
professorleaksof,telegramchannels,group,39,NSFW & Adults,en,17,2026-05-07T13:16:40.550723+00:00
onlyfans_leaks_worldwide,telegramchannels,group,39,NSFW & Adults,en,18,2026-05-07T13:16:40.550725+00:00
let_s_meet_up_new_site_to_watch,telegramchannels,group,39,NSFW & Adults,en,19,2026-05-07T13:16:40.550729+00:00
flirty_soft_meet_flirt_and_chat,telegramchannels,group,39,NSFW & Adults,en,20,2026-05-07T13:16:40.550732+00:00
dating_with_vibe_chat_search_and,telegramchannels,group,39,NSFW & Adults,en,21,2026-05-07T13:16:40.550735+00:00
virtual_love_real_profiles_real,telegramchannels,group,39,NSFW & Adults,en,22,2026-05-07T13:16:40.550738+00:00
mysterious_chat_new_matches_dail,telegramchannels,group,39,NSFW & Adults,en,23,2026-05-07T13:16:40.550741+00:00
just_wanna_love_real_people_real,telegramchannels,group,39,NSFW & Adults,en,24,2026-05-07T13:16:40.550745+00:00
sibella_avdic,telegramchannels,group,39,NSFW & Adults,en,25,2026-05-07T13:16:40.550748+00:00
topmodelschat_vip,telegramchannels,group,39,NSFW & Adults,en,26,2026-05-07T13:16:40.550751+00:00
usadateworld1,telegramchannels,group,39,NSFW & Adults,en,27,2026-05-07T13:16:40.550754+00:00
flashdx17,telegramchannels,group,31,Other,en,1,2026-05-07T13:16:54.094808+00:00
stlall,telegramchannels,group,31,Other,en,2,2026-05-07T13:16:54.094817+00:00
instagramstoriesboost,telegramchannels,group,31,Other,en,3,2026-05-07T13:16:54.094820+00:00
followdx30,telegramchannels,group,31,Other,en,7,2026-05-07T13:16:54.094838+00:00
dx8flash,telegramchannels,group,31,Other,en,8,2026-05-07T13:16:54.094841+00:00
giftcardstore_best,telegramchannels,group,31,Other,en,9,2026-05-07T13:16:54.094845+00:00
dbzgroup,telegramchannels,group,31,Other,en,10,2026-05-07T13:16:54.094847+00:00
tiktok_growth,telegramchannels,group,31,Other,en,11,2026-05-07T13:16:54.094851+00:00
instagram_switzerland,telegramchannels,group,31,Other,en,12,2026-05-07T13:16:54.094854+00:00
spaininstagram,telegramchannels,group,31,Other,en,13,2026-05-07T13:16:54.094857+00:00
instagramreelsdx40,telegramchannels,group,31,Other,en,14,2026-05-07T13:16:54.094860+00:00
instagram_france,telegramchannels,group,31,Other,en,15,2026-05-07T13:16:54.094863+00:00
monetization4youtube,telegramchannels,group,31,Other,en,16,2026-05-07T13:16:54.094866+00:00
lifestyleinstagram,telegramchannels,group,31,Other,en,17,2026-05-07T13:16:54.094869+00:00
dx10flash,telegramchannels,group,31,Other,en,18,2026-05-07T13:16:54.094872+00:00
dx60instagramlikes,telegramchannels,group,31,Other,en,19,2026-05-07T13:16:54.094875+00:00
dx15flash,telegramchannels,group,31,Other,en,20,2026-05-07T13:16:54.094878+00:00
dx24flash,telegramchannels,group,31,Other,en,21,2026-05-07T13:16:54.094881+00:00
bestlondonjob,telegramchannels,group,31,Other,en,22,2026-05-07T13:16:54.094884+00:00
wikibitregulatorycommunity,telegramchannels,group,31,Other,en,23,2026-05-07T13:16:54.094886+00:00
malwareresearch,telegramchannels,group,31,Other,en,24,2026-05-07T13:16:54.094890+00:00
mbbsprep,telegramchannels,group,31,Other,en,25,2026-05-07T13:16:54.094892+00:00
livestreamfeet,telegramchannels,group,31,Other,en,26,2026-05-07T13:16:54.094895+00:00
oracledbwr,telegramchannels,group,31,Other,en,27,2026-05-07T13:16:54.094898+00:00
codezalindotv,telegramchannels,group,31,Other,en,28,2026-05-07T13:16:54.094901+00:00
yotube0,telegramchannels,group,31,Other,en,29,2026-05-07T13:16:54.094904+00:00
zalindotvplus,telegramchannels,group,31,Other,en,30,2026-05-07T13:16:54.094907+00:00
cybersecuritynewschat,telegramchannels,group,31,Other,en,31,2026-05-07T13:16:54.094910+00:00
youtubesub4subpromote,telegramchannels,group,31,Other,en,32,2026-05-07T13:16:54.094913+00:00
italyinstagram,telegramchannels,group,31,Other,en,33,2026-05-07T13:16:54.094916+00:00
bitcobtrustmark,telegramchannels,group,31,Other,en,34,2026-05-07T13:16:54.094919+00:00
chainlink,telegramchannels,group,31,Other,en,35,2026-05-07T13:16:54.094922+00:00
legitgroup1,telegramchannels,group,31,Other,en,36,2026-05-07T13:16:54.094925+00:00
broiptv,telegramchannels,group,31,Other,en,37,2026-05-07T13:16:54.094927+00:00
newyorkstate,telegramchannels,group,31,Other,en,38,2026-05-07T13:16:54.094930+00:00
stickerssgroup,telegramchannels,group,31,Other,en,39,2026-05-07T13:16:54.094933+00:00
rentinlondon,telegramchannels,group,31,Other,en,40,2026-05-07T13:16:54.094936+00:00
hyderabadrealestatesgroup,telegramchannels,group,31,Other,en,41,2026-05-07T13:16:54.094939+00:00
grupderomani,telegramchannels,group,31,Other,en,42,2026-05-07T13:16:54.094942+00:00
starryskycloud,telegramchannels,group,31,Other,en,43,2026-05-07T13:16:54.094945+00:00
successclubsscgroup,telegramchannels,group,31,Other,en,44,2026-05-07T13:16:54.094947+00:00
vedx30,telegramchannels,group,31,Other,en,45,2026-05-07T13:16:54.094950+00:00
fiverrpublic,telegramchannels,group,31,Other,en,46,2026-05-07T13:16:54.094953+00:00
all_international_jobs,telegramchannels,group,31,Other,en,47,2026-05-07T13:16:54.094956+00:00
productsbase,telegramchannels,group,31,Other,en,48,2026-05-07T13:16:54.094958+00:00
timisoara_rou,telegramchannels,group,31,Other,en,49,2026-05-07T13:16:54.094961+00:00
sh_stockpick,telegramchannels,group,31,Other,en,50,2026-05-07T13:16:54.094964+00:00
vedx50,telegramchannels,group,31,Other,en,51,2026-05-07T13:16:54.094967+00:00
domaine_name,telegramchannels,group,31,Other,en,52,2026-05-07T13:16:54.094969+00:00
abonekasmaveyardim,telegramchannels,group,31,Other,en,53,2026-05-07T13:16:54.094972+00:00
searchebee,telegramchannels,group,31,Other,en,54,2026-05-07T13:16:54.094975+00:00
vedx12h,telegramchannels,group,31,Other,en,55,2026-05-07T13:16:54.094978+00:00
binesandtricksdiscussion,telegramchannels,group,31,Other,en,56,2026-05-07T13:16:54.094981+00:00
hivebar,telegramchannels,group,31,Other,en,57,2026-05-07T13:16:54.094984+00:00
vedx10,telegramchannels,group,31,Other,en,58,2026-05-07T13:16:54.094987+00:00
engagenetinfluencerpod,telegramchannels,group,31,Other,en,59,2026-05-07T13:16:54.094990+00:00
poultrysynergy,telegramchannels,group,31,Other,en,60,2026-05-07T13:16:54.094994+00:00
smsforallsupport,telegramchannels,group,31,Other,en,61,2026-05-07T13:16:54.094997+00:00
dogridergroup,telegramchannels,group,31,Other,en,62,2026-05-07T13:16:54.095000+00:00
fmtblog,telegramchannels,group,31,Other,en,63,2026-05-07T13:16:54.095002+00:00
vedx20,telegramchannels,group,31,Other,en,64,2026-05-07T13:16:54.095005+00:00
rach_brockmann,telegramchannels,group,31,Other,en,65,2026-05-07T13:16:54.095008+00:00
subscribe4subscribe12,telegramchannels,group,31,Other,en,66,2026-05-07T13:16:54.095011+00:00
boycottmojang,telegramchannels,group,31,Other,en,67,2026-05-07T13:16:54.095014+00:00
christdiary,telegramchannels,group,31,Other,en,68,2026-05-07T13:16:54.095017+00:00
tapnetworkofficial,telegramchannels,group,31,Other,en,69,2026-05-07T13:16:54.095020+00:00
animes_girls_and_boys,telegramchannels,group,31,Other,en,70,2026-05-07T13:16:54.095022+00:00
chainfuel,telegramchannels,group,31,Other,en,71,2026-05-07T13:16:54.095025+00:00
wby_io,telegramchannels,group,31,Other,en,72,2026-05-07T13:16:54.095028+00:00
youtubesubscribergr,telegramchannels,group,31,Other,en,73,2026-05-07T13:16:54.095031+00:00
neo4jchat,telegramchannels,group,31,Other,en,74,2026-05-07T13:16:54.095033+00:00
vedx5,telegramchannels,group,31,Other,en,75,2026-05-07T13:16:54.095036+00:00
chatwithrevcraigministry,telegramchannels,group,31,Other,en,76,2026-05-07T13:16:54.095039+00:00
reffer_exchange_grp,telegramchannels,group,31,Other,en,77,2026-05-07T13:16:54.095042+00:00
iptvukeuro,telegramchannels,group,31,Other,en,78,2026-05-07T13:16:54.095045+00:00
fallin_gp,telegramchannels,group,31,Other,en,79,2026-05-07T13:16:54.095048+00:00
akmahatglink,telegramchannels,group,31,Other,en,80,2026-05-07T13:16:54.095051+00:00
cigtobacco,telegramchannels,group,31,Other,en,81,2026-05-07T13:16:54.095054+00:00
darktor_chat,telegramchannels,group,31,Other,en,82,2026-05-07T13:16:54.095057+00:00
pandachatg,telegramchannels,group,31,Other,en,83,2026-05-07T13:16:54.095059+00:00
ads324,telegramchannels,group,31,Other,en,84,2026-05-07T13:16:54.095062+00:00
firstclassmetals,telegramchannels,group,31,Other,en,85,2026-05-07T13:16:54.095065+00:00
globaldisk,telegramchannels,group,31,Other,en,86,2026-05-07T13:16:54.095067+00:00
privatecollectionuae,telegramchannels,group,31,Other,en,87,2026-05-07T13:16:54.095070+00:00
tedrixproperties,telegramchannels,group,31,Other,en,88,2026-05-07T13:16:54.095073+00:00
east_africa_jobs,telegramchannels,group,31,Other,en,89,2026-05-07T13:16:54.095076+00:00
mzfcommunity,telegramchannels,group,31,Other,en,90,2026-05-07T13:16:54.095078+00:00
youtube_subscribers_2020,telegramchannels,group,31,Other,en,91,2026-05-07T13:16:54.095081+00:00
vedx5lc,telegramchannels,group,31,Other,en,92,2026-05-07T13:16:54.095084+00:00
jobinboxofficial,telegramchannels,group,31,Other,en,93,2026-05-07T13:16:54.095086+00:00
thegreenestroom,telegramchannels,group,31,Other,en,94,2026-05-07T13:16:54.095089+00:00
vedx5c,telegramchannels,group,31,Other,en,95,2026-05-07T13:16:54.095092+00:00
anime_matrix,telegramchannels,group,31,Other,en,96,2026-05-07T13:16:54.095095+00:00
vipgroup_1,telegramchannels,group,31,Other,en,97,2026-05-07T13:16:54.095097+00:00
growintelegram,telegramchannels,group,31,Other,en,98,2026-05-07T13:16:54.095100+00:00
getin4jobs,telegramchannels,group,31,Other,en,99,2026-05-07T13:16:54.095103+00:00
digiteye,telegramchannels,group,31,Other,en,100,2026-05-07T13:16:54.095105+00:00
makingmoneywithnolimts,telegramchannels,group,31,Other,en,101,2026-05-07T13:16:54.095108+00:00
tagteams,telegramchannels,group,31,Other,en,102,2026-05-07T13:16:54.095110+00:00
skyzonegroup,telegramchannels,group,31,Other,en,103,2026-05-07T13:16:54.095113+00:00
mobilephotographycommunity,telegramchannels,group,24,Photo,en,1,2026-05-07T13:17:07.927816+00:00
profars,telegramchannels,group,24,Photo,en,2,2026-05-07T13:17:07.927824+00:00
truepatriotsunited,telegramchannels,group,37,Political,en,1,2026-05-07T13:17:20.801613+00:00
astronomy_discussion,telegramchannels,group,25,Science,en,1,2026-05-07T13:17:34.582177+00:00
bitgrit,telegramchannels,group,25,Science,en,2,2026-05-07T13:17:34.582184+00:00
thewonderersofspace,telegramchannels,group,25,Science,en,3,2026-05-07T13:17:34.582187+00:00
on_air_tech,telegramchannels,group,25,Science,en,7,2026-05-07T13:17:34.582203+00:00
knowledgefinders,telegramchannels,group,25,Science,en,8,2026-05-07T13:17:34.582206+00:00
atheismdebate,telegramchannels,group,25,Science,en,9,2026-05-07T13:17:34.582209+00:00
spiritualityworld,telegramchannels,group,26,Self Development,en,1,2026-05-07T13:17:47.874320+00:00
tarot,telegramchannels,group,26,Self Development,en,2,2026-05-07T13:17:47.874328+00:00
thesuicidegroup,telegramchannels,group,26,Self Development,en,3,2026-05-07T13:17:47.874331+00:00
lucid_dreaming_experiences,telegramchannels,group,26,Self Development,en,7,2026-05-07T13:17:47.874349+00:00
spiritualleague_group,telegramchannels,group,26,Self Development,en,8,2026-05-07T13:17:47.874352+00:00
infjint,telegramchannels,group,26,Self Development,en,9,2026-05-07T13:17:47.874354+00:00
fusionfamily,telegramchannels,group,26,Self Development,en,10,2026-05-07T13:17:47.874358+00:00
mysolidtruthgroup,telegramchannels,group,26,Self Development,en,11,2026-05-07T13:17:47.874360+00:00
motivationdistrict,telegramchannels,group,26,Self Development,en,12,2026-05-07T13:17:47.874363+00:00
mervelgroup,telegramchannels,group,32,Shop,en,1,2026-05-07T13:18:01.058194+00:00
miniaturesterraingroup,telegramchannels,group,32,Shop,en,2,2026-05-07T13:18:01.058201+00:00
replicawatch1,telegramchannels,group,32,Shop,en,3,2026-05-07T13:18:01.058204+00:00
aliexpressdealshot,telegramchannels,group,32,Shop,en,7,2026-05-07T13:18:01.058221+00:00
luxurystuff99,telegramchannels,group,32,Shop,en,8,2026-05-07T13:18:01.058223+00:00
repbbs,telegramchannels,group,32,Shop,en,9,2026-05-07T13:18:01.058226+00:00
qcpinzhi,telegramchannels,group,32,Shop,en,10,2026-05-07T13:18:01.058229+00:00
megaalashoppinggroup,telegramchannels,group,32,Shop,en,11,2026-05-07T13:18:01.058232+00:00
aliexpressbs,telegramchannels,group,32,Shop,en,12,2026-05-07T13:18:01.058235+00:00
amazonreviewexchange,telegramchannels,group,32,Shop,en,13,2026-05-07T13:18:01.058238+00:00
premiumprod,telegramchannels,group,32,Shop,en,14,2026-05-07T13:18:01.058240+00:00
findshacoo,telegramchannels,group,32,Shop,en,15,2026-05-07T13:18:01.058243+00:00
internshipsmalaysia,telegramchannels,group,32,Shop,en,16,2026-05-07T13:18:01.058246+00:00
dealspremiumofficial,telegramchannels,group,32,Shop,en,17,2026-05-07T13:18:01.058248+00:00
aliexpress_deals_maxn1,telegramchannels,group,32,Shop,en,18,2026-05-07T13:18:01.058251+00:00
amazon_online_shopping_deals_1,telegramchannels,group,32,Shop,en,19,2026-05-07T13:18:01.058254+00:00
doubledhamaaloffer,telegramchannels,group,32,Shop,en,20,2026-05-07T13:18:01.058257+00:00
dealogroup,telegramchannels,group,32,Shop,en,21,2026-05-07T13:18:01.058259+00:00
lootdealsakn,telegramchannels,group,32,Shop,en,22,2026-05-07T13:18:01.058262+00:00
savefreecash,telegramchannels,group,32,Shop,en,23,2026-05-07T13:18:01.058264+00:00
shoppingdiscout,telegramchannels,group,32,Shop,en,24,2026-05-07T13:18:01.058267+00:00
pricemazon,telegramchannels,group,32,Shop,en,25,2026-05-07T13:18:01.058270+00:00
footballfpl,telegramchannels,group,27,Sports & Fitness,en,1,2026-05-07T13:18:14.946830+00:00
clubhousesb,telegramchannels,group,27,Sports & Fitness,en,2,2026-05-07T13:18:14.946837+00:00
nowgoallive,telegramchannels,group,27,Sports & Fitness,en,3,2026-05-07T13:18:14.946840+00:00
physients,telegramchannels,group,27,Sports & Fitness,en,7,2026-05-07T13:18:14.946856+00:00
ouzhoubei1231,telegramchannels,group,27,Sports & Fitness,en,8,2026-05-07T13:18:14.946860+00:00
dreamstheatre,telegramchannels,group,27,Sports & Fitness,en,9,2026-05-07T13:18:14.946862+00:00
fftitanschat,telegramchannels,group,27,Sports & Fitness,en,10,2026-05-07T13:18:14.946865+00:00
cricfansclub,telegramchannels,group,27,Sports & Fitness,en,11,2026-05-07T13:18:14.946868+00:00
cybersecurityexperts,telegramchannels,group,28,Technology,en,1,2026-05-07T13:18:38.937403+00:00
python,telegramchannels,group,28,Technology,en,2,2026-05-07T13:18:38.937410+00:00
printing3dminiaturesterrain,telegramchannels,group,28,Technology,en,3,2026-05-07T13:18:38.937413+00:00
groupstl,telegramchannels,group,28,Technology,en,7,2026-05-07T13:18:38.937436+00:00
kadena_io,telegramchannels,group,28,Technology,en,8,2026-05-07T13:18:38.937440+00:00
printing3dcosplaystaticfigure,telegramchannels,group,28,Technology,en,9,2026-05-07T13:18:38.937442+00:00
starwarsg,telegramchannels,group,28,Technology,en,10,2026-05-07T13:18:38.937445+00:00
programminginc,telegramchannels,group,28,Technology,en,11,2026-05-07T13:18:38.937449+00:00
reactjsnodejsmernstack,telegramchannels,group,28,Technology,en,12,2026-05-07T13:18:38.937452+00:00
printww,telegramchannels,group,28,Technology,en,13,2026-05-07T13:18:38.937454+00:00
pocophoneglobalofficial,telegramchannels,group,28,Technology,en,14,2026-05-07T13:18:38.937458+00:00
devopsedureka,telegramchannels,group,28,Technology,en,15,2026-05-07T13:18:38.937461+00:00
django,telegramchannels,group,28,Technology,en,16,2026-05-07T13:18:38.937464+00:00
cosplaygroup,telegramchannels,group,28,Technology,en,17,2026-05-07T13:18:38.937467+00:00
printing3d3,telegramchannels,group,28,Technology,en,18,2026-05-07T13:18:38.937470+00:00
combolistfresh,telegramchannels,group,28,Technology,en,19,2026-05-07T13:18:38.937473+00:00
pokemon3d,telegramchannels,group,28,Technology,en,20,2026-05-07T13:18:38.937476+00:00
termuxcyber,telegramchannels,group,28,Technology,en,21,2026-05-07T13:18:38.937479+00:00
funkogroup,telegramchannels,group,28,Technology,en,22,2026-05-07T13:18:38.937481+00:00
forhome3d,telegramchannels,group,28,Technology,en,23,2026-05-07T13:18:38.937484+00:00
cbanke,telegramchannels,group,28,Technology,en,24,2026-05-07T13:18:38.937487+00:00
dcgroupcomics,telegramchannels,group,28,Technology,en,25,2026-05-07T13:18:38.937489+00:00
webdevchat,telegramchannels,group,28,Technology,en,26,2026-05-07T13:18:38.937492+00:00
aws_exam,telegramchannels,group,28,Technology,en,27,2026-05-07T13:18:38.937495+00:00
nemred,telegramchannels,group,28,Technology,en,28,2026-05-07T13:18:38.937498+00:00
thedevs_js,telegramchannels,group,28,Technology,en,29,2026-05-07T13:18:38.937501+00:00
nothingphone2,telegramchannels,group,28,Technology,en,30,2026-05-07T13:18:38.937503+00:00
xinfintalk,telegramchannels,group,28,Technology,en,31,2026-05-07T13:18:38.937507+00:00
ethicalhackersc,telegramchannels,group,28,Technology,en,32,2026-05-07T13:18:38.937509+00:00
seogoogleadsweb,telegramchannels,group,28,Technology,en,33,2026-05-07T13:18:38.937512+00:00
linux_group,telegramchannels,group,28,Technology,en,34,2026-05-07T13:18:38.937515+00:00
sap_pppmsdqm,telegramchannels,group,28,Technology,en,35,2026-05-07T13:18:38.937518+00:00
qualitician,telegramchannels,group,28,Technology,en,36,2026-05-07T13:18:38.937521+00:00
geekschat,telegramchannels,group,28,Technology,en,37,2026-05-07T13:18:38.937524+00:00
mailcow,telegramchannels,group,28,Technology,en,38,2026-05-07T13:18:38.937526+00:00
pythonedureka,telegramchannels,group,28,Technology,en,39,2026-05-07T13:18:38.937529+00:00
system_design_and_architecture,telegramchannels,group,28,Technology,en,40,2026-05-07T13:18:38.937532+00:00
spotociscoclub,telegramchannels,group,28,Technology,en,41,2026-05-07T13:18:38.937535+00:00
hackersbase4gees,telegramchannels,group,28,Technology,en,42,2026-05-07T13:18:38.937538+00:00
beboaquafarms,telegramchannels,group,28,Technology,en,43,2026-05-07T13:18:38.937541+00:00
qdforum,telegramchannels,group,28,Technology,en,44,2026-05-07T13:18:38.937543+00:00
realsecgroup,telegramchannels,group,28,Technology,en,45,2026-05-07T13:18:38.937545+00:00
satellitereceiversoftware,telegramchannels,group,28,Technology,en,46,2026-05-07T13:18:38.937548+00:00
virtualassistant360,telegramchannels,group,28,Technology,en,47,2026-05-07T13:18:38.937551+00:00
ciscoccnademo,telegramchannels,group,28,Technology,en,48,2026-05-07T13:18:38.937554+00:00
letstalkprogramming,telegramchannels,group,28,Technology,en,49,2026-05-07T13:18:38.937557+00:00
chatgpt_officialchat,telegramchannels,group,28,Technology,en,50,2026-05-07T13:18:38.937560+00:00
globaltechtalks,telegramchannels,group,28,Technology,en,51,2026-05-07T13:18:38.937563+00:00
nonymouscommunity,telegramchannels,group,28,Technology,en,52,2026-05-07T13:18:38.937566+00:00
salesforceb,telegramchannels,group,28,Technology,en,53,2026-05-07T13:18:38.937569+00:00
gsmgermany,telegramchannels,group,28,Technology,en,54,2026-05-07T13:18:38.937572+00:00
hotstarbot_op,telegramchannels,group,28,Technology,en,55,2026-05-07T13:18:38.937575+00:00
bioinformaticsdiscus,telegramchannels,group,28,Technology,en,56,2026-05-07T13:18:38.937578+00:00
mifi_unlock,telegramchannels,group,28,Technology,en,57,2026-05-07T13:18:38.937581+00:00
tasker_advanced,telegramchannels,group,28,Technology,en,58,2026-05-07T13:18:38.937584+00:00
windowstelegram,telegramchannels,group,28,Technology,en,59,2026-05-07T13:18:38.937587+00:00
shiiinagroup,telegramchannels,group,28,Technology,en,60,2026-05-07T13:18:38.937590+00:00
itnetworkingireland,telegramchannels,group,28,Technology,en,61,2026-05-07T13:18:38.937593+00:00
dropshippingmajor,telegramchannels,group,28,Technology,en,62,2026-05-07T13:18:38.937596+00:00
trustunionofficial,telegramchannels,group,28,Technology,en,63,2026-05-07T13:18:38.937599+00:00
shelf_earn_money,telegramchannels,group,28,Technology,en,64,2026-05-07T13:18:38.937602+00:00
hacking_burners,telegramchannels,group,28,Technology,en,65,2026-05-07T13:18:38.937605+00:00
uecom,telegramchannels,group,28,Technology,en,66,2026-05-07T13:18:38.937608+00:00
ccielabgroup,telegramchannels,group,28,Technology,en,67,2026-05-07T13:18:38.937611+00:00
zero2herocoin,telegramchannels,group,28,Technology,en,68,2026-05-07T13:18:38.937614+00:00
bitcherryenglish,telegramchannels,group,28,Technology,en,69,2026-05-07T13:18:38.937617+00:00
spotoitcertsclub,telegramchannels,group,28,Technology,en,70,2026-05-07T13:18:38.937620+00:00
techhub_support,telegramchannels,group,28,Technology,en,71,2026-05-07T13:18:38.937623+00:00
undernet_org,telegramchannels,group,28,Technology,en,72,2026-05-07T13:18:38.937625+00:00
infotechfamilydiscussion,telegramchannels,group,28,Technology,en,73,2026-05-07T13:18:38.937628+00:00
ali_cloud,telegramchannels,group,28,Technology,en,74,2026-05-07T13:18:38.937631+00:00
z3r0ch4t,telegramchannels,group,28,Technology,en,75,2026-05-07T13:18:38.937634+00:00
subeesub,telegramchannels,group,28,Technology,en,76,2026-05-07T13:18:38.937637+00:00
syniti,telegramchannels,group,28,Technology,en,77,2026-05-07T13:18:38.937640+00:00
bydpp21,telegramchannels,group,28,Technology,en,78,2026-05-07T13:18:38.937643+00:00
webchatgura,telegramchannels,group,28,Technology,en,79,2026-05-07T13:18:38.937646+00:00
unix9,telegramchannels,group,28,Technology,en,80,2026-05-07T13:18:38.937648+00:00
appdom,telegramchannels,group,28,Technology,en,81,2026-05-07T13:18:38.937651+00:00
micromagician01,telegramchannels,group,28,Technology,en,82,2026-05-07T13:18:38.937654+00:00
dbatech,telegramchannels,group,28,Technology,en,83,2026-05-07T13:18:38.937657+00:00
binareeafrica,telegramchannels,group,28,Technology,en,84,2026-05-07T13:18:38.937660+00:00
fixit_help,telegramchannels,group,28,Technology,en,85,2026-05-07T13:18:38.937662+00:00
will_hacks_group,telegramchannels,group,28,Technology,en,86,2026-05-07T13:18:38.937666+00:00
pythoncaptcha,telegramchannels,group,28,Technology,en,87,2026-05-07T13:18:38.937668+00:00
meanstack_lta,telegramchannels,group,28,Technology,en,88,2026-05-07T13:18:38.937671+00:00
decenternetph,telegramchannels,group,28,Technology,en,89,2026-05-07T13:18:38.937674+00:00
iotbharat,telegramchannels,group,28,Technology,en,90,2026-05-07T13:18:38.937677+00:00
technologyfaq,telegramchannels,group,28,Technology,en,91,2026-05-07T13:18:38.937679+00:00
codinggroup1,telegramchannels,group,28,Technology,en,92,2026-05-07T13:18:38.937683+00:00
eyetech200,telegramchannels,group,28,Technology,en,93,2026-05-07T13:18:38.937686+00:00
fenititg,telegramchannels,group,28,Technology,en,94,2026-05-07T13:18:38.937689+00:00
electricboatforum,telegramchannels,group,28,Technology,en,95,2026-05-07T13:18:38.937691+00:00
curvechat,telegramchannels,group,28,Technology,en,96,2026-05-07T13:18:38.937694+00:00
sulinos,telegramchannels,group,28,Technology,en,97,2026-05-07T13:18:38.937697+00:00
opensuse_group,telegramchannels,group,28,Technology,en,98,2026-05-07T13:18:38.937700+00:00
hackerlar009,telegramchannels,group,28,Technology,en,99,2026-05-07T13:18:38.937703+00:00
technicalsami2,telegramchannels,group,28,Technology,en,100,2026-05-07T13:18:38.937706+00:00
resurrectionremixjason,telegramchannels,group,28,Technology,en,101,2026-05-07T13:18:38.937708+00:00
www_1computer,telegramchannels,group,28,Technology,en,102,2026-05-07T13:18:38.937711+00:00
eaia_io,telegramchannels,group,28,Technology,en,103,2026-05-07T13:18:38.937714+00:00
bottalk,telegramchannels,group,36,Telegram,en,1,2026-05-07T13:18:51.925380+00:00
publictestgroup,telegramchannels,group,36,Telegram,en,2,2026-05-07T13:18:51.925389+00:00
androidthemesgroup,telegramchannels,group,36,Telegram,en,3,2026-05-07T13:18:51.925391+00:00
telegramandroidtalk,telegramchannels,group,36,Telegram,en,7,2026-05-07T13:18:51.925409+00:00
trxxbond,telegramchannels,group,36,Telegram,en,8,2026-05-07T13:18:51.925412+00:00
metaisland_gg,telegramchannels,group,40,Telegram Miniapps & Games,en,1,2026-05-07T13:19:05.763701+00:00
gamebots,telegramchannels,group,40,Telegram Miniapps & Games,en,2,2026-05-07T13:19:05.763709+00:00
tiktokfollowersandlikes,telegramchannels,group,40,Telegram Miniapps & Games,en,3,2026-05-07T13:19:05.763712+00:00
travel_plus_tourism,telegramchannels,group,29,Travel,en,1,2026-05-07T13:19:19.027484+00:00
koh_samui,telegramchannels,group,29,Travel,en,2,2026-05-07T13:19:19.027492+00:00
tour_operators_worldwide,telegramchannels,group,29,Travel,en,3,2026-05-07T13:19:19.027495+00:00
visacruisejobs,telegramchannels,group,29,Travel,en,7,2026-05-07T13:19:19.027512+00:00
nl_amsterdam,telegramchannels,group,29,Travel,en,8,2026-05-07T13:19:19.027514+00:00
bdrailinfo,telegramchannels,group,29,Travel,en,9,2026-05-07T13:19:19.027517+00:00
angeleschat,telegramchannels,group,29,Travel,en,10,2026-05-07T13:19:19.027520+00:00
automotivegroup,telegramchannels,group,34,Utilities & Tools,en,1,2026-05-07T13:19:32.204330+00:00
indexengineering,telegramchannels,group,34,Utilities & Tools,en,2,2026-05-07T13:19:32.204337+00:00
animalsgroupstl,telegramchannels,group,34,Utilities & Tools,en,3,2026-05-07T13:19:32.204343+00:00
canvaproteamlinkss,telegramchannels,group,34,Utilities & Tools,en,7,2026-05-07T13:19:32.204359+00:00
searchengineoptimization_group,telegramchannels,group,34,Utilities & Tools,en,8,2026-05-07T13:19:32.204362+00:00
smmpanelsuppliers,telegramchannels,group,34,Utilities & Tools,en,9,2026-05-07T13:19:32.204365+00:00
flymirror,telegramchannels,group,34,Utilities & Tools,en,10,2026-05-07T13:19:32.204368+00:00
genieonline,telegramchannels,group,34,Utilities & Tools,en,11,2026-05-07T13:19:32.204371+00:00
