username,source,chat_type,category_slug,category_label,language,rank,scraped_at
blumcrypto,telegramchannels,channel,all,All Categories,en,1,2026-04-30T17:52:40.434588+00:00
hamster_kombat,telegramchannels,channel,all,All Categories,en,2,2026-04-30T17:52:40.434596+00:00
majors,telegramchannels,channel,all,All Categories,en,3,2026-04-30T17:52:40.434599+00:00
tapswapai,telegramchannels,channel,all,All Categories,en,7,2026-04-30T17:52:40.434616+00:00
telegramtips,telegramchannels,channel,all,All Categories,en,8,2026-04-30T17:52:40.434619+00:00
memeficlub,telegramchannels,channel,all,All Categories,en,9,2026-04-30T17:52:40.434622+00:00
proxymtproto,telegramchannels,channel,all,All Categories,en,10,2026-04-30T17:52:40.434625+00:00
seedupdates,telegramchannels,channel,all,All Categories,en,11,2026-04-30T17:52:40.434628+00:00
cats_housewtf,telegramchannels,channel,all,All Categories,en,12,2026-04-30T17:52:40.434631+00:00
telegram,telegramchannels,channel,all,All Categories,en,13,2026-04-30T17:52:40.434634+00:00
notcoin,telegramchannels,channel,all,All Categories,en,14,2026-04-30T17:52:40.434636+00:00
durov,telegramchannels,channel,all,All Categories,en,15,2026-04-30T17:52:40.434640+00:00
tomarket_ai,telegramchannels,channel,all,All Categories,en,16,2026-04-30T17:52:40.434642+00:00
dogs_community,telegramchannels,channel,all,All Categories,en,17,2026-04-30T17:52:40.434646+00:00
w_community,telegramchannels,channel,all,All Categories,en,18,2026-04-30T17:52:40.434649+00:00
toncoin,telegramchannels,channel,all,All Categories,en,19,2026-04-30T17:52:40.434652+00:00
theyescoin,telegramchannels,channel,all,All Categories,en,20,2026-04-30T17:52:40.434655+00:00
premium,telegramchannels,channel,all,All Categories,en,21,2026-04-30T17:52:40.434658+00:00
baks_ton,telegramchannels,channel,all,All Categories,en,22,2026-04-30T17:52:40.434661+00:00
timefarmchannel,telegramchannels,channel,all,All Categories,en,23,2026-04-30T17:52:40.434663+00:00
degens_community,telegramchannels,channel,all,All Categories,en,24,2026-04-30T17:52:40.434666+00:00
realgoats_channel,telegramchannels,channel,all,All Categories,en,25,2026-04-30T17:52:40.434669+00:00
bums_official,telegramchannels,channel,all,All Categories,en,26,2026-04-30T17:52:40.434672+00:00
activitylauncher_offical,telegramchannels,channel,all,All Categories,en,27,2026-04-30T17:52:40.434675+00:00
clayton,telegramchannels,channel,all,All Categories,en,28,2026-04-30T17:52:40.434678+00:00
tonclayton,telegramchannels,channel,all,All Categories,en,29,2026-04-30T17:52:40.434681+00:00
tonkeeper_news,telegramchannels,channel,all,All Categories,en,30,2026-04-30T17:52:40.434684+00:00
true_caller,telegramchannels,channel,all,All Categories,en,31,2026-04-30T17:52:40.434686+00:00
bits_channel_official,telegramchannels,channel,all,All Categories,en,32,2026-04-30T17:52:40.434689+00:00
bitget_wallet_announcement,telegramchannels,channel,all,All Categories,en,33,2026-04-30T17:52:40.434693+00:00
dotcoincommunity,telegramchannels,channel,all,All Categories,en,34,2026-04-30T17:52:40.434696+00:00
notpixel_channel,telegramchannels,channel,all,All Categories,en,35,2026-04-30T17:52:40.434699+00:00
xempireapps,telegramchannels,channel,all,All Categories,en,36,2026-04-30T17:52:40.434702+00:00
zoo_story,telegramchannels,channel,all,All Categories,en,37,2026-04-30T17:52:40.434704+00:00
catsdogs_community,telegramchannels,channel,all,All Categories,en,38,2026-04-30T17:52:40.434707+00:00
duckchainann,telegramchannels,channel,all,All Categories,en,39,2026-04-30T17:52:40.434710+00:00
twa_apps,telegramchannels,channel,all,All Categories,en,40,2026-04-30T17:52:40.434713+00:00
buzzitton,telegramchannels,channel,all,All Categories,en,41,2026-04-30T17:52:40.434716+00:00
catizenann,telegramchannels,channel,all,All Categories,en,42,2026-04-30T17:52:40.434719+00:00
rockyrabbitio,telegramchannels,channel,all,All Categories,en,43,2026-04-30T17:52:40.434722+00:00
okxwalletannouncement,telegramchannels,channel,all,All Categories,en,44,2026-04-30T17:52:40.434725+00:00
hrumfam,telegramchannels,channel,all,All Categories,en,45,2026-04-30T17:52:40.434728+00:00
binance_announcements,telegramchannels,channel,all,All Categories,en,46,2026-04-30T17:52:40.434730+00:00
iamalexfalcon,telegramchannels,channel,all,All Categories,en,47,2026-04-30T17:52:40.434733+00:00
getmodpcs,telegramchannels,channel,all,All Categories,en,48,2026-04-30T17:52:40.434736+00:00
crypto_blockchain_coin_stock_new,telegramchannels,channel,all,All Categories,en,49,2026-04-30T17:52:40.434739+00:00
sergeisergienkoen,telegramchannels,channel,all,All Categories,en,50,2026-04-30T17:52:40.434742+00:00
tonstationgames,telegramchannels,channel,all,All Categories,en,51,2026-04-30T17:52:40.434744+00:00
token_1win,telegramchannels,channel,all,All Categories,en,52,2026-04-30T17:52:40.434747+00:00
fabrika_channel,telegramchannels,channel,all,All Categories,en,53,2026-04-30T17:52:40.434750+00:00
tonkombatofficial,telegramchannels,channel,all,All Categories,en,54,2026-04-30T17:52:40.434754+00:00
pixelverse_xyz,telegramchannels,channel,all,All Categories,en,55,2026-04-30T17:52:40.434757+00:00
hayzonn,telegramchannels,channel,all,All Categories,en,56,2026-04-30T17:52:40.434759+00:00
thetapcoins,telegramchannels,channel,all,All Categories,en,57,2026-04-30T17:52:40.434762+00:00
popcorn_today,telegramchannels,channel,all,All Categories,en,58,2026-04-30T17:52:40.434765+00:00
binance_moonbix_announcements,telegramchannels,channel,all,All Categories,en,59,2026-04-30T17:52:40.434768+00:00
app301,telegramchannels,channel,all,All Categories,en,60,2026-04-30T17:52:40.434771+00:00
battle_games_com,telegramchannels,channel,all,All Categories,en,61,2026-04-30T17:52:40.434774+00:00
thememetimes,telegramchannels,channel,all,All Categories,en,62,2026-04-30T17:52:40.434777+00:00
dogiators,telegramchannels,channel,all,All Categories,en,63,2026-04-30T17:52:40.434780+00:00
blumcrypto_memepad,telegramchannels,channel,all,All Categories,en,64,2026-04-30T17:52:40.434783+00:00
cexio_announcements,telegramchannels,channel,all,All Categories,en,65,2026-04-30T17:52:40.434785+00:00
cheatkott,telegramchannels,channel,all,All Categories,en,66,2026-04-30T17:52:40.434789+00:00
thearefcrypto,telegramchannels,channel,all,All Categories,en,67,2026-04-30T17:52:40.434792+00:00
boinkersnews,telegramchannels,channel,all,All Categories,en,68,2026-04-30T17:52:40.434795+00:00
fintopionews,telegramchannels,channel,all,All Categories,en,69,2026-04-30T17:52:40.434797+00:00
startupsi,telegramchannels,channel,all,All Categories,en,70,2026-04-30T17:52:40.434800+00:00
newsplaytoearn,telegramchannels,channel,all,All Categories,en,71,2026-04-30T17:52:40.434803+00:00
venture_tg,telegramchannels,channel,all,All Categories,en,72,2026-04-30T17:52:40.434806+00:00
venture,telegramchannels,channel,all,All Categories,en,73,2026-04-30T17:52:40.434808+00:00
gamefi_officialann,telegramchannels,channel,all,All Categories,en,74,2026-04-30T17:52:40.434812+00:00
mememe,telegramchannels,channel,all,All Categories,en,75,2026-04-30T17:52:40.434814+00:00
futures,telegramchannels,channel,all,All Categories,en,76,2026-04-30T17:52:40.434817+00:00
xdaoapp,telegramchannels,channel,all,All Categories,en,77,2026-04-30T17:52:40.434820+00:00
memeslabxyz,telegramchannels,channel,all,All Categories,en,78,2026-04-30T17:52:40.434823+00:00
coinmarket,telegramchannels,channel,all,All Categories,en,79,2026-04-30T17:52:40.434826+00:00
hash_cats,telegramchannels,channel,all,All Categories,en,80,2026-04-30T17:52:40.434829+00:00
holdcoin_channel,telegramchannels,channel,all,All Categories,en,81,2026-04-30T17:52:40.434832+00:00
airdropfindteam,telegramchannels,channel,all,All Categories,en,82,2026-04-30T17:52:40.434834+00:00
alexnosleep,telegramchannels,channel,all,All Categories,en,83,2026-04-30T17:52:40.434837+00:00
tomo_cat,telegramchannels,channel,all,All Categories,en,84,2026-04-30T17:52:40.434840+00:00
pigscrew,telegramchannels,channel,all,All Categories,en,85,2026-04-30T17:52:40.434843+00:00
pepefrogbar,telegramchannels,channel,all,All Categories,en,86,2026-04-30T17:52:40.434845+00:00
airdrop_fam,telegramchannels,channel,all,All Categories,en,87,2026-04-30T17:52:40.434848+00:00
tongotchicrypto,telegramchannels,channel,all,All Categories,en,88,2026-04-30T17:52:40.434851+00:00
foruai_channel,telegramchannels,channel,all,All Categories,en,89,2026-04-30T17:52:40.434854+00:00
therealyescoin,telegramchannels,channel,all,All Categories,en,90,2026-04-30T17:52:40.434857+00:00
the_vertus,telegramchannels,channel,all,All Categories,en,91,2026-04-30T17:52:40.434861+00:00
crypto_jokker,telegramchannels,channel,all,All Categories,en,92,2026-04-30T17:52:40.434864+00:00
tabi_ann,telegramchannels,channel,all,All Categories,en,93,2026-04-30T17:52:40.434867+00:00
matchain_fam,telegramchannels,channel,all,All Categories,en,94,2026-04-30T17:52:40.434870+00:00
catia_announcement,telegramchannels,channel,all,All Categories,en,95,2026-04-30T17:52:40.434873+00:00
hexnio,telegramchannels,channel,all,All Categories,en,96,2026-04-30T17:52:40.434875+00:00
telmtproto,telegramchannels,channel,all,All Categories,en,97,2026-04-30T17:52:40.434878+00:00
learn2earnings,telegramchannels,channel,all,All Categories,en,98,2026-04-30T17:52:40.434881+00:00
cryptomemefoundation,telegramchannels,channel,all,All Categories,en,99,2026-04-30T17:52:40.434884+00:00
geminstitute,telegramchannels,channel,all,All Categories,en,100,2026-04-30T17:52:40.434887+00:00
farmfrog,telegramchannels,channel,all,All Categories,en,101,2026-04-30T17:52:40.434889+00:00
gameetokennews,telegramchannels,channel,all,All Categories,en,102,2026-04-30T17:52:40.434892+00:00
gameechannel,telegramchannels,channel,all,All Categories,en,103,2026-04-30T17:52:40.434895+00:00
dailychannels,telegramchannels,channel,all,All Categories,en,104,2026-04-30T17:52:40.434900+00:00
neuralzone,telegramchannels,channel,3,Art & Design,en,1,2026-04-30T17:52:54.503569+00:00
are5h,telegramchannels,channel,3,Art & Design,en,2,2026-04-30T17:52:54.503577+00:00
blocks_01,telegramchannels,channel,3,Art & Design,en,3,2026-04-30T17:52:54.503581+00:00
promodel_3dsky,telegramchannels,channel,3,Art & Design,en,7,2026-04-30T17:52:54.503599+00:00
clockologyofficial,telegramchannels,channel,3,Art & Design,en,8,2026-04-30T17:52:54.503602+00:00
presetslihtroom,telegramchannels,channel,3,Art & Design,en,9,2026-04-30T17:52:54.503605+00:00
bioideas,telegramchannels,channel,3,Art & Design,en,10,2026-04-30T17:52:54.503608+00:00
wallpapers_phone_hd_4k_3d_mobile,telegramchannels,channel,3,Art & Design,en,11,2026-04-30T17:52:54.503611+00:00
miuithemez,telegramchannels,channel,3,Art & Design,en,12,2026-04-30T17:52:54.503615+00:00
sharehammer3d,telegramchannels,channel,3,Art & Design,en,13,2026-04-30T17:52:54.503618+00:00
cg_peers,telegramchannels,channel,3,Art & Design,en,14,2026-04-30T17:52:54.503621+00:00
architecture_world,telegramchannels,channel,3,Art & Design,en,15,2026-04-30T17:52:54.503624+00:00
you_are_designer,telegramchannels,channel,3,Art & Design,en,16,2026-04-30T17:52:54.503627+00:00
privateart,telegramchannels,channel,3,Art & Design,en,17,2026-04-30T17:52:54.503631+00:00
stl_anime,telegramchannels,channel,3,Art & Design,en,18,2026-04-30T17:52:54.503634+00:00
artistraajk,telegramchannels,channel,3,Art & Design,en,19,2026-04-30T17:52:54.503637+00:00
hypedsquadfree,telegramchannels,channel,3,Art & Design,en,20,2026-04-30T17:52:54.503639+00:00
best_ui_ux_designs,telegramchannels,channel,3,Art & Design,en,21,2026-04-30T17:52:54.503643+00:00
sanjay_editx7,telegramchannels,channel,3,Art & Design,en,22,2026-04-30T17:52:54.503646+00:00
all4designer,telegramchannels,channel,3,Art & Design,en,23,2026-04-30T17:52:54.503650+00:00
artfi_announcement,telegramchannels,channel,3,Art & Design,en,24,2026-04-30T17:52:54.503653+00:00
crochetpatte,telegramchannels,channel,3,Art & Design,en,25,2026-04-30T17:52:54.503656+00:00
psdzone,telegramchannels,channel,3,Art & Design,en,26,2026-04-30T17:52:54.503659+00:00
gdfonts,telegramchannels,channel,3,Art & Design,en,27,2026-04-30T17:52:54.503662+00:00
hunteraecom,telegramchannels,channel,3,Art & Design,en,28,2026-04-30T17:52:54.503665+00:00
cekelatdaems,telegramchannels,channel,3,Art & Design,en,29,2026-04-30T17:52:54.503668+00:00
cgplugdump,telegramchannels,channel,3,Art & Design,en,30,2026-04-30T17:52:54.503671+00:00
aftereffectsplugins01,telegramchannels,channel,3,Art & Design,en,31,2026-04-30T17:52:54.503674+00:00
top3dhub,telegramchannels,channel,3,Art & Design,en,32,2026-04-30T17:52:54.503677+00:00
hex3d,telegramchannels,channel,3,Art & Design,en,33,2026-04-30T17:52:54.503680+00:00
envatofreebies,telegramchannels,channel,3,Art & Design,en,34,2026-04-30T17:52:54.503683+00:00
themerbotaesthetic,telegramchannels,channel,3,Art & Design,en,35,2026-04-30T17:52:54.503686+00:00
textures_blender_3dsmax_maya,telegramchannels,channel,3,Art & Design,en,36,2026-04-30T17:52:54.503689+00:00
warhammermodelss,telegramchannels,channel,3,Art & Design,en,37,2026-04-30T17:52:54.503692+00:00
ai_artists_a,telegramchannels,channel,3,Art & Design,en,38,2026-04-30T17:52:54.503695+00:00
dsgncrazy,telegramchannels,channel,3,Art & Design,en,39,2026-04-30T17:52:54.503698+00:00
after_templates,telegramchannels,channel,3,Art & Design,en,40,2026-04-30T17:52:54.503702+00:00
freepikchannel,telegramchannels,channel,3,Art & Design,en,41,2026-04-30T17:52:54.503705+00:00
creoenginechannel,telegramchannels,channel,3,Art & Design,en,42,2026-04-30T17:52:54.503708+00:00
architecturecentre,telegramchannels,channel,3,Art & Design,en,43,2026-04-30T17:52:54.503711+00:00
max_library,telegramchannels,channel,3,Art & Design,en,44,2026-04-30T17:52:54.503714+00:00
shutter_files,telegramchannels,channel,3,Art & Design,en,45,2026-04-30T17:52:54.503718+00:00
free_design_courses,telegramchannels,channel,3,Art & Design,en,46,2026-04-30T17:52:54.503721+00:00
freelancer_xxx,telegramchannels,channel,3,Art & Design,en,47,2026-04-30T17:52:54.503724+00:00
solidworks_tutors,telegramchannels,channel,3,Art & Design,en,48,2026-04-30T17:52:54.503727+00:00
hishoot2imaterial,telegramchannels,channel,3,Art & Design,en,49,2026-04-30T17:52:54.503730+00:00
freecanvapro4,telegramchannels,channel,3,Art & Design,en,50,2026-04-30T17:52:54.503733+00:00
cnc_stl_free,telegramchannels,channel,3,Art & Design,en,51,2026-04-30T17:52:54.503736+00:00
blenderitan,telegramchannels,channel,3,Art & Design,en,52,2026-04-30T17:52:54.503738+00:00
free_adobe_presets,telegramchannels,channel,3,Art & Design,en,53,2026-04-30T17:52:54.503742+00:00
desitechnician,telegramchannels,channel,3,Art & Design,en,54,2026-04-30T17:52:54.503745+00:00
sarathdevaraj_capcut_editz,telegramchannels,channel,3,Art & Design,en,55,2026-04-30T17:52:54.503748+00:00
pptkeren,telegramchannels,channel,3,Art & Design,en,56,2026-04-30T17:52:54.503751+00:00
bdkeditbdk,telegramchannels,channel,3,Art & Design,en,57,2026-04-30T17:52:54.503754+00:00
designarchiv,telegramchannels,channel,3,Art & Design,en,58,2026-04-30T17:52:54.503757+00:00
architectureanddesigns,telegramchannels,channel,3,Art & Design,en,59,2026-04-30T17:52:54.503760+00:00
ideasforhome,telegramchannels,channel,3,Art & Design,en,60,2026-04-30T17:52:54.503763+00:00
gfxload,telegramchannels,channel,3,Art & Design,en,61,2026-04-30T17:52:54.503766+00:00
cgvizartist,telegramchannels,channel,3,Art & Design,en,62,2026-04-30T17:52:54.503768+00:00
themegrizzly,telegramchannels,channel,3,Art & Design,en,63,2026-04-30T17:52:54.503771+00:00
ai_artz,telegramchannels,channel,3,Art & Design,en,64,2026-04-30T17:52:54.503775+00:00
readymag_official,telegramchannels,channel,3,Art & Design,en,65,2026-04-30T17:52:54.503778+00:00
doodlebyayuzan,telegramchannels,channel,3,Art & Design,en,66,2026-04-30T17:52:54.503781+00:00
easyinteriordesign,telegramchannels,channel,3,Art & Design,en,67,2026-04-30T17:52:54.503784+00:00
smartgraphicss,telegramchannels,channel,3,Art & Design,en,68,2026-04-30T17:52:54.503787+00:00
aiartsgalleryanime,telegramchannels,channel,3,Art & Design,en,69,2026-04-30T17:52:54.503790+00:00
hadidcraft,telegramchannels,channel,3,Art & Design,en,70,2026-04-30T17:52:54.503792+00:00
canvacore,telegramchannels,channel,3,Art & Design,en,71,2026-04-30T17:52:54.503795+00:00
archivdesign,telegramchannels,channel,3,Art & Design,en,72,2026-04-30T17:52:54.503798+00:00
aiartsgallery,telegramchannels,channel,3,Art & Design,en,73,2026-04-30T17:52:54.503801+00:00
vanillatg,telegramchannels,channel,3,Art & Design,en,74,2026-04-30T17:52:54.503804+00:00
pfff_wall,telegramchannels,channel,3,Art & Design,en,75,2026-04-30T17:52:54.503807+00:00
freevectorsillustrations,telegramchannels,channel,3,Art & Design,en,76,2026-04-30T17:52:54.503810+00:00
pveditingvicky,telegramchannels,channel,3,Art & Design,en,77,2026-04-30T17:52:54.503813+00:00
artplanet,telegramchannels,channel,3,Art & Design,en,78,2026-04-30T17:52:54.503816+00:00
mnmappareldesign,telegramchannels,channel,3,Art & Design,en,79,2026-04-30T17:52:54.503819+00:00
amoled,telegramchannels,channel,3,Art & Design,en,80,2026-04-30T17:52:54.503822+00:00
subordinate_me,telegramchannels,channel,3,Art & Design,en,81,2026-04-30T17:52:54.503825+00:00
boomcatalogue,telegramchannels,channel,3,Art & Design,en,82,2026-04-30T17:52:54.503828+00:00
sexual_ai,telegramchannels,channel,3,Art & Design,en,83,2026-04-30T17:52:54.503831+00:00
image,telegramchannels,channel,3,Art & Design,en,84,2026-04-30T17:52:54.503834+00:00
animeart,telegramchannels,channel,3,Art & Design,en,85,2026-04-30T17:52:54.503837+00:00
laxman_photos,telegramchannels,channel,3,Art & Design,en,86,2026-04-30T17:52:54.503840+00:00
uai_freepik,telegramchannels,channel,3,Art & Design,en,87,2026-04-30T17:52:54.503843+00:00
adobefiles,telegramchannels,channel,3,Art & Design,en,88,2026-04-30T17:52:54.503846+00:00
sparkleplaces,telegramchannels,channel,3,Art & Design,en,89,2026-04-30T17:52:54.503849+00:00
deepvisions,telegramchannels,channel,3,Art & Design,en,90,2026-04-30T17:52:54.503852+00:00
pizzapp_design,telegramchannels,channel,3,Art & Design,en,91,2026-04-30T17:52:54.503855+00:00
koleksitemplateaenprmy,telegramchannels,channel,3,Art & Design,en,92,2026-04-30T17:52:54.503858+00:00
aifantasymodels,telegramchannels,channel,3,Art & Design,en,93,2026-04-30T17:52:54.503861+00:00
art_exposition,telegramchannels,channel,3,Art & Design,en,94,2026-04-30T17:52:54.503864+00:00
ui_mosaic,telegramchannels,channel,3,Art & Design,en,95,2026-04-30T17:52:54.503867+00:00
canvapteamlink,telegramchannels,channel,3,Art & Design,en,96,2026-04-30T17:52:54.503870+00:00
poka_picture,telegramchannels,channel,3,Art & Design,en,97,2026-04-30T17:52:54.503873+00:00
tasu_channel,telegramchannels,channel,3,Art & Design,en,98,2026-04-30T17:52:54.503876+00:00
behance1,telegramchannels,channel,3,Art & Design,en,99,2026-04-30T17:52:54.503879+00:00
modernarchdesign,telegramchannels,channel,3,Art & Design,en,100,2026-04-30T17:52:54.503882+00:00
nigusgraphics12,telegramchannels,channel,3,Art & Design,en,101,2026-04-30T17:52:54.503885+00:00
chbaluch,telegramchannels,channel,3,Art & Design,en,102,2026-04-30T17:52:54.503888+00:00
beautyyy011,telegramchannels,channel,3,Art & Design,en,103,2026-04-30T17:52:54.503891+00:00
dailychannels,telegramchannels,channel,3,Art & Design,en,104,2026-04-30T17:52:54.503896+00:00
sgmrt,telegramchannels,channel,4,Auto & Moto,en,1,2026-04-30T17:53:07.883231+00:00
revheadcrypto,telegramchannels,channel,4,Auto & Moto,en,2,2026-04-30T17:53:07.883239+00:00
vehicles_stl,telegramchannels,channel,4,Auto & Moto,en,3,2026-04-30T17:53:07.883242+00:00
rideaddis,telegramchannels,channel,4,Auto & Moto,en,7,2026-04-30T17:53:07.883261+00:00
mercedesbenzcompany,telegramchannels,channel,4,Auto & Moto,en,8,2026-04-30T17:53:07.883264+00:00
fiaformula1,telegramchannels,channel,4,Auto & Moto,en,9,2026-04-30T17:53:07.883268+00:00
carnewd,telegramchannels,channel,4,Auto & Moto,en,10,2026-04-30T17:53:07.883271+00:00
vextoken,telegramchannels,channel,4,Auto & Moto,en,11,2026-04-30T17:53:07.883274+00:00
rydedriverofficial,telegramchannels,channel,4,Auto & Moto,en,12,2026-04-30T17:53:07.883277+00:00
bmwcompany,telegramchannels,channel,4,Auto & Moto,en,13,2026-04-30T17:53:07.883280+00:00
porschecompany,telegramchannels,channel,4,Auto & Moto,en,14,2026-04-30T17:53:07.883283+00:00
lamborghinicompany,telegramchannels,channel,4,Auto & Moto,en,15,2026-04-30T17:53:07.883286+00:00
fdataan,telegramchannels,channel,4,Auto & Moto,en,16,2026-04-30T17:53:07.883289+00:00
volkswagencompany,telegramchannels,channel,4,Auto & Moto,en,17,2026-04-30T17:53:07.883292+00:00
evehicleinfo,telegramchannels,channel,4,Auto & Moto,en,18,2026-04-30T17:53:07.883295+00:00
brandnew_cars,telegramchannels,channel,4,Auto & Moto,en,19,2026-04-30T17:53:07.883298+00:00
ferraricompany,telegramchannels,channel,4,Auto & Moto,en,20,2026-04-30T17:53:07.883301+00:00
kaki_motors,telegramchannels,channel,4,Auto & Moto,en,21,2026-04-30T17:53:07.883304+00:00
thepetrolhead,telegramchannels,channel,4,Auto & Moto,en,22,2026-04-30T17:53:07.883307+00:00
motolife,telegramchannels,channel,4,Auto & Moto,en,23,2026-04-30T17:53:07.883310+00:00
autosnation,telegramchannels,channel,4,Auto & Moto,en,24,2026-04-30T17:53:07.883312+00:00
teslamotorsuk,telegramchannels,channel,4,Auto & Moto,en,25,2026-04-30T17:53:07.883315+00:00
automobile_news1,telegramchannels,channel,4,Auto & Moto,en,26,2026-04-30T17:53:07.883318+00:00
carnewsworld0,telegramchannels,channel,4,Auto & Moto,en,27,2026-04-30T17:53:07.883321+00:00
wildvids,telegramchannels,channel,4,Auto & Moto,en,28,2026-04-30T17:53:07.883324+00:00
supercarscontent,telegramchannels,channel,4,Auto & Moto,en,29,2026-04-30T17:53:07.883327+00:00
carmaxmarket,telegramchannels,channel,4,Auto & Moto,en,30,2026-04-30T17:53:07.883330+00:00
mrwhosetheadmin,telegramchannels,channel,4,Auto & Moto,en,31,2026-04-30T17:53:07.883333+00:00
auto_techlife,telegramchannels,channel,4,Auto & Moto,en,32,2026-04-30T17:53:07.883336+00:00
bikeforsaleonline,telegramchannels,channel,4,Auto & Moto,en,33,2026-04-30T17:53:07.883339+00:00
bespokegroup,telegramchannels,channel,4,Auto & Moto,en,34,2026-04-30T17:53:07.883342+00:00
adt_global_plc,telegramchannels,channel,4,Auto & Moto,en,35,2026-04-30T17:53:07.883345+00:00
speedarchiveauto,telegramchannels,channel,4,Auto & Moto,en,36,2026-04-30T17:53:07.883348+00:00
bestsupercar,telegramchannels,channel,4,Auto & Moto,en,37,2026-04-30T17:53:07.883351+00:00
hdharleyparts,telegramchannels,channel,4,Auto & Moto,en,38,2026-04-30T17:53:07.883353+00:00
fordparts0023,telegramchannels,channel,4,Auto & Moto,en,39,2026-04-30T17:53:07.883356+00:00
dailybreakingnews,telegramchannels,channel,4,Auto & Moto,en,40,2026-04-30T17:53:07.883359+00:00
dammiejonesrides,telegramchannels,channel,4,Auto & Moto,en,41,2026-04-30T17:53:07.883362+00:00
bansheerides,telegramchannels,channel,4,Auto & Moto,en,42,2026-04-30T17:53:07.883365+00:00
dailychannels,telegramchannels,channel,4,Auto & Moto,en,43,2026-04-30T17:53:07.883370+00:00
whalesports_big_bets,telegramchannels,channel,33,Betting,en,1,2026-04-30T17:53:21.307541+00:00
bet1swiv,telegramchannels,channel,33,Betting,en,2,2026-04-30T17:53:21.307549+00:00
whalesports,telegramchannels,channel,33,Betting,en,3,2026-04-30T17:53:21.307552+00:00
anon_club,telegramchannels,channel,33,Betting,en,7,2026-04-30T17:53:21.307568+00:00
europeanfixedmatchesservicess,telegramchannels,channel,33,Betting,en,8,2026-04-30T17:53:21.307571+00:00
freakbets,telegramchannels,channel,33,Betting,en,9,2026-04-30T17:53:21.307574+00:00
tipstoodds,telegramchannels,channel,33,Betting,en,10,2026-04-30T17:53:21.307577+00:00
sportsbook_1xbit,telegramchannels,channel,33,Betting,en,11,2026-04-30T17:53:21.307580+00:00
trickpicksfree,telegramchannels,channel,33,Betting,en,12,2026-04-30T17:53:21.307583+00:00
pokerist_club,telegramchannels,channel,33,Betting,en,13,2026-04-30T17:53:21.307585+00:00
yrlbets,telegramchannels,channel,33,Betting,en,14,2026-04-30T17:53:21.307588+00:00
bet365_betting_tips1,telegramchannels,channel,33,Betting,en,15,2026-04-30T17:53:21.307591+00:00
zyromod,telegramchannels,channel,33,Betting,en,16,2026-04-30T17:53:21.307594+00:00
play_7bitcasino,telegramchannels,channel,33,Betting,en,17,2026-04-30T17:53:21.307597+00:00
predictoggg,telegramchannels,channel,33,Betting,en,18,2026-04-30T17:53:21.307600+00:00
chaingameofficial,telegramchannels,channel,33,Betting,en,19,2026-04-30T17:53:21.307602+00:00
europefixedmatchservics,telegramchannels,channel,33,Betting,en,20,2026-04-30T17:53:21.307605+00:00
news_1x_partners,telegramchannels,channel,33,Betting,en,21,2026-04-30T17:53:21.307608+00:00
focuspredict,telegramchannels,channel,33,Betting,en,22,2026-04-30T17:53:21.307610+00:00
tipsnbapicks,telegramchannels,channel,33,Betting,en,23,2026-04-30T17:53:21.307613+00:00
ai_bets_tips,telegramchannels,channel,33,Betting,en,24,2026-04-30T17:53:21.307616+00:00
melbet,telegramchannels,channel,33,Betting,en,25,2026-04-30T17:53:21.307618+00:00
bettingtipsman,telegramchannels,channel,33,Betting,en,26,2026-04-30T17:53:21.307621+00:00
tg_casinocommunity,telegramchannels,channel,33,Betting,en,27,2026-04-30T17:53:21.307624+00:00
onlineoddshere,telegramchannels,channel,33,Betting,en,28,2026-04-30T17:53:21.307626+00:00
sport_bets_analyst,telegramchannels,channel,33,Betting,en,29,2026-04-30T17:53:21.307629+00:00
dydbetting,telegramchannels,channel,33,Betting,en,30,2026-04-30T17:53:21.307632+00:00
betting_bet365n,telegramchannels,channel,33,Betting,en,31,2026-04-30T17:53:21.307635+00:00
surefixedmatches111,telegramchannels,channel,33,Betting,en,32,2026-04-30T17:53:21.307638+00:00
mystakepromotions,telegramchannels,channel,33,Betting,en,33,2026-04-30T17:53:21.307640+00:00
uk_fixxed_matches,telegramchannels,channel,33,Betting,en,34,2026-04-30T17:53:21.307643+00:00
ibettingxx,telegramchannels,channel,33,Betting,en,35,2026-04-30T17:53:21.307646+00:00
apuestas_bet365,telegramchannels,channel,33,Betting,en,36,2026-04-30T17:53:21.307648+00:00
xpertfreetips,telegramchannels,channel,33,Betting,en,37,2026-04-30T17:53:21.307651+00:00
roobetcom,telegramchannels,channel,33,Betting,en,38,2026-04-30T17:53:21.307654+00:00
soccervista_official,telegramchannels,channel,33,Betting,en,39,2026-04-30T17:53:21.307657+00:00
thebossofbetting,telegramchannels,channel,33,Betting,en,40,2026-04-30T17:53:21.307659+00:00
btipsking,telegramchannels,channel,33,Betting,en,41,2026-04-30T17:53:21.307661+00:00
assuredpredictionschannel,telegramchannels,channel,33,Betting,en,42,2026-04-30T17:53:21.307665+00:00
christophersgamble,telegramchannels,channel,33,Betting,en,43,2026-04-30T17:53:21.307668+00:00
toss_match_session_prediction,telegramchannels,channel,33,Betting,en,44,2026-04-30T17:53:21.307671+00:00
gutmanbetting,telegramchannels,channel,33,Betting,en,45,2026-04-30T17:53:21.307675+00:00
free_play07,telegramchannels,channel,33,Betting,en,46,2026-04-30T17:53:21.307680+00:00
sport_bets_analystt,telegramchannels,channel,33,Betting,en,47,2026-04-30T17:53:21.307685+00:00
feedinco,telegramchannels,channel,33,Betting,en,48,2026-04-30T17:53:21.307689+00:00
msportofficial,telegramchannels,channel,33,Betting,en,49,2026-04-30T17:53:21.307694+00:00
senatips,telegramchannels,channel,33,Betting,en,50,2026-04-30T17:53:21.307698+00:00
mrtip1,telegramchannels,channel,33,Betting,en,51,2026-04-30T17:53:21.307703+00:00
marketload57,telegramchannels,channel,33,Betting,en,52,2026-04-30T17:53:21.307708+00:00
gullybet,telegramchannels,channel,33,Betting,en,53,2026-04-30T17:53:21.307712+00:00
kamillionbets,telegramchannels,channel,33,Betting,en,54,2026-04-30T17:53:21.307717+00:00
sportybetke1,telegramchannels,channel,33,Betting,en,55,2026-04-30T17:53:21.307721+00:00
fixed_games_mafia,telegramchannels,channel,33,Betting,en,56,2026-04-30T17:53:21.307726+00:00
betting_fixed_matches_darkweb,telegramchannels,channel,33,Betting,en,57,2026-04-30T17:53:21.307731+00:00
free_bets_tips_football_sure,telegramchannels,channel,33,Betting,en,58,2026-04-30T17:53:21.307736+00:00
tipstersdiarychannel,telegramchannels,channel,33,Betting,en,59,2026-04-30T17:53:21.307741+00:00
ultimatepoker_io,telegramchannels,channel,33,Betting,en,60,2026-04-30T17:53:21.307746+00:00
dailywiningmatches,telegramchannels,channel,33,Betting,en,61,2026-04-30T17:53:21.307750+00:00
atwoe,telegramchannels,channel,33,Betting,en,62,2026-04-30T17:53:21.307754+00:00
trade_4_all,telegramchannels,channel,33,Betting,en,63,2026-04-30T17:53:21.307759+00:00
bet9japrotips,telegramchannels,channel,33,Betting,en,64,2026-04-30T17:53:21.307764+00:00
bet1xbethub,telegramchannels,channel,33,Betting,en,65,2026-04-30T17:53:21.307768+00:00
europewiningmatches,telegramchannels,channel,33,Betting,en,66,2026-04-30T17:53:21.307773+00:00
betpandaofficial,telegramchannels,channel,33,Betting,en,67,2026-04-30T17:53:21.307777+00:00
bet365matchess,telegramchannels,channel,33,Betting,en,68,2026-04-30T17:53:21.307782+00:00
m7bets,telegramchannels,channel,33,Betting,en,69,2026-04-30T17:53:21.307787+00:00
bettingfixer,telegramchannels,channel,33,Betting,en,70,2026-04-30T17:53:21.307791+00:00
sadhukipaathshala,telegramchannels,channel,33,Betting,en,71,2026-04-30T17:53:21.307795+00:00
correctoddsdailywin,telegramchannels,channel,33,Betting,en,72,2026-04-30T17:53:21.307800+00:00
bettinggod06,telegramchannels,channel,33,Betting,en,73,2026-04-30T17:53:21.307804+00:00
bet251,telegramchannels,channel,33,Betting,en,74,2026-04-30T17:53:21.307809+00:00
zodiac_bet,telegramchannels,channel,33,Betting,en,75,2026-04-30T17:53:21.307813+00:00
fixinsider,telegramchannels,channel,33,Betting,en,76,2026-04-30T17:53:21.307817+00:00
betcitygreatwins,telegramchannels,channel,33,Betting,en,77,2026-04-30T17:53:21.307822+00:00
fixedbettingeu,telegramchannels,channel,33,Betting,en,78,2026-04-30T17:53:21.307827+00:00
bettingdawg,telegramchannels,channel,33,Betting,en,79,2026-04-30T17:53:21.307831+00:00
binaryfreesignalspro,telegramchannels,channel,33,Betting,en,80,2026-04-30T17:53:21.307836+00:00
free2oddschannel,telegramchannels,channel,33,Betting,en,81,2026-04-30T17:53:21.307841+00:00
betfaircomm,telegramchannels,channel,33,Betting,en,82,2026-04-30T17:53:21.307846+00:00
topcoeff,telegramchannels,channel,33,Betting,en,83,2026-04-30T17:53:21.307851+00:00
surebetsarena,telegramchannels,channel,33,Betting,en,84,2026-04-30T17:53:21.307855+00:00
spongebets,telegramchannels,channel,33,Betting,en,85,2026-04-30T17:53:21.307860+00:00
pinnspy,telegramchannels,channel,33,Betting,en,86,2026-04-30T17:53:21.307864+00:00
sportybetexpert1,telegramchannels,channel,33,Betting,en,87,2026-04-30T17:53:21.307869+00:00
europefixedmatchebetway,telegramchannels,channel,33,Betting,en,88,2026-04-30T17:53:21.307873+00:00
usbets,telegramchannels,channel,33,Betting,en,89,2026-04-30T17:53:21.307878+00:00
bet365_1xbet_fixedmatch,telegramchannels,channel,33,Betting,en,90,2026-04-30T17:53:21.307882+00:00
betinvestmentips,telegramchannels,channel,33,Betting,en,91,2026-04-30T17:53:21.307887+00:00
bettorsignalscom,telegramchannels,channel,33,Betting,en,92,2026-04-30T17:53:21.307891+00:00
aiautomatedbetting,telegramchannels,channel,33,Betting,en,93,2026-04-30T17:53:21.307896+00:00
wisebetorg,telegramchannels,channel,33,Betting,en,94,2026-04-30T17:53:21.307901+00:00
resellbetslord,telegramchannels,channel,33,Betting,en,95,2026-04-30T17:53:21.307905+00:00
godlike_tips,telegramchannels,channel,33,Betting,en,96,2026-04-30T17:53:21.307910+00:00
byignazio,telegramchannels,channel,33,Betting,en,97,2026-04-30T17:53:21.307914+00:00
cryptosportstips,telegramchannels,channel,33,Betting,en,98,2026-04-30T17:53:21.307919+00:00
satyabook,telegramchannels,channel,33,Betting,en,99,2026-04-30T17:53:21.307923+00:00
suresafe_2oddsdaily,telegramchannels,channel,33,Betting,en,100,2026-04-30T17:53:21.307928+00:00
bet365sportybet,telegramchannels,channel,33,Betting,en,101,2026-04-30T17:53:21.307932+00:00
pablobettingesport,telegramchannels,channel,33,Betting,en,102,2026-04-30T17:53:21.307937+00:00
ultrabets2025,telegramchannels,channel,33,Betting,en,103,2026-04-30T17:53:21.307942+00:00
dailychannels,telegramchannels,channel,33,Betting,en,104,2026-04-30T17:53:21.307949+00:00
s1mplegod123,telegramchannels,channel,5,Blogs,en,1,2026-04-30T17:53:34.516615+00:00
zhiga,telegramchannels,channel,5,Blogs,en,2,2026-04-30T17:53:34.516623+00:00
evaelfie_life,telegramchannels,channel,5,Blogs,en,3,2026-04-30T17:53:34.516626+00:00
pilotblog,telegramchannels,channel,5,Blogs,en,7,2026-04-30T17:53:34.516645+00:00
codemonkeyz,telegramchannels,channel,5,Blogs,en,8,2026-04-30T17:53:34.516648+00:00
kblive,telegramchannels,channel,5,Blogs,en,9,2026-04-30T17:53:34.516651+00:00
drsimonegold,telegramchannels,channel,5,Blogs,en,10,2026-04-30T17:53:34.516654+00:00
mahipalrathore,telegramchannels,channel,5,Blogs,en,11,2026-04-30T17:53:34.516658+00:00
sophiexdt,telegramchannels,channel,5,Blogs,en,12,2026-04-30T17:53:34.516662+00:00
dailyjwaller,telegramchannels,channel,5,Blogs,en,13,2026-04-30T17:53:34.516665+00:00
confession_room,telegramchannels,channel,5,Blogs,en,14,2026-04-30T17:53:34.516667+00:00
tracybeanzofficial,telegramchannels,channel,5,Blogs,en,15,2026-04-30T17:53:34.516671+00:00
nikly_nikly,telegramchannels,channel,5,Blogs,en,16,2026-04-30T17:53:34.516674+00:00
valentivitell,telegramchannels,channel,5,Blogs,en,17,2026-04-30T17:53:34.516677+00:00
psychologicall,telegramchannels,channel,5,Blogs,en,18,2026-04-30T17:53:34.516679+00:00
httpcoachvine,telegramchannels,channel,5,Blogs,en,19,2026-04-30T17:53:34.516682+00:00
mikebara33,telegramchannels,channel,5,Blogs,en,20,2026-04-30T17:53:34.516685+00:00
bondiboysclub,telegramchannels,channel,5,Blogs,en,21,2026-04-30T17:53:34.516688+00:00
joerogan1,telegramchannels,channel,5,Blogs,en,22,2026-04-30T17:53:34.516691+00:00
depressionnote,telegramchannels,channel,5,Blogs,en,23,2026-04-30T17:53:34.516694+00:00
amequities,telegramchannels,channel,5,Blogs,en,24,2026-04-30T17:53:34.516697+00:00
lukestorey,telegramchannels,channel,5,Blogs,en,25,2026-04-30T17:53:34.516700+00:00
mukharlyamov,telegramchannels,channel,5,Blogs,en,26,2026-04-30T17:53:34.516703+00:00
nativeamericanchat,telegramchannels,channel,5,Blogs,en,27,2026-04-30T17:53:34.516706+00:00
antijulsss,telegramchannels,channel,5,Blogs,en,28,2026-04-30T17:53:34.516709+00:00
unfazed_topg,telegramchannels,channel,5,Blogs,en,29,2026-04-30T17:53:34.516712+00:00
natlydenise,telegramchannels,channel,5,Blogs,en,30,2026-04-30T17:53:34.516715+00:00
writewinger,telegramchannels,channel,5,Blogs,en,31,2026-04-30T17:53:34.516718+00:00
mediumcom,telegramchannels,channel,5,Blogs,en,32,2026-04-30T17:53:34.516720+00:00
clickhelp_technicalwritingblog,telegramchannels,channel,5,Blogs,en,33,2026-04-30T17:53:34.516724+00:00
thewayofgood,telegramchannels,channel,5,Blogs,en,34,2026-04-30T17:53:34.516727+00:00
hustle365,telegramchannels,channel,5,Blogs,en,35,2026-04-30T17:53:34.516729+00:00
hitricksofficial,telegramchannels,channel,5,Blogs,en,36,2026-04-30T17:53:34.516732+00:00
necjar,telegramchannels,channel,5,Blogs,en,37,2026-04-30T17:53:34.516735+00:00
dh_jeyqpflk0zdmy,telegramchannels,channel,5,Blogs,en,38,2026-04-30T17:53:34.516738+00:00
egorcentric,telegramchannels,channel,5,Blogs,en,39,2026-04-30T17:53:34.516741+00:00
pensivist,telegramchannels,channel,5,Blogs,en,40,2026-04-30T17:53:34.516744+00:00
lifeinhimministries,telegramchannels,channel,5,Blogs,en,41,2026-04-30T17:53:34.516747+00:00
phyolleus,telegramchannels,channel,5,Blogs,en,42,2026-04-30T17:53:34.516750+00:00
nusnote,telegramchannels,channel,5,Blogs,en,43,2026-04-30T17:53:34.516753+00:00
shegerish,telegramchannels,channel,5,Blogs,en,44,2026-04-30T17:53:34.516755+00:00
delhiheart,telegramchannels,channel,5,Blogs,en,45,2026-04-30T17:53:34.516758+00:00
curiously_curious,telegramchannels,channel,5,Blogs,en,46,2026-04-30T17:53:34.516761+00:00
akazeka,telegramchannels,channel,5,Blogs,en,47,2026-04-30T17:53:34.516764+00:00
backtolight1,telegramchannels,channel,5,Blogs,en,48,2026-04-30T17:53:34.516767+00:00
bloggingvians,telegramchannels,channel,5,Blogs,en,49,2026-04-30T17:53:34.516769+00:00
coffeefount,telegramchannels,channel,5,Blogs,en,50,2026-04-30T17:53:34.516772+00:00
dailychannels,telegramchannels,channel,5,Blogs,en,51,2026-04-30T17:53:34.516777+00:00
ebookroom,telegramchannels,channel,6,Books & Magazine,en,1,2026-04-30T17:53:47.692464+00:00
zlibrary_official,telegramchannels,channel,6,Books & Magazine,en,2,2026-04-30T17:53:47.692474+00:00
bookshub25,telegramchannels,channel,6,Books & Magazine,en,3,2026-04-30T17:53:47.692477+00:00
novels_english_books_magazines,telegramchannels,channel,6,Books & Magazine,en,7,2026-04-30T17:53:47.692495+00:00
books,telegramchannels,channel,6,Books & Magazine,en,8,2026-04-30T17:53:47.692498+00:00
audiobooksarchive,telegramchannels,channel,6,Books & Magazine,en,9,2026-04-30T17:53:47.692501+00:00
booksmania,telegramchannels,channel,6,Books & Magazine,en,10,2026-04-30T17:53:47.692504+00:00
thebestaudible,telegramchannels,channel,6,Books & Magazine,en,11,2026-04-30T17:53:47.692507+00:00
books_khazana,telegramchannels,channel,6,Books & Magazine,en,12,2026-04-30T17:53:47.692510+00:00
greatest_audiobooks,telegramchannels,channel,6,Books & Magazine,en,13,2026-04-30T17:53:47.692514+00:00
pdfbookschannel,telegramchannels,channel,6,Books & Magazine,en,14,2026-04-30T17:53:47.692517+00:00
anesthesia_books,telegramchannels,channel,6,Books & Magazine,en,15,2026-04-30T17:53:47.692520+00:00
progerbooks,telegramchannels,channel,6,Books & Magazine,en,16,2026-04-30T17:53:47.692524+00:00
freebook_hub,telegramchannels,channel,6,Books & Magazine,en,17,2026-04-30T17:53:47.692527+00:00
spirituallibrary,telegramchannels,channel,6,Books & Magazine,en,18,2026-04-30T17:53:47.692530+00:00
embedded_library,telegramchannels,channel,6,Books & Magazine,en,19,2026-04-30T17:53:47.692533+00:00
readallmanga,telegramchannels,channel,6,Books & Magazine,en,20,2026-04-30T17:53:47.692536+00:00
packtpubfreelearning,telegramchannels,channel,6,Books & Magazine,en,21,2026-04-30T17:53:47.692539+00:00
islamicbookshelf,telegramchannels,channel,6,Books & Magazine,en,22,2026-04-30T17:53:47.692542+00:00
english_novels_stories,telegramchannels,channel,6,Books & Magazine,en,23,2026-04-30T17:53:47.692545+00:00
ebooks_audiobooks_library,telegramchannels,channel,6,Books & Magazine,en,24,2026-04-30T17:53:47.692548+00:00
sololevelingeng,telegramchannels,channel,6,Books & Magazine,en,25,2026-04-30T17:53:47.692551+00:00
stockpustak,telegramchannels,channel,6,Books & Magazine,en,26,2026-04-30T17:53:47.692554+00:00
englishmanga,telegramchannels,channel,6,Books & Magazine,en,27,2026-04-30T17:53:47.692557+00:00
inspiredhome,telegramchannels,channel,6,Books & Magazine,en,28,2026-04-30T17:53:47.692560+00:00
booksbunch,telegramchannels,channel,6,Books & Magazine,en,29,2026-04-30T17:53:47.692563+00:00
anybooklovers,telegramchannels,channel,6,Books & Magazine,en,30,2026-04-30T17:53:47.692565+00:00
magazines4all,telegramchannels,channel,6,Books & Magazine,en,31,2026-04-30T17:53:47.692568+00:00
library,telegramchannels,channel,6,Books & Magazine,en,32,2026-04-30T17:53:47.692571+00:00
comicspidey,telegramchannels,channel,6,Books & Magazine,en,33,2026-04-30T17:53:47.692574+00:00
freeebookshub,telegramchannels,channel,6,Books & Magazine,en,34,2026-04-30T17:53:47.692577+00:00
mbbshere,telegramchannels,channel,6,Books & Magazine,en,35,2026-04-30T17:53:47.692580+00:00
lifechangingbook,telegramchannels,channel,6,Books & Magazine,en,36,2026-04-30T17:53:47.692582+00:00
ebooksenglish,telegramchannels,channel,6,Books & Magazine,en,37,2026-04-30T17:53:47.692585+00:00
inspiringbooks,telegramchannels,channel,6,Books & Magazine,en,38,2026-04-30T17:53:47.692588+00:00
crimestoryy,telegramchannels,channel,6,Books & Magazine,en,39,2026-04-30T17:53:47.692591+00:00
storiesinenglish,telegramchannels,channel,6,Books & Magazine,en,40,2026-04-30T17:53:47.692594+00:00
readersdigestofficial,telegramchannels,channel,6,Books & Magazine,en,41,2026-04-30T17:53:47.692597+00:00
ebookskindle,telegramchannels,channel,6,Books & Magazine,en,42,2026-04-30T17:53:47.692600+00:00
english_reading,telegramchannels,channel,6,Books & Magazine,en,43,2026-04-30T17:53:47.692603+00:00
selfhelpbooksbooki,telegramchannels,channel,6,Books & Magazine,en,44,2026-04-30T17:53:47.692606+00:00
coloringbookspdf,telegramchannels,channel,6,Books & Magazine,en,45,2026-04-30T17:53:47.692609+00:00
books4brain,telegramchannels,channel,6,Books & Magazine,en,46,2026-04-30T17:53:47.692612+00:00
comicavengers,telegramchannels,channel,6,Books & Magazine,en,47,2026-04-30T17:53:47.692614+00:00
africalib,telegramchannels,channel,6,Books & Magazine,en,48,2026-04-30T17:53:47.692617+00:00
medicalebo,telegramchannels,channel,6,Books & Magazine,en,49,2026-04-30T17:53:47.692620+00:00
arthutchannel,telegramchannels,channel,6,Books & Magazine,en,50,2026-04-30T17:53:47.692623+00:00
growersebooks,telegramchannels,channel,6,Books & Magazine,en,51,2026-04-30T17:53:47.692626+00:00
e_publication,telegramchannels,channel,6,Books & Magazine,en,52,2026-04-30T17:53:47.692629+00:00
islamicbooksfordownload,telegramchannels,channel,6,Books & Magazine,en,53,2026-04-30T17:53:47.692632+00:00
abolbookstore,telegramchannels,channel,6,Books & Magazine,en,54,2026-04-30T17:53:47.692635+00:00
daily_books,telegramchannels,channel,6,Books & Magazine,en,55,2026-04-30T17:53:47.692638+00:00
afkebooks_medical,telegramchannels,channel,6,Books & Magazine,en,56,2026-04-30T17:53:47.692640+00:00
thunderscores,telegramchannels,channel,6,Books & Magazine,en,57,2026-04-30T17:53:47.692643+00:00
bookshouse,telegramchannels,channel,6,Books & Magazine,en,58,2026-04-30T17:53:47.692647+00:00
tcgdeals,telegramchannels,channel,6,Books & Magazine,en,59,2026-04-30T17:53:47.692650+00:00
books_and_beyond,telegramchannels,channel,6,Books & Magazine,en,60,2026-04-30T17:53:47.692653+00:00
electroniclibrarys,telegramchannels,channel,6,Books & Magazine,en,61,2026-04-30T17:53:47.692656+00:00
boookhouse,telegramchannels,channel,6,Books & Magazine,en,62,2026-04-30T17:53:47.692659+00:00
self_helpbooks,telegramchannels,channel,6,Books & Magazine,en,63,2026-04-30T17:53:47.692662+00:00
priceactionforexebook,telegramchannels,channel,6,Books & Magazine,en,64,2026-04-30T17:53:47.692664+00:00
astrophysicsbooks,telegramchannels,channel,6,Books & Magazine,en,65,2026-04-30T17:53:47.692667+00:00
bestbookstolearnenglish,telegramchannels,channel,6,Books & Magazine,en,66,2026-04-30T17:53:47.692671+00:00
awkwardyeti,telegramchannels,channel,6,Books & Magazine,en,67,2026-04-30T17:53:47.692673+00:00
book_excerpts,telegramchannels,channel,6,Books & Magazine,en,68,2026-04-30T17:53:47.692677+00:00
mj_resources,telegramchannels,channel,6,Books & Magazine,en,69,2026-04-30T17:53:47.692679+00:00
theeducationmagazine,telegramchannels,channel,6,Books & Magazine,en,70,2026-04-30T17:53:47.692682+00:00
bookoffersamazon,telegramchannels,channel,6,Books & Magazine,en,71,2026-04-30T17:53:47.692685+00:00
xlitehub,telegramchannels,channel,6,Books & Magazine,en,72,2026-04-30T17:53:47.692688+00:00
imxgshi,telegramchannels,channel,6,Books & Magazine,en,73,2026-04-30T17:53:47.692691+00:00
dailychannels,telegramchannels,channel,6,Books & Magazine,en,74,2026-04-30T17:53:47.692696+00:00
venture_tg,telegramchannels,channel,7,Business & Startups,en,1,2026-04-30T17:54:01.105041+00:00
startupsi,telegramchannels,channel,7,Business & Startups,en,2,2026-04-30T17:54:01.105048+00:00
laborx,telegramchannels,channel,7,Business & Startups,en,3,2026-04-30T17:54:01.105052+00:00
programmer,telegramchannels,channel,7,Business & Startups,en,7,2026-04-30T17:54:01.105070+00:00
remotejobss,telegramchannels,channel,7,Business & Startups,en,8,2026-04-30T17:54:01.105073+00:00
sgparttimers,telegramchannels,channel,7,Business & Startups,en,9,2026-04-30T17:54:01.105076+00:00
maroset,telegramchannels,channel,7,Business & Startups,en,10,2026-04-30T17:54:01.105079+00:00
ethiopianbusinessdaily,telegramchannels,channel,7,Business & Startups,en,11,2026-04-30T17:54:01.105082+00:00
jobs_in_europ,telegramchannels,channel,7,Business & Startups,en,12,2026-04-30T17:54:01.105086+00:00
liteforex,telegramchannels,channel,7,Business & Startups,en,13,2026-04-30T17:54:01.105089+00:00
qatar_jobs_channel,telegramchannels,channel,7,Business & Startups,en,14,2026-04-30T17:54:01.105092+00:00
jobsingoa,telegramchannels,channel,7,Business & Startups,en,15,2026-04-30T17:54:01.105095+00:00
jobs_in_european_countries,telegramchannels,channel,7,Business & Startups,en,16,2026-04-30T17:54:01.105099+00:00
indicatorsmt5mt4signal,telegramchannels,channel,7,Business & Startups,en,17,2026-04-30T17:54:01.105102+00:00
trickymarketing,telegramchannels,channel,7,Business & Startups,en,18,2026-04-30T17:54:01.105105+00:00
millionaire_process,telegramchannels,channel,7,Business & Startups,en,19,2026-04-30T17:54:01.105108+00:00
financialabundance,telegramchannels,channel,7,Business & Startups,en,20,2026-04-30T17:54:01.105111+00:00
werkwerksg,telegramchannels,channel,7,Business & Startups,en,21,2026-04-30T17:54:01.105115+00:00
indeed_jobs_usa,telegramchannels,channel,7,Business & Startups,en,22,2026-04-30T17:54:01.105118+00:00
venturevillagewall,telegramchannels,channel,7,Business & Startups,en,23,2026-04-30T17:54:01.105121+00:00
questhireahero,telegramchannels,channel,7,Business & Startups,en,24,2026-04-30T17:54:01.105124+00:00
internsg,telegramchannels,channel,7,Business & Startups,en,25,2026-04-30T17:54:01.105127+00:00
startups,telegramchannels,channel,7,Business & Startups,en,26,2026-04-30T17:54:01.105130+00:00
ezlinksg,telegramchannels,channel,7,Business & Startups,en,27,2026-04-30T17:54:01.105133+00:00
innmind,telegramchannels,channel,7,Business & Startups,en,28,2026-04-30T17:54:01.105136+00:00
findmyremote_frontend,telegramchannels,channel,7,Business & Startups,en,29,2026-04-30T17:54:01.105139+00:00
volatalityindices,telegramchannels,channel,7,Business & Startups,en,30,2026-04-30T17:54:01.105142+00:00
upworkprofilepro,telegramchannels,channel,7,Business & Startups,en,31,2026-04-30T17:54:01.105145+00:00
business_ideas_free_content,telegramchannels,channel,7,Business & Startups,en,32,2026-04-30T17:54:01.105148+00:00
indeed_jobs_dubai,telegramchannels,channel,7,Business & Startups,en,33,2026-04-30T17:54:01.105151+00:00
forexrobottrader2019,telegramchannels,channel,7,Business & Startups,en,34,2026-04-30T17:54:01.105155+00:00
remotejobalerts,telegramchannels,channel,7,Business & Startups,en,35,2026-04-30T17:54:01.105158+00:00
freelanceworldwiide,telegramchannels,channel,7,Business & Startups,en,36,2026-04-30T17:54:01.105161+00:00
product_manager_diary,telegramchannels,channel,7,Business & Startups,en,37,2026-04-30T17:54:01.105164+00:00
lmmo19,telegramchannels,channel,7,Business & Startups,en,38,2026-04-30T17:54:01.105167+00:00
gosharey01,telegramchannels,channel,7,Business & Startups,en,39,2026-04-30T17:54:01.105170+00:00
ipjobs,telegramchannels,channel,7,Business & Startups,en,40,2026-04-30T17:54:01.105173+00:00
businessdailynew,telegramchannels,channel,7,Business & Startups,en,41,2026-04-30T17:54:01.105176+00:00
thebusinessmentor,telegramchannels,channel,7,Business & Startups,en,42,2026-04-30T17:54:01.105179+00:00
findmyremote_writing,telegramchannels,channel,7,Business & Startups,en,43,2026-04-30T17:54:01.105182+00:00
digitalcashhub,telegramchannels,channel,7,Business & Startups,en,44,2026-04-30T17:54:01.105185+00:00
findmyremote_backend,telegramchannels,channel,7,Business & Startups,en,45,2026-04-30T17:54:01.105188+00:00
shegahq,telegramchannels,channel,7,Business & Startups,en,46,2026-04-30T17:54:01.105191+00:00
findmyremote_fullstack,telegramchannels,channel,7,Business & Startups,en,47,2026-04-30T17:54:01.105194+00:00
toolslifetime,telegramchannels,channel,7,Business & Startups,en,48,2026-04-30T17:54:01.105197+00:00
ecomtoday_global,telegramchannels,channel,7,Business & Startups,en,49,2026-04-30T17:54:01.105200+00:00
paypal_cashapp_amazongc_onlyfans,telegramchannels,channel,7,Business & Startups,en,50,2026-04-30T17:54:01.105204+00:00
tate_andrew,telegramchannels,channel,7,Business & Startups,en,51,2026-04-30T17:54:01.105207+00:00
innercircletrader_ict,telegramchannels,channel,7,Business & Startups,en,52,2026-04-30T17:54:01.105210+00:00
script_maker_official,telegramchannels,channel,7,Business & Startups,en,53,2026-04-30T17:54:01.105213+00:00
business_quotes_inspirations,telegramchannels,channel,7,Business & Startups,en,54,2026-04-30T17:54:01.105217+00:00
brainfueldaily,telegramchannels,channel,7,Business & Startups,en,55,2026-04-30T17:54:01.105219+00:00
desamoyebiz,telegramchannels,channel,7,Business & Startups,en,56,2026-04-30T17:54:01.105222+00:00
cnbusinessforum,telegramchannels,channel,7,Business & Startups,en,57,2026-04-30T17:54:01.105225+00:00
equityintradayprofits,telegramchannels,channel,7,Business & Startups,en,58,2026-04-30T17:54:01.105229+00:00
binarytrading2020,telegramchannels,channel,7,Business & Startups,en,59,2026-04-30T17:54:01.105232+00:00
work_at_home_jobs,telegramchannels,channel,7,Business & Startups,en,60,2026-04-30T17:54:01.105235+00:00
vahidchaychi,telegramchannels,channel,7,Business & Startups,en,61,2026-04-30T17:54:01.105238+00:00
legit_update_global,telegramchannels,channel,7,Business & Startups,en,62,2026-04-30T17:54:01.105241+00:00
mega14,telegramchannels,channel,7,Business & Startups,en,63,2026-04-30T17:54:01.105244+00:00
wifimoneyonline,telegramchannels,channel,7,Business & Startups,en,64,2026-04-30T17:54:01.105247+00:00
numidaloans,telegramchannels,channel,7,Business & Startups,en,65,2026-04-30T17:54:01.105250+00:00
curveapp,telegramchannels,channel,7,Business & Startups,en,66,2026-04-30T17:54:01.105253+00:00
businessforcompanies,telegramchannels,channel,7,Business & Startups,en,67,2026-04-30T17:54:01.105256+00:00
starlingbank,telegramchannels,channel,7,Business & Startups,en,68,2026-04-30T17:54:01.105260+00:00
earn_much_without_invest,telegramchannels,channel,7,Business & Startups,en,69,2026-04-30T17:54:01.105263+00:00
entrepreneurs_corner,telegramchannels,channel,7,Business & Startups,en,70,2026-04-30T17:54:01.105266+00:00
kkcryptotrader,telegramchannels,channel,7,Business & Startups,en,71,2026-04-30T17:54:01.105269+00:00
officialdanielheldchannel,telegramchannels,channel,7,Business & Startups,en,72,2026-04-30T17:54:01.105272+00:00
doublegram_news,telegramchannels,channel,7,Business & Startups,en,73,2026-04-30T17:54:01.105275+00:00
marketsunriserss,telegramchannels,channel,7,Business & Startups,en,74,2026-04-30T17:54:01.105278+00:00
entrepreneurshome,telegramchannels,channel,7,Business & Startups,en,75,2026-04-30T17:54:01.105281+00:00
containersavailableforsale,telegramchannels,channel,7,Business & Startups,en,76,2026-04-30T17:54:01.105284+00:00
keydifferencemedia,telegramchannels,channel,7,Business & Startups,en,77,2026-04-30T17:54:01.105287+00:00
simpletrickz,telegramchannels,channel,7,Business & Startups,en,78,2026-04-30T17:54:01.105291+00:00
freelancejobupdates,telegramchannels,channel,7,Business & Startups,en,79,2026-04-30T17:54:01.105294+00:00
crude_trader,telegramchannels,channel,7,Business & Startups,en,80,2026-04-30T17:54:01.105297+00:00
instakhojo,telegramchannels,channel,7,Business & Startups,en,81,2026-04-30T17:54:01.105300+00:00
foxplayers,telegramchannels,channel,7,Business & Startups,en,82,2026-04-30T17:54:01.105302+00:00
amway_entrepreneurship,telegramchannels,channel,7,Business & Startups,en,83,2026-04-30T17:54:01.105306+00:00
global_internetfortunes,telegramchannels,channel,7,Business & Startups,en,84,2026-04-30T17:54:01.105309+00:00
passivelywithjuliet,telegramchannels,channel,7,Business & Startups,en,85,2026-04-30T17:54:01.105312+00:00
gramguru,telegramchannels,channel,7,Business & Startups,en,86,2026-04-30T17:54:01.105314+00:00
dimitriswealthdiary,telegramchannels,channel,7,Business & Startups,en,87,2026-04-30T17:54:01.105317+00:00
business_lucrative_marketing,telegramchannels,channel,7,Business & Startups,en,88,2026-04-30T17:54:01.105320+00:00
dailychannels,telegramchannels,channel,7,Business & Startups,en,89,2026-04-30T17:54:01.105326+00:00
sidneypowell,telegramchannels,channel,8,Celebrities,en,1,2026-04-30T17:54:14.317008+00:00
durov,telegramchannels,channel,8,Celebrities,en,2,2026-04-30T17:54:14.317017+00:00
stevencrowder,telegramchannels,channel,8,Celebrities,en,3,2026-04-30T17:54:14.317020+00:00
milliebobbybrown_hot,telegramchannels,channel,8,Celebrities,en,7,2026-04-30T17:54:14.317038+00:00
leehsienloong,telegramchannels,channel,8,Celebrities,en,8,2026-04-30T17:54:14.317042+00:00
dua_lipa1,telegramchannels,channel,8,Celebrities,en,9,2026-04-30T17:54:14.317045+00:00
shakira,telegramchannels,channel,8,Celebrities,en,10,2026-04-30T17:54:14.317048+00:00
bangtanb,telegramchannels,channel,8,Celebrities,en,11,2026-04-30T17:54:14.317051+00:00
jennaortegachanel,telegramchannels,channel,8,Celebrities,en,12,2026-04-30T17:54:14.317055+00:00
selena_fanclub,telegramchannels,channel,8,Celebrities,en,13,2026-04-30T17:54:14.317058+00:00
hollywood,telegramchannels,channel,8,Celebrities,en,14,2026-04-30T17:54:14.317061+00:00
scarlett_fc,telegramchannels,channel,8,Celebrities,en,15,2026-04-30T17:54:14.317064+00:00
jloversjlo,telegramchannels,channel,8,Celebrities,en,16,2026-04-30T17:54:14.317067+00:00
billieeilishgallery,telegramchannels,channel,8,Celebrities,en,17,2026-04-30T17:54:14.317070+00:00
bgma_channel,telegramchannels,channel,8,Celebrities,en,18,2026-04-30T17:54:14.317073+00:00
hollywoodclubtg,telegramchannels,channel,8,Celebrities,en,19,2026-04-30T17:54:14.317076+00:00
pfff_ellie,telegramchannels,channel,8,Celebrities,en,20,2026-04-30T17:54:14.317080+00:00
asiangirlsbeingcute,telegramchannels,channel,8,Celebrities,en,21,2026-04-30T17:54:14.317083+00:00
zaynmalikthings,telegramchannels,channel,8,Celebrities,en,22,2026-04-30T17:54:14.317086+00:00
swifties,telegramchannels,channel,8,Celebrities,en,23,2026-04-30T17:54:14.317089+00:00
emmawatsonchan,telegramchannels,channel,8,Celebrities,en,24,2026-04-30T17:54:14.317092+00:00
chloe_mortz,telegramchannels,channel,8,Celebrities,en,25,2026-04-30T17:54:14.317095+00:00
elonmusktwitter,telegramchannels,channel,8,Celebrities,en,26,2026-04-30T17:54:14.317098+00:00
dylanbounce,telegramchannels,channel,8,Celebrities,en,27,2026-04-30T17:54:14.317101+00:00
keanureeveslives,telegramchannels,channel,8,Celebrities,en,28,2026-04-30T17:54:14.317104+00:00
thebrentonthwaites,telegramchannels,channel,8,Celebrities,en,29,2026-04-30T17:54:14.317107+00:00
tatemain,telegramchannels,channel,8,Celebrities,en,30,2026-04-30T17:54:14.317110+00:00
dailychannels,telegramchannels,channel,8,Celebrities,en,31,2026-04-30T17:54:14.317115+00:00
facebook_dating_account1,telegramchannels,channel,35,Communication,en,1,2026-04-30T17:54:27.503974+00:00
grupuriromanesti,telegramchannels,channel,35,Communication,en,2,2026-04-30T17:54:27.503982+00:00
melbournefreedomrallyupdates,telegramchannels,channel,35,Communication,en,3,2026-04-30T17:54:27.503986+00:00
dabslinks,telegramchannels,channel,35,Communication,en,7,2026-04-30T17:54:27.504004+00:00
qozij,telegramchannels,channel,35,Communication,en,8,2026-04-30T17:54:27.504007+00:00
meilleurdufoot,telegramchannels,channel,35,Communication,en,9,2026-04-30T17:54:27.504011+00:00
earth_decentralised,telegramchannels,channel,35,Communication,en,10,2026-04-30T17:54:27.504014+00:00
dailychannels,telegramchannels,channel,35,Communication,en,11,2026-04-30T17:54:27.504019+00:00
zoo_story,telegramchannels,channel,41,Crypto Airdrop,en,1,2026-04-30T17:54:40.826463+00:00
bits_channel_official,telegramchannels,channel,41,Crypto Airdrop,en,2,2026-04-30T17:54:40.826470+00:00
tonkombatofficial,telegramchannels,channel,41,Crypto Airdrop,en,3,2026-04-30T17:54:40.826474+00:00
airdropfindteam,telegramchannels,channel,41,Crypto Airdrop,en,7,2026-04-30T17:54:40.826518+00:00
airdrop_fam,telegramchannels,channel,41,Crypto Airdrop,en,8,2026-04-30T17:54:40.826522+00:00
geminstitute,telegramchannels,channel,41,Crypto Airdrop,en,9,2026-04-30T17:54:40.826525+00:00
joinroko,telegramchannels,channel,41,Crypto Airdrop,en,10,2026-04-30T17:54:40.826527+00:00
thezencoin,telegramchannels,channel,41,Crypto Airdrop,en,11,2026-04-30T17:54:40.826530+00:00
drop_cryptogo,telegramchannels,channel,41,Crypto Airdrop,en,12,2026-04-30T17:54:40.826533+00:00
owlslabs,telegramchannels,channel,41,Crypto Airdrop,en,13,2026-04-30T17:54:40.826536+00:00
spell_wallet,telegramchannels,channel,41,Crypto Airdrop,en,14,2026-04-30T17:54:40.826539+00:00
airdrop6officialchannel,telegramchannels,channel,41,Crypto Airdrop,en,15,2026-04-30T17:54:40.826542+00:00
kittyverse_ai,telegramchannels,channel,41,Crypto Airdrop,en,16,2026-04-30T17:54:40.826545+00:00
airdropdetective,telegramchannels,channel,41,Crypto Airdrop,en,17,2026-04-30T17:54:40.826548+00:00
mnemonicsann,telegramchannels,channel,41,Crypto Airdrop,en,18,2026-04-30T17:54:40.826551+00:00
airdrop,telegramchannels,channel,41,Crypto Airdrop,en,19,2026-04-30T17:54:40.826554+00:00
raiding_party,telegramchannels,channel,41,Crypto Airdrop,en,20,2026-04-30T17:54:40.826557+00:00
staffonlygame,telegramchannels,channel,41,Crypto Airdrop,en,21,2026-04-30T17:54:40.826559+00:00
drops_on_hot,telegramchannels,channel,41,Crypto Airdrop,en,22,2026-04-30T17:54:40.826562+00:00
tearline_news,telegramchannels,channel,41,Crypto Airdrop,en,23,2026-04-30T17:54:40.826565+00:00
airdropinspector,telegramchannels,channel,41,Crypto Airdrop,en,24,2026-04-30T17:54:40.826568+00:00
preton_eng,telegramchannels,channel,41,Crypto Airdrop,en,25,2026-04-30T17:54:40.826571+00:00
tonairdrop_en,telegramchannels,channel,41,Crypto Airdrop,en,26,2026-04-30T17:54:40.826574+00:00
airdropfind,telegramchannels,channel,41,Crypto Airdrop,en,27,2026-04-30T17:54:40.826577+00:00
tongoldminer,telegramchannels,channel,41,Crypto Airdrop,en,28,2026-04-30T17:54:40.826579+00:00
mrairdropteam,telegramchannels,channel,41,Crypto Airdrop,en,29,2026-04-30T17:54:40.826582+00:00
immortal_airdrops,telegramchannels,channel,41,Crypto Airdrop,en,30,2026-04-30T17:54:40.826585+00:00
toncapital_official,telegramchannels,channel,41,Crypto Airdrop,en,31,2026-04-30T17:54:40.826588+00:00
airdrop365official,telegramchannels,channel,41,Crypto Airdrop,en,32,2026-04-30T17:54:40.826591+00:00
tonpartyann,telegramchannels,channel,41,Crypto Airdrop,en,33,2026-04-30T17:54:40.826594+00:00
pokeyquestgame,telegramchannels,channel,41,Crypto Airdrop,en,34,2026-04-30T17:54:40.826597+00:00
smashquest,telegramchannels,channel,41,Crypto Airdrop,en,35,2026-04-30T17:54:40.826600+00:00
airdropssearching,telegramchannels,channel,41,Crypto Airdrop,en,36,2026-04-30T17:54:40.826603+00:00
bittonapp,telegramchannels,channel,41,Crypto Airdrop,en,37,2026-04-30T17:54:40.826606+00:00
airdropo,telegramchannels,channel,41,Crypto Airdrop,en,38,2026-04-30T17:54:40.826609+00:00
else_app,telegramchannels,channel,41,Crypto Airdrop,en,39,2026-04-30T17:54:40.826611+00:00
easy_busy_eng,telegramchannels,channel,41,Crypto Airdrop,en,40,2026-04-30T17:54:40.826615+00:00
tonevents_en,telegramchannels,channel,41,Crypto Airdrop,en,41,2026-04-30T17:54:40.826618+00:00
airdropstar,telegramchannels,channel,41,Crypto Airdrop,en,42,2026-04-30T17:54:40.826621+00:00
habitnetwork,telegramchannels,channel,41,Crypto Airdrop,en,43,2026-04-30T17:54:40.826624+00:00
airdropgoldchannel,telegramchannels,channel,41,Crypto Airdrop,en,44,2026-04-30T17:54:40.826626+00:00
piggypiggyofficial,telegramchannels,channel,41,Crypto Airdrop,en,45,2026-04-30T17:54:40.826629+00:00
airdropcomic,telegramchannels,channel,41,Crypto Airdrop,en,46,2026-04-30T17:54:40.826632+00:00
airdropbard,telegramchannels,channel,41,Crypto Airdrop,en,47,2026-04-30T17:54:40.826635+00:00
airdrop_presents,telegramchannels,channel,41,Crypto Airdrop,en,48,2026-04-30T17:54:40.826638+00:00
toncoin_rap,telegramchannels,channel,41,Crypto Airdrop,en,49,2026-04-30T17:54:40.826641+00:00
officialairdroppro,telegramchannels,channel,41,Crypto Airdrop,en,50,2026-04-30T17:54:40.826643+00:00
drgems_official,telegramchannels,channel,41,Crypto Airdrop,en,51,2026-04-30T17:54:40.826646+00:00
cryptoeraeng,telegramchannels,channel,41,Crypto Airdrop,en,52,2026-04-30T17:54:40.826649+00:00
airdropsnoopdogg,telegramchannels,channel,41,Crypto Airdrop,en,53,2026-04-30T17:54:40.826652+00:00
eloncryptoairdrops,telegramchannels,channel,41,Crypto Airdrop,en,54,2026-04-30T17:54:40.826656+00:00
airdropking_news,telegramchannels,channel,41,Crypto Airdrop,en,55,2026-04-30T17:54:40.826658+00:00
cryptokanishkchaudharypremium,telegramchannels,channel,41,Crypto Airdrop,en,56,2026-04-30T17:54:40.826661+00:00
robincoin_community,telegramchannels,channel,41,Crypto Airdrop,en,57,2026-04-30T17:54:40.826664+00:00
genopetsannouncements,telegramchannels,channel,41,Crypto Airdrop,en,58,2026-04-30T17:54:40.826668+00:00
cryptowonton,telegramchannels,channel,41,Crypto Airdrop,en,59,2026-04-30T17:54:40.826671+00:00
masterprotocol_news,telegramchannels,channel,41,Crypto Airdrop,en,60,2026-04-30T17:54:40.826674+00:00
legit365airdropss,telegramchannels,channel,41,Crypto Airdrop,en,61,2026-04-30T17:54:40.826676+00:00
tu_airdrop_daily,telegramchannels,channel,41,Crypto Airdrop,en,62,2026-04-30T17:54:40.826679+00:00
blumgap,telegramchannels,channel,41,Crypto Airdrop,en,63,2026-04-30T17:54:40.826682+00:00
xempirecombodaily1,telegramchannels,channel,41,Crypto Airdrop,en,64,2026-04-30T17:54:40.826685+00:00
moneygurudigi,telegramchannels,channel,41,Crypto Airdrop,en,65,2026-04-30T17:54:40.826688+00:00
refhunter,telegramchannels,channel,41,Crypto Airdrop,en,66,2026-04-30T17:54:40.826691+00:00
godwm_crypto,telegramchannels,channel,41,Crypto Airdrop,en,67,2026-04-30T17:54:40.826694+00:00
farmfrens,telegramchannels,channel,41,Crypto Airdrop,en,68,2026-04-30T17:54:40.826697+00:00
airdrops_io,telegramchannels,channel,41,Crypto Airdrop,en,69,2026-04-30T17:54:40.826700+00:00
airdrop_signa,telegramchannels,channel,41,Crypto Airdrop,en,70,2026-04-30T17:54:40.826703+00:00
icospeaksnews,telegramchannels,channel,41,Crypto Airdrop,en,71,2026-04-30T17:54:40.826706+00:00
legitairdrops010,telegramchannels,channel,41,Crypto Airdrop,en,72,2026-04-30T17:54:40.826709+00:00
bitgenienews,telegramchannels,channel,41,Crypto Airdrop,en,73,2026-04-30T17:54:40.826711+00:00
freecoins24,telegramchannels,channel,41,Crypto Airdrop,en,74,2026-04-30T17:54:40.826714+00:00
geniusairdropsss,telegramchannels,channel,41,Crypto Airdrop,en,75,2026-04-30T17:54:40.826717+00:00
centralchanel,telegramchannels,channel,41,Crypto Airdrop,en,76,2026-04-30T17:54:40.826720+00:00
cyberchargeannouncements,telegramchannels,channel,41,Crypto Airdrop,en,77,2026-04-30T17:54:40.826723+00:00
cryptofightnews,telegramchannels,channel,41,Crypto Airdrop,en,78,2026-04-30T17:54:40.826726+00:00
airdropauditors,telegramchannels,channel,41,Crypto Airdrop,en,79,2026-04-30T17:54:40.826729+00:00
airdropofficial7,telegramchannels,channel,41,Crypto Airdrop,en,80,2026-04-30T17:54:40.826732+00:00
bestico,telegramchannels,channel,41,Crypto Airdrop,en,81,2026-04-30T17:54:40.826735+00:00
airdropsgun,telegramchannels,channel,41,Crypto Airdrop,en,82,2026-04-30T17:54:40.826738+00:00
airdropstrikers,telegramchannels,channel,41,Crypto Airdrop,en,83,2026-04-30T17:54:40.826741+00:00
officiallatestairdrop,telegramchannels,channel,41,Crypto Airdrop,en,84,2026-04-30T17:54:40.826744+00:00
airdrop_market_pro_news,telegramchannels,channel,41,Crypto Airdrop,en,85,2026-04-30T17:54:40.826747+00:00
alpha_updates,telegramchannels,channel,41,Crypto Airdrop,en,86,2026-04-30T17:54:40.826750+00:00
airdrop_nft1,telegramchannels,channel,41,Crypto Airdrop,en,87,2026-04-30T17:54:40.826753+00:00
bscidolauncher,telegramchannels,channel,41,Crypto Airdrop,en,88,2026-04-30T17:54:40.826756+00:00
airdrop_market_pro,telegramchannels,channel,41,Crypto Airdrop,en,89,2026-04-30T17:54:40.826759+00:00
ieopools,telegramchannels,channel,41,Crypto Airdrop,en,90,2026-04-30T17:54:40.826761+00:00
cryptosamuraicat,telegramchannels,channel,41,Crypto Airdrop,en,91,2026-04-30T17:54:40.826764+00:00
bestmarketingchanel,telegramchannels,channel,41,Crypto Airdrop,en,92,2026-04-30T17:54:40.826767+00:00
freecryptoairdropbitcoin,telegramchannels,channel,41,Crypto Airdrop,en,93,2026-04-30T17:54:40.826770+00:00
airdropmetal,telegramchannels,channel,41,Crypto Airdrop,en,94,2026-04-30T17:54:40.826773+00:00
gemifaucet,telegramchannels,channel,41,Crypto Airdrop,en,95,2026-04-30T17:54:40.826776+00:00
uangdrop,telegramchannels,channel,41,Crypto Airdrop,en,96,2026-04-30T17:54:40.826779+00:00
cryptomixer_news,telegramchannels,channel,41,Crypto Airdrop,en,97,2026-04-30T17:54:40.826782+00:00
airdropreconops,telegramchannels,channel,41,Crypto Airdrop,en,98,2026-04-30T17:54:40.826785+00:00
swift_airdrops,telegramchannels,channel,41,Crypto Airdrop,en,99,2026-04-30T17:54:40.826788+00:00
airdropp_io,telegramchannels,channel,41,Crypto Airdrop,en,100,2026-04-30T17:54:40.826791+00:00
free_airdrop_nn,telegramchannels,channel,41,Crypto Airdrop,en,101,2026-04-30T17:54:40.826793+00:00
cryptolaunchers,telegramchannels,channel,41,Crypto Airdrop,en,102,2026-04-30T17:54:40.826796+00:00
airdrophuntersverified,telegramchannels,channel,41,Crypto Airdrop,en,103,2026-04-30T17:54:40.826799+00:00
dailychannels,telegramchannels,channel,41,Crypto Airdrop,en,104,2026-04-30T17:54:40.826804+00:00
cats_housewtf,telegramchannels,channel,9,Cryptocurrencies,en,1,2026-04-30T17:54:54.254288+00:00
memeficlub,telegramchannels,channel,9,Cryptocurrencies,en,2,2026-04-30T17:54:54.254296+00:00
tomarket_ai,telegramchannels,channel,9,Cryptocurrencies,en,3,2026-04-30T17:54:54.254300+00:00
dogs_community,telegramchannels,channel,9,Cryptocurrencies,en,7,2026-04-30T17:54:54.254318+00:00
w_community,telegramchannels,channel,9,Cryptocurrencies,en,8,2026-04-30T17:54:54.254321+00:00
toncoin,telegramchannels,channel,9,Cryptocurrencies,en,9,2026-04-30T17:54:54.254324+00:00
theyescoin,telegramchannels,channel,9,Cryptocurrencies,en,10,2026-04-30T17:54:54.254327+00:00
baks_ton,telegramchannels,channel,9,Cryptocurrencies,en,11,2026-04-30T17:54:54.254330+00:00
timefarmchannel,telegramchannels,channel,9,Cryptocurrencies,en,12,2026-04-30T17:54:54.254333+00:00
degens_community,telegramchannels,channel,9,Cryptocurrencies,en,13,2026-04-30T17:54:54.254336+00:00
realgoats_channel,telegramchannels,channel,9,Cryptocurrencies,en,14,2026-04-30T17:54:54.254339+00:00
bums_official,telegramchannels,channel,9,Cryptocurrencies,en,15,2026-04-30T17:54:54.254343+00:00
activitylauncher_offical,telegramchannels,channel,9,Cryptocurrencies,en,16,2026-04-30T17:54:54.254346+00:00
tonkeeper_news,telegramchannels,channel,9,Cryptocurrencies,en,17,2026-04-30T17:54:54.254349+00:00
notpixel_channel,telegramchannels,channel,9,Cryptocurrencies,en,18,2026-04-30T17:54:54.254352+00:00
duckchainann,telegramchannels,channel,9,Cryptocurrencies,en,19,2026-04-30T17:54:54.254355+00:00
buzzitton,telegramchannels,channel,9,Cryptocurrencies,en,20,2026-04-30T17:54:54.254358+00:00
rockyrabbitio,telegramchannels,channel,9,Cryptocurrencies,en,21,2026-04-30T17:54:54.254361+00:00
okxwalletannouncement,telegramchannels,channel,9,Cryptocurrencies,en,22,2026-04-30T17:54:54.254364+00:00
binance_announcements,telegramchannels,channel,9,Cryptocurrencies,en,23,2026-04-30T17:54:54.254367+00:00
crypto_blockchain_coin_stock_new,telegramchannels,channel,9,Cryptocurrencies,en,24,2026-04-30T17:54:54.254370+00:00
sergeisergienkoen,telegramchannels,channel,9,Cryptocurrencies,en,25,2026-04-30T17:54:54.254373+00:00
token_1win,telegramchannels,channel,9,Cryptocurrencies,en,26,2026-04-30T17:54:54.254376+00:00
hayzonn,telegramchannels,channel,9,Cryptocurrencies,en,27,2026-04-30T17:54:54.254379+00:00
popcorn_today,telegramchannels,channel,9,Cryptocurrencies,en,28,2026-04-30T17:54:54.254382+00:00
app301,telegramchannels,channel,9,Cryptocurrencies,en,29,2026-04-30T17:54:54.254385+00:00
thememetimes,telegramchannels,channel,9,Cryptocurrencies,en,30,2026-04-30T17:54:54.254388+00:00
dogiators,telegramchannels,channel,9,Cryptocurrencies,en,31,2026-04-30T17:54:54.254391+00:00
cexio_announcements,telegramchannels,channel,9,Cryptocurrencies,en,32,2026-04-30T17:54:54.254395+00:00
boinkersnews,telegramchannels,channel,9,Cryptocurrencies,en,33,2026-04-30T17:54:54.254398+00:00
fintopionews,telegramchannels,channel,9,Cryptocurrencies,en,34,2026-04-30T17:54:54.254401+00:00
mememe,telegramchannels,channel,9,Cryptocurrencies,en,35,2026-04-30T17:54:54.254404+00:00
xdaoapp,telegramchannels,channel,9,Cryptocurrencies,en,36,2026-04-30T17:54:54.254407+00:00
memeslabxyz,telegramchannels,channel,9,Cryptocurrencies,en,37,2026-04-30T17:54:54.254410+00:00
coinmarket,telegramchannels,channel,9,Cryptocurrencies,en,38,2026-04-30T17:54:54.254412+00:00
hash_cats,telegramchannels,channel,9,Cryptocurrencies,en,39,2026-04-30T17:54:54.254415+00:00
alexnosleep,telegramchannels,channel,9,Cryptocurrencies,en,40,2026-04-30T17:54:54.254418+00:00
tomo_cat,telegramchannels,channel,9,Cryptocurrencies,en,41,2026-04-30T17:54:54.254427+00:00
pigscrew,telegramchannels,channel,9,Cryptocurrencies,en,42,2026-04-30T17:54:54.254430+00:00
pepefrogbar,telegramchannels,channel,9,Cryptocurrencies,en,43,2026-04-30T17:54:54.254432+00:00
tongotchicrypto,telegramchannels,channel,9,Cryptocurrencies,en,44,2026-04-30T17:54:54.254435+00:00
the_vertus,telegramchannels,channel,9,Cryptocurrencies,en,45,2026-04-30T17:54:54.254438+00:00
crypto_jokker,telegramchannels,channel,9,Cryptocurrencies,en,46,2026-04-30T17:54:54.254441+00:00
tabi_ann,telegramchannels,channel,9,Cryptocurrencies,en,47,2026-04-30T17:54:54.254444+00:00
matchain_fam,telegramchannels,channel,9,Cryptocurrencies,en,48,2026-04-30T17:54:54.254447+00:00
catia_announcement,telegramchannels,channel,9,Cryptocurrencies,en,49,2026-04-30T17:54:54.254450+00:00
hexnio,telegramchannels,channel,9,Cryptocurrencies,en,50,2026-04-30T17:54:54.254453+00:00
learn2earnings,telegramchannels,channel,9,Cryptocurrencies,en,51,2026-04-30T17:54:54.254456+00:00
farmfrog,telegramchannels,channel,9,Cryptocurrencies,en,52,2026-04-30T17:54:54.254459+00:00
grafunmeme,telegramchannels,channel,9,Cryptocurrencies,en,53,2026-04-30T17:54:54.254462+00:00
avagoldcoin,telegramchannels,channel,9,Cryptocurrencies,en,54,2026-04-30T17:54:54.254465+00:00
the_ratskingdom,telegramchannels,channel,9,Cryptocurrencies,en,55,2026-04-30T17:54:54.254468+00:00
pocketfi,telegramchannels,channel,9,Cryptocurrencies,en,56,2026-04-30T17:54:54.254471+00:00
onus_globalchannel,telegramchannels,channel,9,Cryptocurrencies,en,57,2026-04-30T17:54:54.254474+00:00
thefreedogs_ann,telegramchannels,channel,9,Cryptocurrencies,en,58,2026-04-30T17:54:54.254476+00:00
ponchiqs,telegramchannels,channel,9,Cryptocurrencies,en,59,2026-04-30T17:54:54.254479+00:00
meshchainai,telegramchannels,channel,9,Cryptocurrencies,en,60,2026-04-30T17:54:54.254482+00:00
cryp2day,telegramchannels,channel,9,Cryptocurrencies,en,61,2026-04-30T17:54:54.254485+00:00
nicegramapp,telegramchannels,channel,9,Cryptocurrencies,en,62,2026-04-30T17:54:54.254488+00:00
duckcoopchannel,telegramchannels,channel,9,Cryptocurrencies,en,63,2026-04-30T17:54:54.254491+00:00
boomloudcoin,telegramchannels,channel,9,Cryptocurrencies,en,64,2026-04-30T17:54:54.254494+00:00
cryptoboten,telegramchannels,channel,9,Cryptocurrencies,en,65,2026-04-30T17:54:54.254497+00:00
icebergen,telegramchannels,channel,9,Cryptocurrencies,en,66,2026-04-30T17:54:54.254501+00:00
crypto_insidderr,telegramchannels,channel,9,Cryptocurrencies,en,67,2026-04-30T17:54:54.254504+00:00
benefactor0101,telegramchannels,channel,9,Cryptocurrencies,en,68,2026-04-30T17:54:54.254507+00:00
nomis_protocol,telegramchannels,channel,9,Cryptocurrencies,en,69,2026-04-30T17:54:54.254510+00:00
rating_community,telegramchannels,channel,9,Cryptocurrencies,en,70,2026-04-30T17:54:54.254513+00:00
frens_news,telegramchannels,channel,9,Cryptocurrencies,en,71,2026-04-30T17:54:54.254516+00:00
frendscoin,telegramchannels,channel,9,Cryptocurrencies,en,72,2026-04-30T17:54:54.254518+00:00
tonski_eng,telegramchannels,channel,9,Cryptocurrencies,en,73,2026-04-30T17:54:54.254522+00:00
tonskiton,telegramchannels,channel,9,Cryptocurrencies,en,74,2026-04-30T17:54:54.254525+00:00
gemswall,telegramchannels,channel,9,Cryptocurrencies,en,75,2026-04-30T17:54:54.254528+00:00
pilotdao,telegramchannels,channel,9,Cryptocurrencies,en,76,2026-04-30T17:54:54.254531+00:00
bfinancepay,telegramchannels,channel,9,Cryptocurrencies,en,77,2026-04-30T17:54:54.254534+00:00
wormfare,telegramchannels,channel,9,Cryptocurrencies,en,78,2026-04-30T17:54:54.254537+00:00
monorixofficial,telegramchannels,channel,9,Cryptocurrencies,en,79,2026-04-30T17:54:54.254540+00:00
tonraffles_en,telegramchannels,channel,9,Cryptocurrencies,en,80,2026-04-30T17:54:54.254543+00:00
tonapp,telegramchannels,channel,9,Cryptocurrencies,en,81,2026-04-30T17:54:54.254546+00:00
coffeesolmeme,telegramchannels,channel,9,Cryptocurrencies,en,82,2026-04-30T17:54:54.254549+00:00
bitget_announcements,telegramchannels,channel,9,Cryptocurrencies,en,83,2026-04-30T17:54:54.254552+00:00
avacoin_apps,telegramchannels,channel,9,Cryptocurrencies,en,84,2026-04-30T17:54:54.254555+00:00
iceblockchain,telegramchannels,channel,9,Cryptocurrencies,en,85,2026-04-30T17:54:54.254557+00:00
skate_app,telegramchannels,channel,9,Cryptocurrencies,en,86,2026-04-30T17:54:54.254560+00:00
deepsafe_official,telegramchannels,channel,9,Cryptocurrencies,en,87,2026-04-30T17:54:54.254564+00:00
alex_royce_btc,telegramchannels,channel,9,Cryptocurrencies,en,88,2026-04-30T17:54:54.254567+00:00
coubnews,telegramchannels,channel,9,Cryptocurrencies,en,89,2026-04-30T17:54:54.254570+00:00
tea_solmeme,telegramchannels,channel,9,Cryptocurrencies,en,90,2026-04-30T17:54:54.254573+00:00
midasrwa,telegramchannels,channel,9,Cryptocurrencies,en,91,2026-04-30T17:54:54.254576+00:00
notboredpuppies_news,telegramchannels,channel,9,Cryptocurrencies,en,92,2026-04-30T17:54:54.254579+00:00
richdoggame,telegramchannels,channel,9,Cryptocurrencies,en,93,2026-04-30T17:54:54.254582+00:00
tonbingoworld,telegramchannels,channel,9,Cryptocurrencies,en,94,2026-04-30T17:54:54.254585+00:00
naija_free,telegramchannels,channel,9,Cryptocurrencies,en,95,2026-04-30T17:54:54.254588+00:00
cedex_io,telegramchannels,channel,9,Cryptocurrencies,en,96,2026-04-30T17:54:54.254591+00:00
drops_tgcoin,telegramchannels,channel,9,Cryptocurrencies,en,97,2026-04-30T17:54:54.254594+00:00
bfd_coin,telegramchannels,channel,9,Cryptocurrencies,en,98,2026-04-30T17:54:54.254597+00:00
cryptolifebro,telegramchannels,channel,9,Cryptocurrencies,en,99,2026-04-30T17:54:54.254600+00:00
vanillafinancenews,telegramchannels,channel,9,Cryptocurrencies,en,100,2026-04-30T17:54:54.254603+00:00
watersolmeme,telegramchannels,channel,9,Cryptocurrencies,en,101,2026-04-30T17:54:54.254607+00:00
sidekick_announcements,telegramchannels,channel,9,Cryptocurrencies,en,102,2026-04-30T17:54:54.254610+00:00
pineye,telegramchannels,channel,9,Cryptocurrencies,en,103,2026-04-30T17:54:54.254613+00:00
dailychannels,telegramchannels,channel,9,Cryptocurrencies,en,104,2026-04-30T17:54:54.254618+00:00
bitget_wallet_announcement,telegramchannels,channel,42,Crypto & FX Trading,en,1,2026-04-30T17:55:07.315491+00:00
blumcrypto,telegramchannels,channel,42,Crypto & FX Trading,en,2,2026-04-30T17:55:07.315499+00:00
thearefcrypto,telegramchannels,channel,42,Crypto & FX Trading,en,3,2026-04-30T17:55:07.315502+00:00
futures,telegramchannels,channel,42,Crypto & FX Trading,en,7,2026-04-30T17:55:07.315518+00:00
cryptomemefoundation,telegramchannels,channel,42,Crypto & FX Trading,en,8,2026-04-30T17:55:07.315521+00:00
cryptohylos,telegramchannels,channel,42,Crypto & FX Trading,en,9,2026-04-30T17:55:07.315524+00:00
wavesnews,telegramchannels,channel,42,Crypto & FX Trading,en,10,2026-04-30T17:55:07.315527+00:00
xyro_io,telegramchannels,channel,42,Crypto & FX Trading,en,11,2026-04-30T17:55:07.315530+00:00
roasted_crypto,telegramchannels,channel,42,Crypto & FX Trading,en,12,2026-04-30T17:55:07.315532+00:00
cloutcoinsol,telegramchannels,channel,42,Crypto & FX Trading,en,13,2026-04-30T17:55:07.315535+00:00
storm_trade_news,telegramchannels,channel,42,Crypto & FX Trading,en,14,2026-04-30T17:55:07.315538+00:00
blombardsignal,telegramchannels,channel,42,Crypto & FX Trading,en,15,2026-04-30T17:55:07.315541+00:00
trading_crypto_signals_bitcoin,telegramchannels,channel,42,Crypto & FX Trading,en,16,2026-04-30T17:55:07.315544+00:00
stockideaofficial,telegramchannels,channel,42,Crypto & FX Trading,en,17,2026-04-30T17:55:07.315547+00:00
solana_millionaires,telegramchannels,channel,42,Crypto & FX Trading,en,18,2026-04-30T17:55:07.315550+00:00
slex_io,telegramchannels,channel,42,Crypto & FX Trading,en,19,2026-04-30T17:55:07.315553+00:00
sergehexn,telegramchannels,channel,42,Crypto & FX Trading,en,20,2026-04-30T17:55:07.315556+00:00
tradinggainx,telegramchannels,channel,42,Crypto & FX Trading,en,21,2026-04-30T17:55:07.315559+00:00
olymp_trade_signals_quotex,telegramchannels,channel,42,Crypto & FX Trading,en,22,2026-04-30T17:55:07.315562+00:00
notatradereng,telegramchannels,channel,42,Crypto & FX Trading,en,23,2026-04-30T17:55:07.315564+00:00
retoschneider,telegramchannels,channel,42,Crypto & FX Trading,en,24,2026-04-30T17:55:07.315567+00:00
vooi_app,telegramchannels,channel,42,Crypto & FX Trading,en,25,2026-04-30T17:55:07.315570+00:00
bybit_announcements,telegramchannels,channel,42,Crypto & FX Trading,en,26,2026-04-30T17:55:07.315573+00:00
odes_ai,telegramchannels,channel,42,Crypto & FX Trading,en,27,2026-04-30T17:55:07.315575+00:00
daytradertelugu,telegramchannels,channel,42,Crypto & FX Trading,en,28,2026-04-30T17:55:07.315578+00:00
d3x_crypto,telegramchannels,channel,42,Crypto & FX Trading,en,29,2026-04-30T17:55:07.315581+00:00
cryptovipsignalta,telegramchannels,channel,42,Crypto & FX Trading,en,30,2026-04-30T17:55:07.315584+00:00
next10xgem1,telegramchannels,channel,42,Crypto & FX Trading,en,31,2026-04-30T17:55:07.315587+00:00
poveldurev,telegramchannels,channel,42,Crypto & FX Trading,en,32,2026-04-30T17:55:07.315589+00:00
quotex_reviews,telegramchannels,channel,42,Crypto & FX Trading,en,33,2026-04-30T17:55:07.315592+00:00
ling_crypto,telegramchannels,channel,42,Crypto & FX Trading,en,34,2026-04-30T17:55:07.315595+00:00
celiaexchange,telegramchannels,channel,42,Crypto & FX Trading,en,35,2026-04-30T17:55:07.315597+00:00
crypto_bitcoin_pumps_signal,telegramchannels,channel,42,Crypto & FX Trading,en,36,2026-04-30T17:55:07.315600+00:00
easyforexpips,telegramchannels,channel,42,Crypto & FX Trading,en,37,2026-04-30T17:55:07.315603+00:00
not_a_trade,telegramchannels,channel,42,Crypto & FX Trading,en,38,2026-04-30T17:55:07.315606+00:00
f_crypto_pumps_l,telegramchannels,channel,42,Crypto & FX Trading,en,39,2026-04-30T17:55:07.315609+00:00
toptrades100,telegramchannels,channel,42,Crypto & FX Trading,en,40,2026-04-30T17:55:07.315612+00:00
whalesguide,telegramchannels,channel,42,Crypto & FX Trading,en,41,2026-04-30T17:55:07.315614+00:00
trading_signals8,telegramchannels,channel,42,Crypto & FX Trading,en,42,2026-04-30T17:55:07.315617+00:00
crypto_pumps_btc,telegramchannels,channel,42,Crypto & FX Trading,en,43,2026-04-30T17:55:07.315620+00:00
shark_grp,telegramchannels,channel,42,Crypto & FX Trading,en,44,2026-04-30T17:55:07.315623+00:00
volatility75_signals1,telegramchannels,channel,42,Crypto & FX Trading,en,45,2026-04-30T17:55:07.315626+00:00
wolfoftrading,telegramchannels,channel,42,Crypto & FX Trading,en,46,2026-04-30T17:55:07.315628+00:00
cryptoinnercircle,telegramchannels,channel,42,Crypto & FX Trading,en,47,2026-04-30T17:55:07.315631+00:00
fedrussianinsiders,telegramchannels,channel,42,Crypto & FX Trading,en,48,2026-04-30T17:55:07.315634+00:00
the_cryptospy,telegramchannels,channel,42,Crypto & FX Trading,en,49,2026-04-30T17:55:07.315636+00:00
noiambillio_laurent,telegramchannels,channel,42,Crypto & FX Trading,en,50,2026-04-30T17:55:07.315639+00:00
ict_theinnercircletrade,telegramchannels,channel,42,Crypto & FX Trading,en,51,2026-04-30T17:55:07.315642+00:00
cryptoofficer,telegramchannels,channel,42,Crypto & FX Trading,en,52,2026-04-30T17:55:07.315644+00:00
xplusofficial,telegramchannels,channel,42,Crypto & FX Trading,en,53,2026-04-30T17:55:07.315647+00:00
forex_school_of_trades01,telegramchannels,channel,42,Crypto & FX Trading,en,54,2026-04-30T17:55:07.315651+00:00
goldtradermo,telegramchannels,channel,42,Crypto & FX Trading,en,55,2026-04-30T17:55:07.315653+00:00
forexfactorytrading1,telegramchannels,channel,42,Crypto & FX Trading,en,56,2026-04-30T17:55:07.315656+00:00
kowalskitrade,telegramchannels,channel,42,Crypto & FX Trading,en,57,2026-04-30T17:55:07.315659+00:00
cc_crypto_tips,telegramchannels,channel,42,Crypto & FX Trading,en,58,2026-04-30T17:55:07.315662+00:00
xm_brokersignalsfx,telegramchannels,channel,42,Crypto & FX Trading,en,59,2026-04-30T17:55:07.315665+00:00
fundfolio,telegramchannels,channel,42,Crypto & FX Trading,en,60,2026-04-30T17:55:07.315668+00:00
tradoor_io,telegramchannels,channel,42,Crypto & FX Trading,en,61,2026-04-30T17:55:07.315671+00:00
tradingtechstreet,telegramchannels,channel,42,Crypto & FX Trading,en,62,2026-04-30T17:55:07.315674+00:00
haydarcrypto,telegramchannels,channel,42,Crypto & FX Trading,en,63,2026-04-30T17:55:07.315677+00:00
forex_btcusd_signals,telegramchannels,channel,42,Crypto & FX Trading,en,64,2026-04-30T17:55:07.315679+00:00
blockchainwhispersbaby,telegramchannels,channel,42,Crypto & FX Trading,en,65,2026-04-30T17:55:07.315682+00:00
fxstreetforex,telegramchannels,channel,42,Crypto & FX Trading,en,66,2026-04-30T17:55:07.315685+00:00
ladyofcryptocommunity,telegramchannels,channel,42,Crypto & FX Trading,en,67,2026-04-30T17:55:07.315688+00:00
kucoin_binance_pumps,telegramchannels,channel,42,Crypto & FX Trading,en,68,2026-04-30T17:55:07.315691+00:00
gtmo13,telegramchannels,channel,42,Crypto & FX Trading,en,69,2026-04-30T17:55:07.315694+00:00
cryptoclubpump,telegramchannels,channel,42,Crypto & FX Trading,en,70,2026-04-30T17:55:07.315696+00:00
infinity_crypto_signals,telegramchannels,channel,42,Crypto & FX Trading,en,71,2026-04-30T17:55:07.315699+00:00
doublegtrading,telegramchannels,channel,42,Crypto & FX Trading,en,72,2026-04-30T17:55:07.315702+00:00
cryptoninjastradingofficial1,telegramchannels,channel,42,Crypto & FX Trading,en,73,2026-04-30T17:55:07.315705+00:00
btcusd_fx_ethusd,telegramchannels,channel,42,Crypto & FX Trading,en,74,2026-04-30T17:55:07.315707+00:00
crypto_pumps_binance,telegramchannels,channel,42,Crypto & FX Trading,en,75,2026-04-30T17:55:07.315710+00:00
airdropsalertteam,telegramchannels,channel,42,Crypto & FX Trading,en,76,2026-04-30T17:55:07.315713+00:00
tcgforyou,telegramchannels,channel,42,Crypto & FX Trading,en,77,2026-04-30T17:55:07.315715+00:00
forexsignals,telegramchannels,channel,42,Crypto & FX Trading,en,78,2026-04-30T17:55:07.315718+00:00
bullstar1,telegramchannels,channel,42,Crypto & FX Trading,en,79,2026-04-30T17:55:07.315721+00:00
lewiskellyforex_1,telegramchannels,channel,42,Crypto & FX Trading,en,80,2026-04-30T17:55:07.315724+00:00
anabelsignals8,telegramchannels,channel,42,Crypto & FX Trading,en,81,2026-04-30T17:55:07.315727+00:00
forexscalping_signalsfree,telegramchannels,channel,42,Crypto & FX Trading,en,82,2026-04-30T17:55:07.315730+00:00
coin_signals,telegramchannels,channel,42,Crypto & FX Trading,en,83,2026-04-30T17:55:07.315733+00:00
us30_dowjones_signals,telegramchannels,channel,42,Crypto & FX Trading,en,84,2026-04-30T17:55:07.315735+00:00
jacobcryptoclandiscord,telegramchannels,channel,42,Crypto & FX Trading,en,85,2026-04-30T17:55:07.315738+00:00
goldtradermogtmo,telegramchannels,channel,42,Crypto & FX Trading,en,86,2026-04-30T17:55:07.315741+00:00
lamboraul5,telegramchannels,channel,42,Crypto & FX Trading,en,87,2026-04-30T17:55:07.315743+00:00
nasdaqr,telegramchannels,channel,42,Crypto & FX Trading,en,88,2026-04-30T17:55:07.315746+00:00
vantage_forex_invest,telegramchannels,channel,42,Crypto & FX Trading,en,89,2026-04-30T17:55:07.315748+00:00
eveningtrader_real,telegramchannels,channel,42,Crypto & FX Trading,en,90,2026-04-30T17:55:07.315751+00:00
alexgswingtradinglab001,telegramchannels,channel,42,Crypto & FX Trading,en,91,2026-04-30T17:55:07.315754+00:00
cryptonewstel,telegramchannels,channel,42,Crypto & FX Trading,en,92,2026-04-30T17:55:07.315756+00:00
chartbank,telegramchannels,channel,42,Crypto & FX Trading,en,93,2026-04-30T17:55:07.315759+00:00
nfts_defi,telegramchannels,channel,42,Crypto & FX Trading,en,94,2026-04-30T17:55:07.315761+00:00
crypto_billionaires_signal,telegramchannels,channel,42,Crypto & FX Trading,en,95,2026-04-30T17:55:07.315764+00:00
tu_crypto_ideas_en,telegramchannels,channel,42,Crypto & FX Trading,en,96,2026-04-30T17:55:07.315767+00:00
finsignal,telegramchannels,channel,42,Crypto & FX Trading,en,97,2026-04-30T17:55:07.315769+00:00
crypto_bitcoin_trading_news,telegramchannels,channel,42,Crypto & FX Trading,en,98,2026-04-30T17:55:07.315772+00:00
forex_signals_blues1,telegramchannels,channel,42,Crypto & FX Trading,en,99,2026-04-30T17:55:07.315775+00:00
eveningtradercryptosignals,telegramchannels,channel,42,Crypto & FX Trading,en,100,2026-04-30T17:55:07.315778+00:00
meta_trader_5_signa,telegramchannels,channel,42,Crypto & FX Trading,en,101,2026-04-30T17:55:07.315781+00:00
forex_dana_signals,telegramchannels,channel,42,Crypto & FX Trading,en,102,2026-04-30T17:55:07.315784+00:00
signal_bitcoins,telegramchannels,channel,42,Crypto & FX Trading,en,103,2026-04-30T17:55:07.315786+00:00
dailychannels,telegramchannels,channel,42,Crypto & FX Trading,en,104,2026-04-30T17:55:07.315791+00:00
tonblockchain,telegramchannels,channel,10,Economics & Finance,en,1,2026-04-30T17:55:20.661379+00:00
venture,telegramchannels,channel,10,Economics & Finance,en,2,2026-04-30T17:55:20.661387+00:00
whiplash347,telegramchannels,channel,10,Economics & Finance,en,3,2026-04-30T17:55:20.661391+00:00
billionaire_funded,telegramchannels,channel,10,Economics & Finance,en,7,2026-04-30T17:55:20.661409+00:00
join10xacademy7,telegramchannels,channel,10,Economics & Finance,en,8,2026-04-30T17:55:20.661412+00:00
infomoney_noticias,telegramchannels,channel,10,Economics & Finance,en,9,2026-04-30T17:55:20.661416+00:00
statista_infographics_statistics,telegramchannels,channel,10,Economics & Finance,en,10,2026-04-30T17:55:20.661424+00:00
hertraderscircle,telegramchannels,channel,10,Economics & Finance,en,11,2026-04-30T17:55:20.661449+00:00
bybit_card_official,telegramchannels,channel,10,Economics & Finance,en,12,2026-04-30T17:55:20.661457+00:00
econflash,telegramchannels,channel,10,Economics & Finance,en,13,2026-04-30T17:55:20.661461+00:00
economyfinancemoney,telegramchannels,channel,10,Economics & Finance,en,14,2026-04-30T17:55:20.661465+00:00
elliottwavemonitor,telegramchannels,channel,10,Economics & Finance,en,15,2026-04-30T17:55:20.661468+00:00
goldensnd,telegramchannels,channel,10,Economics & Finance,en,16,2026-04-30T17:55:20.661471+00:00
marketranger,telegramchannels,channel,10,Economics & Finance,en,17,2026-04-30T17:55:20.661474+00:00
sensexnow,telegramchannels,channel,10,Economics & Finance,en,18,2026-04-30T17:55:20.661477+00:00
bankerx,telegramchannels,channel,10,Economics & Finance,en,19,2026-04-30T17:55:20.661480+00:00
poemsta,telegramchannels,channel,10,Economics & Finance,en,20,2026-04-30T17:55:20.661483+00:00
chief_ai_officer,telegramchannels,channel,10,Economics & Finance,en,21,2026-04-30T17:55:20.661487+00:00
theparadigmshiftchannel,telegramchannels,channel,10,Economics & Finance,en,22,2026-04-30T17:55:20.661490+00:00
mmagnetics,telegramchannels,channel,10,Economics & Finance,en,23,2026-04-30T17:55:20.661493+00:00
indexofchannel,telegramchannels,channel,10,Economics & Finance,en,24,2026-04-30T17:55:20.661496+00:00
ewaplans,telegramchannels,channel,10,Economics & Finance,en,25,2026-04-30T17:55:20.661499+00:00
nido_russia,telegramchannels,channel,10,Economics & Finance,en,26,2026-04-30T17:55:20.661502+00:00
stockmarketgyanaad0211,telegramchannels,channel,10,Economics & Finance,en,27,2026-04-30T17:55:20.661505+00:00
cbondsglobal,telegramchannels,channel,10,Economics & Finance,en,28,2026-04-30T17:55:20.661508+00:00
scanfinjapanesecandlestick,telegramchannels,channel,10,Economics & Finance,en,29,2026-04-30T17:55:20.661511+00:00
exclusivehomesmadeira,telegramchannels,channel,10,Economics & Finance,en,30,2026-04-30T17:55:20.661514+00:00
thomassowellquote,telegramchannels,channel,10,Economics & Finance,en,31,2026-04-30T17:55:20.661517+00:00
ex4_to_mq4_convert,telegramchannels,channel,10,Economics & Finance,en,32,2026-04-30T17:55:20.661520+00:00
intrdayprofit,telegramchannels,channel,10,Economics & Finance,en,33,2026-04-30T17:55:20.661524+00:00
marketchampion,telegramchannels,channel,10,Economics & Finance,en,34,2026-04-30T17:55:20.661527+00:00
freemoneynetwork,telegramchannels,channel,10,Economics & Finance,en,35,2026-04-30T17:55:20.661530+00:00
stockguru1,telegramchannels,channel,10,Economics & Finance,en,36,2026-04-30T17:55:20.661533+00:00
mgic_officialchannel,telegramchannels,channel,10,Economics & Finance,en,37,2026-04-30T17:55:20.661536+00:00
lamboraulcourse,telegramchannels,channel,10,Economics & Finance,en,38,2026-04-30T17:55:20.661539+00:00
intradaytredingbyms,telegramchannels,channel,10,Economics & Finance,en,39,2026-04-30T17:55:20.661542+00:00
assetdashdotcom,telegramchannels,channel,10,Economics & Finance,en,40,2026-04-30T17:55:20.661545+00:00
hqbins9,telegramchannels,channel,10,Economics & Finance,en,41,2026-04-30T17:55:20.661548+00:00
stockmania1,telegramchannels,channel,10,Economics & Finance,en,42,2026-04-30T17:55:20.661551+00:00
gold_news_channel,telegramchannels,channel,10,Economics & Finance,en,43,2026-04-30T17:55:20.661554+00:00
research04,telegramchannels,channel,10,Economics & Finance,en,44,2026-04-30T17:55:20.661557+00:00
dantefreesignals,telegramchannels,channel,10,Economics & Finance,en,45,2026-04-30T17:55:20.661560+00:00
stockprofitsure,telegramchannels,channel,10,Economics & Finance,en,46,2026-04-30T17:55:20.661563+00:00
sharecapsule,telegramchannels,channel,10,Economics & Finance,en,47,2026-04-30T17:55:20.661565+00:00
blyzeai,telegramchannels,channel,10,Economics & Finance,en,48,2026-04-30T17:55:20.661568+00:00
abquantify1,telegramchannels,channel,10,Economics & Finance,en,49,2026-04-30T17:55:20.661571+00:00
sure_means_sure,telegramchannels,channel,10,Economics & Finance,en,50,2026-04-30T17:55:20.661574+00:00
mcxtradelearn,telegramchannels,channel,10,Economics & Finance,en,51,2026-04-30T17:55:20.661577+00:00
finnowledge,telegramchannels,channel,10,Economics & Finance,en,52,2026-04-30T17:55:20.661580+00:00
scanfinstockexchange,telegramchannels,channel,10,Economics & Finance,en,53,2026-04-30T17:55:20.661583+00:00
usstockhub,telegramchannels,channel,10,Economics & Finance,en,54,2026-04-30T17:55:20.661586+00:00
learnstock_market,telegramchannels,channel,10,Economics & Finance,en,55,2026-04-30T17:55:20.661589+00:00
swingmasterpro1,telegramchannels,channel,10,Economics & Finance,en,56,2026-04-30T17:55:20.661592+00:00
bestintradaycalls1,telegramchannels,channel,10,Economics & Finance,en,57,2026-04-30T17:55:20.661595+00:00
successinvestmentsi,telegramchannels,channel,10,Economics & Finance,en,58,2026-04-30T17:55:20.661598+00:00
zksync_community_channel,telegramchannels,channel,10,Economics & Finance,en,59,2026-04-30T17:55:20.661601+00:00
payment_gateway_universal,telegramchannels,channel,10,Economics & Finance,en,60,2026-04-30T17:55:20.661604+00:00
pfser_official,telegramchannels,channel,10,Economics & Finance,en,61,2026-04-30T17:55:20.661607+00:00
stockmarketanaiysis,telegramchannels,channel,10,Economics & Finance,en,62,2026-04-30T17:55:20.661610+00:00
stonksscan,telegramchannels,channel,10,Economics & Finance,en,63,2026-04-30T17:55:20.661612+00:00
getfundedservicechannel,telegramchannels,channel,10,Economics & Finance,en,64,2026-04-30T17:55:20.661615+00:00
frauddept01,telegramchannels,channel,10,Economics & Finance,en,65,2026-04-30T17:55:20.661618+00:00
shares_intradaytips,telegramchannels,channel,10,Economics & Finance,en,66,2026-04-30T17:55:20.661621+00:00
kevlar_bosuben_ventures,telegramchannels,channel,10,Economics & Finance,en,67,2026-04-30T17:55:20.661624+00:00
scanfinmain,telegramchannels,channel,10,Economics & Finance,en,68,2026-04-30T17:55:20.661627+00:00
renestorefortnite,telegramchannels,channel,10,Economics & Finance,en,69,2026-04-30T17:55:20.661630+00:00
forexgoldexpert,telegramchannels,channel,10,Economics & Finance,en,70,2026-04-30T17:55:20.661633+00:00
my_stock_view,telegramchannels,channel,10,Economics & Finance,en,71,2026-04-30T17:55:20.661635+00:00
miningst0cks,telegramchannels,channel,10,Economics & Finance,en,72,2026-04-30T17:55:20.661638+00:00
onchains_channel,telegramchannels,channel,10,Economics & Finance,en,73,2026-04-30T17:55:20.661641+00:00
tgk_public_community,telegramchannels,channel,10,Economics & Finance,en,74,2026-04-30T17:55:20.661644+00:00
gx12bot,telegramchannels,channel,10,Economics & Finance,en,75,2026-04-30T17:55:20.661647+00:00
power_of_stock_pivot_point,telegramchannels,channel,10,Economics & Finance,en,76,2026-04-30T17:55:20.661650+00:00
earnonlinewithproofs,telegramchannels,channel,10,Economics & Finance,en,77,2026-04-30T17:55:20.661653+00:00
how_much_they_can_earn,telegramchannels,channel,10,Economics & Finance,en,78,2026-04-30T17:55:20.661656+00:00
goldishold1593,telegramchannels,channel,10,Economics & Finance,en,79,2026-04-30T17:55:20.661659+00:00
movocashtransfers,telegramchannels,channel,10,Economics & Finance,en,80,2026-04-30T17:55:20.661662+00:00
escaperat,telegramchannels,channel,10,Economics & Finance,en,81,2026-04-30T17:55:20.661664+00:00
tatehu2,telegramchannels,channel,10,Economics & Finance,en,82,2026-04-30T17:55:20.661667+00:00
bigwintrx,telegramchannels,channel,10,Economics & Finance,en,83,2026-04-30T17:55:20.661670+00:00
paytmearningpaytm1,telegramchannels,channel,10,Economics & Finance,en,84,2026-04-30T17:55:20.661672+00:00
makingmoneyforumcom,telegramchannels,channel,10,Economics & Finance,en,85,2026-04-30T17:55:20.661675+00:00
moneycontrolofficial,telegramchannels,channel,10,Economics & Finance,en,86,2026-04-30T17:55:20.661678+00:00
scopefxsignals,telegramchannels,channel,10,Economics & Finance,en,87,2026-04-30T17:55:20.661681+00:00
thespecula,telegramchannels,channel,10,Economics & Finance,en,88,2026-04-30T17:55:20.661683+00:00
asstock3,telegramchannels,channel,10,Economics & Finance,en,89,2026-04-30T17:55:20.661686+00:00
dailychannels,telegramchannels,channel,10,Economics & Finance,en,90,2026-04-30T17:55:20.661691+00:00
visionias_upsc,telegramchannels,channel,11,Education,en,1,2026-04-30T17:55:34.032766+00:00
englishwithranimaam,telegramchannels,channel,11,Education,en,2,2026-04-30T17:55:34.032773+00:00
linkedin_learning,telegramchannels,channel,11,Education,en,3,2026-04-30T17:55:34.032776+00:00
zero_to_mastery,telegramchannels,channel,11,Education,en,7,2026-04-30T17:55:34.032793+00:00
tartariahistorychannel,telegramchannels,channel,11,Education,en,8,2026-04-30T17:55:34.032797+00:00
scholarships365,telegramchannels,channel,11,Education,en,9,2026-04-30T17:55:34.032800+00:00
udemy4u,telegramchannels,channel,11,Education,en,10,2026-04-30T17:55:34.032803+00:00
googlefactss,telegramchannels,channel,11,Education,en,11,2026-04-30T17:55:34.032806+00:00
discudemy_com,telegramchannels,channel,11,Education,en,12,2026-04-30T17:55:34.032809+00:00
curiosity_tea,telegramchannels,channel,11,Education,en,13,2026-04-30T17:55:34.032812+00:00
askmenow,telegramchannels,channel,11,Education,en,14,2026-04-30T17:55:34.032815+00:00
q17_awakening,telegramchannels,channel,11,Education,en,15,2026-04-30T17:55:34.032817+00:00
upsc_prelims_mcq_pyq_quiz,telegramchannels,channel,11,Education,en,16,2026-04-30T17:55:34.032820+00:00
spaceforcegalacticfederation,telegramchannels,channel,11,Education,en,17,2026-04-30T17:55:34.032823+00:00
weird_facts_tm,telegramchannels,channel,11,Education,en,18,2026-04-30T17:55:34.032826+00:00
placement_fellas,telegramchannels,channel,11,Education,en,19,2026-04-30T17:55:34.032829+00:00
patrickkennedy777,telegramchannels,channel,11,Education,en,20,2026-04-30T17:55:34.032832+00:00
scholarship,telegramchannels,channel,11,Education,en,21,2026-04-30T17:55:34.032835+00:00
tutorialbar_udemy_coupons,telegramchannels,channel,11,Education,en,22,2026-04-30T17:55:34.032838+00:00
udacityfreecourse,telegramchannels,channel,11,Education,en,23,2026-04-30T17:55:34.032841+00:00
english_life_quotes_and_facts,telegramchannels,channel,11,Education,en,24,2026-04-30T17:55:34.032844+00:00
realdailylifehacks,telegramchannels,channel,11,Education,en,25,2026-04-30T17:55:34.032847+00:00
englishlearnerspro,telegramchannels,channel,11,Education,en,26,2026-04-30T17:55:34.032850+00:00
becewassce1,telegramchannels,channel,11,Education,en,27,2026-04-30T17:55:34.032853+00:00
udemyfree4you,telegramchannels,channel,11,Education,en,28,2026-04-30T17:55:34.032855+00:00
flatearthandmore,telegramchannels,channel,11,Education,en,29,2026-04-30T17:55:34.032858+00:00
learn_en_grammar,telegramchannels,channel,11,Education,en,30,2026-04-30T17:55:34.032861+00:00
freeonlinecourses_paid_to_free,telegramchannels,channel,11,Education,en,31,2026-04-30T17:55:34.032864+00:00
darshankharefinallaw,telegramchannels,channel,11,Education,en,32,2026-04-30T17:55:34.032867+00:00
camonk8,telegramchannels,channel,11,Education,en,33,2026-04-30T17:55:34.032870+00:00
psychiworld,telegramchannels,channel,11,Education,en,34,2026-04-30T17:55:34.032873+00:00
damhistory,telegramchannels,channel,11,Education,en,35,2026-04-30T17:55:34.032876+00:00
toeflzone,telegramchannels,channel,11,Education,en,36,2026-04-30T17:55:34.032879+00:00
baasidnotice,telegramchannels,channel,11,Education,en,37,2026-04-30T17:55:34.032882+00:00
electroculturefarming,telegramchannels,channel,11,Education,en,38,2026-04-30T17:55:34.032884+00:00
didyoureallyknow,telegramchannels,channel,11,Education,en,39,2026-04-30T17:55:34.032887+00:00
englishworld,telegramchannels,channel,11,Education,en,40,2026-04-30T17:55:34.032890+00:00
ieltsforeverybody,telegramchannels,channel,11,Education,en,41,2026-04-30T17:55:34.032893+00:00
zlibraryorg,telegramchannels,channel,11,Education,en,42,2026-04-30T17:55:34.032896+00:00
phrasedaily,telegramchannels,channel,11,Education,en,43,2026-04-30T17:55:34.032898+00:00
mindblowingfacts,telegramchannels,channel,11,Education,en,44,2026-04-30T17:55:34.032901+00:00
equitymasterofficial,telegramchannels,channel,11,Education,en,45,2026-04-30T17:55:34.032904+00:00
physicsnetset,telegramchannels,channel,11,Education,en,46,2026-04-30T17:55:34.032907+00:00
fresherearth,telegramchannels,channel,11,Education,en,47,2026-04-30T17:55:34.032909+00:00
tutorialpajak,telegramchannels,channel,11,Education,en,48,2026-04-30T17:55:34.032912+00:00
freecodecs,telegramchannels,channel,11,Education,en,49,2026-04-30T17:55:34.032915+00:00
gujarattextbook,telegramchannels,channel,11,Education,en,50,2026-04-30T17:55:34.032918+00:00
thepowerofexcel,telegramchannels,channel,11,Education,en,51,2026-04-30T17:55:34.032921+00:00
udemyoff,telegramchannels,channel,11,Education,en,52,2026-04-30T17:55:34.032923+00:00
volunteersingapore,telegramchannels,channel,11,Education,en,53,2026-04-30T17:55:34.032926+00:00
mltmcq1,telegramchannels,channel,11,Education,en,54,2026-04-30T17:55:34.032929+00:00
documentaryplanet,telegramchannels,channel,11,Education,en,55,2026-04-30T17:55:34.032932+00:00
freeonlinecourses_eacademy,telegramchannels,channel,11,Education,en,56,2026-04-30T17:55:34.032935+00:00
american,telegramchannels,channel,11,Education,en,57,2026-04-30T17:55:34.032938+00:00
cs_algo,telegramchannels,channel,11,Education,en,58,2026-04-30T17:55:34.032941+00:00
termux_hacking_tls,telegramchannels,channel,11,Education,en,59,2026-04-30T17:55:34.032943+00:00
todayilearn,telegramchannels,channel,11,Education,en,60,2026-04-30T17:55:34.032946+00:00
biotechnology_here,telegramchannels,channel,11,Education,en,61,2026-04-30T17:55:34.032949+00:00
learnvocabularyenglish_2022,telegramchannels,channel,11,Education,en,62,2026-04-30T17:55:34.032951+00:00
vectorguruillustrator,telegramchannels,channel,11,Education,en,63,2026-04-30T17:55:34.032954+00:00
springframeworkzone,telegramchannels,channel,11,Education,en,64,2026-04-30T17:55:34.032957+00:00
millennialwoes,telegramchannels,channel,11,Education,en,65,2026-04-30T17:55:34.032959+00:00
ieltsbid,telegramchannels,channel,11,Education,en,66,2026-04-30T17:55:34.032962+00:00
darkwiki,telegramchannels,channel,11,Education,en,67,2026-04-30T17:55:34.032965+00:00
english_poetry,telegramchannels,channel,11,Education,en,68,2026-04-30T17:55:34.032968+00:00
dentalsoft3d,telegramchannels,channel,11,Education,en,69,2026-04-30T17:55:34.032970+00:00
megapack,telegramchannels,channel,11,Education,en,70,2026-04-30T17:55:34.032972+00:00
enexteducation,telegramchannels,channel,11,Education,en,71,2026-04-30T17:55:34.032975+00:00
learningcreators,telegramchannels,channel,11,Education,en,72,2026-04-30T17:55:34.032977+00:00
yuldoshevg,telegramchannels,channel,11,Education,en,73,2026-04-30T17:55:34.032980+00:00
offcampusjobs_freshers,telegramchannels,channel,11,Education,en,74,2026-04-30T17:55:34.032983+00:00
studyqacom,telegramchannels,channel,11,Education,en,75,2026-04-30T17:55:34.032985+00:00
retro,telegramchannels,channel,11,Education,en,76,2026-04-30T17:55:34.032988+00:00
science_facta,telegramchannels,channel,11,Education,en,77,2026-04-30T17:55:34.032990+00:00
adda247school9and10,telegramchannels,channel,11,Education,en,78,2026-04-30T17:55:34.032994+00:00
pharmacollegeplc,telegramchannels,channel,11,Education,en,79,2026-04-30T17:55:34.032996+00:00
apkeditorproo,telegramchannels,channel,11,Education,en,80,2026-04-30T17:55:34.032999+00:00
thestudykafe,telegramchannels,channel,11,Education,en,81,2026-04-30T17:55:34.033001+00:00
freecourseswithcertificates,telegramchannels,channel,11,Education,en,82,2026-04-30T17:55:34.033004+00:00
sportsphysiotherapyhealth,telegramchannels,channel,11,Education,en,83,2026-04-30T17:55:34.033007+00:00
aayushdmamc,telegramchannels,channel,11,Education,en,84,2026-04-30T17:55:34.033009+00:00
engineering_ebooks1,telegramchannels,channel,11,Education,en,85,2026-04-30T17:55:34.033012+00:00
national_defence_academy_1,telegramchannels,channel,11,Education,en,86,2026-04-30T17:55:34.033015+00:00
nietzscheen,telegramchannels,channel,11,Education,en,87,2026-04-30T17:55:34.033017+00:00
tartariabritannica,telegramchannels,channel,11,Education,en,88,2026-04-30T17:55:34.033020+00:00
javascript_js_learn,telegramchannels,channel,11,Education,en,89,2026-04-30T17:55:34.033023+00:00
freecourse,telegramchannels,channel,11,Education,en,90,2026-04-30T17:55:34.033026+00:00
jim_rohn_records,telegramchannels,channel,11,Education,en,91,2026-04-30T17:55:34.033028+00:00
engineeringupdate,telegramchannels,channel,11,Education,en,92,2026-04-30T17:55:34.033031+00:00
factstoexplore,telegramchannels,channel,11,Education,en,93,2026-04-30T17:55:34.033034+00:00
pulmonaryc,telegramchannels,channel,11,Education,en,94,2026-04-30T17:55:34.033036+00:00
reactjs_interview,telegramchannels,channel,11,Education,en,95,2026-04-30T17:55:34.033039+00:00
competitive_programming_cpp,telegramchannels,channel,11,Education,en,96,2026-04-30T17:55:34.033042+00:00
mcqexamprepration007,telegramchannels,channel,11,Education,en,97,2026-04-30T17:55:34.033045+00:00
medicosforlife,telegramchannels,channel,11,Education,en,98,2026-04-30T17:55:34.033047+00:00
english_grammarquizzes,telegramchannels,channel,11,Education,en,99,2026-04-30T17:55:34.033050+00:00
corejavabasicconcept,telegramchannels,channel,11,Education,en,100,2026-04-30T17:55:34.033053+00:00
upsccapfac,telegramchannels,channel,11,Education,en,101,2026-04-30T17:55:34.033055+00:00
cloudandevops,telegramchannels,channel,11,Education,en,102,2026-04-30T17:55:34.033058+00:00
tandem_english,telegramchannels,channel,11,Education,en,103,2026-04-30T17:55:34.033061+00:00
dailychannels,telegramchannels,channel,11,Education,en,104,2026-04-30T17:55:34.033065+00:00
noiambilliolaurent,telegramchannels,channel,12,Entertainment,en,1,2026-04-30T17:55:47.236071+00:00
whalememes,telegramchannels,channel,12,Entertainment,en,2,2026-04-30T17:55:47.236079+00:00
timecoinsol,telegramchannels,channel,12,Entertainment,en,3,2026-04-30T17:55:47.236082+00:00
prank,telegramchannels,channel,12,Entertainment,en,7,2026-04-30T17:55:47.236098+00:00
siarly_of,telegramchannels,channel,12,Entertainment,en,8,2026-04-30T17:55:47.236102+00:00
vixenppublic,telegramchannels,channel,12,Entertainment,en,9,2026-04-30T17:55:47.236105+00:00
preton_meme,telegramchannels,channel,12,Entertainment,en,10,2026-04-30T17:55:47.236108+00:00
stopfooling,telegramchannels,channel,12,Entertainment,en,11,2026-04-30T17:55:47.236110+00:00
videos,telegramchannels,channel,12,Entertainment,en,12,2026-04-30T17:55:47.236113+00:00
chicomemes,telegramchannels,channel,12,Entertainment,en,13,2026-04-30T17:55:47.236116+00:00
programmerjokes,telegramchannels,channel,12,Entertainment,en,14,2026-04-30T17:55:47.236118+00:00
davidavocadowolfe,telegramchannels,channel,12,Entertainment,en,15,2026-04-30T17:55:47.236121+00:00
plantainchipps,telegramchannels,channel,12,Entertainment,en,16,2026-04-30T17:55:47.236124+00:00
bestmemes,telegramchannels,channel,12,Entertainment,en,17,2026-04-30T17:55:47.236127+00:00
funny_videos_10,telegramchannels,channel,12,Entertainment,en,18,2026-04-30T17:55:47.236130+00:00
gistlovershq,telegramchannels,channel,12,Entertainment,en,19,2026-04-30T17:55:47.236133+00:00
funny_videos_gifs_comedy_memes,telegramchannels,channel,12,Entertainment,en,20,2026-04-30T17:55:47.236136+00:00
funny_memes_jokes_english_gifs,telegramchannels,channel,12,Entertainment,en,21,2026-04-30T17:55:47.236139+00:00
notmemes,telegramchannels,channel,12,Entertainment,en,22,2026-04-30T17:55:47.236142+00:00
memes,telegramchannels,channel,12,Entertainment,en,23,2026-04-30T17:55:47.236144+00:00
sgweekend,telegramchannels,channel,12,Entertainment,en,24,2026-04-30T17:55:47.236147+00:00
everyone,telegramchannels,channel,12,Entertainment,en,25,2026-04-30T17:55:47.236149+00:00
randomchatss,telegramchannels,channel,12,Entertainment,en,26,2026-04-30T17:55:47.236152+00:00
xavierzone,telegramchannels,channel,12,Entertainment,en,27,2026-04-30T17:55:47.236155+00:00
sarcasm9,telegramchannels,channel,12,Entertainment,en,28,2026-04-30T17:55:47.236158+00:00
politicallyincorrectjokes,telegramchannels,channel,12,Entertainment,en,29,2026-04-30T17:55:47.236161+00:00
airdropverifiesdss,telegramchannels,channel,12,Entertainment,en,30,2026-04-30T17:55:47.236164+00:00
failarmy_funny_videos_crazy,telegramchannels,channel,12,Entertainment,en,31,2026-04-30T17:55:47.236167+00:00
exoladderindosub,telegramchannels,channel,12,Entertainment,en,32,2026-04-30T17:55:47.236169+00:00
crazynews_today,telegramchannels,channel,12,Entertainment,en,33,2026-04-30T17:55:47.236172+00:00
toresaysplus,telegramchannels,channel,12,Entertainment,en,34,2026-04-30T17:55:47.236175+00:00
dirty_humour,telegramchannels,channel,12,Entertainment,en,35,2026-04-30T17:55:47.236178+00:00
updateee,telegramchannels,channel,12,Entertainment,en,36,2026-04-30T17:55:47.236181+00:00
unfilteredhumour,telegramchannels,channel,12,Entertainment,en,37,2026-04-30T17:55:47.236184+00:00
funny_videos_comedy_memes,telegramchannels,channel,12,Entertainment,en,38,2026-04-30T17:55:47.236186+00:00
daveoneegsauschat,telegramchannels,channel,12,Entertainment,en,39,2026-04-30T17:55:47.236189+00:00
showerthoughts,telegramchannels,channel,12,Entertainment,en,40,2026-04-30T17:55:47.236192+00:00
shockingfact,telegramchannels,channel,12,Entertainment,en,41,2026-04-30T17:55:47.236194+00:00
forbidden_history_tg,telegramchannels,channel,12,Entertainment,en,42,2026-04-30T17:55:47.236198+00:00
memes_room,telegramchannels,channel,12,Entertainment,en,43,2026-04-30T17:55:47.236200+00:00
shitpost,telegramchannels,channel,12,Entertainment,en,44,2026-04-30T17:55:47.236204+00:00
humordeu,telegramchannels,channel,12,Entertainment,en,45,2026-04-30T17:55:47.236207+00:00
essentials_loungee,telegramchannels,channel,12,Entertainment,en,46,2026-04-30T17:55:47.236209+00:00
schizosonline,telegramchannels,channel,12,Entertainment,en,47,2026-04-30T17:55:47.236212+00:00
intfactsen,telegramchannels,channel,12,Entertainment,en,48,2026-04-30T17:55:47.236215+00:00
pepelib,telegramchannels,channel,12,Entertainment,en,49,2026-04-30T17:55:47.236217+00:00
programmer_humor,telegramchannels,channel,12,Entertainment,en,50,2026-04-30T17:55:47.236220+00:00
dont_do_it_bro,telegramchannels,channel,12,Entertainment,en,51,2026-04-30T17:55:47.236223+00:00
workingmenmemes,telegramchannels,channel,12,Entertainment,en,52,2026-04-30T17:55:47.236226+00:00
psyopsmemes,telegramchannels,channel,12,Entertainment,en,53,2026-04-30T17:55:47.236228+00:00
justmemes,telegramchannels,channel,12,Entertainment,en,54,2026-04-30T17:55:47.236232+00:00
tweetsavages,telegramchannels,channel,12,Entertainment,en,55,2026-04-30T17:55:47.236234+00:00
tiktits,telegramchannels,channel,12,Entertainment,en,56,2026-04-30T17:55:47.236237+00:00
anime_news,telegramchannels,channel,12,Entertainment,en,57,2026-04-30T17:55:47.236240+00:00
internetpuke,telegramchannels,channel,12,Entertainment,en,58,2026-04-30T17:55:47.236243+00:00
dirtymemeshub,telegramchannels,channel,12,Entertainment,en,59,2026-04-30T17:55:47.236245+00:00
rugag,telegramchannels,channel,12,Entertainment,en,60,2026-04-30T17:55:47.236248+00:00
memes_mf,telegramchannels,channel,12,Entertainment,en,61,2026-04-30T17:55:47.236251+00:00
dailyepicmemes,telegramchannels,channel,12,Entertainment,en,62,2026-04-30T17:55:47.236253+00:00
volmemes,telegramchannels,channel,12,Entertainment,en,63,2026-04-30T17:55:47.236256+00:00
beinglogical,telegramchannels,channel,12,Entertainment,en,64,2026-04-30T17:55:47.236258+00:00
minionquote,telegramchannels,channel,12,Entertainment,en,65,2026-04-30T17:55:47.236261+00:00
become_ungovernalbe,telegramchannels,channel,12,Entertainment,en,66,2026-04-30T17:55:47.236264+00:00
historymemes88,telegramchannels,channel,12,Entertainment,en,67,2026-04-30T17:55:47.236267+00:00
greatclips,telegramchannels,channel,12,Entertainment,en,68,2026-04-30T17:55:47.236270+00:00
nekofied,telegramchannels,channel,12,Entertainment,en,69,2026-04-30T17:55:47.236273+00:00
autismcentral,telegramchannels,channel,12,Entertainment,en,70,2026-04-30T17:55:47.236275+00:00
lofi_furs,telegramchannels,channel,12,Entertainment,en,71,2026-04-30T17:55:47.236278+00:00
sickipedia,telegramchannels,channel,12,Entertainment,en,72,2026-04-30T17:55:47.236281+00:00
altright_memes,telegramchannels,channel,12,Entertainment,en,73,2026-04-30T17:55:47.236284+00:00
viral_today,telegramchannels,channel,12,Entertainment,en,74,2026-04-30T17:55:47.236286+00:00
disgrace_tg,telegramchannels,channel,12,Entertainment,en,75,2026-04-30T17:55:47.236289+00:00
dankmemesgang,telegramchannels,channel,12,Entertainment,en,76,2026-04-30T17:55:47.236292+00:00
memewar24,telegramchannels,channel,12,Entertainment,en,77,2026-04-30T17:55:47.236295+00:00
onepiecedeluxe,telegramchannels,channel,12,Entertainment,en,78,2026-04-30T17:55:47.236298+00:00
karma_en,telegramchannels,channel,12,Entertainment,en,79,2026-04-30T17:55:47.236300+00:00
dirtymemechannel,telegramchannels,channel,12,Entertainment,en,80,2026-04-30T17:55:47.236303+00:00
x21edge,telegramchannels,channel,12,Entertainment,en,81,2026-04-30T17:55:47.236306+00:00
gifs_en,telegramchannels,channel,12,Entertainment,en,82,2026-04-30T17:55:47.236309+00:00
darwin_tg,telegramchannels,channel,12,Entertainment,en,83,2026-04-30T17:55:47.236311+00:00
funny_videos_2024_top,telegramchannels,channel,12,Entertainment,en,84,2026-04-30T17:55:47.236314+00:00
stupidusernameee,telegramchannels,channel,12,Entertainment,en,85,2026-04-30T17:55:47.236317+00:00
onepiecespoilhere,telegramchannels,channel,12,Entertainment,en,86,2026-04-30T17:55:47.236320+00:00
funny_images,telegramchannels,channel,12,Entertainment,en,87,2026-04-30T17:55:47.236322+00:00
cannesfilms,telegramchannels,channel,12,Entertainment,en,88,2026-04-30T17:55:47.236325+00:00
jretelegram,telegramchannels,channel,12,Entertainment,en,89,2026-04-30T17:55:47.236328+00:00
funny_hubtm,telegramchannels,channel,12,Entertainment,en,90,2026-04-30T17:55:47.236330+00:00
cumtown,telegramchannels,channel,12,Entertainment,en,91,2026-04-30T17:55:47.236333+00:00
mature_memes,telegramchannels,channel,12,Entertainment,en,92,2026-04-30T17:55:47.236336+00:00
funny_crypto_memes,telegramchannels,channel,12,Entertainment,en,93,2026-04-30T17:55:47.236339+00:00
freebies,telegramchannels,channel,12,Entertainment,en,94,2026-04-30T17:55:47.236341+00:00
mildlyinteresting,telegramchannels,channel,12,Entertainment,en,95,2026-04-30T17:55:47.236344+00:00
jackaloocomics,telegramchannels,channel,12,Entertainment,en,96,2026-04-30T17:55:47.236347+00:00
reddit_tg,telegramchannels,channel,12,Entertainment,en,97,2026-04-30T17:55:47.236350+00:00
anime_sekai_officialchannel,telegramchannels,channel,12,Entertainment,en,98,2026-04-30T17:55:47.236353+00:00
memes_funny_joker,telegramchannels,channel,12,Entertainment,en,99,2026-04-30T17:55:47.236355+00:00
greentextmemes,telegramchannels,channel,12,Entertainment,en,100,2026-04-30T17:55:47.236358+00:00
sweet_whatsapp_status_video,telegramchannels,channel,12,Entertainment,en,101,2026-04-30T17:55:47.236361+00:00
comebacklines,telegramchannels,channel,12,Entertainment,en,102,2026-04-30T17:55:47.236364+00:00
jockers_42,telegramchannels,channel,12,Entertainment,en,103,2026-04-30T17:55:47.236366+00:00
dailychannels,telegramchannels,channel,12,Entertainment,en,104,2026-04-30T17:55:47.236371+00:00
pandabuy_fr,telegramchannels,channel,13,Fashion & Beauty,en,1,2026-04-30T17:56:00.120963+00:00
clothonanews,telegramchannels,channel,13,Fashion & Beauty,en,2,2026-04-30T17:56:00.120970+00:00
budgetbabes,telegramchannels,channel,13,Fashion & Beauty,en,3,2026-04-30T17:56:00.120973+00:00
luxury_replica,telegramchannels,channel,13,Fashion & Beauty,en,7,2026-04-30T17:56:00.120989+00:00
trepsllagents,telegramchannels,channel,13,Fashion & Beauty,en,8,2026-04-30T17:56:00.120992+00:00
findpandabuy,telegramchannels,channel,13,Fashion & Beauty,en,9,2026-04-30T17:56:00.120995+00:00
oyinsapparel,telegramchannels,channel,13,Fashion & Beauty,en,10,2026-04-30T17:56:00.120998+00:00
afrocosmeticsusabrand,telegramchannels,channel,13,Fashion & Beauty,en,11,2026-04-30T17:56:00.121001+00:00
hijab,telegramchannels,channel,13,Fashion & Beauty,en,12,2026-04-30T17:56:00.121004+00:00
sewingworkshop,telegramchannels,channel,13,Fashion & Beauty,en,13,2026-04-30T17:56:00.121007+00:00
menslooks,telegramchannels,channel,13,Fashion & Beauty,en,14,2026-04-30T17:56:00.121009+00:00
sgvnova,telegramchannels,channel,13,Fashion & Beauty,en,15,2026-04-30T17:56:00.121012+00:00
ofwhite_bagnaxclusive,telegramchannels,channel,13,Fashion & Beauty,en,16,2026-04-30T17:56:00.121015+00:00
offowmn,telegramchannels,channel,13,Fashion & Beauty,en,17,2026-04-30T17:56:00.121018+00:00
leggingsgoddesses,telegramchannels,channel,13,Fashion & Beauty,en,18,2026-04-30T17:56:00.121021+00:00
womenslook,telegramchannels,channel,13,Fashion & Beauty,en,19,2026-04-30T17:56:00.121024+00:00
kilynk,telegramchannels,channel,13,Fashion & Beauty,en,20,2026-04-30T17:56:00.121026+00:00
transgendersbeauty,telegramchannels,channel,13,Fashion & Beauty,en,21,2026-04-30T17:56:00.121029+00:00
kendalljenner,telegramchannels,channel,13,Fashion & Beauty,en,22,2026-04-30T17:56:00.121032+00:00
topalibrand_men,telegramchannels,channel,13,Fashion & Beauty,en,23,2026-04-30T17:56:00.121035+00:00
ryxskinsincerity,telegramchannels,channel,13,Fashion & Beauty,en,24,2026-04-30T17:56:00.121038+00:00
yogapantsamateurs,telegramchannels,channel,13,Fashion & Beauty,en,25,2026-04-30T17:56:00.121041+00:00
celebrity,telegramchannels,channel,13,Fashion & Beauty,en,26,2026-04-30T17:56:00.121044+00:00
bhadiddaily,telegramchannels,channel,13,Fashion & Beauty,en,27,2026-04-30T17:56:00.121046+00:00
rolexreplica12345,telegramchannels,channel,13,Fashion & Beauty,en,28,2026-04-30T17:56:00.121050+00:00
cosmoorigninal0964506704,telegramchannels,channel,13,Fashion & Beauty,en,29,2026-04-30T17:56:00.121052+00:00
reebonzsingapore,telegramchannels,channel,13,Fashion & Beauty,en,30,2026-04-30T17:56:00.121056+00:00
wlkoffame,telegramchannels,channel,13,Fashion & Beauty,en,31,2026-04-30T17:56:00.121058+00:00
devopsbuddys,telegramchannels,channel,13,Fashion & Beauty,en,32,2026-04-30T17:56:00.121061+00:00
beurekaofficial,telegramchannels,channel,13,Fashion & Beauty,en,33,2026-04-30T17:56:00.121064+00:00
sereiaszx,telegramchannels,channel,13,Fashion & Beauty,en,34,2026-04-30T17:56:00.121067+00:00
ghadiddaily,telegramchannels,channel,13,Fashion & Beauty,en,35,2026-04-30T17:56:00.121069+00:00
invogafashion,telegramchannels,channel,13,Fashion & Beauty,en,36,2026-04-30T17:56:00.121072+00:00
buymyclothesetc,telegramchannels,channel,13,Fashion & Beauty,en,37,2026-04-30T17:56:00.121075+00:00
dk_brandfactory,telegramchannels,channel,13,Fashion & Beauty,en,38,2026-04-30T17:56:00.121077+00:00
aliexpresshide,telegramchannels,channel,13,Fashion & Beauty,en,39,2026-04-30T17:56:00.121080+00:00
cultistatelier,telegramchannels,channel,13,Fashion & Beauty,en,40,2026-04-30T17:56:00.121083+00:00
luxurywomenstyle,telegramchannels,channel,13,Fashion & Beauty,en,41,2026-04-30T17:56:00.121086+00:00
asylvms,telegramchannels,channel,13,Fashion & Beauty,en,42,2026-04-30T17:56:00.121089+00:00
typicalyettrendy,telegramchannels,channel,13,Fashion & Beauty,en,43,2026-04-30T17:56:00.121092+00:00
beautitips,telegramchannels,channel,13,Fashion & Beauty,en,44,2026-04-30T17:56:00.121094+00:00
short_dress_mini_skirt,telegramchannels,channel,13,Fashion & Beauty,en,45,2026-04-30T17:56:00.121097+00:00
ninetysthriftys,telegramchannels,channel,13,Fashion & Beauty,en,46,2026-04-30T17:56:00.121100+00:00
mclaneshoes,telegramchannels,channel,13,Fashion & Beauty,en,47,2026-04-30T17:56:00.121103+00:00
egypt_abaya,telegramchannels,channel,13,Fashion & Beauty,en,48,2026-04-30T17:56:00.121106+00:00
blogshopsteals,telegramchannels,channel,13,Fashion & Beauty,en,49,2026-04-30T17:56:00.121108+00:00
fakeluxuryreplica,telegramchannels,channel,13,Fashion & Beauty,en,50,2026-04-30T17:56:00.121112+00:00
fashionbyai,telegramchannels,channel,13,Fashion & Beauty,en,51,2026-04-30T17:56:00.121114+00:00
fashiongaragesales,telegramchannels,channel,13,Fashion & Beauty,en,52,2026-04-30T17:56:00.121117+00:00
cbbstories,telegramchannels,channel,13,Fashion & Beauty,en,53,2026-04-30T17:56:00.121120+00:00
garmzgaloregg,telegramchannels,channel,13,Fashion & Beauty,en,54,2026-04-30T17:56:00.121123+00:00
bestreplicas,telegramchannels,channel,13,Fashion & Beauty,en,55,2026-04-30T17:56:00.121126+00:00
muaz_us,telegramchannels,channel,13,Fashion & Beauty,en,56,2026-04-30T17:56:00.121129+00:00
enanabuyandsell,telegramchannels,channel,13,Fashion & Beauty,en,57,2026-04-30T17:56:00.121131+00:00
bellendricclothing,telegramchannels,channel,13,Fashion & Beauty,en,58,2026-04-30T17:56:00.121134+00:00
ananyapanday,telegramchannels,channel,13,Fashion & Beauty,en,59,2026-04-30T17:56:00.121136+00:00
larousee,telegramchannels,channel,13,Fashion & Beauty,en,60,2026-04-30T17:56:00.121139+00:00
fash1onweek,telegramchannels,channel,13,Fashion & Beauty,en,61,2026-04-30T17:56:00.121142+00:00
topalibrand,telegramchannels,channel,13,Fashion & Beauty,en,62,2026-04-30T17:56:00.121144+00:00
asosfashion,telegramchannels,channel,13,Fashion & Beauty,en,63,2026-04-30T17:56:00.121147+00:00
mencart,telegramchannels,channel,13,Fashion & Beauty,en,64,2026-04-30T17:56:00.121149+00:00
thingscout,telegramchannels,channel,13,Fashion & Beauty,en,65,2026-04-30T17:56:00.121152+00:00
womanbr,telegramchannels,channel,13,Fashion & Beauty,en,66,2026-04-30T17:56:00.121155+00:00
watchtrends,telegramchannels,channel,13,Fashion & Beauty,en,67,2026-04-30T17:56:00.121157+00:00
waqarproduct,telegramchannels,channel,13,Fashion & Beauty,en,68,2026-04-30T17:56:00.121160+00:00
trendyfashions,telegramchannels,channel,13,Fashion & Beauty,en,69,2026-04-30T17:56:00.121162+00:00
womenscart,telegramchannels,channel,13,Fashion & Beauty,en,70,2026-04-30T17:56:00.121165+00:00
jskoffersonline,telegramchannels,channel,13,Fashion & Beauty,en,71,2026-04-30T17:56:00.121167+00:00
amritazfashions,telegramchannels,channel,13,Fashion & Beauty,en,72,2026-04-30T17:56:00.121170+00:00
yourfashionpalette,telegramchannels,channel,13,Fashion & Beauty,en,73,2026-04-30T17:56:00.121173+00:00
vetrova_world,telegramchannels,channel,13,Fashion & Beauty,en,74,2026-04-30T17:56:00.121176+00:00
smartmenswear786,telegramchannels,channel,13,Fashion & Beauty,en,75,2026-04-30T17:56:00.121179+00:00
onlineoffers2503,telegramchannels,channel,13,Fashion & Beauty,en,76,2026-04-30T17:56:00.121181+00:00
brandsgalleryofficial,telegramchannels,channel,13,Fashion & Beauty,en,77,2026-04-30T17:56:00.121184+00:00
mistiqueqa,telegramchannels,channel,13,Fashion & Beauty,en,78,2026-04-30T17:56:00.121187+00:00
aarshacollections,telegramchannels,channel,13,Fashion & Beauty,en,79,2026-04-30T17:56:00.121190+00:00
dailychannels,telegramchannels,channel,13,Fashion & Beauty,en,80,2026-04-30T17:56:00.121194+00:00
thiscounted,telegramchannels,channel,14,Food,en,1,2026-04-30T17:56:13.327001+00:00
sgfooddeals,telegramchannels,channel,14,Food,en,2,2026-04-30T17:56:13.327009+00:00
cookingdish,telegramchannels,channel,14,Food,en,3,2026-04-30T17:56:13.327012+00:00
onlyfood,telegramchannels,channel,14,Food,en,7,2026-04-30T17:56:13.327030+00:00
cookingwithlov,telegramchannels,channel,14,Food,en,8,2026-04-30T17:56:13.327033+00:00
culinaryd,telegramchannels,channel,14,Food,en,9,2026-04-30T17:56:13.327036+00:00
thevideorecipes,telegramchannels,channel,14,Food,en,10,2026-04-30T17:56:13.327039+00:00
restaurantfood,telegramchannels,channel,14,Food,en,11,2026-04-30T17:56:13.327042+00:00
belgianpastry,telegramchannels,channel,14,Food,en,12,2026-04-30T17:56:13.327045+00:00
foodforestabundance,telegramchannels,channel,14,Food,en,13,2026-04-30T17:56:13.327048+00:00
recipes_eng,telegramchannels,channel,14,Food,en,14,2026-04-30T17:56:13.327052+00:00
daily_recipe,telegramchannels,channel,14,Food,en,15,2026-04-30T17:56:13.327055+00:00
fnhinternational,telegramchannels,channel,14,Food,en,16,2026-04-30T17:56:13.327058+00:00
coffeeloving,telegramchannels,channel,14,Food,en,17,2026-04-30T17:56:13.327061+00:00
tags_influencers,telegramchannels,channel,14,Food,en,18,2026-04-30T17:56:13.327064+00:00
feedchef,telegramchannels,channel,14,Food,en,19,2026-04-30T17:56:13.327067+00:00
coffee_love_rs,telegramchannels,channel,14,Food,en,20,2026-04-30T17:56:13.327070+00:00
ayatradingplc,telegramchannels,channel,14,Food,en,21,2026-04-30T17:56:13.327073+00:00
hawassa_foods,telegramchannels,channel,14,Food,en,22,2026-04-30T17:56:13.327076+00:00
dailychannels,telegramchannels,channel,14,Food,en,23,2026-04-30T17:56:13.327081+00:00
catsdogs_community,telegramchannels,channel,15,Games & Apps,en,1,2026-04-30T17:56:26.311496+00:00
dotcoincommunity,telegramchannels,channel,15,Games & Apps,en,2,2026-04-30T17:56:26.311503+00:00
twa_apps,telegramchannels,channel,15,Games & Apps,en,3,2026-04-30T17:56:26.311507+00:00
catizenann,telegramchannels,channel,15,Games & Apps,en,7,2026-04-30T17:56:26.311525+00:00
fabrika_channel,telegramchannels,channel,15,Games & Apps,en,8,2026-04-30T17:56:26.311529+00:00
battle_games_com,telegramchannels,channel,15,Games & Apps,en,9,2026-04-30T17:56:26.311532+00:00
newsplaytoearn,telegramchannels,channel,15,Games & Apps,en,10,2026-04-30T17:56:26.311535+00:00
gamefi_officialann,telegramchannels,channel,15,Games & Apps,en,11,2026-04-30T17:56:26.311538+00:00
holdcoin_channel,telegramchannels,channel,15,Games & Apps,en,12,2026-04-30T17:56:26.311541+00:00
therealyescoin,telegramchannels,channel,15,Games & Apps,en,13,2026-04-30T17:56:26.311544+00:00
telmtproto,telegramchannels,channel,15,Games & Apps,en,14,2026-04-30T17:56:26.311547+00:00
gameetokennews,telegramchannels,channel,15,Games & Apps,en,15,2026-04-30T17:56:26.311550+00:00
gameechannel,telegramchannels,channel,15,Games & Apps,en,16,2026-04-30T17:56:26.311553+00:00
city_holder,telegramchannels,channel,15,Games & Apps,en,17,2026-04-30T17:56:26.311557+00:00
liteapks,telegramchannels,channel,15,Games & Apps,en,18,2026-04-30T17:56:26.311560+00:00
birds_announcement,telegramchannels,channel,15,Games & Apps,en,19,2026-04-30T17:56:26.311563+00:00
rockyrabbit_ugc,telegramchannels,channel,15,Games & Apps,en,20,2026-04-30T17:56:26.311566+00:00
akedofun,telegramchannels,channel,15,Games & Apps,en,21,2026-04-30T17:56:26.311569+00:00
banana_update,telegramchannels,channel,15,Games & Apps,en,22,2026-04-30T17:56:26.311572+00:00
wizzwoods_game,telegramchannels,channel,15,Games & Apps,en,23,2026-04-30T17:56:26.311576+00:00
herewallet,telegramchannels,channel,15,Games & Apps,en,24,2026-04-30T17:56:26.311579+00:00
bbqcointeam,telegramchannels,channel,15,Games & Apps,en,25,2026-04-30T17:56:26.311582+00:00
graphmessenger,telegramchannels,channel,15,Games & Apps,en,26,2026-04-30T17:56:26.311585+00:00
sidus_heroes_channel,telegramchannels,channel,15,Games & Apps,en,27,2026-04-30T17:56:26.311588+00:00
gametynews,telegramchannels,channel,15,Games & Apps,en,28,2026-04-30T17:56:26.311591+00:00
autoacceptor,telegramchannels,channel,15,Games & Apps,en,29,2026-04-30T17:56:26.311594+00:00
wukongcm,telegramchannels,channel,15,Games & Apps,en,30,2026-04-30T17:56:26.311597+00:00
akefishchannel,telegramchannels,channel,15,Games & Apps,en,31,2026-04-30T17:56:26.311600+00:00
onchainchain,telegramchannels,channel,15,Games & Apps,en,32,2026-04-30T17:56:26.311603+00:00
brainscoin,telegramchannels,channel,15,Games & Apps,en,33,2026-04-30T17:56:26.311605+00:00
plusmsgr,telegramchannels,channel,15,Games & Apps,en,34,2026-04-30T17:56:26.311608+00:00
whale_en,telegramchannels,channel,15,Games & Apps,en,35,2026-04-30T17:56:26.311611+00:00
pocket_rocket_game,telegramchannels,channel,15,Games & Apps,en,36,2026-04-30T17:56:26.311614+00:00
official_bc_token,telegramchannels,channel,15,Games & Apps,en,37,2026-04-30T17:56:26.311617+00:00
modyolo_official,telegramchannels,channel,15,Games & Apps,en,38,2026-04-30T17:56:26.311620+00:00
dlcoin_newe,telegramchannels,channel,15,Games & Apps,en,39,2026-04-30T17:56:26.311623+00:00
bunnyapp,telegramchannels,channel,15,Games & Apps,en,40,2026-04-30T17:56:26.311626+00:00
gamedevnewz,telegramchannels,channel,15,Games & Apps,en,41,2026-04-30T17:56:26.311629+00:00
mixrootmods,telegramchannels,channel,15,Games & Apps,en,42,2026-04-30T17:56:26.311632+00:00
empiregameapp,telegramchannels,channel,15,Games & Apps,en,43,2026-04-30T17:56:26.311635+00:00
ogc_announcements_hub,telegramchannels,channel,15,Games & Apps,en,44,2026-04-30T17:56:26.311638+00:00
animaccord_dtc,telegramchannels,channel,15,Games & Apps,en,45,2026-04-30T17:56:26.311641+00:00
moonplay_official,telegramchannels,channel,15,Games & Apps,en,46,2026-04-30T17:56:26.311645+00:00
wigwam_announcements,telegramchannels,channel,15,Games & Apps,en,47,2026-04-30T17:56:26.311648+00:00
apkdoneapp,telegramchannels,channel,15,Games & Apps,en,48,2026-04-30T17:56:26.311651+00:00
nulls_en,telegramchannels,channel,15,Games & Apps,en,49,2026-04-30T17:56:26.311654+00:00
burning_meme,telegramchannels,channel,15,Games & Apps,en,50,2026-04-30T17:56:26.311657+00:00
ackinackinews,telegramchannels,channel,15,Games & Apps,en,51,2026-04-30T17:56:26.311660+00:00
apkpurechannel,telegramchannels,channel,15,Games & Apps,en,52,2026-04-30T17:56:26.311663+00:00
racecoinmeme,telegramchannels,channel,15,Games & Apps,en,53,2026-04-30T17:56:26.311666+00:00
hare_ton,telegramchannels,channel,15,Games & Apps,en,54,2026-04-30T17:56:26.311670+00:00
pirateclashchannel,telegramchannels,channel,15,Games & Apps,en,55,2026-04-30T17:56:26.311673+00:00
losgamecoin,telegramchannels,channel,15,Games & Apps,en,56,2026-04-30T17:56:26.311676+00:00
dmission_announcement,telegramchannels,channel,15,Games & Apps,en,57,2026-04-30T17:56:26.311679+00:00
gatto_game,telegramchannels,channel,15,Games & Apps,en,58,2026-04-30T17:56:26.311681+00:00
tandroidapk,telegramchannels,channel,15,Games & Apps,en,59,2026-04-30T17:56:26.311684+00:00
crazy_camels,telegramchannels,channel,15,Games & Apps,en,60,2026-04-30T17:56:26.311688+00:00
fishmemeofficial,telegramchannels,channel,15,Games & Apps,en,61,2026-04-30T17:56:26.311690+00:00
coin_capybara,telegramchannels,channel,15,Games & Apps,en,62,2026-04-30T17:56:26.311693+00:00
insta,telegramchannels,channel,15,Games & Apps,en,63,2026-04-30T17:56:26.311696+00:00
piggieofficial,telegramchannels,channel,15,Games & Apps,en,64,2026-04-30T17:56:26.311699+00:00
nikicompany,telegramchannels,channel,15,Games & Apps,en,65,2026-04-30T17:56:26.311702+00:00
zavod_mdao,telegramchannels,channel,15,Games & Apps,en,66,2026-04-30T17:56:26.311705+00:00
photoshop_lightroom_illustrator,telegramchannels,channel,15,Games & Apps,en,67,2026-04-30T17:56:26.311708+00:00
fiewin_com,telegramchannels,channel,15,Games & Apps,en,68,2026-04-30T17:56:26.311711+00:00
cryptocurrentsglobal,telegramchannels,channel,15,Games & Apps,en,69,2026-04-30T17:56:26.311714+00:00
gamefi_launches,telegramchannels,channel,15,Games & Apps,en,70,2026-04-30T17:56:26.311717+00:00
dogs_for_the_founder_community,telegramchannels,channel,15,Games & Apps,en,71,2026-04-30T17:56:26.311721+00:00
gorwachain_announcements,telegramchannels,channel,15,Games & Apps,en,72,2026-04-30T17:56:26.311724+00:00
chainpokerofficial,telegramchannels,channel,15,Games & Apps,en,73,2026-04-30T17:56:26.311727+00:00
cryptoqueensalpha,telegramchannels,channel,15,Games & Apps,en,74,2026-04-30T17:56:26.311729+00:00
modded_apps_games,telegramchannels,channel,15,Games & Apps,en,75,2026-04-30T17:56:26.311733+00:00
video_games_stl,telegramchannels,channel,15,Games & Apps,en,76,2026-04-30T17:56:26.311736+00:00
free_pc_games_channel,telegramchannels,channel,15,Games & Apps,en,77,2026-04-30T17:56:26.311739+00:00
tabletop_stl,telegramchannels,channel,15,Games & Apps,en,78,2026-04-30T17:56:26.311742+00:00
games,telegramchannels,channel,15,Games & Apps,en,79,2026-04-30T17:56:26.311744+00:00
galameowcoincommunity,telegramchannels,channel,15,Games & Apps,en,80,2026-04-30T17:56:26.311747+00:00
mod_apps_stock,telegramchannels,channel,15,Games & Apps,en,81,2026-04-30T17:56:26.311750+00:00
banana3lol,telegramchannels,channel,15,Games & Apps,en,82,2026-04-30T17:56:26.311753+00:00
games_android_free_apk,telegramchannels,channel,15,Games & Apps,en,83,2026-04-30T17:56:26.311756+00:00
pc_softwares,telegramchannels,channel,15,Games & Apps,en,84,2026-04-30T17:56:26.311759+00:00
plaympl_official,telegramchannels,channel,15,Games & Apps,en,85,2026-04-30T17:56:26.311762+00:00
miuisystemlauncherupdater,telegramchannels,channel,15,Games & Apps,en,86,2026-04-30T17:56:26.311765+00:00
fullmodapk,telegramchannels,channel,15,Games & Apps,en,87,2026-04-30T17:56:26.311768+00:00
crashino,telegramchannels,channel,15,Games & Apps,en,88,2026-04-30T17:56:26.311771+00:00
gemgame_tg,telegramchannels,channel,15,Games & Apps,en,89,2026-04-30T17:56:26.311774+00:00
apk_cafe,telegramchannels,channel,15,Games & Apps,en,90,2026-04-30T17:56:26.311777+00:00
pesgames,telegramchannels,channel,15,Games & Apps,en,91,2026-04-30T17:56:26.311780+00:00
gamelistpc,telegramchannels,channel,15,Games & Apps,en,92,2026-04-30T17:56:26.311782+00:00
asianofficialcalls,telegramchannels,channel,15,Games & Apps,en,93,2026-04-30T17:56:26.311785+00:00
appstoredeals,telegramchannels,channel,15,Games & Apps,en,94,2026-04-30T17:56:26.311788+00:00
apks_mood,telegramchannels,channel,15,Games & Apps,en,95,2026-04-30T17:56:26.311791+00:00
unigram,telegramchannels,channel,15,Games & Apps,en,96,2026-04-30T17:56:26.311794+00:00
bluemangfiles,telegramchannels,channel,15,Games & Apps,en,97,2026-04-30T17:56:26.311797+00:00
pubgm_room,telegramchannels,channel,15,Games & Apps,en,98,2026-04-30T17:56:26.311800+00:00
pcgamechanneltelegramm,telegramchannels,channel,15,Games & Apps,en,99,2026-04-30T17:56:26.311803+00:00
modsgamesandapps,telegramchannels,channel,15,Games & Apps,en,100,2026-04-30T17:56:26.311806+00:00
freespincoinmaster,telegramchannels,channel,15,Games & Apps,en,101,2026-04-30T17:56:26.311809+00:00
ageofdinomini,telegramchannels,channel,15,Games & Apps,en,102,2026-04-30T17:56:26.311812+00:00
god_of_war_game_pc,telegramchannels,channel,15,Games & Apps,en,103,2026-04-30T17:56:26.311815+00:00
dailychannels,telegramchannels,channel,15,Games & Apps,en,104,2026-04-30T17:56:26.311820+00:00
praying_medic,telegramchannels,channel,16,Health,en,1,2026-04-30T17:56:39.204527+00:00
eoms_h,telegramchannels,channel,16,Health,en,2,2026-04-30T17:56:39.204535+00:00
medicinevideoss,telegramchannels,channel,16,Health,en,3,2026-04-30T17:56:39.204538+00:00
drtenpenny,telegramchannels,channel,16,Health,en,7,2026-04-30T17:56:39.204557+00:00
elevatethymind,telegramchannels,channel,16,Health,en,8,2026-04-30T17:56:39.204560+00:00
zelenkoprotocol,telegramchannels,channel,16,Health,en,9,2026-04-30T17:56:39.204563+00:00
mbbsmaterials,telegramchannels,channel,16,Health,en,10,2026-04-30T17:56:39.204566+00:00
covidtruthnet,telegramchannels,channel,16,Health,en,11,2026-04-30T17:56:39.204569+00:00
covidvaccinevictims,telegramchannels,channel,16,Health,en,12,2026-04-30T17:56:39.204572+00:00
childrenshd,telegramchannels,channel,16,Health,en,13,2026-04-30T17:56:39.204576+00:00
wch_org,telegramchannels,channel,16,Health,en,14,2026-04-30T17:56:39.204579+00:00
natural_meds,telegramchannels,channel,16,Health,en,15,2026-04-30T17:56:39.204582+00:00
meditationheadspacemp3,telegramchannels,channel,16,Health,en,16,2026-04-30T17:56:39.204585+00:00
healthyworlds,telegramchannels,channel,16,Health,en,17,2026-04-30T17:56:39.204588+00:00
mms_health_videos,telegramchannels,channel,16,Health,en,18,2026-04-30T17:56:39.204591+00:00
fitnessdieting,telegramchannels,channel,16,Health,en,19,2026-04-30T17:56:39.204595+00:00
emergencyuptodate2021,telegramchannels,channel,16,Health,en,20,2026-04-30T17:56:39.204598+00:00
ayurvedawellbeing,telegramchannels,channel,16,Health,en,21,2026-04-30T17:56:39.204601+00:00
awakenedbirth,telegramchannels,channel,16,Health,en,22,2026-04-30T17:56:39.204604+00:00
uptodate_accounts,telegramchannels,channel,16,Health,en,23,2026-04-30T17:56:39.204607+00:00
homeremedieschannel,telegramchannels,channel,16,Health,en,24,2026-04-30T17:56:39.204610+00:00
transgender_library,telegramchannels,channel,16,Health,en,25,2026-04-30T17:56:39.204613+00:00
tophygiene,telegramchannels,channel,16,Health,en,26,2026-04-30T17:56:39.204617+00:00
medicaladvicechannel,telegramchannels,channel,16,Health,en,27,2026-04-30T17:56:39.204620+00:00
save_it_now_1,telegramchannels,channel,16,Health,en,28,2026-04-30T17:56:39.204623+00:00
longevityintime,telegramchannels,channel,16,Health,en,29,2026-04-30T17:56:39.204626+00:00
nutrition4health,telegramchannels,channel,16,Health,en,30,2026-04-30T17:56:39.204629+00:00
just_doctors,telegramchannels,channel,16,Health,en,31,2026-04-30T17:56:39.204632+00:00
healthtipschannel,telegramchannels,channel,16,Health,en,32,2026-04-30T17:56:39.204636+00:00
kate_shemirani_natural_nurse,telegramchannels,channel,16,Health,en,33,2026-04-30T17:56:39.204639+00:00
losew,telegramchannels,channel,16,Health,en,34,2026-04-30T17:56:39.204642+00:00
healing_nature_music,telegramchannels,channel,16,Health,en,35,2026-04-30T17:56:39.204645+00:00
bodyenhancementsfam,telegramchannels,channel,16,Health,en,36,2026-04-30T17:56:39.204648+00:00
mednewstoday,telegramchannels,channel,16,Health,en,37,2026-04-30T17:56:39.204651+00:00
drjobdaily,telegramchannels,channel,16,Health,en,38,2026-04-30T17:56:39.204654+00:00
weight_loss_fast,telegramchannels,channel,16,Health,en,39,2026-04-30T17:56:39.204657+00:00
losewaight_ketodiet_cooking_carb,telegramchannels,channel,16,Health,en,40,2026-04-30T17:56:39.204660+00:00
weightlossonlineshop,telegramchannels,channel,16,Health,en,41,2026-04-30T17:56:39.204663+00:00
tgwellness,telegramchannels,channel,16,Health,en,42,2026-04-30T17:56:39.204666+00:00
facts_health,telegramchannels,channel,16,Health,en,43,2026-04-30T17:56:39.204669+00:00
medicineacthealth,telegramchannels,channel,16,Health,en,44,2026-04-30T17:56:39.204672+00:00
healthnyou,telegramchannels,channel,16,Health,en,45,2026-04-30T17:56:39.204675+00:00
thehealthchannelnews,telegramchannels,channel,16,Health,en,46,2026-04-30T17:56:39.204677+00:00
dietforadultschannel,telegramchannels,channel,16,Health,en,47,2026-04-30T17:56:39.204680+00:00
sturhealth,telegramchannels,channel,16,Health,en,48,2026-04-30T17:56:39.204683+00:00
covid_diabetes_teleconsultation,telegramchannels,channel,16,Health,en,49,2026-04-30T17:56:39.204686+00:00
holisticenergetics,telegramchannels,channel,16,Health,en,50,2026-04-30T17:56:39.204689+00:00
f200truthseekers,telegramchannels,channel,16,Health,en,51,2026-04-30T17:56:39.204692+00:00
advanceayurveda_aa,telegramchannels,channel,16,Health,en,52,2026-04-30T17:56:39.204695+00:00
thesoulshub,telegramchannels,channel,16,Health,en,53,2026-04-30T17:56:39.204698+00:00
healthylifelab,telegramchannels,channel,16,Health,en,54,2026-04-30T17:56:39.204702+00:00
ambroseascend,telegramchannels,channel,16,Health,en,55,2026-04-30T17:56:39.204705+00:00
healthamplified,telegramchannels,channel,16,Health,en,56,2026-04-30T17:56:39.204708+00:00
ekoduhru,telegramchannels,channel,16,Health,en,57,2026-04-30T17:56:39.204711+00:00
shape_your_body,telegramchannels,channel,16,Health,en,58,2026-04-30T17:56:39.204714+00:00
longrichproductag086,telegramchannels,channel,16,Health,en,59,2026-04-30T17:56:39.204717+00:00
dailychannels,telegramchannels,channel,16,Health,en,60,2026-04-30T17:56:39.204722+00:00
idiomsland,telegramchannels,channel,17,Languages,en,1,2026-04-30T17:56:52.534052+00:00
podcast_english_listening,telegramchannels,channel,17,Languages,en,2,2026-04-30T17:56:52.534060+00:00
bbcs_6minuteenglish,telegramchannels,channel,17,Languages,en,3,2026-04-30T17:56:52.534063+00:00
cambridgematerials,telegramchannels,channel,17,Languages,en,7,2026-04-30T17:56:52.534079+00:00
ingliztiliuzz,telegramchannels,channel,17,Languages,en,8,2026-04-30T17:56:52.534082+00:00
road_podcast,telegramchannels,channel,17,Languages,en,9,2026-04-30T17:56:52.534085+00:00
slangwords,telegramchannels,channel,17,Languages,en,10,2026-04-30T17:56:52.534088+00:00
engmasters,telegramchannels,channel,17,Languages,en,11,2026-04-30T17:56:52.534091+00:00
english_bbc_learning,telegramchannels,channel,17,Languages,en,12,2026-04-30T17:56:52.534093+00:00
english_vocab_grammar,telegramchannels,channel,17,Languages,en,13,2026-04-30T17:56:52.534096+00:00
learning_french_francais,telegramchannels,channel,17,Languages,en,14,2026-04-30T17:56:52.534099+00:00
englishharmony,telegramchannels,channel,17,Languages,en,15,2026-04-30T17:56:52.534102+00:00
amenglish,telegramchannels,channel,17,Languages,en,16,2026-04-30T17:56:52.534105+00:00
cambridge_dic,telegramchannels,channel,17,Languages,en,17,2026-04-30T17:56:52.534108+00:00
kyivindependent_official,telegramchannels,channel,17,Languages,en,18,2026-04-30T17:56:52.534111+00:00
babelgram,telegramchannels,channel,17,Languages,en,19,2026-04-30T17:56:52.534114+00:00
englishtipsandtools,telegramchannels,channel,17,Languages,en,20,2026-04-30T17:56:52.534117+00:00
espressoenglish,telegramchannels,channel,17,Languages,en,21,2026-04-30T17:56:52.534120+00:00
grammarenglishtips,telegramchannels,channel,17,Languages,en,22,2026-04-30T17:56:52.534123+00:00
spoken_english_neetu_singh,telegramchannels,channel,17,Languages,en,23,2026-04-30T17:56:52.534126+00:00
engskills,telegramchannels,channel,17,Languages,en,24,2026-04-30T17:56:52.534129+00:00
sirjimmy,telegramchannels,channel,17,Languages,en,25,2026-04-30T17:56:52.534131+00:00
englishcafe_1,telegramchannels,channel,17,Languages,en,26,2026-04-30T17:56:52.534135+00:00
grammarenglishclass,telegramchannels,channel,17,Languages,en,27,2026-04-30T17:56:52.534137+00:00
dammit_english,telegramchannels,channel,17,Languages,en,28,2026-04-30T17:56:52.534140+00:00
new_english_podcasts,telegramchannels,channel,17,Languages,en,29,2026-04-30T17:56:52.534143+00:00
ieltsreading9,telegramchannels,channel,17,Languages,en,30,2026-04-30T17:56:52.534146+00:00
learn_english_with_tv,telegramchannels,channel,17,Languages,en,31,2026-04-30T17:56:52.534148+00:00
englishlearn_ethiopia,telegramchannels,channel,17,Languages,en,32,2026-04-30T17:56:52.534151+00:00
ieltswritingskill9,telegramchannels,channel,17,Languages,en,33,2026-04-30T17:56:52.534154+00:00
ieltslistening9,telegramchannels,channel,17,Languages,en,34,2026-04-30T17:56:52.534157+00:00
espangles,telegramchannels,channel,17,Languages,en,35,2026-04-30T17:56:52.534159+00:00
violaclub,telegramchannels,channel,17,Languages,en,36,2026-04-30T17:56:52.534162+00:00
american_english_podcast,telegramchannels,channel,17,Languages,en,37,2026-04-30T17:56:52.534165+00:00
espvocabulary,telegramchannels,channel,17,Languages,en,38,2026-04-30T17:56:52.534168+00:00
sanctum_english,telegramchannels,channel,17,Languages,en,39,2026-04-30T17:56:52.534170+00:00
allenglishteachers,telegramchannels,channel,17,Languages,en,40,2026-04-30T17:56:52.534173+00:00
learn_japanese_gengo,telegramchannels,channel,17,Languages,en,41,2026-04-30T17:56:52.534176+00:00
efl_ana,telegramchannels,channel,17,Languages,en,42,2026-04-30T17:56:52.534179+00:00
english_with_harry_potter,telegramchannels,channel,17,Languages,en,43,2026-04-30T17:56:52.534182+00:00
languagetrivia,telegramchannels,channel,17,Languages,en,44,2026-04-30T17:56:52.534185+00:00
jlpt_n4,telegramchannels,channel,17,Languages,en,45,2026-04-30T17:56:52.534188+00:00
englishwithshei,telegramchannels,channel,17,Languages,en,46,2026-04-30T17:56:52.534190+00:00
talkenglish876,telegramchannels,channel,17,Languages,en,47,2026-04-30T17:56:52.534193+00:00
aviationenglishlessons,telegramchannels,channel,17,Languages,en,48,2026-04-30T17:56:52.534196+00:00
english_literature_litzlibrary,telegramchannels,channel,17,Languages,en,49,2026-04-30T17:56:52.534199+00:00
russian_language_basics,telegramchannels,channel,17,Languages,en,50,2026-04-30T17:56:52.534202+00:00
englstories,telegramchannels,channel,17,Languages,en,51,2026-04-30T17:56:52.534205+00:00
grammart,telegramchannels,channel,17,Languages,en,52,2026-04-30T17:56:52.534208+00:00
wordeveryday,telegramchannels,channel,17,Languages,en,53,2026-04-30T17:56:52.534210+00:00
short_story_of_the_week,telegramchannels,channel,17,Languages,en,54,2026-04-30T17:56:52.534213+00:00
bombardsbodylanguage,telegramchannels,channel,17,Languages,en,55,2026-04-30T17:56:52.534216+00:00
dimenglish,telegramchannels,channel,17,Languages,en,56,2026-04-30T17:56:52.534219+00:00
english_speeches1,telegramchannels,channel,17,Languages,en,57,2026-04-30T17:56:52.534222+00:00
gravity_falls_eng,telegramchannels,channel,17,Languages,en,58,2026-04-30T17:56:52.534224+00:00
tutorlingua,telegramchannels,channel,17,Languages,en,59,2026-04-30T17:56:52.534227+00:00
urbandictionary,telegramchannels,channel,17,Languages,en,60,2026-04-30T17:56:52.534230+00:00
clipyourenglishofficial,telegramchannels,channel,17,Languages,en,61,2026-04-30T17:56:52.534232+00:00
globalgermanlearnerschannel,telegramchannels,channel,17,Languages,en,62,2026-04-30T17:56:52.534235+00:00
learnturkishlanguagee,telegramchannels,channel,17,Languages,en,63,2026-04-30T17:56:52.534238+00:00
ieltsdirect,telegramchannels,channel,17,Languages,en,64,2026-04-30T17:56:52.534241+00:00
lingomquiz,telegramchannels,channel,17,Languages,en,65,2026-04-30T17:56:52.534244+00:00
littlesealenglish,telegramchannels,channel,17,Languages,en,66,2026-04-30T17:56:52.534247+00:00
englishfreelectures,telegramchannels,channel,17,Languages,en,67,2026-04-30T17:56:52.534249+00:00
idioms_expressions,telegramchannels,channel,17,Languages,en,68,2026-04-30T17:56:52.534252+00:00
shashi_tharoor,telegramchannels,channel,17,Languages,en,69,2026-04-30T17:56:52.534255+00:00
real_english_ryan,telegramchannels,channel,17,Languages,en,70,2026-04-30T17:56:52.534258+00:00
happyinterpreter,telegramchannels,channel,17,Languages,en,71,2026-04-30T17:56:52.534261+00:00
enfol,telegramchannels,channel,17,Languages,en,72,2026-04-30T17:56:52.534263+00:00
english_vocabulary_journal,telegramchannels,channel,17,Languages,en,73,2026-04-30T17:56:52.534266+00:00
michukichu,telegramchannels,channel,17,Languages,en,74,2026-04-30T17:56:52.534268+00:00
best_vocabulary6,telegramchannels,channel,17,Languages,en,75,2026-04-30T17:56:52.534271+00:00
richglish,telegramchannels,channel,17,Languages,en,76,2026-04-30T17:56:52.534274+00:00
letstalkinenglish3,telegramchannels,channel,17,Languages,en,77,2026-04-30T17:56:52.534277+00:00
engwordaily,telegramchannels,channel,17,Languages,en,78,2026-04-30T17:56:52.534281+00:00
teacherpaul2018,telegramchannels,channel,17,Languages,en,79,2026-04-30T17:56:52.534283+00:00
ceo1078,telegramchannels,channel,17,Languages,en,80,2026-04-30T17:56:52.534286+00:00
futuregoalvocab,telegramchannels,channel,17,Languages,en,81,2026-04-30T17:56:52.534289+00:00
love_yourenglish,telegramchannels,channel,17,Languages,en,82,2026-04-30T17:56:52.534291+00:00
differentpeoplechannel,telegramchannels,channel,17,Languages,en,83,2026-04-30T17:56:52.534294+00:00
theonenation,telegramchannels,channel,17,Languages,en,84,2026-04-30T17:56:52.534297+00:00
english_words_with_pics,telegramchannels,channel,17,Languages,en,85,2026-04-30T17:56:52.534299+00:00
englishquizworld,telegramchannels,channel,17,Languages,en,86,2026-04-30T17:56:52.534302+00:00
happyengday,telegramchannels,channel,17,Languages,en,87,2026-04-30T17:56:52.534304+00:00
elf4u,telegramchannels,channel,17,Languages,en,88,2026-04-30T17:56:52.534307+00:00
wordnet,telegramchannels,channel,17,Languages,en,89,2026-04-30T17:56:52.534309+00:00
lalangueanglaise,telegramchannels,channel,17,Languages,en,90,2026-04-30T17:56:52.534312+00:00
englishman_in_baku,telegramchannels,channel,17,Languages,en,91,2026-04-30T17:56:52.534314+00:00
eng4aall,telegramchannels,channel,17,Languages,en,92,2026-04-30T17:56:52.534317+00:00
advancedenglishlearner,telegramchannels,channel,17,Languages,en,93,2026-04-30T17:56:52.534320+00:00
thehindu_vocabulary,telegramchannels,channel,17,Languages,en,94,2026-04-30T17:56:52.534322+00:00
dailychannels,telegramchannels,channel,17,Languages,en,95,2026-04-30T17:56:52.534327+00:00
relation_ship_goal,telegramchannels,channel,18,Love,en,1,2026-04-30T17:57:05.523729+00:00
love_sayings,telegramchannels,channel,18,Love,en,2,2026-04-30T17:57:05.523737+00:00
perfectmatesmatch,telegramchannels,channel,18,Love,en,3,2026-04-30T17:57:05.523740+00:00
lovequotesvideo,telegramchannels,channel,18,Love,en,7,2026-04-30T17:57:05.523759+00:00
lovers_point_addiction,telegramchannels,channel,18,Love,en,8,2026-04-30T17:57:05.523762+00:00
romantic_video1,telegramchannels,channel,18,Love,en,9,2026-04-30T17:57:05.523765+00:00
earth_portugal_miguel,telegramchannels,channel,18,Love,en,10,2026-04-30T17:57:05.523769+00:00
ewaa345,telegramchannels,channel,18,Love,en,11,2026-04-30T17:57:05.523772+00:00
relationship101,telegramchannels,channel,18,Love,en,12,2026-04-30T17:57:05.523775+00:00
feel_inspire,telegramchannels,channel,18,Love,en,13,2026-04-30T17:57:05.523778+00:00
loverelations,telegramchannels,channel,18,Love,en,14,2026-04-30T17:57:05.523781+00:00
lovetalkwiz,telegramchannels,channel,18,Love,en,15,2026-04-30T17:57:05.523784+00:00
anuwax,telegramchannels,channel,18,Love,en,16,2026-04-30T17:57:05.523787+00:00
sarcaxtic_boy,telegramchannels,channel,18,Love,en,17,2026-04-30T17:57:05.523790+00:00
dailychannels,telegramchannels,channel,18,Love,en,18,2026-04-30T17:57:05.523795+00:00
markhemist,telegramchannels,channel,20,Marketing,en,1,2026-04-30T17:57:19.057842+00:00
hkearn_updates,telegramchannels,channel,20,Marketing,en,2,2026-04-30T17:57:19.057850+00:00
adclickersbotchannel,telegramchannels,channel,20,Marketing,en,3,2026-04-30T17:57:19.057853+00:00
deodap,telegramchannels,channel,20,Marketing,en,7,2026-04-30T17:57:19.057872+00:00
uponlymarketing,telegramchannels,channel,20,Marketing,en,8,2026-04-30T17:57:19.057875+00:00
engagementgroupsforinstagram,telegramchannels,channel,20,Marketing,en,9,2026-04-30T17:57:19.057878+00:00
intradaycashcallonly,telegramchannels,channel,20,Marketing,en,10,2026-04-30T17:57:19.057882+00:00
hotdealsexpress4891,telegramchannels,channel,20,Marketing,en,11,2026-04-30T17:57:19.057885+00:00
activemarketingjungle,telegramchannels,channel,20,Marketing,en,12,2026-04-30T17:57:19.057888+00:00
topchannels_europe,telegramchannels,channel,20,Marketing,en,13,2026-04-30T17:57:19.057891+00:00
kaboomracks,telegramchannels,channel,20,Marketing,en,14,2026-04-30T17:57:19.057894+00:00
vlivetrickscom,telegramchannels,channel,20,Marketing,en,15,2026-04-30T17:57:19.057898+00:00
engagementgroupsig,telegramchannels,channel,20,Marketing,en,16,2026-04-30T17:57:19.057901+00:00
crowd1,telegramchannels,channel,20,Marketing,en,17,2026-04-30T17:57:19.057904+00:00
adnovahub,telegramchannels,channel,20,Marketing,en,18,2026-04-30T17:57:19.057907+00:00
msdhoni7u,telegramchannels,channel,20,Marketing,en,19,2026-04-30T17:57:19.057910+00:00
buyallsocialmedia,telegramchannels,channel,20,Marketing,en,20,2026-04-30T17:57:19.057913+00:00
digitalmarketingresources,telegramchannels,channel,20,Marketing,en,21,2026-04-30T17:57:19.057916+00:00
xauusdgold_forex_signalsfx0,telegramchannels,channel,20,Marketing,en,22,2026-04-30T17:57:19.057920+00:00
howtouseengagementgroups,telegramchannels,channel,20,Marketing,en,23,2026-04-30T17:57:19.057923+00:00
adprofb,telegramchannels,channel,20,Marketing,en,24,2026-04-30T17:57:19.057926+00:00
digital_marketing_resources,telegramchannels,channel,20,Marketing,en,25,2026-04-30T17:57:19.057929+00:00
earnmoneyonline81,telegramchannels,channel,20,Marketing,en,26,2026-04-30T17:57:19.057932+00:00
adpodxyz,telegramchannels,channel,20,Marketing,en,27,2026-04-30T17:57:19.057935+00:00
scripterrahul1,telegramchannels,channel,20,Marketing,en,28,2026-04-30T17:57:19.057938+00:00
smmpanel2024,telegramchannels,channel,20,Marketing,en,29,2026-04-30T17:57:19.057941+00:00
zorbasmedia_eng,telegramchannels,channel,20,Marketing,en,30,2026-04-30T17:57:19.057944+00:00
newkids123,telegramchannels,channel,20,Marketing,en,31,2026-04-30T17:57:19.057947+00:00
luxurylinefurniture,telegramchannels,channel,20,Marketing,en,32,2026-04-30T17:57:19.057950+00:00
unitedstatesfacebook,telegramchannels,channel,20,Marketing,en,33,2026-04-30T17:57:19.057953+00:00
accountsforsalelucagency,telegramchannels,channel,20,Marketing,en,34,2026-04-30T17:57:19.057956+00:00
list_emails,telegramchannels,channel,20,Marketing,en,35,2026-04-30T17:57:19.057959+00:00
tellosliquidation,telegramchannels,channel,20,Marketing,en,36,2026-04-30T17:57:19.057962+00:00
sketch_box,telegramchannels,channel,20,Marketing,en,37,2026-04-30T17:57:19.057966+00:00
goblackhat,telegramchannels,channel,20,Marketing,en,38,2026-04-30T17:57:19.057968+00:00
digital4market,telegramchannels,channel,20,Marketing,en,39,2026-04-30T17:57:19.057971+00:00
thegameofnetworking,telegramchannels,channel,20,Marketing,en,40,2026-04-30T17:57:19.057974+00:00
moneybooster12,telegramchannels,channel,20,Marketing,en,41,2026-04-30T17:57:19.057977+00:00
digital_hustle_vault,telegramchannels,channel,20,Marketing,en,42,2026-04-30T17:57:19.057981+00:00
axsales,telegramchannels,channel,20,Marketing,en,43,2026-04-30T17:57:19.057983+00:00
orderblockkings,telegramchannels,channel,20,Marketing,en,44,2026-04-30T17:57:19.057986+00:00
googlethreshold,telegramchannels,channel,20,Marketing,en,45,2026-04-30T17:57:19.057989+00:00
passiveincomeforeverr,telegramchannels,channel,20,Marketing,en,46,2026-04-30T17:57:19.057992+00:00
marigoldmediamarketing,telegramchannels,channel,20,Marketing,en,47,2026-04-30T17:57:19.057995+00:00
captainagency,telegramchannels,channel,20,Marketing,en,48,2026-04-30T17:57:19.057998+00:00
viewstasupport,telegramchannels,channel,20,Marketing,en,49,2026-04-30T17:57:19.058001+00:00
iearnhub,telegramchannels,channel,20,Marketing,en,50,2026-04-30T17:57:19.058004+00:00
thevipfxgroup,telegramchannels,channel,20,Marketing,en,51,2026-04-30T17:57:19.058007+00:00
aliexpressdealscoupons,telegramchannels,channel,20,Marketing,en,52,2026-04-30T17:57:19.058010+00:00
seedforex,telegramchannels,channel,20,Marketing,en,53,2026-04-30T17:57:19.058013+00:00
badshah_adding_services,telegramchannels,channel,20,Marketing,en,54,2026-04-30T17:57:19.058016+00:00
allstoredeals,telegramchannels,channel,20,Marketing,en,55,2026-04-30T17:57:19.058019+00:00
happygoodsdeals,telegramchannels,channel,20,Marketing,en,56,2026-04-30T17:57:19.058022+00:00
onlineearningapps1234,telegramchannels,channel,20,Marketing,en,57,2026-04-30T17:57:19.058024+00:00
dealls69,telegramchannels,channel,20,Marketing,en,58,2026-04-30T17:57:19.058028+00:00
forexfreesignalsx,telegramchannels,channel,20,Marketing,en,59,2026-04-30T17:57:19.058031+00:00
forextradingsignalsio,telegramchannels,channel,20,Marketing,en,60,2026-04-30T17:57:19.058033+00:00
trx_instant_pay_new,telegramchannels,channel,20,Marketing,en,61,2026-04-30T17:57:19.058036+00:00
mr_mrs_shopper,telegramchannels,channel,20,Marketing,en,62,2026-04-30T17:57:19.058039+00:00
amazondeals1_0,telegramchannels,channel,20,Marketing,en,63,2026-04-30T17:57:19.058042+00:00
profxteem,telegramchannels,channel,20,Marketing,en,64,2026-04-30T17:57:19.058045+00:00
dealsoneverthing,telegramchannels,channel,20,Marketing,en,65,2026-04-30T17:57:19.058048+00:00
engagementgroupforinstagram,telegramchannels,channel,20,Marketing,en,66,2026-04-30T17:57:19.058052+00:00
promoteyournet,telegramchannels,channel,20,Marketing,en,67,2026-04-30T17:57:19.058055+00:00
likeandcommentsforinstagram,telegramchannels,channel,20,Marketing,en,68,2026-04-30T17:57:19.058058+00:00
bestdealsallinone,telegramchannels,channel,20,Marketing,en,69,2026-04-30T17:57:19.058061+00:00
shoppersdestination_official,telegramchannels,channel,20,Marketing,en,70,2026-04-30T17:57:19.058064+00:00
getviralonline,telegramchannels,channel,20,Marketing,en,71,2026-04-30T17:57:19.058066+00:00
mrsuperdeal,telegramchannels,channel,20,Marketing,en,72,2026-04-30T17:57:19.058069+00:00
batpromarketing,telegramchannels,channel,20,Marketing,en,73,2026-04-30T17:57:19.058072+00:00
scorpionhat,telegramchannels,channel,20,Marketing,en,74,2026-04-30T17:57:19.058075+00:00
niftytechnicaltraders,telegramchannels,channel,20,Marketing,en,75,2026-04-30T17:57:19.058078+00:00
commentsforinstagram,telegramchannels,channel,20,Marketing,en,76,2026-04-30T17:57:19.058081+00:00
commentforcomments,telegramchannels,channel,20,Marketing,en,77,2026-04-30T17:57:19.058084+00:00
paytm_earning_tricks_loots,telegramchannels,channel,20,Marketing,en,78,2026-04-30T17:57:19.058088+00:00
intagramengagement,telegramchannels,channel,20,Marketing,en,79,2026-04-30T17:57:19.058091+00:00
idomarketingservice,telegramchannels,channel,20,Marketing,en,80,2026-04-30T17:57:19.058093+00:00
dailychannels,telegramchannels,channel,20,Marketing,en,81,2026-04-30T17:57:19.058098+00:00
anime_wars,telegramchannels,channel,30,Movies & Videos,en,1,2026-04-30T17:57:32.166906+00:00
seriesbayx,telegramchannels,channel,30,Movies & Videos,en,2,2026-04-30T17:57:32.166914+00:00
anime_ety,telegramchannels,channel,30,Movies & Videos,en,3,2026-04-30T17:57:32.166917+00:00
series,telegramchannels,channel,30,Movies & Videos,en,7,2026-04-30T17:57:32.166935+00:00
netflix_xseriesbot,telegramchannels,channel,30,Movies & Videos,en,8,2026-04-30T17:57:32.166938+00:00
irismoviesch,telegramchannels,channel,30,Movies & Videos,en,9,2026-04-30T17:57:32.166941+00:00
bot_animes,telegramchannels,channel,30,Movies & Videos,en,10,2026-04-30T17:57:32.166944+00:00
ongoing_ety_anime,telegramchannels,channel,30,Movies & Videos,en,11,2026-04-30T17:57:32.166947+00:00
onlyfighting,telegramchannels,channel,30,Movies & Videos,en,12,2026-04-30T17:57:32.166950+00:00
ezcinema,telegramchannels,channel,30,Movies & Videos,en,13,2026-04-30T17:57:32.166953+00:00
iboxtv8,telegramchannels,channel,30,Movies & Videos,en,14,2026-04-30T17:57:32.166956+00:00
one_piece_idn,telegramchannels,channel,30,Movies & Videos,en,15,2026-04-30T17:57:32.166959+00:00
hollywood_movies_english_new_hd,telegramchannels,channel,30,Movies & Videos,en,16,2026-04-30T17:57:32.166962+00:00
campuscreenmedia,telegramchannels,channel,30,Movies & Videos,en,17,2026-04-30T17:57:32.166965+00:00
anime_x_clan,telegramchannels,channel,30,Movies & Videos,en,18,2026-04-30T17:57:32.166968+00:00
short_mars,telegramchannels,channel,30,Movies & Videos,en,19,2026-04-30T17:57:32.166971+00:00
attack_on_titan_dub,telegramchannels,channel,30,Movies & Videos,en,20,2026-04-30T17:57:32.166974+00:00
naruto_shippuden_episodess,telegramchannels,channel,30,Movies & Videos,en,21,2026-04-30T17:57:32.166977+00:00
demon_slayer_season_3_2,telegramchannels,channel,30,Movies & Videos,en,22,2026-04-30T17:57:32.166980+00:00
bleach_dual,telegramchannels,channel,30,Movies & Videos,en,23,2026-04-30T17:57:32.166983+00:00
naijarocksdotcom,telegramchannels,channel,30,Movies & Videos,en,24,2026-04-30T17:57:32.166987+00:00
hotstar_movies_hd_news_disney,telegramchannels,channel,30,Movies & Videos,en,25,2026-04-30T17:57:32.166990+00:00
leaklive,telegramchannels,channel,30,Movies & Videos,en,26,2026-04-30T17:57:32.166994+00:00
animeseries,telegramchannels,channel,30,Movies & Videos,en,27,2026-04-30T17:57:32.166997+00:00
anime_gallery_seasonal,telegramchannels,channel,30,Movies & Videos,en,28,2026-04-30T17:57:32.167000+00:00
video_videos_movie_film,telegramchannels,channel,30,Movies & Videos,en,29,2026-04-30T17:57:32.167003+00:00
tamil_telugu_movies_hd_news,telegramchannels,channel,30,Movies & Videos,en,30,2026-04-30T17:57:32.167006+00:00
jujutsu_kaisen_english_dub,telegramchannels,channel,30,Movies & Videos,en,31,2026-04-30T17:57:32.167010+00:00
factmemetv,telegramchannels,channel,30,Movies & Videos,en,32,2026-04-30T17:57:32.167013+00:00
beforeourtime,telegramchannels,channel,30,Movies & Videos,en,33,2026-04-30T17:57:32.167016+00:00
crazy_moments_usa,telegramchannels,channel,30,Movies & Videos,en,34,2026-04-30T17:57:32.167019+00:00
netflix,telegramchannels,channel,30,Movies & Videos,en,35,2026-04-30T17:57:32.167022+00:00
leaklive_tg,telegramchannels,channel,30,Movies & Videos,en,36,2026-04-30T17:57:32.167025+00:00
trendinggistgh,telegramchannels,channel,30,Movies & Videos,en,37,2026-04-30T17:57:32.167029+00:00
justdudechannel,telegramchannels,channel,30,Movies & Videos,en,38,2026-04-30T17:57:32.167032+00:00
temmyytv,telegramchannels,channel,30,Movies & Videos,en,39,2026-04-30T17:57:32.167035+00:00
korean_drama_moviez,telegramchannels,channel,30,Movies & Videos,en,40,2026-04-30T17:57:32.167038+00:00
movies_society,telegramchannels,channel,30,Movies & Videos,en,41,2026-04-30T17:57:32.167041+00:00
reeloadmedia,telegramchannels,channel,30,Movies & Videos,en,42,2026-04-30T17:57:32.167044+00:00
onepunchman_ep,telegramchannels,channel,30,Movies & Videos,en,43,2026-04-30T17:57:32.167047+00:00
topdocumentaryfilms,telegramchannels,channel,30,Movies & Videos,en,44,2026-04-30T17:57:32.167050+00:00
sikaofficialgh,telegramchannels,channel,30,Movies & Videos,en,45,2026-04-30T17:57:32.167053+00:00
doremon_cartoon_movies,telegramchannels,channel,30,Movies & Videos,en,46,2026-04-30T17:57:32.167056+00:00
new_indian_movies_south_hd_music,telegramchannels,channel,30,Movies & Videos,en,47,2026-04-30T17:57:32.167059+00:00
animelibrary_movies,telegramchannels,channel,30,Movies & Videos,en,48,2026-04-30T17:57:32.167062+00:00
sgnewmovies,telegramchannels,channel,30,Movies & Videos,en,49,2026-04-30T17:57:32.167065+00:00
intermedia_movies,telegramchannels,channel,30,Movies & Videos,en,50,2026-04-30T17:57:32.167068+00:00
entertainment,telegramchannels,channel,30,Movies & Videos,en,51,2026-04-30T17:57:32.167071+00:00
asainserieslist,telegramchannels,channel,30,Movies & Videos,en,52,2026-04-30T17:57:32.167074+00:00
outerbanks,telegramchannels,channel,30,Movies & Videos,en,53,2026-04-30T17:57:32.167077+00:00
bingebuddy,telegramchannels,channel,30,Movies & Videos,en,54,2026-04-30T17:57:32.167081+00:00
itvsharearchive,telegramchannels,channel,30,Movies & Videos,en,55,2026-04-30T17:57:32.167084+00:00
munowatch_vj_junior_uganda,telegramchannels,channel,30,Movies & Videos,en,56,2026-04-30T17:57:32.167087+00:00
schoolfights4u,telegramchannels,channel,30,Movies & Videos,en,57,2026-04-30T17:57:32.167090+00:00
ha_korean_drama_english,telegramchannels,channel,30,Movies & Videos,en,58,2026-04-30T17:57:32.167093+00:00
nature4kv,telegramchannels,channel,30,Movies & Videos,en,59,2026-04-30T17:57:32.167096+00:00
ongoingbldrama,telegramchannels,channel,30,Movies & Videos,en,60,2026-04-30T17:57:32.167099+00:00
comics_art_marvel_dc,telegramchannels,channel,30,Movies & Videos,en,61,2026-04-30T17:57:32.167102+00:00
korea_drama,telegramchannels,channel,30,Movies & Videos,en,62,2026-04-30T17:57:32.167106+00:00
xclusivesreleases,telegramchannels,channel,30,Movies & Videos,en,63,2026-04-30T17:57:32.167109+00:00
insta_reels_short_videos,telegramchannels,channel,30,Movies & Videos,en,64,2026-04-30T17:57:32.167112+00:00
theseries_barn,telegramchannels,channel,30,Movies & Videos,en,65,2026-04-30T17:57:32.167115+00:00
kbjlover,telegramchannels,channel,30,Movies & Videos,en,66,2026-04-30T17:57:32.167119+00:00
fight_club_g,telegramchannels,channel,30,Movies & Videos,en,67,2026-04-30T17:57:32.167122+00:00
moviebox4d,telegramchannels,channel,30,Movies & Videos,en,68,2026-04-30T17:57:32.167125+00:00
anime0ch,telegramchannels,channel,30,Movies & Videos,en,69,2026-04-30T17:57:32.167128+00:00
anime_tron,telegramchannels,channel,30,Movies & Videos,en,70,2026-04-30T17:57:32.167131+00:00
anime_district,telegramchannels,channel,30,Movies & Videos,en,71,2026-04-30T17:57:32.167134+00:00
netnaijaseries,telegramchannels,channel,30,Movies & Videos,en,72,2026-04-30T17:57:32.167137+00:00
naruto_series,telegramchannels,channel,30,Movies & Videos,en,73,2026-04-30T17:57:32.167140+00:00
kigurumi_videos,telegramchannels,channel,30,Movies & Videos,en,74,2026-04-30T17:57:32.167143+00:00
wgmltd,telegramchannels,channel,30,Movies & Videos,en,75,2026-04-30T17:57:32.167146+00:00
animedubbedwatch,telegramchannels,channel,30,Movies & Videos,en,76,2026-04-30T17:57:32.167149+00:00
movie_tg,telegramchannels,channel,30,Movies & Videos,en,77,2026-04-30T17:57:32.167152+00:00
reeload_media2,telegramchannels,channel,30,Movies & Videos,en,78,2026-04-30T17:57:32.167156+00:00
filmswithenglishsubtitles,telegramchannels,channel,30,Movies & Videos,en,79,2026-04-30T17:57:32.167159+00:00
katandika2022,telegramchannels,channel,30,Movies & Videos,en,80,2026-04-30T17:57:32.167162+00:00
rccpcblectures,telegramchannels,channel,30,Movies & Videos,en,81,2026-04-30T17:57:32.167165+00:00
koreanhdstatus,telegramchannels,channel,30,Movies & Videos,en,82,2026-04-30T17:57:32.167168+00:00
fullcircle360,telegramchannels,channel,30,Movies & Videos,en,83,2026-04-30T17:57:32.167171+00:00
naruto_downloads,telegramchannels,channel,30,Movies & Videos,en,84,2026-04-30T17:57:32.167174+00:00
thenaijaodin,telegramchannels,channel,30,Movies & Videos,en,85,2026-04-30T17:57:32.167177+00:00
pdmovies,telegramchannels,channel,30,Movies & Videos,en,86,2026-04-30T17:57:32.167180+00:00
wisdomelitesfiles,telegramchannels,channel,30,Movies & Videos,en,87,2026-04-30T17:57:32.167183+00:00
nollywood_movies1,telegramchannels,channel,30,Movies & Videos,en,88,2026-04-30T17:57:32.167186+00:00
musiquehaitienne,telegramchannels,channel,30,Movies & Videos,en,89,2026-04-30T17:57:32.167189+00:00
filmmking,telegramchannels,channel,30,Movies & Videos,en,90,2026-04-30T17:57:32.167192+00:00
apple_movies101,telegramchannels,channel,30,Movies & Videos,en,91,2026-04-30T17:57:32.167195+00:00
pakistan_movies,telegramchannels,channel,30,Movies & Videos,en,92,2026-04-30T17:57:32.167198+00:00
tiktoklates,telegramchannels,channel,30,Movies & Videos,en,93,2026-04-30T17:57:32.167201+00:00
topdocumentaryseries,telegramchannels,channel,30,Movies & Videos,en,94,2026-04-30T17:57:32.167204+00:00
jollytv_crib,telegramchannels,channel,30,Movies & Videos,en,95,2026-04-30T17:57:32.167207+00:00
anime_nation,telegramchannels,channel,30,Movies & Videos,en,96,2026-04-30T17:57:32.167210+00:00
manhwa_apex,telegramchannels,channel,30,Movies & Videos,en,97,2026-04-30T17:57:32.167213+00:00
iboxtv,telegramchannels,channel,30,Movies & Videos,en,98,2026-04-30T17:57:32.167216+00:00
eternalshineyandchrome,telegramchannels,channel,30,Movies & Videos,en,99,2026-04-30T17:57:32.167219+00:00
anime_arsenal,telegramchannels,channel,30,Movies & Videos,en,100,2026-04-30T17:57:32.167222+00:00
theblacklisttvseries,telegramchannels,channel,30,Movies & Videos,en,101,2026-04-30T17:57:32.167225+00:00
animenation_ongoing,telegramchannels,channel,30,Movies & Videos,en,102,2026-04-30T17:57:32.167228+00:00
mukannadafilms,telegramchannels,channel,30,Movies & Videos,en,103,2026-04-30T17:57:32.167231+00:00
dailychannels,telegramchannels,channel,30,Movies & Videos,en,104,2026-04-30T17:57:32.167236+00:00
ghanalatestsongs,telegramchannels,channel,21,Music,en,1,2026-04-30T17:57:45.978255+00:00
foxtuneupdates,telegramchannels,channel,21,Music,en,2,2026-04-30T17:57:45.978262+00:00
gospel_worship,telegramchannels,channel,21,Music,en,3,2026-04-30T17:57:45.978265+00:00
thv_ot7,telegramchannels,channel,21,Music,en,7,2026-04-30T17:57:45.978283+00:00
sickmindsmedia,telegramchannels,channel,21,Music,en,8,2026-04-30T17:57:45.978287+00:00
flstudiofruity,telegramchannels,channel,21,Music,en,9,2026-04-30T17:57:45.978290+00:00
hqvst,telegramchannels,channel,21,Music,en,10,2026-04-30T17:57:45.978293+00:00
songs,telegramchannels,channel,21,Music,en,11,2026-04-30T17:57:45.978296+00:00
nigerialatestsong,telegramchannels,channel,21,Music,en,12,2026-04-30T17:57:45.978299+00:00
plugwav,telegramchannels,channel,21,Music,en,13,2026-04-30T17:57:45.978302+00:00
djchannelhm,telegramchannels,channel,21,Music,en,14,2026-04-30T17:57:45.978305+00:00
audiotoolsvstsampleskits,telegramchannels,channel,21,Music,en,15,2026-04-30T17:57:45.978309+00:00
heavymetalalbums,telegramchannels,channel,21,Music,en,16,2026-04-30T17:57:45.978312+00:00
bighitxtcom,telegramchannels,channel,21,Music,en,17,2026-04-30T17:57:45.978315+00:00
thv_uniiverse,telegramchannels,channel,21,Music,en,18,2026-04-30T17:57:45.978318+00:00
naijamusicworld,telegramchannels,channel,21,Music,en,19,2026-04-30T17:57:45.978321+00:00
rare_90s_hip_hop,telegramchannels,channel,21,Music,en,20,2026-04-30T17:57:45.978325+00:00
brokemys,telegramchannels,channel,21,Music,en,21,2026-04-30T17:57:45.978328+00:00
straykidsbubbleupdate2021,telegramchannels,channel,21,Music,en,22,2026-04-30T17:57:45.978331+00:00
all_bts_updates,telegramchannels,channel,21,Music,en,23,2026-04-30T17:57:45.978334+00:00
bangtankboys,telegramchannels,channel,21,Music,en,24,2026-04-30T17:57:45.978337+00:00
animemusicstash,telegramchannels,channel,21,Music,en,25,2026-04-30T17:57:45.978340+00:00
mercychinwonow,telegramchannels,channel,21,Music,en,26,2026-04-30T17:57:45.978343+00:00
btsinstagramupdate,telegramchannels,channel,21,Music,en,27,2026-04-30T17:57:45.978347+00:00
fntune,telegramchannels,channel,21,Music,en,28,2026-04-30T17:57:45.978350+00:00
sabseachestatus,telegramchannels,channel,21,Music,en,29,2026-04-30T17:57:45.978353+00:00
theloopcentral,telegramchannels,channel,21,Music,en,30,2026-04-30T17:57:45.978356+00:00
spurziki,telegramchannels,channel,21,Music,en,31,2026-04-30T17:57:45.978359+00:00
bighitbtsmemes,telegramchannels,channel,21,Music,en,32,2026-04-30T17:57:45.978362+00:00
diskopartydancesongs,telegramchannels,channel,21,Music,en,33,2026-04-30T17:57:45.978365+00:00
btseditsoffecial,telegramchannels,channel,21,Music,en,34,2026-04-30T17:57:45.978368+00:00
stayc6irls,telegramchannels,channel,21,Music,en,35,2026-04-30T17:57:45.978371+00:00
tranceandprogressive,telegramchannels,channel,21,Music,en,36,2026-04-30T17:57:45.978374+00:00
twiceftonces,telegramchannels,channel,21,Music,en,37,2026-04-30T17:57:45.978377+00:00
melodicdeathmetalclub,telegramchannels,channel,21,Music,en,38,2026-04-30T17:57:45.978381+00:00
english_mp3s_new,telegramchannels,channel,21,Music,en,39,2026-04-30T17:57:45.978384+00:00
fromisnineupdate,telegramchannels,channel,21,Music,en,40,2026-04-30T17:57:45.978386+00:00
english_songs_hub,telegramchannels,channel,21,Music,en,41,2026-04-30T17:57:45.978390+00:00
txtupdate21,telegramchannels,channel,21,Music,en,42,2026-04-30T17:57:45.978393+00:00
reggae_music,telegramchannels,channel,21,Music,en,43,2026-04-30T17:57:45.978396+00:00
gidle_update,telegramchannels,channel,21,Music,en,44,2026-04-30T17:57:45.978399+00:00
jxbznft,telegramchannels,channel,21,Music,en,45,2026-04-30T17:57:45.978402+00:00
ele_music,telegramchannels,channel,21,Music,en,46,2026-04-30T17:57:45.978405+00:00
slaughter_to_prevail_music,telegramchannels,channel,21,Music,en,47,2026-04-30T17:57:45.978408+00:00
passengermusics,telegramchannels,channel,21,Music,en,48,2026-04-30T17:57:45.978410+00:00
unlimited_freedom,telegramchannels,channel,21,Music,en,49,2026-04-30T17:57:45.978413+00:00
hightunes,telegramchannels,channel,21,Music,en,50,2026-04-30T17:57:45.978416+00:00
babymonsterbyyg,telegramchannels,channel,21,Music,en,51,2026-04-30T17:57:45.978426+00:00
djmuzc,telegramchannels,channel,21,Music,en,52,2026-04-30T17:57:45.978431+00:00
freemusic2023,telegramchannels,channel,21,Music,en,53,2026-04-30T17:57:45.978436+00:00
blck_rnb,telegramchannels,channel,21,Music,en,54,2026-04-30T17:57:45.978441+00:00
soundengineervava,telegramchannels,channel,21,Music,en,55,2026-04-30T17:57:45.978445+00:00
pocketfmenglish,telegramchannels,channel,21,Music,en,56,2026-04-30T17:57:45.978450+00:00
darkelectro,telegramchannels,channel,21,Music,en,57,2026-04-30T17:57:45.978455+00:00
world_music_pfff,telegramchannels,channel,21,Music,en,58,2026-04-30T17:57:45.978459+00:00
epicmusics1,telegramchannels,channel,21,Music,en,59,2026-04-30T17:57:45.978464+00:00
producersecrets,telegramchannels,channel,21,Music,en,60,2026-04-30T17:57:45.978469+00:00
all2you,telegramchannels,channel,21,Music,en,61,2026-04-30T17:57:45.978473+00:00
babkim,telegramchannels,channel,21,Music,en,62,2026-04-30T17:57:45.978478+00:00
musicmalaysiaofficial,telegramchannels,channel,21,Music,en,63,2026-04-30T17:57:45.978482+00:00
deep_rhythm_music,telegramchannels,channel,21,Music,en,64,2026-04-30T17:57:45.978487+00:00
snsdchannel,telegramchannels,channel,21,Music,en,65,2026-04-30T17:57:45.978492+00:00
intellemusic,telegramchannels,channel,21,Music,en,66,2026-04-30T17:57:45.978497+00:00
psytrancefree,telegramchannels,channel,21,Music,en,67,2026-04-30T17:57:45.978501+00:00
arcticmonkeys,telegramchannels,channel,21,Music,en,68,2026-04-30T17:57:45.978505+00:00
anime_musics,telegramchannels,channel,21,Music,en,69,2026-04-30T17:57:45.978509+00:00
grmdaily12,telegramchannels,channel,21,Music,en,70,2026-04-30T17:57:45.978514+00:00
metal_music_pfff,telegramchannels,channel,21,Music,en,71,2026-04-30T17:57:45.978518+00:00
beats4gym,telegramchannels,channel,21,Music,en,72,2026-04-30T17:57:45.978523+00:00
epic_music_mania,telegramchannels,channel,21,Music,en,73,2026-04-30T17:57:45.978528+00:00
rockandmetalhits,telegramchannels,channel,21,Music,en,74,2026-04-30T17:57:45.978533+00:00
liltecca_fans,telegramchannels,channel,21,Music,en,75,2026-04-30T17:57:45.978537+00:00
playboicarti_fans,telegramchannels,channel,21,Music,en,76,2026-04-30T17:57:45.978542+00:00
listentomuzik,telegramchannels,channel,21,Music,en,77,2026-04-30T17:57:45.978546+00:00
housetechno,telegramchannels,channel,21,Music,en,78,2026-04-30T17:57:45.978551+00:00
theprodigylive,telegramchannels,channel,21,Music,en,79,2026-04-30T17:57:45.978555+00:00
countryroadmusic,telegramchannels,channel,21,Music,en,80,2026-04-30T17:57:45.978560+00:00
sadart,telegramchannels,channel,21,Music,en,81,2026-04-30T17:57:45.978564+00:00
lolicore_ua,telegramchannels,channel,21,Music,en,82,2026-04-30T17:57:45.978569+00:00
freelagumelayu,telegramchannels,channel,21,Music,en,83,2026-04-30T17:57:45.978574+00:00
musicianmemes,telegramchannels,channel,21,Music,en,84,2026-04-30T17:57:45.978578+00:00
musixlovers,telegramchannels,channel,21,Music,en,85,2026-04-30T17:57:45.978583+00:00
spotify_save_music,telegramchannels,channel,21,Music,en,86,2026-04-30T17:57:45.978588+00:00
techno_m2,telegramchannels,channel,21,Music,en,87,2026-04-30T17:57:45.978592+00:00
psychedelic_trance,telegramchannels,channel,21,Music,en,88,2026-04-30T17:57:45.978595+00:00
pdstatus1,telegramchannels,channel,21,Music,en,89,2026-04-30T17:57:45.978598+00:00
pologcapalotg,telegramchannels,channel,21,Music,en,90,2026-04-30T17:57:45.978601+00:00
uesound,telegramchannels,channel,21,Music,en,91,2026-04-30T17:57:45.978604+00:00
folk_metal_songs,telegramchannels,channel,21,Music,en,92,2026-04-30T17:57:45.978607+00:00
soul_orgasm,telegramchannels,channel,21,Music,en,93,2026-04-30T17:57:45.978610+00:00
downloadmp3_english_songs,telegramchannels,channel,21,Music,en,94,2026-04-30T17:57:45.978613+00:00
myd_selection,telegramchannels,channel,21,Music,en,95,2026-04-30T17:57:45.978616+00:00
rophnanmygeneration,telegramchannels,channel,21,Music,en,96,2026-04-30T17:57:45.978619+00:00
jugged,telegramchannels,channel,21,Music,en,97,2026-04-30T17:57:45.978622+00:00
christmasmusic,telegramchannels,channel,21,Music,en,98,2026-04-30T17:57:45.978625+00:00
linkupog,telegramchannels,channel,21,Music,en,99,2026-04-30T17:57:45.978627+00:00
mhhousemusic,telegramchannels,channel,21,Music,en,100,2026-04-30T17:57:45.978630+00:00
keysnat,telegramchannels,channel,21,Music,en,101,2026-04-30T17:57:45.978633+00:00
aruvi_studio,telegramchannels,channel,21,Music,en,102,2026-04-30T17:57:45.978636+00:00
syrianmetalheadsunion,telegramchannels,channel,21,Music,en,103,2026-04-30T17:57:45.978639+00:00
dailychannels,telegramchannels,channel,21,Music,en,104,2026-04-30T17:57:45.978644+00:00
nature,telegramchannels,channel,1,Nature & Animals,en,1,2026-04-30T17:57:59.256304+00:00
catmoonity,telegramchannels,channel,1,Nature & Animals,en,2,2026-04-30T17:57:59.256312+00:00
cute_cats_videos,telegramchannels,channel,1,Nature & Animals,en,3,2026-04-30T17:57:59.256316+00:00
funnyanimals_1,telegramchannels,channel,1,Nature & Animals,en,7,2026-04-30T17:57:59.256335+00:00
natgeosociety,telegramchannels,channel,1,Nature & Animals,en,8,2026-04-30T17:57:59.256338+00:00
tgrealnature,telegramchannels,channel,1,Nature & Animals,en,9,2026-04-30T17:57:59.256341+00:00
earthcurated,telegramchannels,channel,1,Nature & Animals,en,10,2026-04-30T17:57:59.256344+00:00
discovery_animal_planet,telegramchannels,channel,1,Nature & Animals,en,11,2026-04-30T17:57:59.256347+00:00
gardeningsecrets,telegramchannels,channel,1,Nature & Animals,en,12,2026-04-30T17:57:59.256350+00:00
tg_discovery,telegramchannels,channel,1,Nature & Animals,en,13,2026-04-30T17:57:59.256353+00:00
wildlifen,telegramchannels,channel,1,Nature & Animals,en,14,2026-04-30T17:57:59.256357+00:00
cutehappystuffs,telegramchannels,channel,1,Nature & Animals,en,15,2026-04-30T17:57:59.256360+00:00
blazenanimals,telegramchannels,channel,1,Nature & Animals,en,16,2026-04-30T17:57:59.256363+00:00
lolanimalz,telegramchannels,channel,1,Nature & Animals,en,17,2026-04-30T17:57:59.256366+00:00
funnyanimals_t_me,telegramchannels,channel,1,Nature & Animals,en,18,2026-04-30T17:57:59.256369+00:00
evolvedtruth,telegramchannels,channel,1,Nature & Animals,en,19,2026-04-30T17:57:59.256372+00:00
ohota_riba,telegramchannels,channel,1,Nature & Animals,en,20,2026-04-30T17:57:59.256376+00:00
animals_funny_videos,telegramchannels,channel,1,Nature & Animals,en,21,2026-04-30T17:57:59.256379+00:00
animals_first,telegramchannels,channel,1,Nature & Animals,en,22,2026-04-30T17:57:59.256382+00:00
animal_fighting,telegramchannels,channel,1,Nature & Animals,en,23,2026-04-30T17:57:59.256385+00:00
sgcatadoption,telegramchannels,channel,1,Nature & Animals,en,24,2026-04-30T17:57:59.256388+00:00
you_can_pet,telegramchannels,channel,1,Nature & Animals,en,25,2026-04-30T17:57:59.256392+00:00
plantforchange,telegramchannels,channel,1,Nature & Animals,en,26,2026-04-30T17:57:59.256395+00:00
housescat,telegramchannels,channel,1,Nature & Animals,en,27,2026-04-30T17:57:59.256398+00:00
beginnerhomesteader,telegramchannels,channel,1,Nature & Animals,en,28,2026-04-30T17:57:59.256401+00:00
dangerousground,telegramchannels,channel,1,Nature & Animals,en,29,2026-04-30T17:57:59.256404+00:00
cutedogcat,telegramchannels,channel,1,Nature & Animals,en,30,2026-04-30T17:57:59.256408+00:00
funny1pet,telegramchannels,channel,1,Nature & Animals,en,31,2026-04-30T17:57:59.256411+00:00
missflodder,telegramchannels,channel,1,Nature & Animals,en,32,2026-04-30T17:57:59.256414+00:00
utcutie,telegramchannels,channel,1,Nature & Animals,en,33,2026-04-30T17:57:59.256417+00:00
hourlyfops,telegramchannels,channel,1,Nature & Animals,en,34,2026-04-30T17:57:59.256427+00:00
livingocean,telegramchannels,channel,1,Nature & Animals,en,35,2026-04-30T17:57:59.256431+00:00
vinegarbluesky,telegramchannels,channel,1,Nature & Animals,en,36,2026-04-30T17:57:59.256435+00:00
dailymonkeys,telegramchannels,channel,1,Nature & Animals,en,37,2026-04-30T17:57:59.256438+00:00
offgridlowtech,telegramchannels,channel,1,Nature & Animals,en,38,2026-04-30T17:57:59.256441+00:00
opossumscreamo,telegramchannels,channel,1,Nature & Animals,en,39,2026-04-30T17:57:59.256444+00:00
dogsny,telegramchannels,channel,1,Nature & Animals,en,40,2026-04-30T17:57:59.256447+00:00
hedgehogsbeauty,telegramchannels,channel,1,Nature & Animals,en,41,2026-04-30T17:57:59.256450+00:00
frenchiepupsusa,telegramchannels,channel,1,Nature & Animals,en,42,2026-04-30T17:57:59.256453+00:00
animallistener,telegramchannels,channel,1,Nature & Animals,en,43,2026-04-30T17:57:59.256456+00:00
tomboysexist11,telegramchannels,channel,1,Nature & Animals,en,44,2026-04-30T17:57:59.256459+00:00
dogdata,telegramchannels,channel,1,Nature & Animals,en,45,2026-04-30T17:57:59.256462+00:00
animals_101,telegramchannels,channel,1,Nature & Animals,en,46,2026-04-30T17:57:59.256465+00:00
the_wonders_of_nature,telegramchannels,channel,1,Nature & Animals,en,47,2026-04-30T17:57:59.256468+00:00
pawpykisses,telegramchannels,channel,1,Nature & Animals,en,48,2026-04-30T17:57:59.256471+00:00
darwinshowbettas,telegramchannels,channel,1,Nature & Animals,en,49,2026-04-30T17:57:59.256474+00:00
verdantventures,telegramchannels,channel,1,Nature & Animals,en,50,2026-04-30T17:57:59.256477+00:00
good_vibes_only77,telegramchannels,channel,1,Nature & Animals,en,51,2026-04-30T17:57:59.256480+00:00
pussy_cat_kitten,telegramchannels,channel,1,Nature & Animals,en,52,2026-04-30T17:57:59.256483+00:00
canineparadiseth,telegramchannels,channel,1,Nature & Animals,en,53,2026-04-30T17:57:59.256486+00:00
cat_tube,telegramchannels,channel,1,Nature & Animals,en,54,2026-04-30T17:57:59.256490+00:00
daily_cats,telegramchannels,channel,1,Nature & Animals,en,55,2026-04-30T17:57:59.256493+00:00
animal_zone,telegramchannels,channel,1,Nature & Animals,en,56,2026-04-30T17:57:59.256496+00:00
animals_nature,telegramchannels,channel,1,Nature & Animals,en,57,2026-04-30T17:57:59.256499+00:00
myo2project,telegramchannels,channel,1,Nature & Animals,en,58,2026-04-30T17:57:59.256502+00:00
natureinsight,telegramchannels,channel,1,Nature & Animals,en,59,2026-04-30T17:57:59.256505+00:00
horseandcamelvetmeds,telegramchannels,channel,1,Nature & Animals,en,60,2026-04-30T17:57:59.256508+00:00
fluffypups,telegramchannels,channel,1,Nature & Animals,en,61,2026-04-30T17:57:59.256511+00:00
learn_simple_knowledge,telegramchannels,channel,1,Nature & Animals,en,62,2026-04-30T17:57:59.256514+00:00
englishbulldogshop,telegramchannels,channel,1,Nature & Animals,en,63,2026-04-30T17:57:59.256517+00:00
kitten_haven_with_lisa,telegramchannels,channel,1,Nature & Animals,en,64,2026-04-30T17:57:59.256520+00:00
dailychannels,telegramchannels,channel,1,Nature & Animals,en,65,2026-04-30T17:57:59.256525+00:00
livenews_1win,telegramchannels,channel,23,News & Media,en,1,2026-04-30T17:58:12.716736+00:00
cheatkott,telegramchannels,channel,23,News & Media,en,2,2026-04-30T17:58:12.716743+00:00
insider_uk_news,telegramchannels,channel,23,News & Media,en,3,2026-04-30T17:58:12.716746+00:00
nigerii_news,telegramchannels,channel,23,News & Media,en,7,2026-04-30T17:58:12.716763+00:00
middle_east_spectator,telegramchannels,channel,23,News & Media,en,8,2026-04-30T17:58:12.716767+00:00
intelslava,telegramchannels,channel,23,News & Media,en,9,2026-04-30T17:58:12.716770+00:00
disclosetv,telegramchannels,channel,23,News & Media,en,10,2026-04-30T17:58:12.716773+00:00
tuckercarlsonnetwork,telegramchannels,channel,23,News & Media,en,11,2026-04-30T17:58:12.716775+00:00
rtnews,telegramchannels,channel,23,News & Media,en,12,2026-04-30T17:58:12.716778+00:00
idfofficial,telegramchannels,channel,23,News & Media,en,13,2026-04-30T17:58:12.716781+00:00
warmonitors,telegramchannels,channel,23,News & Media,en,14,2026-04-30T17:58:12.716784+00:00
bloomberg,telegramchannels,channel,23,News & Media,en,15,2026-04-30T17:58:12.716787+00:00
georgenews,telegramchannels,channel,23,News & Media,en,16,2026-04-30T17:58:12.716790+00:00
oanntv,telegramchannels,channel,23,News & Media,en,17,2026-04-30T17:58:12.716793+00:00
palestineresist,telegramchannels,channel,23,News & Media,en,18,2026-04-30T17:58:12.716796+00:00
wethemedia,telegramchannels,channel,23,News & Media,en,19,2026-04-30T17:58:12.716799+00:00
generalmcnews,telegramchannels,channel,23,News & Media,en,20,2026-04-30T17:58:12.716802+00:00
nairobianofficial,telegramchannels,channel,23,News & Media,en,21,2026-04-30T17:58:12.716805+00:00
gatewaypunditofficial,telegramchannels,channel,23,News & Media,en,22,2026-04-30T17:58:12.716808+00:00
hnaftali,telegramchannels,channel,23,News & Media,en,23,2026-04-30T17:58:12.716811+00:00
qudsnen,telegramchannels,channel,23,News & Media,en,24,2026-04-30T17:58:12.716814+00:00
simon_parkes,telegramchannels,channel,23,News & Media,en,25,2026-04-30T17:58:12.716817+00:00
cig_telegram,telegramchannels,channel,23,News & Media,en,26,2026-04-30T17:58:12.716820+00:00
nickjfuentes,telegramchannels,channel,23,News & Media,en,27,2026-04-30T17:58:12.716823+00:00
insiderpaper,telegramchannels,channel,23,News & Media,en,28,2026-04-30T17:58:12.716826+00:00
theconspiracyhole,telegramchannels,channel,23,News & Media,en,29,2026-04-30T17:58:12.716828+00:00
dumbsandunderground,telegramchannels,channel,23,News & Media,en,30,2026-04-30T17:58:12.716831+00:00
thebabylonbee,telegramchannels,channel,23,News & Media,en,31,2026-04-30T17:58:12.716834+00:00
pushpendrasinghofficial,telegramchannels,channel,23,News & Media,en,32,2026-04-30T17:58:12.716836+00:00
nicholasveniamin,telegramchannels,channel,23,News & Media,en,33,2026-04-30T17:58:12.716839+00:00
fall_of_the_cabal,telegramchannels,channel,23,News & Media,en,34,2026-04-30T17:58:12.716842+00:00
lebupdate,telegramchannels,channel,23,News & Media,en,35,2026-04-30T17:58:12.716845+00:00
tommyrobinsonnews,telegramchannels,channel,23,News & Media,en,36,2026-04-30T17:58:12.716848+00:00
aussiecossack,telegramchannels,channel,23,News & Media,en,37,2026-04-30T17:58:12.716851+00:00
breakingheadlines,telegramchannels,channel,23,News & Media,en,38,2026-04-30T17:58:12.716853+00:00
mylordbebo,telegramchannels,channel,23,News & Media,en,39,2026-04-30T17:58:12.716856+00:00
european_dissident,telegramchannels,channel,23,News & Media,en,40,2026-04-30T17:58:12.716859+00:00
ukraine_watch,telegramchannels,channel,23,News & Media,en,41,2026-04-30T17:58:12.716862+00:00
united24media,telegramchannels,channel,23,News & Media,en,42,2026-04-30T17:58:12.716865+00:00
hamasw,telegramchannels,channel,23,News & Media,en,43,2026-04-30T17:58:12.716867+00:00
shaunkingchannel,telegramchannels,channel,23,News & Media,en,44,2026-04-30T17:58:12.716870+00:00
breaking911,telegramchannels,channel,23,News & Media,en,45,2026-04-30T17:58:12.716873+00:00
tarotbyjaninechannel,telegramchannels,channel,23,News & Media,en,46,2026-04-30T17:58:12.716876+00:00
washingtonpost,telegramchannels,channel,23,News & Media,en,47,2026-04-30T17:58:12.716879+00:00
southfirstresponders,telegramchannels,channel,23,News & Media,en,48,2026-04-30T17:58:12.716882+00:00
sputnik_africa,telegramchannels,channel,23,News & Media,en,49,2026-04-30T17:58:12.716884+00:00
tironianae,telegramchannels,channel,23,News & Media,en,50,2026-04-30T17:58:12.716887+00:00
worldpravda,telegramchannels,channel,23,News & Media,en,51,2026-04-30T17:58:12.716890+00:00
ourwarstoday,telegramchannels,channel,23,News & Media,en,52,2026-04-30T17:58:12.716893+00:00
gimbaled,telegramchannels,channel,23,News & Media,en,53,2026-04-30T17:58:12.716896+00:00
chiefnerd,telegramchannels,channel,23,News & Media,en,54,2026-04-30T17:58:12.716899+00:00
deadrussi,telegramchannels,channel,23,News & Media,en,55,2026-04-30T17:58:12.716902+00:00
reutersworldchannel,telegramchannels,channel,23,News & Media,en,56,2026-04-30T17:58:12.716904+00:00
elon_musk,telegramchannels,channel,23,News & Media,en,57,2026-04-30T17:58:12.716907+00:00
waterwatchtruth,telegramchannels,channel,23,News & Media,en,58,2026-04-30T17:58:12.716910+00:00
warvideos18,telegramchannels,channel,23,News & Media,en,59,2026-04-30T17:58:12.716913+00:00
tuckercarlsonchannel,telegramchannels,channel,23,News & Media,en,60,2026-04-30T17:58:12.716916+00:00
nesaragesarasecrets,telegramchannels,channel,23,News & Media,en,61,2026-04-30T17:58:12.716919+00:00
jantakareporter,telegramchannels,channel,23,News & Media,en,62,2026-04-30T17:58:12.716921+00:00
officialcharliewardfriends,telegramchannels,channel,23,News & Media,en,63,2026-04-30T17:58:12.716924+00:00
liveukraine_media,telegramchannels,channel,23,News & Media,en,64,2026-04-30T17:58:12.716927+00:00
christianpatriotnews,telegramchannels,channel,23,News & Media,en,65,2026-04-30T17:58:12.716930+00:00
news_3dto5d,telegramchannels,channel,23,News & Media,en,66,2026-04-30T17:58:12.716933+00:00
brianlovethailand,telegramchannels,channel,23,News & Media,en,67,2026-04-30T17:58:12.716936+00:00
patricklancasternewstoday,telegramchannels,channel,23,News & Media,en,68,2026-04-30T17:58:12.716939+00:00
bbc_news0,telegramchannels,channel,23,News & Media,en,69,2026-04-30T17:58:12.716942+00:00
generalmcinerne,telegramchannels,channel,23,News & Media,en,70,2026-04-30T17:58:12.716945+00:00
realrtmnews,telegramchannels,channel,23,News & Media,en,71,2026-04-30T17:58:12.716948+00:00
livelawindia,telegramchannels,channel,23,News & Media,en,72,2026-04-30T17:58:12.716950+00:00
andy_ngo,telegramchannels,channel,23,News & Media,en,73,2026-04-30T17:58:12.716953+00:00
englishabuali,telegramchannels,channel,23,News & Media,en,74,2026-04-30T17:58:12.716956+00:00
worldnews,telegramchannels,channel,23,News & Media,en,75,2026-04-30T17:58:12.716958+00:00
business_bloomberg,telegramchannels,channel,23,News & Media,en,76,2026-04-30T17:58:12.716961+00:00
realrebelnews,telegramchannels,channel,23,News & Media,en,77,2026-04-30T17:58:12.716964+00:00
qtimenetwork,telegramchannels,channel,23,News & Media,en,78,2026-04-30T17:58:12.716967+00:00
bbcworldoffl,telegramchannels,channel,23,News & Media,en,79,2026-04-30T17:58:12.716970+00:00
chefpeteevans,telegramchannels,channel,23,News & Media,en,80,2026-04-30T17:58:12.716973+00:00
beckernews,telegramchannels,channel,23,News & Media,en,81,2026-04-30T17:58:12.716975+00:00
realvincentjames,telegramchannels,channel,23,News & Media,en,82,2026-04-30T17:58:12.716978+00:00
ai_news_world,telegramchannels,channel,23,News & Media,en,83,2026-04-30T17:58:12.716981+00:00
endhumantrafficking,telegramchannels,channel,23,News & Media,en,84,2026-04-30T17:58:12.716984+00:00
qrashthematrix,telegramchannels,channel,23,News & Media,en,85,2026-04-30T17:58:12.716986+00:00
live_news_times,telegramchannels,channel,23,News & Media,en,86,2026-04-30T17:58:12.716989+00:00
cryptopolitanofficial,telegramchannels,channel,23,News & Media,en,87,2026-04-30T17:58:12.716992+00:00
intnewsagency,telegramchannels,channel,23,News & Media,en,88,2026-04-30T17:58:12.716995+00:00
canada,telegramchannels,channel,23,News & Media,en,89,2026-04-30T17:58:12.716997+00:00
the_jerusalem_post,telegramchannels,channel,23,News & Media,en,90,2026-04-30T17:58:12.717000+00:00
markacollett,telegramchannels,channel,23,News & Media,en,91,2026-04-30T17:58:12.717003+00:00
warsawitness,telegramchannels,channel,23,News & Media,en,92,2026-04-30T17:58:12.717005+00:00
news_of_donbass,telegramchannels,channel,23,News & Media,en,93,2026-04-30T17:58:12.717008+00:00
zoka200,telegramchannels,channel,23,News & Media,en,94,2026-04-30T17:58:12.717011+00:00
illuminatiwealth6666,telegramchannels,channel,23,News & Media,en,95,2026-04-30T17:58:12.717014+00:00
britainfirst,telegramchannels,channel,23,News & Media,en,96,2026-04-30T17:58:12.717017+00:00
orwelliandystopia,telegramchannels,channel,23,News & Media,en,97,2026-04-30T17:58:12.717020+00:00
businessinfoeth,telegramchannels,channel,23,News & Media,en,98,2026-04-30T17:58:12.717022+00:00
syriangirlpartisan,telegramchannels,channel,23,News & Media,en,99,2026-04-30T17:58:12.717025+00:00
breakingnewstg,telegramchannels,channel,23,News & Media,en,100,2026-04-30T17:58:12.717028+00:00
qlobalchangeusa,telegramchannels,channel,23,News & Media,en,101,2026-04-30T17:58:12.717031+00:00
patrioticalternativeofficial,telegramchannels,channel,23,News & Media,en,102,2026-04-30T17:58:12.717034+00:00
digitalsoldiers1,telegramchannels,channel,23,News & Media,en,103,2026-04-30T17:58:12.717036+00:00
dailychannels,telegramchannels,channel,23,News & Media,en,104,2026-04-30T17:58:12.717041+00:00
faceswitcher,telegramchannels,channel,39,NSFW & Adults,en,1,2026-04-30T17:58:25.955225+00:00
alexismucciofficial,telegramchannels,channel,39,NSFW & Adults,en,2,2026-04-30T17:58:25.955233+00:00
animemaniaxx,telegramchannels,channel,39,NSFW & Adults,en,3,2026-04-30T17:58:25.955236+00:00
khyatishreechannel,telegramchannels,channel,39,NSFW & Adults,en,7,2026-04-30T17:58:25.955253+00:00
yailin_la_mas_viral_yailinlamass,telegramchannels,channel,39,NSFW & Adults,en,8,2026-04-30T17:58:25.955256+00:00
karelionli,telegramchannels,channel,39,NSFW & Adults,en,9,2026-04-30T17:58:25.955260+00:00
utopianleaks,telegramchannels,channel,39,NSFW & Adults,en,10,2026-04-30T17:58:25.955263+00:00
allinika_ph,telegramchannels,channel,39,NSFW & Adults,en,11,2026-04-30T17:58:25.955265+00:00
rubirosetele,telegramchannels,channel,39,NSFW & Adults,en,12,2026-04-30T17:58:25.955268+00:00
itsrachelc00k,telegramchannels,channel,39,NSFW & Adults,en,13,2026-04-30T17:58:25.955271+00:00
joselisboli,telegramchannels,channel,39,NSFW & Adults,en,14,2026-04-30T17:58:25.955274+00:00
voulezjfansonly,telegramchannels,channel,39,NSFW & Adults,en,15,2026-04-30T17:58:25.955277+00:00
grace_charis_itsgracecharis,telegramchannels,channel,39,NSFW & Adults,en,16,2026-04-30T17:58:25.955280+00:00
yus_lopez_yuslopez,telegramchannels,channel,39,NSFW & Adults,en,17,2026-04-30T17:58:25.955283+00:00
gooningparadise,telegramchannels,channel,39,NSFW & Adults,en,18,2026-04-30T17:58:25.955286+00:00
tgcamgirls,telegramchannels,channel,39,NSFW & Adults,en,19,2026-04-30T17:58:25.955289+00:00
erotic_stl,telegramchannels,channel,39,NSFW & Adults,en,20,2026-04-30T17:58:25.955292+00:00
thaifriendly,telegramchannels,channel,39,NSFW & Adults,en,21,2026-04-30T17:58:25.955295+00:00
tiktokgurls,telegramchannels,channel,39,NSFW & Adults,en,22,2026-04-30T17:58:25.955298+00:00
onlyfansleakvip,telegramchannels,channel,39,NSFW & Adults,en,23,2026-04-30T17:58:25.955300+00:00
girl_ai_nsfw,telegramchannels,channel,39,NSFW & Adults,en,24,2026-04-30T17:58:25.955303+00:00
naughtydream,telegramchannels,channel,39,NSFW & Adults,en,25,2026-04-30T17:58:25.955306+00:00
cameltoe_only_fans,telegramchannels,channel,39,NSFW & Adults,en,26,2026-04-30T17:58:25.955309+00:00
lanarosehotscenes,telegramchannels,channel,39,NSFW & Adults,en,27,2026-04-30T17:58:25.955312+00:00
emilyblackleakss,telegramchannels,channel,39,NSFW & Adults,en,28,2026-04-30T17:58:25.955315+00:00
corinnakopfleaks0,telegramchannels,channel,39,NSFW & Adults,en,29,2026-04-30T17:58:25.955318+00:00
usualyarmpits,telegramchannels,channel,39,NSFW & Adults,en,30,2026-04-30T17:58:25.955321+00:00
gcosplayy,telegramchannels,channel,39,NSFW & Adults,en,31,2026-04-30T17:58:25.955323+00:00
jackys_lobby,telegramchannels,channel,39,NSFW & Adults,en,32,2026-04-30T17:58:25.955326+00:00
onlyfanspremium4free,telegramchannels,channel,39,NSFW & Adults,en,33,2026-04-30T17:58:25.955329+00:00
nsfw_premium,telegramchannels,channel,39,NSFW & Adults,en,34,2026-04-30T17:58:25.955332+00:00
mysuperhot,telegramchannels,channel,39,NSFW & Adults,en,35,2026-04-30T17:58:25.955335+00:00
buffalo_sick,telegramchannels,channel,39,NSFW & Adults,en,36,2026-04-30T17:58:25.955337+00:00
onlyfansleaksnewbackup,telegramchannels,channel,39,NSFW & Adults,en,37,2026-04-30T17:58:25.955340+00:00
rebelotetg,telegramchannels,channel,39,NSFW & Adults,en,38,2026-04-30T17:58:25.955343+00:00
dystopianleaks,telegramchannels,channel,39,NSFW & Adults,en,39,2026-04-30T17:58:25.955346+00:00
kbjedm,telegramchannels,channel,39,NSFW & Adults,en,40,2026-04-30T17:58:25.955348+00:00
theleaklounge,telegramchannels,channel,39,NSFW & Adults,en,41,2026-04-30T17:58:25.955351+00:00
donghuaimagespicture,telegramchannels,channel,39,NSFW & Adults,en,42,2026-04-30T17:58:25.955354+00:00
kpop003,telegramchannels,channel,39,NSFW & Adults,en,43,2026-04-30T17:58:25.955357+00:00
twerk_it,telegramchannels,channel,39,NSFW & Adults,en,44,2026-04-30T17:58:25.955360+00:00
japan_cosplay,telegramchannels,channel,39,NSFW & Adults,en,45,2026-04-30T17:58:25.955363+00:00
ftmegas,telegramchannels,channel,39,NSFW & Adults,en,46,2026-04-30T17:58:25.955365+00:00
nsfwunlimited,telegramchannels,channel,39,NSFW & Adults,en,47,2026-04-30T17:58:25.955368+00:00
rachelcooklife,telegramchannels,channel,39,NSFW & Adults,en,48,2026-04-30T17:58:25.955371+00:00
sexting_messages,telegramchannels,channel,39,NSFW & Adults,en,49,2026-04-30T17:58:25.955374+00:00
feetanimeworld2,telegramchannels,channel,39,NSFW & Adults,en,50,2026-04-30T17:58:25.955376+00:00
norafawnfans,telegramchannels,channel,39,NSFW & Adults,en,51,2026-04-30T17:58:25.955379+00:00
donghuahotpics,telegramchannels,channel,39,NSFW & Adults,en,52,2026-04-30T17:58:25.955382+00:00
emmakotosleaks,telegramchannels,channel,39,NSFW & Adults,en,53,2026-04-30T17:58:25.955384+00:00
kennacatx0,telegramchannels,channel,39,NSFW & Adults,en,54,2026-04-30T17:58:25.955387+00:00
faithlianneleaks,telegramchannels,channel,39,NSFW & Adults,en,55,2026-04-30T17:58:25.955390+00:00
brightgirls7,telegramchannels,channel,39,NSFW & Adults,en,56,2026-04-30T17:58:25.955393+00:00
thisiscloudnine,telegramchannels,channel,39,NSFW & Adults,en,57,2026-04-30T17:58:25.955396+00:00
melimtxofp,telegramchannels,channel,39,NSFW & Adults,en,58,2026-04-30T17:58:25.955398+00:00
formuziclovers,telegramchannels,channel,39,NSFW & Adults,en,59,2026-04-30T17:58:25.955401+00:00
scarlett_johanssonn,telegramchannels,channel,39,NSFW & Adults,en,60,2026-04-30T17:58:25.955404+00:00
mywifeandyoux,telegramchannels,channel,39,NSFW & Adults,en,61,2026-04-30T17:58:25.955407+00:00
stockings_universe,telegramchannels,channel,39,NSFW & Adults,en,62,2026-04-30T17:58:25.955410+00:00
babesdirectory,telegramchannels,channel,39,NSFW & Adults,en,63,2026-04-30T17:58:25.955412+00:00
onlyple,telegramchannels,channel,39,NSFW & Adults,en,64,2026-04-30T17:58:25.955415+00:00
mbikini,telegramchannels,channel,39,NSFW & Adults,en,65,2026-04-30T17:58:25.955417+00:00
hotcelebslife,telegramchannels,channel,39,NSFW & Adults,en,66,2026-04-30T17:58:25.955427+00:00
hothairyarmpits,telegramchannels,channel,39,NSFW & Adults,en,67,2026-04-30T17:58:25.955435+00:00
confess_you,telegramchannels,channel,39,NSFW & Adults,en,68,2026-04-30T17:58:25.955438+00:00
jennygit,telegramchannels,channel,39,NSFW & Adults,en,69,2026-04-30T17:58:25.955441+00:00
onlyfansviral2,telegramchannels,channel,39,NSFW & Adults,en,70,2026-04-30T17:58:25.955443+00:00
confidentialfeet,telegramchannels,channel,39,NSFW & Adults,en,71,2026-04-30T17:58:25.955446+00:00
ofvaultonly,telegramchannels,channel,39,NSFW & Adults,en,72,2026-04-30T17:58:25.955449+00:00
fap_nation_com,telegramchannels,channel,39,NSFW & Adults,en,73,2026-04-30T17:58:25.955452+00:00
jordanherseyyof,telegramchannels,channel,39,NSFW & Adults,en,74,2026-04-30T17:58:25.955455+00:00
secretdesireupdate,telegramchannels,channel,39,NSFW & Adults,en,75,2026-04-30T17:58:25.955457+00:00
theleakvaultbackup,telegramchannels,channel,39,NSFW & Adults,en,76,2026-04-30T17:58:25.955460+00:00
acesmassageofficial,telegramchannels,channel,39,NSFW & Adults,en,77,2026-04-30T17:58:25.955463+00:00
dailypeaches,telegramchannels,channel,39,NSFW & Adults,en,78,2026-04-30T17:58:25.955466+00:00
bdsmdatefinder,telegramchannels,channel,39,NSFW & Adults,en,79,2026-04-30T17:58:25.955468+00:00
megadropzbackup,telegramchannels,channel,39,NSFW & Adults,en,80,2026-04-30T17:58:25.955471+00:00
lenareloaded,telegramchannels,channel,39,NSFW & Adults,en,81,2026-04-30T17:58:25.955473+00:00
megadroppremium,telegramchannels,channel,39,NSFW & Adults,en,82,2026-04-30T17:58:25.955476+00:00
rgnkn69,telegramchannels,channel,39,NSFW & Adults,en,83,2026-04-30T17:58:25.955478+00:00
aasweetlove18,telegramchannels,channel,39,NSFW & Adults,en,84,2026-04-30T17:58:25.955481+00:00
tiktokgirlfriends,telegramchannels,channel,39,NSFW & Adults,en,85,2026-04-30T17:58:25.955484+00:00
wandanaraworld,telegramchannels,channel,39,NSFW & Adults,en,86,2026-04-30T17:58:25.955487+00:00
sophierain_sophieraiin_fans,telegramchannels,channel,39,NSFW & Adults,en,87,2026-04-30T17:58:25.955489+00:00
hotass18,telegramchannels,channel,39,NSFW & Adults,en,88,2026-04-30T17:58:25.955492+00:00
haremcollection,telegramchannels,channel,39,NSFW & Adults,en,89,2026-04-30T17:58:25.955495+00:00
adult_live_chat,telegramchannels,channel,39,NSFW & Adults,en,90,2026-04-30T17:58:25.955498+00:00
boobs_onlyf,telegramchannels,channel,39,NSFW & Adults,en,91,2026-04-30T17:58:25.955501+00:00
onlyfan_n,telegramchannels,channel,39,NSFW & Adults,en,92,2026-04-30T17:58:25.955503+00:00
onlyfamofleaks,telegramchannels,channel,39,NSFW & Adults,en,93,2026-04-30T17:58:25.955506+00:00
freeonlyfanmega,telegramchannels,channel,39,NSFW & Adults,en,94,2026-04-30T17:58:25.955509+00:00
nu4art,telegramchannels,channel,39,NSFW & Adults,en,95,2026-04-30T17:58:25.955511+00:00
militarygirlsnguns,telegramchannels,channel,39,NSFW & Adults,en,96,2026-04-30T17:58:25.955514+00:00
hotasianxx,telegramchannels,channel,39,NSFW & Adults,en,97,2026-04-30T17:58:25.955517+00:00
xcamsofficial,telegramchannels,channel,39,NSFW & Adults,en,98,2026-04-30T17:58:25.955519+00:00
hot18plusmovies2020,telegramchannels,channel,39,NSFW & Adults,en,99,2026-04-30T17:58:25.955522+00:00
premiumleaks6969,telegramchannels,channel,39,NSFW & Adults,en,100,2026-04-30T17:58:25.955524+00:00
sfw_stranglefeetwater,telegramchannels,channel,39,NSFW & Adults,en,101,2026-04-30T17:58:25.955527+00:00
instahotornot,telegramchannels,channel,39,NSFW & Adults,en,102,2026-04-30T17:58:25.955530+00:00
instagram_hottest,telegramchannels,channel,39,NSFW & Adults,en,103,2026-04-30T17:58:25.955532+00:00
dailychannels,telegramchannels,channel,39,NSFW & Adults,en,104,2026-04-30T17:58:25.955537+00:00
true_caller,telegramchannels,channel,31,Other,en,1,2026-04-30T17:58:39.900564+00:00
majors,telegramchannels,channel,31,Other,en,2,2026-04-30T17:58:39.900572+00:00
hrumfam,telegramchannels,channel,31,Other,en,3,2026-04-30T17:58:39.900576+00:00
iamalexfalcon,telegramchannels,channel,31,Other,en,7,2026-04-30T17:58:39.900594+00:00
truecaller_z,telegramchannels,channel,31,Other,en,8,2026-04-30T17:58:39.900597+00:00
trucallerbot,telegramchannels,channel,31,Other,en,9,2026-04-30T17:58:39.900600+00:00
tsubasarivalsannounce,telegramchannels,channel,31,Other,en,10,2026-04-30T17:58:39.900603+00:00
piggybankgamechannel,telegramchannels,channel,31,Other,en,11,2026-04-30T17:58:39.900606+00:00
sigmaconnect,telegramchannels,channel,31,Other,en,12,2026-04-30T17:58:39.900610+00:00
respawn_media,telegramchannels,channel,31,Other,en,13,2026-04-30T17:58:39.900613+00:00
ngnperkraffle,telegramchannels,channel,31,Other,en,14,2026-04-30T17:58:39.900616+00:00
milkmaniawtf,telegramchannels,channel,31,Other,en,15,2026-04-30T17:58:39.900619+00:00
picardia_ecosystem,telegramchannels,channel,31,Other,en,16,2026-04-30T17:58:39.900622+00:00
ohuenko,telegramchannels,channel,31,Other,en,17,2026-04-30T17:58:39.900625+00:00
trumpjr,telegramchannels,channel,31,Other,en,18,2026-04-30T17:58:39.900628+00:00
moneycrptbunny,telegramchannels,channel,31,Other,en,19,2026-04-30T17:58:39.900631+00:00
warpplus,telegramchannels,channel,31,Other,en,20,2026-04-30T17:58:39.900633+00:00
androidthemes,telegramchannels,channel,31,Other,en,21,2026-04-30T17:58:39.900636+00:00
linwoodspeakstruth,telegramchannels,channel,31,Other,en,22,2026-04-30T17:58:39.900639+00:00
mtprotoproxies,telegramchannels,channel,31,Other,en,23,2026-04-30T17:58:39.900642+00:00
thevapelabs_channel,telegramchannels,channel,31,Other,en,24,2026-04-30T17:58:39.900645+00:00
udemycoursesfree,telegramchannels,channel,31,Other,en,25,2026-04-30T17:58:39.900648+00:00
epochtimes,telegramchannels,channel,31,Other,en,26,2026-04-30T17:58:39.900651+00:00
marrow_edition8notes,telegramchannels,channel,31,Other,en,27,2026-04-30T17:58:39.900655+00:00
themes,telegramchannels,channel,31,Other,en,28,2026-04-30T17:58:39.900658+00:00
rwmalonemd,telegramchannels,channel,31,Other,en,29,2026-04-30T17:58:39.900661+00:00
theinnercircleetrader_smc,telegramchannels,channel,31,Other,en,30,2026-04-30T17:58:39.900664+00:00
sqlspecialist,telegramchannels,channel,31,Other,en,31,2026-04-30T17:58:39.900667+00:00
phil_godlewskii,telegramchannels,channel,31,Other,en,32,2026-04-30T17:58:39.900670+00:00
gambody,telegramchannels,channel,31,Other,en,33,2026-04-30T17:58:39.900673+00:00
darkuniverse09,telegramchannels,channel,31,Other,en,34,2026-04-30T17:58:39.900676+00:00
dow_jonesus30,telegramchannels,channel,31,Other,en,35,2026-04-30T17:58:39.900679+00:00
dineshjdsouza,telegramchannels,channel,31,Other,en,36,2026-04-30T17:58:39.900682+00:00
stickerschannel,telegramchannels,channel,31,Other,en,37,2026-04-30T17:58:39.900685+00:00
todorokishouto,telegramchannels,channel,31,Other,en,38,2026-04-30T17:58:39.900688+00:00
berabeecatcher_ann,telegramchannels,channel,31,Other,en,39,2026-04-30T17:58:39.900691+00:00
realgenedecode,telegramchannels,channel,31,Other,en,40,2026-04-30T17:58:39.900695+00:00
drue86,telegramchannels,channel,31,Other,en,41,2026-04-30T17:58:39.900698+00:00
sgcabcodes,telegramchannels,channel,31,Other,en,42,2026-04-30T17:58:39.900701+00:00
drjordanpeterson,telegramchannels,channel,31,Other,en,43,2026-04-30T17:58:39.900704+00:00
sgstudentpromos,telegramchannels,channel,31,Other,en,44,2026-04-30T17:58:39.900707+00:00
stepindex_volatility_signals,telegramchannels,channel,31,Other,en,45,2026-04-30T17:58:39.900710+00:00
demacre,telegramchannels,channel,31,Other,en,46,2026-04-30T17:58:39.900713+00:00
thepatriot17,telegramchannels,channel,31,Other,en,47,2026-04-30T17:58:39.900716+00:00
officialredpillnews,telegramchannels,channel,31,Other,en,48,2026-04-30T17:58:39.900719+00:00
arrashfx_goldtrader,telegramchannels,channel,31,Other,en,49,2026-04-30T17:58:39.900722+00:00
factsfever,telegramchannels,channel,31,Other,en,50,2026-04-30T17:58:39.900725+00:00
millionairerecruitvip,telegramchannels,channel,31,Other,en,51,2026-04-30T17:58:39.900728+00:00
her_traderscircle,telegramchannels,channel,31,Other,en,52,2026-04-30T17:58:39.900731+00:00
marinejobs,telegramchannels,channel,31,Other,en,53,2026-04-30T17:58:39.900734+00:00
civilbeings,telegramchannels,channel,31,Other,en,54,2026-04-30T17:58:39.900737+00:00
juanosavin,telegramchannels,channel,31,Other,en,55,2026-04-30T17:58:39.900740+00:00
equity2commodity,telegramchannels,channel,31,Other,en,56,2026-04-30T17:58:39.900743+00:00
catholicsg,telegramchannels,channel,31,Other,en,57,2026-04-30T17:58:39.900746+00:00
sgparenthings,telegramchannels,channel,31,Other,en,58,2026-04-30T17:58:39.900750+00:00
yearprogress,telegramchannels,channel,31,Other,en,59,2026-04-30T17:58:39.900753+00:00
myheroacademia,telegramchannels,channel,31,Other,en,60,2026-04-30T17:58:39.900756+00:00
besttradingforexx,telegramchannels,channel,31,Other,en,61,2026-04-30T17:58:39.900759+00:00
isiswatch,telegramchannels,channel,31,Other,en,62,2026-04-30T17:58:39.900762+00:00
stopca,telegramchannels,channel,31,Other,en,63,2026-04-30T17:58:39.900765+00:00
redirects,telegramchannels,channel,31,Other,en,64,2026-04-30T17:58:39.900768+00:00
smartgardening,telegramchannels,channel,31,Other,en,65,2026-04-30T17:58:39.900771+00:00
signal_xauusd1,telegramchannels,channel,31,Other,en,66,2026-04-30T17:58:39.900774+00:00
darkhorsestocks,telegramchannels,channel,31,Other,en,67,2026-04-30T17:58:39.900777+00:00
jackpottradex,telegramchannels,channel,31,Other,en,68,2026-04-30T17:58:39.900780+00:00
pubghqop,telegramchannels,channel,31,Other,en,69,2026-04-30T17:58:39.900783+00:00
vivoterra_en,telegramchannels,channel,31,Other,en,70,2026-04-30T17:58:39.900786+00:00
canadajobs2022,telegramchannels,channel,31,Other,en,71,2026-04-30T17:58:39.900789+00:00
psdly_com,telegramchannels,channel,31,Other,en,72,2026-04-30T17:58:39.900792+00:00
confessions20,telegramchannels,channel,31,Other,en,73,2026-04-30T17:58:39.900795+00:00
tradingnewsio,telegramchannels,channel,31,Other,en,74,2026-04-30T17:58:39.900798+00:00
singaporejobsparttimesg,telegramchannels,channel,31,Other,en,75,2026-04-30T17:58:39.900801+00:00
virtualnumbersforverification,telegramchannels,channel,31,Other,en,76,2026-04-30T17:58:39.900804+00:00
accidentonroad,telegramchannels,channel,31,Other,en,77,2026-04-30T17:58:39.900807+00:00
glitchndealz,telegramchannels,channel,31,Other,en,78,2026-04-30T17:58:39.900810+00:00
gold_xausd_signal,telegramchannels,channel,31,Other,en,79,2026-04-30T17:58:39.900814+00:00
database_datadetection,telegramchannels,channel,31,Other,en,80,2026-04-30T17:58:39.900817+00:00
web3twitton,telegramchannels,channel,31,Other,en,81,2026-04-30T17:58:39.900820+00:00
stokvektor,telegramchannels,channel,31,Other,en,82,2026-04-30T17:58:39.900823+00:00
china,telegramchannels,channel,31,Other,en,83,2026-04-30T17:58:39.900826+00:00
jobs_in_qatar,telegramchannels,channel,31,Other,en,84,2026-04-30T17:58:39.900829+00:00
nbainformer,telegramchannels,channel,31,Other,en,85,2026-04-30T17:58:39.900832+00:00
mangaen,telegramchannels,channel,31,Other,en,86,2026-04-30T17:58:39.900835+00:00
punch_bizz,telegramchannels,channel,31,Other,en,87,2026-04-30T17:58:39.900838+00:00
thetrutherist,telegramchannels,channel,31,Other,en,88,2026-04-30T17:58:39.900840+00:00
z_last_ab_indicator_bot,telegramchannels,channel,31,Other,en,89,2026-04-30T17:58:39.900844+00:00
pocket_option_affiliate_program,telegramchannels,channel,31,Other,en,90,2026-04-30T17:58:39.900847+00:00
suregoldsignais,telegramchannels,channel,31,Other,en,91,2026-04-30T17:58:39.900849+00:00
inigojones,telegramchannels,channel,31,Other,en,92,2026-04-30T17:58:39.900852+00:00
fliplux_properties,telegramchannels,channel,31,Other,en,93,2026-04-30T17:58:39.900855+00:00
woohoogifting,telegramchannels,channel,31,Other,en,94,2026-04-30T17:58:39.900858+00:00
icopoolmiami,telegramchannels,channel,31,Other,en,95,2026-04-30T17:58:39.900861+00:00
usaverifiedaccountsshop,telegramchannels,channel,31,Other,en,96,2026-04-30T17:58:39.900864+00:00
olymptradesignalx,telegramchannels,channel,31,Other,en,97,2026-04-30T17:58:39.900867+00:00
sampledriveupdates,telegramchannels,channel,31,Other,en,98,2026-04-30T17:58:39.900870+00:00
aviation_channel_platin,telegramchannels,channel,31,Other,en,99,2026-04-30T17:58:39.900873+00:00
xauusdgoldtradingfx,telegramchannels,channel,31,Other,en,100,2026-04-30T17:58:39.900876+00:00
jobs_in_uk,telegramchannels,channel,31,Other,en,101,2026-04-30T17:58:39.900879+00:00
happypeople_club,telegramchannels,channel,31,Other,en,102,2026-04-30T17:58:39.900882+00:00
any_comics_nereby,telegramchannels,channel,31,Other,en,103,2026-04-30T17:58:39.900885+00:00
dailychannels,telegramchannels,channel,31,Other,en,104,2026-04-30T17:58:39.900890+00:00
wallpapers,telegramchannels,channel,24,Photo,en,1,2026-04-30T17:58:52.934669+00:00
images,telegramchannels,channel,24,Photo,en,2,2026-04-30T17:58:52.934676+00:00
wallpapersarena,telegramchannels,channel,24,Photo,en,3,2026-04-30T17:58:52.934679+00:00
catoshi_coin,telegramchannels,channel,24,Photo,en,7,2026-04-30T17:58:52.934695+00:00
wallpaperselection,telegramchannels,channel,24,Photo,en,8,2026-04-30T17:58:52.934698+00:00
tridrob,telegramchannels,channel,24,Photo,en,9,2026-04-30T17:58:52.934700+00:00
national_geographic0,telegramchannels,channel,24,Photo,en,10,2026-04-30T17:58:52.934703+00:00
bestwallpapes,telegramchannels,channel,24,Photo,en,11,2026-04-30T17:58:52.934706+00:00
wallsindeep,telegramchannels,channel,24,Photo,en,12,2026-04-30T17:58:52.934709+00:00
freestls,telegramchannels,channel,24,Photo,en,13,2026-04-30T17:58:52.934712+00:00
planet_earth,telegramchannels,channel,24,Photo,en,14,2026-04-30T17:58:52.934714+00:00
theuniquewallpaper,telegramchannels,channel,24,Photo,en,15,2026-04-30T17:58:52.934717+00:00
wallspp,telegramchannels,channel,24,Photo,en,16,2026-04-30T17:58:52.934720+00:00
whitelads,telegramchannels,channel,24,Photo,en,17,2026-04-30T17:58:52.934723+00:00
ezwalls,telegramchannels,channel,24,Photo,en,18,2026-04-30T17:58:52.934725+00:00
lightroompresetpro,telegramchannels,channel,24,Photo,en,19,2026-04-30T17:58:52.934728+00:00
graffitiworld,telegramchannels,channel,24,Photo,en,20,2026-04-30T17:58:52.934731+00:00
walpapers_engine,telegramchannels,channel,24,Photo,en,21,2026-04-30T17:58:52.934734+00:00
us_new_york,telegramchannels,channel,24,Photo,en,22,2026-04-30T17:58:52.934736+00:00
hd_ultra_wallpapers,telegramchannels,channel,24,Photo,en,23,2026-04-30T17:58:52.934739+00:00
iwallpaper,telegramchannels,channel,24,Photo,en,24,2026-04-30T17:58:52.934742+00:00
allwallpaper,telegramchannels,channel,24,Photo,en,25,2026-04-30T17:58:52.934745+00:00
descarao,telegramchannels,channel,24,Photo,en,26,2026-04-30T17:58:52.934748+00:00
minimalism,telegramchannels,channel,24,Photo,en,27,2026-04-30T17:58:52.934750+00:00
blackanime,telegramchannels,channel,24,Photo,en,28,2026-04-30T17:58:52.934753+00:00
natureislit,telegramchannels,channel,24,Photo,en,29,2026-04-30T17:58:52.934755+00:00
lightroomfreepresetdownload,telegramchannels,channel,24,Photo,en,30,2026-04-30T17:58:52.934758+00:00
pfff_history,telegramchannels,channel,24,Photo,en,31,2026-04-30T17:58:52.934761+00:00
tengen,telegramchannels,channel,24,Photo,en,32,2026-04-30T17:58:52.934764+00:00
kook135,telegramchannels,channel,24,Photo,en,33,2026-04-30T17:58:52.934767+00:00
phone_4k_mobile_wallpaper_hd,telegramchannels,channel,24,Photo,en,34,2026-04-30T17:58:52.934770+00:00
animeskypics,telegramchannels,channel,24,Photo,en,35,2026-04-30T17:58:52.934772+00:00
cool_wallpaper_hub,telegramchannels,channel,24,Photo,en,36,2026-04-30T17:58:52.934775+00:00
ecchigram,telegramchannels,channel,24,Photo,en,37,2026-04-30T17:58:52.934778+00:00
travel_and_nature,telegramchannels,channel,24,Photo,en,38,2026-04-30T17:58:52.934781+00:00
waifu_paradise,telegramchannels,channel,24,Photo,en,39,2026-04-30T17:58:52.934784+00:00
yumecosplay,telegramchannels,channel,24,Photo,en,40,2026-04-30T17:58:52.934786+00:00
topmodelsworld,telegramchannels,channel,24,Photo,en,41,2026-04-30T17:58:52.934789+00:00
hd_wallpapers_mobile,telegramchannels,channel,24,Photo,en,42,2026-04-30T17:58:52.934792+00:00
naturebackup,telegramchannels,channel,24,Photo,en,43,2026-04-30T17:58:52.934795+00:00
pinterest8k,telegramchannels,channel,24,Photo,en,44,2026-04-30T17:58:52.934797+00:00
photoby_ai,telegramchannels,channel,24,Photo,en,45,2026-04-30T17:58:52.934800+00:00
top_hd_wallpapers,telegramchannels,channel,24,Photo,en,46,2026-04-30T17:58:52.934803+00:00
chwallpaperlive,telegramchannels,channel,24,Photo,en,47,2026-04-30T17:58:52.934806+00:00
messywomen,telegramchannels,channel,24,Photo,en,48,2026-04-30T17:58:52.934808+00:00
wallpaper_for_mobil,telegramchannels,channel,24,Photo,en,49,2026-04-30T17:58:52.934811+00:00
beautyistterror,telegramchannels,channel,24,Photo,en,50,2026-04-30T17:58:52.934813+00:00
wallblaze,telegramchannels,channel,24,Photo,en,51,2026-04-30T17:58:52.934816+00:00
wallpapers_fondosdepantallas,telegramchannels,channel,24,Photo,en,52,2026-04-30T17:58:52.934819+00:00
beautifulafrica,telegramchannels,channel,24,Photo,en,53,2026-04-30T17:58:52.934821+00:00
wallpaper_hd_3d_4k_8k,telegramchannels,channel,24,Photo,en,54,2026-04-30T17:58:52.934824+00:00
a_loves,telegramchannels,channel,24,Photo,en,55,2026-04-30T17:58:52.934827+00:00
weheartitanime,telegramchannels,channel,24,Photo,en,56,2026-04-30T17:58:52.934831+00:00
freelutsandpresets,telegramchannels,channel,24,Photo,en,57,2026-04-30T17:58:52.934834+00:00
wallpaperawesome,telegramchannels,channel,24,Photo,en,58,2026-04-30T17:58:52.934836+00:00
logo_and_card_designer,telegramchannels,channel,24,Photo,en,59,2026-04-30T17:58:52.934839+00:00
asc_walllpapers,telegramchannels,channel,24,Photo,en,60,2026-04-30T17:58:52.934842+00:00
crazywal,telegramchannels,channel,24,Photo,en,61,2026-04-30T17:58:52.934845+00:00
profarsx,telegramchannels,channel,24,Photo,en,62,2026-04-30T17:58:52.934847+00:00
wallpaper4allpeople,telegramchannels,channel,24,Photo,en,63,2026-04-30T17:58:52.934850+00:00
desktop_wallpaperr,telegramchannels,channel,24,Photo,en,64,2026-04-30T17:58:52.934853+00:00
hdwallpapers_4k,telegramchannels,channel,24,Photo,en,65,2026-04-30T17:58:52.934855+00:00
animehdbackground,telegramchannels,channel,24,Photo,en,66,2026-04-30T17:58:52.934858+00:00
ceylonwildlife,telegramchannels,channel,24,Photo,en,67,2026-04-30T17:58:52.934861+00:00
wonderful_globe,telegramchannels,channel,24,Photo,en,68,2026-04-30T17:58:52.934864+00:00
landscapes,telegramchannels,channel,24,Photo,en,69,2026-04-30T17:58:52.934867+00:00
touhoupics,telegramchannels,channel,24,Photo,en,70,2026-04-30T17:58:52.934869+00:00
wallpapercorner,telegramchannels,channel,24,Photo,en,71,2026-04-30T17:58:52.934872+00:00
queenswallpaper,telegramchannels,channel,24,Photo,en,72,2026-04-30T17:58:52.934874+00:00
from_the_past1,telegramchannels,channel,24,Photo,en,73,2026-04-30T17:58:52.934877+00:00
freewallxpapers,telegramchannels,channel,24,Photo,en,74,2026-04-30T17:58:52.934880+00:00
cyberanime,telegramchannels,channel,24,Photo,en,75,2026-04-30T17:58:52.934882+00:00
bollyhott,telegramchannels,channel,24,Photo,en,76,2026-04-30T17:58:52.934885+00:00
cinemapixels,telegramchannels,channel,24,Photo,en,77,2026-04-30T17:58:52.934887+00:00
wallpapersdailytm,telegramchannels,channel,24,Photo,en,78,2026-04-30T17:58:52.934890+00:00
pics252,telegramchannels,channel,24,Photo,en,79,2026-04-30T17:58:52.934893+00:00
evilarts,telegramchannels,channel,24,Photo,en,80,2026-04-30T17:58:52.934895+00:00
picpinterest,telegramchannels,channel,24,Photo,en,81,2026-04-30T17:58:52.934898+00:00
ultraprowallpapers,telegramchannels,channel,24,Photo,en,82,2026-04-30T17:58:52.934901+00:00
ultimatephotography,telegramchannels,channel,24,Photo,en,83,2026-04-30T17:58:52.934903+00:00
animeeyeshd,telegramchannels,channel,24,Photo,en,84,2026-04-30T17:58:52.934906+00:00
liminalspaceiv,telegramchannels,channel,24,Photo,en,85,2026-04-30T17:58:52.934908+00:00
phottips,telegramchannels,channel,24,Photo,en,86,2026-04-30T17:58:52.934911+00:00
marvelwallpaper_0,telegramchannels,channel,24,Photo,en,87,2026-04-30T17:58:52.934913+00:00
soleshots,telegramchannels,channel,24,Photo,en,88,2026-04-30T17:58:52.934916+00:00
animefoodhd,telegramchannels,channel,24,Photo,en,89,2026-04-30T17:58:52.934918+00:00
publizei,telegramchannels,channel,24,Photo,en,90,2026-04-30T17:58:52.934921+00:00
amazing_01,telegramchannels,channel,24,Photo,en,91,2026-04-30T17:58:52.934923+00:00
wallscapehd,telegramchannels,channel,24,Photo,en,92,2026-04-30T17:58:52.934926+00:00
starstud22,telegramchannels,channel,24,Photo,en,93,2026-04-30T17:58:52.934928+00:00
lord_cullen,telegramchannels,channel,24,Photo,en,94,2026-04-30T17:58:52.934931+00:00
jsamwalls,telegramchannels,channel,24,Photo,en,95,2026-04-30T17:58:52.934934+00:00
faaaq,telegramchannels,channel,24,Photo,en,96,2026-04-30T17:58:52.934936+00:00
black_profile_wallpaper,telegramchannels,channel,24,Photo,en,97,2026-04-30T17:58:52.934939+00:00
pinterest_brain,telegramchannels,channel,24,Photo,en,98,2026-04-30T17:58:52.934941+00:00
dane_studio,telegramchannels,channel,24,Photo,en,99,2026-04-30T17:58:52.934944+00:00
hdwallpaper_4k_moblile_wallpaper,telegramchannels,channel,24,Photo,en,100,2026-04-30T17:58:52.934947+00:00
aestheticpfp,telegramchannels,channel,24,Photo,en,101,2026-04-30T17:58:52.934950+00:00
zoe_photography,telegramchannels,channel,24,Photo,en,102,2026-04-30T17:58:52.934952+00:00
gvroshit,telegramchannels,channel,24,Photo,en,103,2026-04-30T17:58:52.934955+00:00
dailychannels,telegramchannels,channel,24,Photo,en,104,2026-04-30T17:58:52.934959+00:00
insider_usa_news,telegramchannels,channel,37,Political,en,1,2026-04-30T17:59:06.157453+00:00
insiderr_politic,telegramchannels,channel,37,Political,en,2,2026-04-30T17:59:06.157462+00:00
real_donaldjtrump,telegramchannels,channel,37,Political,en,3,2026-04-30T17:59:06.157465+00:00
trump_magacommunity,telegramchannels,channel,37,Political,en,7,2026-04-30T17:59:06.157483+00:00
project_veritas,telegramchannels,channel,37,Political,en,8,2026-04-30T17:59:06.157486+00:00
realkarlibonne,telegramchannels,channel,37,Political,en,9,2026-04-30T17:59:06.157489+00:00
ddgeopolitics,telegramchannels,channel,37,Political,en,10,2026-04-30T17:59:06.157492+00:00
jamesokeefeiii,telegramchannels,channel,37,Political,en,11,2026-04-30T17:59:06.157495+00:00
lauraabolichannel,telegramchannels,channel,37,Political,en,12,2026-04-30T17:59:06.157499+00:00
realx22report,telegramchannels,channel,37,Political,en,13,2026-04-30T17:59:06.157502+00:00
charliekirk,telegramchannels,channel,37,Political,en,14,2026-04-30T17:59:06.157506+00:00
qthestormrider777,telegramchannels,channel,37,Political,en,15,2026-04-30T17:59:06.157509+00:00
realdonaldotrumpo,telegramchannels,channel,37,Political,en,16,2026-04-30T17:59:06.157512+00:00
pepematter,telegramchannels,channel,37,Political,en,17,2026-04-30T17:59:06.157515+00:00
realgenflynn,telegramchannels,channel,37,Political,en,18,2026-04-30T17:59:06.157518+00:00
shadowofezra,telegramchannels,channel,37,Political,en,19,2026-04-30T17:59:06.157521+00:00
stewpeters,telegramchannels,channel,37,Political,en,20,2026-04-30T17:59:06.157524+00:00
trumpchannel,telegramchannels,channel,37,Political,en,21,2026-04-30T17:59:06.157527+00:00
rattletrap1776,telegramchannels,channel,37,Political,en,22,2026-04-30T17:59:06.157530+00:00
bioclandestine,telegramchannels,channel,37,Political,en,23,2026-04-30T17:59:06.157533+00:00
dirtroaddiscussion,telegramchannels,channel,37,Political,en,24,2026-04-30T17:59:06.157536+00:00
resistthemainstream,telegramchannels,channel,37,Political,en,25,2026-04-30T17:59:06.157539+00:00
santasurfing,telegramchannels,channel,37,Political,en,26,2026-04-30T17:59:06.157542+00:00
jack_posobiec,telegramchannels,channel,37,Political,en,27,2026-04-30T17:59:06.157546+00:00
vigilantfox,telegramchannels,channel,37,Political,en,28,2026-04-30T17:59:06.157549+00:00
richardcitizenjournalists,telegramchannels,channel,37,Political,en,29,2026-04-30T17:59:06.157552+00:00
tuckerfans,telegramchannels,channel,37,Political,en,30,2026-04-30T17:59:06.157555+00:00
bellumactanews,telegramchannels,channel,37,Political,en,31,2026-04-30T17:59:06.157558+00:00
dbongino,telegramchannels,channel,37,Political,en,32,2026-04-30T17:59:06.157561+00:00
sgtnewsnetwork,telegramchannels,channel,37,Political,en,33,2026-04-30T17:59:06.157564+00:00
slavyangrad,telegramchannels,channel,37,Political,en,34,2026-04-30T17:59:06.157567+00:00
captkylepatriots,telegramchannels,channel,37,Political,en,35,2026-04-30T17:59:06.157570+00:00
rsbnetwork,telegramchannels,channel,37,Political,en,36,2026-04-30T17:59:06.157573+00:00
jfk_q17,telegramchannels,channel,37,Political,en,37,2026-04-30T17:59:06.157576+00:00
intelrepublic,telegramchannels,channel,37,Political,en,38,2026-04-30T17:59:06.157580+00:00
fearlessreport,telegramchannels,channel,37,Political,en,39,2026-04-30T17:59:06.157582+00:00
cruel_historyy,telegramchannels,channel,37,Political,en,40,2026-04-30T17:59:06.157585+00:00
candlesinthenight,telegramchannels,channel,37,Political,en,41,2026-04-30T17:59:06.157588+00:00
danscavinoforce,telegramchannels,channel,37,Political,en,42,2026-04-30T17:59:06.157592+00:00
hatstruth,telegramchannels,channel,37,Political,en,43,2026-04-30T17:59:06.157595+00:00
andweknowlt,telegramchannels,channel,37,Political,en,44,2026-04-30T17:59:06.157598+00:00
scottritter,telegramchannels,channel,37,Political,en,45,2026-04-30T17:59:06.157601+00:00
reinerfuellmichenglish,telegramchannels,channel,37,Political,en,46,2026-04-30T17:59:06.157604+00:00
qnewsofficialtv,telegramchannels,channel,37,Political,en,47,2026-04-30T17:59:06.157607+00:00
michaeljlindell,telegramchannels,channel,37,Political,en,48,2026-04-30T17:59:06.157610+00:00
gitmotv,telegramchannels,channel,37,Political,en,49,2026-04-30T17:59:06.157613+00:00
followsthewhiterabbit,telegramchannels,channel,37,Political,en,50,2026-04-30T17:59:06.157616+00:00
amgnews2022,telegramchannels,channel,37,Political,en,51,2026-04-30T17:59:06.157619+00:00
worlddoctorsalliance,telegramchannels,channel,37,Political,en,52,2026-04-30T17:59:06.157622+00:00
jameswoodsfans,telegramchannels,channel,37,Political,en,53,2026-04-30T17:59:06.157625+00:00
projectcamelotkerry,telegramchannels,channel,37,Political,en,54,2026-04-30T17:59:06.157628+00:00
stormypatriotjoe21,telegramchannels,channel,37,Political,en,55,2026-04-30T17:59:06.157631+00:00
patriotstreetfighter,telegramchannels,channel,37,Political,en,56,2026-04-30T17:59:06.157634+00:00
electionhq2024,telegramchannels,channel,37,Political,en,57,2026-04-30T17:59:06.157637+00:00
police_frequency,telegramchannels,channel,37,Political,en,58,2026-04-30T17:59:06.157640+00:00
newsmaxtv,telegramchannels,channel,37,Political,en,59,2026-04-30T17:59:06.157643+00:00
robinmg,telegramchannels,channel,37,Political,en,60,2026-04-30T17:59:06.157646+00:00
bennyjohnson,telegramchannels,channel,37,Political,en,61,2026-04-30T17:59:06.157649+00:00
thetrumpist,telegramchannels,channel,37,Political,en,62,2026-04-30T17:59:06.157652+00:00
realmarjoriegreene,telegramchannels,channel,37,Political,en,63,2026-04-30T17:59:06.157655+00:00
princessdiana_q,telegramchannels,channel,37,Political,en,64,2026-04-30T17:59:06.157658+00:00
lizcrokinreport,telegramchannels,channel,37,Political,en,65,2026-04-30T17:59:06.157661+00:00
qanon_storm_incoming,telegramchannels,channel,37,Political,en,66,2026-04-30T17:59:06.157664+00:00
donaldtrumpoffice,telegramchannels,channel,37,Political,en,67,2026-04-30T17:59:06.157667+00:00
conservativebrief,telegramchannels,channel,37,Political,en,68,2026-04-30T17:59:06.157670+00:00
benshapirogang,telegramchannels,channel,37,Political,en,69,2026-04-30T17:59:06.157673+00:00
pepedeluxed,telegramchannels,channel,37,Political,en,70,2026-04-30T17:59:06.157675+00:00
ntdnews,telegramchannels,channel,37,Political,en,71,2026-04-30T17:59:06.157678+00:00
zeeemedia,telegramchannels,channel,37,Political,en,72,2026-04-30T17:59:06.157681+00:00
bannonwarroom,telegramchannels,channel,37,Political,en,73,2026-04-30T17:59:06.157684+00:00
hsretoucher17,telegramchannels,channel,37,Political,en,74,2026-04-30T17:59:06.157687+00:00
westernjournal,telegramchannels,channel,37,Political,en,75,2026-04-30T17:59:06.157690+00:00
truegreatawakening,telegramchannels,channel,37,Political,en,76,2026-04-30T17:59:06.157693+00:00
techno_fog,telegramchannels,channel,37,Political,en,77,2026-04-30T17:59:06.157696+00:00
liltalkshow,telegramchannels,channel,37,Political,en,78,2026-04-30T17:59:06.157699+00:00
aljazeeraenglishnews,telegramchannels,channel,37,Political,en,79,2026-04-30T17:59:06.157703+00:00
theprofessorsrecord,telegramchannels,channel,37,Political,en,80,2026-04-30T17:59:06.157705+00:00
thedurancom,telegramchannels,channel,37,Political,en,81,2026-04-30T17:59:06.157708+00:00
drdavidmartin,telegramchannels,channel,37,Political,en,82,2026-04-30T17:59:06.157711+00:00
whitehatsq,telegramchannels,channel,37,Political,en,83,2026-04-30T17:59:06.157714+00:00
therealkimshady7,telegramchannels,channel,37,Political,en,84,2026-04-30T17:59:06.157717+00:00
tpusa,telegramchannels,channel,37,Political,en,85,2026-04-30T17:59:06.157720+00:00
jordansather,telegramchannels,channel,37,Political,en,86,2026-04-30T17:59:06.157723+00:00
wendyrogersaz,telegramchannels,channel,37,Political,en,87,2026-04-30T17:59:06.157726+00:00
americanspectator,telegramchannels,channel,37,Political,en,88,2026-04-30T17:59:06.157729+00:00
patrickmbyrne,telegramchannels,channel,37,Political,en,89,2026-04-30T17:59:06.157732+00:00
pearfeed,telegramchannels,channel,37,Political,en,90,2026-04-30T17:59:06.157734+00:00
drchristianenorthrup,telegramchannels,channel,37,Political,en,91,2026-04-30T17:59:06.157737+00:00
markrlevin,telegramchannels,channel,37,Political,en,92,2026-04-30T17:59:06.157740+00:00
davidickeofficial,telegramchannels,channel,37,Political,en,93,2026-04-30T17:59:06.157743+00:00
realdailywire,telegramchannels,channel,37,Political,en,94,2026-04-30T17:59:06.157746+00:00
petermccullough,telegramchannels,channel,37,Political,en,95,2026-04-30T17:59:06.157749+00:00
pjwnews,telegramchannels,channel,37,Political,en,96,2026-04-30T17:59:06.157752+00:00
mrn_death,telegramchannels,channel,37,Political,en,97,2026-04-30T17:59:06.157754+00:00
worldwidedemonstration,telegramchannels,channel,37,Political,en,98,2026-04-30T17:59:06.157757+00:00
mr_pool_7221,telegramchannels,channel,37,Political,en,99,2026-04-30T17:59:06.157760+00:00
craigkelly,telegramchannels,channel,37,Political,en,100,2026-04-30T17:59:06.157763+00:00
theyorkshirelassnews,telegramchannels,channel,37,Political,en,101,2026-04-30T17:59:06.157767+00:00
greatawakeningworld,telegramchannels,channel,37,Political,en,102,2026-04-30T17:59:06.157770+00:00
the_block_crypto,telegramchannels,channel,37,Political,en,103,2026-04-30T17:59:06.157773+00:00
dailychannels,telegramchannels,channel,37,Political,en,104,2026-04-30T17:59:06.157778+00:00
opendatascience,telegramchannels,channel,25,Science,en,1,2026-04-30T17:59:19.564484+00:00
science,telegramchannels,channel,25,Science,en,2,2026-04-30T17:59:19.564492+00:00
worldmath,telegramchannels,channel,25,Science,en,3,2026-04-30T17:59:19.564495+00:00
everythingscience,telegramchannels,channel,25,Science,en,7,2026-04-30T17:59:19.564511+00:00
laws_of_human_nature,telegramchannels,channel,25,Science,en,8,2026-04-30T17:59:19.564514+00:00
crynet,telegramchannels,channel,25,Science,en,9,2026-04-30T17:59:19.564517+00:00
space_english,telegramchannels,channel,25,Science,en,10,2026-04-30T17:59:19.564519+00:00
thewonderofspace,telegramchannels,channel,25,Science,en,11,2026-04-30T17:59:19.564522+00:00
amboss_medical_news,telegramchannels,channel,25,Science,en,12,2026-04-30T17:59:19.564525+00:00
apodchannel,telegramchannels,channel,25,Science,en,13,2026-04-30T17:59:19.564528+00:00
science_cha,telegramchannels,channel,25,Science,en,14,2026-04-30T17:59:19.564531+00:00
enterprise_uss,telegramchannels,channel,25,Science,en,15,2026-04-30T17:59:19.564534+00:00
the_secrets_of_the_universe,telegramchannels,channel,25,Science,en,16,2026-04-30T17:59:19.564537+00:00
physics91172,telegramchannels,channel,25,Science,en,17,2026-04-30T17:59:19.564540+00:00
neuroscience_articles,telegramchannels,channel,25,Science,en,18,2026-04-30T17:59:19.564543+00:00
nasa_daily_images,telegramchannels,channel,25,Science,en,19,2026-04-30T17:59:19.564546+00:00
astronexus,telegramchannels,channel,25,Science,en,20,2026-04-30T17:59:19.564548+00:00
universe_and_science,telegramchannels,channel,25,Science,en,21,2026-04-30T17:59:19.564551+00:00
the_unseen_world,telegramchannels,channel,25,Science,en,22,2026-04-30T17:59:19.564554+00:00
rermedapps,telegramchannels,channel,25,Science,en,23,2026-04-30T17:59:19.564556+00:00
ethiocosmos,telegramchannels,channel,25,Science,en,24,2026-04-30T17:59:19.564559+00:00
astrologysuper,telegramchannels,channel,25,Science,en,25,2026-04-30T17:59:19.564562+00:00
sci_news,telegramchannels,channel,25,Science,en,26,2026-04-30T17:59:19.564564+00:00
lookingtothefuture,telegramchannels,channel,25,Science,en,27,2026-04-30T17:59:19.564567+00:00
zero_anthropology,telegramchannels,channel,25,Science,en,28,2026-04-30T17:59:19.564570+00:00
madeforgeeks,telegramchannels,channel,25,Science,en,29,2026-04-30T17:59:19.564572+00:00
webtrafficgura,telegramchannels,channel,25,Science,en,30,2026-04-30T17:59:19.564575+00:00
plantpathology0,telegramchannels,channel,25,Science,en,31,2026-04-30T17:59:19.564578+00:00
factstelegramchannels,telegramchannels,channel,25,Science,en,32,2026-04-30T17:59:19.564581+00:00
dailydosespace,telegramchannels,channel,25,Science,en,33,2026-04-30T17:59:19.564584+00:00
skyevents,telegramchannels,channel,25,Science,en,34,2026-04-30T17:59:19.564586+00:00
itisfascinating,telegramchannels,channel,25,Science,en,35,2026-04-30T17:59:19.564589+00:00
spacenews3,telegramchannels,channel,25,Science,en,36,2026-04-30T17:59:19.564591+00:00
neurosciencepbn,telegramchannels,channel,25,Science,en,37,2026-04-30T17:59:19.564594+00:00
oa_mg,telegramchannels,channel,25,Science,en,38,2026-04-30T17:59:19.564597+00:00
dailychannels,telegramchannels,channel,25,Science,en,39,2026-04-30T17:59:19.564602+00:00
quote,telegramchannels,channel,26,Self Development,en,1,2026-04-30T17:59:32.415304+00:00
tatespeech,telegramchannels,channel,26,Self Development,en,2,2026-04-30T17:59:32.415312+00:00
sad_quotes_thoughts,telegramchannels,channel,26,Self Development,en,3,2026-04-30T17:59:32.415315+00:00
tatescholar,telegramchannels,channel,26,Self Development,en,7,2026-04-30T17:59:32.415332+00:00
therealworldag,telegramchannels,channel,26,Self Development,en,8,2026-04-30T17:59:32.415335+00:00
andrewtatefree,telegramchannels,channel,26,Self Development,en,9,2026-04-30T17:59:32.415338+00:00
inspiringimages,telegramchannels,channel,26,Self Development,en,10,2026-04-30T17:59:32.415340+00:00
quotery,telegramchannels,channel,26,Self Development,en,11,2026-04-30T17:59:32.415343+00:00
dailymotivations,telegramchannels,channel,26,Self Development,en,12,2026-04-30T17:59:32.415346+00:00
motive,telegramchannels,channel,26,Self Development,en,13,2026-04-30T17:59:32.415349+00:00
bibleverses,telegramchannels,channel,26,Self Development,en,14,2026-04-30T17:59:32.415351+00:00
inspiringthoughts,telegramchannels,channel,26,Self Development,en,15,2026-04-30T17:59:32.415354+00:00
andrewtate,telegramchannels,channel,26,Self Development,en,16,2026-04-30T17:59:32.415357+00:00
wordporn,telegramchannels,channel,26,Self Development,en,17,2026-04-30T17:59:32.415360+00:00
wisdomelites,telegramchannels,channel,26,Self Development,en,18,2026-04-30T17:59:32.415363+00:00
biztip101,telegramchannels,channel,26,Self Development,en,19,2026-04-30T17:59:32.415366+00:00
ted_talks,telegramchannels,channel,26,Self Development,en,20,2026-04-30T17:59:32.415369+00:00
smincrafts,telegramchannels,channel,26,Self Development,en,21,2026-04-30T17:59:32.415371+00:00
inspirely,telegramchannels,channel,26,Self Development,en,22,2026-04-30T17:59:32.415374+00:00
feedbrain,telegramchannels,channel,26,Self Development,en,23,2026-04-30T17:59:32.415377+00:00
moneybashers,telegramchannels,channel,26,Self Development,en,24,2026-04-30T17:59:32.415380+00:00
spiritualbooks,telegramchannels,channel,26,Self Development,en,25,2026-04-30T17:59:32.415382+00:00
uquotes,telegramchannels,channel,26,Self Development,en,26,2026-04-30T17:59:32.415385+00:00
tatesuniverse,telegramchannels,channel,26,Self Development,en,27,2026-04-30T17:59:32.415388+00:00
happywomeneu,telegramchannels,channel,26,Self Development,en,28,2026-04-30T17:59:32.415390+00:00
insidedeepquote,telegramchannels,channel,26,Self Development,en,29,2026-04-30T17:59:32.415393+00:00
successwork,telegramchannels,channel,26,Self Development,en,30,2026-04-30T17:59:32.415395+00:00
wayofpsychology,telegramchannels,channel,26,Self Development,en,31,2026-04-30T17:59:32.415398+00:00
embroideryfreedesign,telegramchannels,channel,26,Self Development,en,32,2026-04-30T17:59:32.415401+00:00
dreamersvsachievers,telegramchannels,channel,26,Self Development,en,33,2026-04-30T17:59:32.415404+00:00
supremeguide,telegramchannels,channel,26,Self Development,en,34,2026-04-30T17:59:32.415406+00:00
gentlewomensayings,telegramchannels,channel,26,Self Development,en,35,2026-04-30T17:59:32.415409+00:00
europeantribalism,telegramchannels,channel,26,Self Development,en,36,2026-04-30T17:59:32.415412+00:00
gaur_gopal_das_prabhu,telegramchannels,channel,26,Self Development,en,37,2026-04-30T17:59:32.415415+00:00
noblelessons,telegramchannels,channel,26,Self Development,en,38,2026-04-30T17:59:32.415418+00:00
inspiring_thoughts_every_day,telegramchannels,channel,26,Self Development,en,39,2026-04-30T17:59:32.415424+00:00
ironmindlegacy,telegramchannels,channel,26,Self Development,en,40,2026-04-30T17:59:32.415427+00:00
motivational_vibes,telegramchannels,channel,26,Self Development,en,41,2026-04-30T17:59:32.415441+00:00
leadershipquotes,telegramchannels,channel,26,Self Development,en,42,2026-04-30T17:59:32.415444+00:00
mindmasterypro,telegramchannels,channel,26,Self Development,en,43,2026-04-30T17:59:32.415446+00:00
talks,telegramchannels,channel,26,Self Development,en,44,2026-04-30T17:59:32.415449+00:00
dylife_ch,telegramchannels,channel,26,Self Development,en,45,2026-04-30T17:59:32.415452+00:00
motivationalwork,telegramchannels,channel,26,Self Development,en,46,2026-04-30T17:59:32.415455+00:00
quotes_motivational,telegramchannels,channel,26,Self Development,en,47,2026-04-30T17:59:32.415458+00:00
spritualmotivation,telegramchannels,channel,26,Self Development,en,48,2026-04-30T17:59:32.415461+00:00
friendsoftruth,telegramchannels,channel,26,Self Development,en,49,2026-04-30T17:59:32.415464+00:00
thelonghouse,telegramchannels,channel,26,Self Development,en,50,2026-04-30T17:59:32.415466+00:00
powerwords,telegramchannels,channel,26,Self Development,en,51,2026-04-30T17:59:32.415469+00:00
fayozt,telegramchannels,channel,26,Self Development,en,52,2026-04-30T17:59:32.415472+00:00
talktolife,telegramchannels,channel,26,Self Development,en,53,2026-04-30T17:59:32.415474+00:00
acts17apologetics,telegramchannels,channel,26,Self Development,en,54,2026-04-30T17:59:32.415478+00:00
hustlersuniversity_40,telegramchannels,channel,26,Self Development,en,55,2026-04-30T17:59:32.415481+00:00
marketing_and_personality,telegramchannels,channel,26,Self Development,en,56,2026-04-30T17:59:32.415484+00:00
d_a_lifestyle,telegramchannels,channel,26,Self Development,en,57,2026-04-30T17:59:32.415487+00:00
keepinspired,telegramchannels,channel,26,Self Development,en,58,2026-04-30T17:59:32.415489+00:00
medicalmotivations,telegramchannels,channel,26,Self Development,en,59,2026-04-30T17:59:32.415492+00:00
nightfactss,telegramchannels,channel,26,Self Development,en,60,2026-04-30T17:59:32.415495+00:00
you_pfff,telegramchannels,channel,26,Self Development,en,61,2026-04-30T17:59:32.415497+00:00
adhd_tip,telegramchannels,channel,26,Self Development,en,62,2026-04-30T17:59:32.415500+00:00
ahimsafeed,telegramchannels,channel,26,Self Development,en,63,2026-04-30T17:59:32.415503+00:00
quotes_literature,telegramchannels,channel,26,Self Development,en,64,2026-04-30T17:59:32.415505+00:00
motivationalpath,telegramchannels,channel,26,Self Development,en,65,2026-04-30T17:59:32.415508+00:00
spiritualleague,telegramchannels,channel,26,Self Development,en,66,2026-04-30T17:59:32.415511+00:00
selfinquirer,telegramchannels,channel,26,Self Development,en,67,2026-04-30T17:59:32.415514+00:00
englishinspirationalquotes,telegramchannels,channel,26,Self Development,en,68,2026-04-30T17:59:32.415516+00:00
motquotes,telegramchannels,channel,26,Self Development,en,69,2026-04-30T17:59:32.415519+00:00
taotehching,telegramchannels,channel,26,Self Development,en,70,2026-04-30T17:59:32.415522+00:00
mensinspirationalquotes,telegramchannels,channel,26,Self Development,en,71,2026-04-30T17:59:32.415524+00:00
infoshar,telegramchannels,channel,26,Self Development,en,72,2026-04-30T17:59:32.415527+00:00
forabettermeandyou,telegramchannels,channel,26,Self Development,en,73,2026-04-30T17:59:32.415529+00:00
podcastbygoogle,telegramchannels,channel,26,Self Development,en,74,2026-04-30T17:59:32.415532+00:00
dailyteachingssecret,telegramchannels,channel,26,Self Development,en,75,2026-04-30T17:59:32.415535+00:00
fearlesstribe,telegramchannels,channel,26,Self Development,en,76,2026-04-30T17:59:32.415538+00:00
womensinspirationalquotes,telegramchannels,channel,26,Self Development,en,77,2026-04-30T17:59:32.415540+00:00
attracttheimpossible,telegramchannels,channel,26,Self Development,en,78,2026-04-30T17:59:32.415543+00:00
massivemotivation,telegramchannels,channel,26,Self Development,en,79,2026-04-30T17:59:32.415546+00:00
cobratatemotivation,telegramchannels,channel,26,Self Development,en,80,2026-04-30T17:59:32.415548+00:00
motivated_im,telegramchannels,channel,26,Self Development,en,81,2026-04-30T17:59:32.415551+00:00
self_awareness5d,telegramchannels,channel,26,Self Development,en,82,2026-04-30T17:59:32.415554+00:00
tmgmeditations,telegramchannels,channel,26,Self Development,en,83,2026-04-30T17:59:32.415556+00:00
divspark,telegramchannels,channel,26,Self Development,en,84,2026-04-30T17:59:32.415559+00:00
influitiv,telegramchannels,channel,26,Self Development,en,85,2026-04-30T17:59:32.415561+00:00
core_spirit,telegramchannels,channel,26,Self Development,en,86,2026-04-30T17:59:32.415564+00:00
motivationalquotes2121,telegramchannels,channel,26,Self Development,en,87,2026-04-30T17:59:32.415566+00:00
awkn20,telegramchannels,channel,26,Self Development,en,88,2026-04-30T17:59:32.415569+00:00
masterymode,telegramchannels,channel,26,Self Development,en,89,2026-04-30T17:59:32.415572+00:00
introvert_af,telegramchannels,channel,26,Self Development,en,90,2026-04-30T17:59:32.415574+00:00
gnomicmagazine,telegramchannels,channel,26,Self Development,en,91,2026-04-30T17:59:32.415576+00:00
mindsettransformationafrica,telegramchannels,channel,26,Self Development,en,92,2026-04-30T17:59:32.415579+00:00
motivationaltip,telegramchannels,channel,26,Self Development,en,93,2026-04-30T17:59:32.415582+00:00
ayarandifreke,telegramchannels,channel,26,Self Development,en,94,2026-04-30T17:59:32.415584+00:00
the_tolstoy_farm,telegramchannels,channel,26,Self Development,en,95,2026-04-30T17:59:32.415587+00:00
mancraftbase,telegramchannels,channel,26,Self Development,en,96,2026-04-30T17:59:32.415589+00:00
bridgetosuccesspb,telegramchannels,channel,26,Self Development,en,97,2026-04-30T17:59:32.415592+00:00
intense_motivations,telegramchannels,channel,26,Self Development,en,98,2026-04-30T17:59:32.415595+00:00
sprayzetotheworld,telegramchannels,channel,26,Self Development,en,99,2026-04-30T17:59:32.415597+00:00
dailychannels,telegramchannels,channel,26,Self Development,en,100,2026-04-30T17:59:32.415602+00:00
cosplaystaticfigure,telegramchannels,channel,32,Shop,en,1,2026-04-30T17:59:45.293080+00:00
thefreebieguy,telegramchannels,channel,32,Shop,en,2,2026-04-30T17:59:45.293088+00:00
mamadeals1,telegramchannels,channel,32,Shop,en,3,2026-04-30T17:59:45.293091+00:00
couponwithkayla,telegramchannels,channel,32,Shop,en,7,2026-04-30T17:59:45.293107+00:00
citycouponmom,telegramchannels,channel,32,Shop,en,8,2026-04-30T17:59:45.293110+00:00
forhomestl,telegramchannels,channel,32,Shop,en,9,2026-04-30T17:59:45.293113+00:00
starwarsstl,telegramchannels,channel,32,Shop,en,10,2026-04-30T17:59:45.293116+00:00
hoobuyfinds5,telegramchannels,channel,32,Shop,en,11,2026-04-30T17:59:45.293118+00:00
pokemonstl,telegramchannels,channel,32,Shop,en,12,2026-04-30T17:59:45.293121+00:00
dcstl,telegramchannels,channel,32,Shop,en,13,2026-04-30T17:59:45.293124+00:00
funkostl,telegramchannels,channel,32,Shop,en,14,2026-04-30T17:59:45.293127+00:00
automotivestl,telegramchannels,channel,32,Shop,en,15,2026-04-30T17:59:45.293130+00:00
animalstl,telegramchannels,channel,32,Shop,en,16,2026-04-30T17:59:45.293133+00:00
sgcheapo,telegramchannels,channel,32,Shop,en,17,2026-04-30T17:59:45.293135+00:00
savewithfelix,telegramchannels,channel,32,Shop,en,18,2026-04-30T17:59:45.293138+00:00
mulebuyfind,telegramchannels,channel,32,Shop,en,19,2026-04-30T17:59:45.293141+00:00
oopbuy,telegramchannels,channel,32,Shop,en,20,2026-04-30T17:59:45.293144+00:00
voleking,telegramchannels,channel,32,Shop,en,21,2026-04-30T17:59:45.293146+00:00
sgpassiondeals,telegramchannels,channel,32,Shop,en,22,2026-04-30T17:59:45.293149+00:00
discount247,telegramchannels,channel,32,Shop,en,23,2026-04-30T17:59:45.293152+00:00
repcn,telegramchannels,channel,32,Shop,en,24,2026-04-30T17:59:45.293155+00:00
sktechhub,telegramchannels,channel,32,Shop,en,25,2026-04-30T17:59:45.293157+00:00
bestalibuys,telegramchannels,channel,32,Shop,en,26,2026-04-30T17:59:45.293160+00:00
sniperdeals,telegramchannels,channel,32,Shop,en,27,2026-04-30T17:59:45.293163+00:00
aexplorer,telegramchannels,channel,32,Shop,en,28,2026-04-30T17:59:45.293165+00:00
storeplus99,telegramchannels,channel,32,Shop,en,29,2026-04-30T17:59:45.293168+00:00
couponsfromchinacom,telegramchannels,channel,32,Shop,en,30,2026-04-30T17:59:45.293171+00:00
dress_and_more,telegramchannels,channel,32,Shop,en,31,2026-04-30T17:59:45.293174+00:00
dhgatevip,telegramchannels,channel,32,Shop,en,32,2026-04-30T17:59:45.293177+00:00
loadsofcodes,telegramchannels,channel,32,Shop,en,33,2026-04-30T17:59:45.293180+00:00
missdiamond2,telegramchannels,channel,32,Shop,en,34,2026-04-30T17:59:45.293183+00:00
renapparel,telegramchannels,channel,32,Shop,en,35,2026-04-30T17:59:45.293186+00:00
designer_clothing_replica_aaa,telegramchannels,channel,32,Shop,en,36,2026-04-30T17:59:45.293189+00:00
replicaproductsforsale,telegramchannels,channel,32,Shop,en,37,2026-04-30T17:59:45.293192+00:00
minmaxdeals_offers,telegramchannels,channel,32,Shop,en,38,2026-04-30T17:59:45.293194+00:00
villainsloved,telegramchannels,channel,32,Shop,en,39,2026-04-30T17:59:45.293197+00:00
firstcopy1,telegramchannels,channel,32,Shop,en,40,2026-04-30T17:59:45.293199+00:00
igetvapesshop1,telegramchannels,channel,32,Shop,en,41,2026-04-30T17:59:45.293202+00:00
bagsshoesbeltswholesale,telegramchannels,channel,32,Shop,en,42,2026-04-30T17:59:45.293205+00:00
froggyxcloset,telegramchannels,channel,32,Shop,en,43,2026-04-30T17:59:45.293208+00:00
aliexplorer,telegramchannels,channel,32,Shop,en,44,2026-04-30T17:59:45.293211+00:00
alliexpresshidenlink,telegramchannels,channel,32,Shop,en,45,2026-04-30T17:59:45.293213+00:00
dealsunlimitedusa,telegramchannels,channel,32,Shop,en,46,2026-04-30T17:59:45.293216+00:00
alicouponsdeals,telegramchannels,channel,32,Shop,en,47,2026-04-30T17:59:45.293219+00:00
aliexpressflashdeal,telegramchannels,channel,32,Shop,en,48,2026-04-30T17:59:45.293222+00:00
sneakerhit,telegramchannels,channel,32,Shop,en,49,2026-04-30T17:59:45.293224+00:00
designer_outlet_uk_stock,telegramchannels,channel,32,Shop,en,50,2026-04-30T17:59:45.293227+00:00
bestaliexpressbuys,telegramchannels,channel,32,Shop,en,51,2026-04-30T17:59:45.293230+00:00
giftcard_cn,telegramchannels,channel,32,Shop,en,52,2026-04-30T17:59:45.293233+00:00
elleystele,telegramchannels,channel,32,Shop,en,53,2026-04-30T17:59:45.293235+00:00
aliexpress_deals_max,telegramchannels,channel,32,Shop,en,54,2026-04-30T17:59:45.293238+00:00
allimstore,telegramchannels,channel,32,Shop,en,55,2026-04-30T17:59:45.293241+00:00
loot_deals_channel,telegramchannels,channel,32,Shop,en,56,2026-04-30T17:59:45.293244+00:00
applebrands33,telegramchannels,channel,32,Shop,en,57,2026-04-30T17:59:45.293247+00:00
bestdhg8finds,telegramchannels,channel,32,Shop,en,58,2026-04-30T17:59:45.293250+00:00
aliexpresslinkshidden,telegramchannels,channel,32,Shop,en,59,2026-04-30T17:59:45.293253+00:00
gizcoupon,telegramchannels,channel,32,Shop,en,60,2026-04-30T17:59:45.293256+00:00
aliexpresmoto,telegramchannels,channel,32,Shop,en,61,2026-04-30T17:59:45.293258+00:00
freeukdeals,telegramchannels,channel,32,Shop,en,62,2026-04-30T17:59:45.293261+00:00
pinpaibaobao_19001,telegramchannels,channel,32,Shop,en,63,2026-04-30T17:59:45.293264+00:00
kyctiktok_amazon_ebay_etsy_alias,telegramchannels,channel,32,Shop,en,64,2026-04-30T17:59:45.293267+00:00
stellaholi,telegramchannels,channel,32,Shop,en,65,2026-04-30T17:59:45.293269+00:00
prostozchin,telegramchannels,channel,32,Shop,en,66,2026-04-30T17:59:45.293272+00:00
socialmediaonline,telegramchannels,channel,32,Shop,en,67,2026-04-30T17:59:45.293275+00:00
big_cardmoney,telegramchannels,channel,32,Shop,en,68,2026-04-30T17:59:45.293278+00:00
watchesreplica,telegramchannels,channel,32,Shop,en,69,2026-04-30T17:59:45.293281+00:00
duckiesdump,telegramchannels,channel,32,Shop,en,70,2026-04-30T17:59:45.293283+00:00
grand_cart,telegramchannels,channel,32,Shop,en,71,2026-04-30T17:59:45.293286+00:00
legoue,telegramchannels,channel,32,Shop,en,72,2026-04-30T17:59:45.293289+00:00
myexloves,telegramchannels,channel,32,Shop,en,73,2026-04-30T17:59:45.293291+00:00
dssecretcloset,telegramchannels,channel,32,Shop,en,74,2026-04-30T17:59:45.293294+00:00
lidercomputertradingl,telegramchannels,channel,32,Shop,en,75,2026-04-30T17:59:45.293297+00:00
scloset,telegramchannels,channel,32,Shop,en,76,2026-04-30T17:59:45.293299+00:00
markluxury1,telegramchannels,channel,32,Shop,en,77,2026-04-30T17:59:45.293302+00:00
primestep,telegramchannels,channel,32,Shop,en,78,2026-04-30T17:59:45.293305+00:00
aliexpresshiddenlinks12,telegramchannels,channel,32,Shop,en,79,2026-04-30T17:59:45.293308+00:00
tde_electronicsdeals,telegramchannels,channel,32,Shop,en,80,2026-04-30T17:59:45.293310+00:00
prelovedwifus,telegramchannels,channel,32,Shop,en,81,2026-04-30T17:59:45.293313+00:00
fiftypercent,telegramchannels,channel,32,Shop,en,82,2026-04-30T17:59:45.293316+00:00
wholesalewatches1103,telegramchannels,channel,32,Shop,en,83,2026-04-30T17:59:45.293318+00:00
fulldeal,telegramchannels,channel,32,Shop,en,84,2026-04-30T17:59:45.293321+00:00
mobileaccessories007,telegramchannels,channel,32,Shop,en,85,2026-04-30T17:59:45.293324+00:00
amazon_fire_deals,telegramchannels,channel,32,Shop,en,86,2026-04-30T17:59:45.293326+00:00
discount3d,telegramchannels,channel,32,Shop,en,87,2026-04-30T17:59:45.293329+00:00
bluedeals,telegramchannels,channel,32,Shop,en,88,2026-04-30T17:59:45.293331+00:00
leousaandcanada,telegramchannels,channel,32,Shop,en,89,2026-04-30T17:59:45.293334+00:00
promocoes_amazon_esp,telegramchannels,channel,32,Shop,en,90,2026-04-30T17:59:45.293337+00:00
ukpremiumdeals,telegramchannels,channel,32,Shop,en,91,2026-04-30T17:59:45.293340+00:00
onlinedeals,telegramchannels,channel,32,Shop,en,92,2026-04-30T17:59:45.293342+00:00
discount_gift_cards,telegramchannels,channel,32,Shop,en,93,2026-04-30T17:59:45.293345+00:00
alimstores,telegramchannels,channel,32,Shop,en,94,2026-04-30T17:59:45.293347+00:00
affiliatedmarketingkeep,telegramchannels,channel,32,Shop,en,95,2026-04-30T17:59:45.293350+00:00
shemetaexpress,telegramchannels,channel,32,Shop,en,96,2026-04-30T17:59:45.293353+00:00
opcoupon,telegramchannels,channel,32,Shop,en,97,2026-04-30T17:59:45.293355+00:00
rcdealsandoffers,telegramchannels,channel,32,Shop,en,98,2026-04-30T17:59:45.293357+00:00
best_online_shopping_dealss,telegramchannels,channel,32,Shop,en,99,2026-04-30T17:59:45.293360+00:00
thegearbest,telegramchannels,channel,32,Shop,en,100,2026-04-30T17:59:45.293363+00:00
dealagram,telegramchannels,channel,32,Shop,en,101,2026-04-30T17:59:45.293365+00:00
ali_bargain,telegramchannels,channel,32,Shop,en,102,2026-04-30T17:59:45.293368+00:00
ishururu,telegramchannels,channel,32,Shop,en,103,2026-04-30T17:59:45.293370+00:00
dailychannels,telegramchannels,channel,32,Shop,en,104,2026-04-30T17:59:45.293375+00:00
football_nigeria,telegramchannels,channel,27,Sports & Fitness,en,1,2026-04-30T17:59:58.525217+00:00
sport_hub_football,telegramchannels,channel,27,Sports & Fitness,en,2,2026-04-30T17:59:58.525225+00:00
be_the_firsttt,telegramchannels,channel,27,Sports & Fitness,en,3,2026-04-30T17:59:58.525228+00:00
naija_sports,telegramchannels,channel,27,Sports & Fitness,en,7,2026-04-30T17:59:58.525244+00:00
sportscryptoinsider,telegramchannels,channel,27,Sports & Fitness,en,8,2026-04-30T17:59:58.525247+00:00
sportsdirect_eng,telegramchannels,channel,27,Sports & Fitness,en,9,2026-04-30T17:59:58.525250+00:00
sky_sports_football_updates,telegramchannels,channel,27,Sports & Fitness,en,10,2026-04-30T17:59:58.525253+00:00
premier_league_news_tg,telegramchannels,channel,27,Sports & Fitness,en,11,2026-04-30T17:59:58.525256+00:00
arsenal_gunners_london,telegramchannels,channel,27,Sports & Fitness,en,12,2026-04-30T17:59:58.525259+00:00
troll_football_telegram,telegramchannels,channel,27,Sports & Fitness,en,13,2026-04-30T17:59:58.525262+00:00
cfc_chelseafc,telegramchannels,channel,27,Sports & Fitness,en,14,2026-04-30T17:59:58.525268+00:00
real_madrid_realmadrid_realtv,telegramchannels,channel,27,Sports & Fitness,en,15,2026-04-30T17:59:58.525270+00:00
officialuefaeuro2024,telegramchannels,channel,27,Sports & Fitness,en,16,2026-04-30T17:59:58.525273+00:00
manchester_city_cf,telegramchannels,channel,27,Sports & Fitness,en,17,2026-04-30T17:59:58.525276+00:00
manchester_utdfc,telegramchannels,channel,27,Sports & Fitness,en,18,2026-04-30T17:59:58.525279+00:00
premier_league_update,telegramchannels,channel,27,Sports & Fitness,en,19,2026-04-30T17:59:58.525282+00:00
chelseafcworldwide_001,telegramchannels,channel,27,Sports & Fitness,en,20,2026-04-30T17:59:58.525285+00:00
vetland_sports_football1,telegramchannels,channel,27,Sports & Fitness,en,21,2026-04-30T17:59:58.525288+00:00
manutd_english_premier_league,telegramchannels,channel,27,Sports & Fitness,en,22,2026-04-30T17:59:58.525291+00:00
manchesterunitedsunsport,telegramchannels,channel,27,Sports & Fitness,en,23,2026-04-30T17:59:58.525294+00:00
barcelona,telegramchannels,channel,27,Sports & Fitness,en,24,2026-04-30T17:59:58.525297+00:00
hooliganscz1999,telegramchannels,channel,27,Sports & Fitness,en,25,2026-04-30T17:59:58.525299+00:00
chelsea_fc_worldwide,telegramchannels,channel,27,Sports & Fitness,en,26,2026-04-30T17:59:58.525302+00:00
rtfight_com,telegramchannels,channel,27,Sports & Fitness,en,27,2026-04-30T17:59:58.525305+00:00
manchesterunited,telegramchannels,channel,27,Sports & Fitness,en,28,2026-04-30T17:59:58.525308+00:00
premier_league_football_news,telegramchannels,channel,27,Sports & Fitness,en,29,2026-04-30T17:59:58.525311+00:00
br_football_news,telegramchannels,channel,27,Sports & Fitness,en,30,2026-04-30T17:59:58.525313+00:00
ghfootballnews,telegramchannels,channel,27,Sports & Fitness,en,31,2026-04-30T17:59:58.525316+00:00
arsenalsunsport,telegramchannels,channel,27,Sports & Fitness,en,32,2026-04-30T17:59:58.525319+00:00
empire_mu,telegramchannels,channel,27,Sports & Fitness,en,33,2026-04-30T17:59:58.525321+00:00
espnfc_news,telegramchannels,channel,27,Sports & Fitness,en,34,2026-04-30T17:59:58.525324+00:00
football433_uk,telegramchannels,channel,27,Sports & Fitness,en,35,2026-04-30T17:59:58.525327+00:00
fpl_in_telegram,telegramchannels,channel,27,Sports & Fitness,en,36,2026-04-30T17:59:58.525330+00:00
sofascore_uk,telegramchannels,channel,27,Sports & Fitness,en,37,2026-04-30T17:59:58.525333+00:00
asl_futbol_live_gollar_inline_tv,telegramchannels,channel,27,Sports & Fitness,en,38,2026-04-30T17:59:58.525336+00:00
chelseaanalysis,telegramchannels,channel,27,Sports & Fitness,en,39,2026-04-30T17:59:58.525339+00:00
chelseasunsport,telegramchannels,channel,27,Sports & Fitness,en,40,2026-04-30T17:59:58.525341+00:00
transfernews_live,telegramchannels,channel,27,Sports & Fitness,en,41,2026-04-30T17:59:58.525344+00:00
fpalerts,telegramchannels,channel,27,Sports & Fitness,en,42,2026-04-30T17:59:58.525349+00:00
goal_sport_football,telegramchannels,channel,27,Sports & Fitness,en,43,2026-04-30T17:59:58.525352+00:00
football_6,telegramchannels,channel,27,Sports & Fitness,en,44,2026-04-30T17:59:58.525355+00:00
supersportcbss,telegramchannels,channel,27,Sports & Fitness,en,45,2026-04-30T17:59:58.525358+00:00
ultrastifo,telegramchannels,channel,27,Sports & Fitness,en,46,2026-04-30T17:59:58.525360+00:00
arsenalc,telegramchannels,channel,27,Sports & Fitness,en,47,2026-04-30T17:59:58.525363+00:00
juventus,telegramchannels,channel,27,Sports & Fitness,en,48,2026-04-30T17:59:58.525365+00:00
ivanraiklin,telegramchannels,channel,27,Sports & Fitness,en,49,2026-04-30T17:59:58.525368+00:00
p_s_g,telegramchannels,channel,27,Sports & Fitness,en,50,2026-04-30T17:59:58.525371+00:00
tossguruu,telegramchannels,channel,27,Sports & Fitness,en,51,2026-04-30T17:59:58.525373+00:00
europa_conference,telegramchannels,channel,27,Sports & Fitness,en,52,2026-04-30T17:59:58.525376+00:00
premierleagueres,telegramchannels,channel,27,Sports & Fitness,en,53,2026-04-30T17:59:58.525378+00:00
brfootball_en,telegramchannels,channel,27,Sports & Fitness,en,54,2026-04-30T17:59:58.525382+00:00
europeanfixedmatchservicess,telegramchannels,channel,27,Sports & Fitness,en,55,2026-04-30T17:59:58.525385+00:00
ballballzz,telegramchannels,channel,27,Sports & Fitness,en,56,2026-04-30T17:59:58.525387+00:00
footballlivegoals,telegramchannels,channel,27,Sports & Fitness,en,57,2026-04-30T17:59:58.525390+00:00
fc_barcelona_worldwide,telegramchannels,channel,27,Sports & Fitness,en,58,2026-04-30T17:59:58.525393+00:00
basketball_insights_scores,telegramchannels,channel,27,Sports & Fitness,en,59,2026-04-30T17:59:58.525395+00:00
steroid_best,telegramchannels,channel,27,Sports & Fitness,en,60,2026-04-30T17:59:58.525399+00:00
fitnesstipschannel,telegramchannels,channel,27,Sports & Fitness,en,61,2026-04-30T17:59:58.525401+00:00
seriaares,telegramchannels,channel,27,Sports & Fitness,en,62,2026-04-30T17:59:58.525404+00:00
bjjfanaticsinstructionals,telegramchannels,channel,27,Sports & Fitness,en,63,2026-04-30T17:59:58.525406+00:00
ai_match_prediction,telegramchannels,channel,27,Sports & Fitness,en,64,2026-04-30T17:59:58.525409+00:00
beginnersfitness,telegramchannels,channel,27,Sports & Fitness,en,65,2026-04-30T17:59:58.525412+00:00
footballmemesbanter,telegramchannels,channel,27,Sports & Fitness,en,66,2026-04-30T17:59:58.525415+00:00
sportycrushes,telegramchannels,channel,27,Sports & Fitness,en,67,2026-04-30T17:59:58.525418+00:00
lfconline,telegramchannels,channel,27,Sports & Fitness,en,68,2026-04-30T17:59:58.525429+00:00
tottenham_fans,telegramchannels,channel,27,Sports & Fitness,en,69,2026-04-30T17:59:58.525433+00:00
lamineyamalworld,telegramchannels,channel,27,Sports & Fitness,en,70,2026-04-30T17:59:58.525436+00:00
chelseafcnewsdaily,telegramchannels,channel,27,Sports & Fitness,en,71,2026-04-30T17:59:58.525439+00:00
quadsgoddess,telegramchannels,channel,27,Sports & Fitness,en,72,2026-04-30T17:59:58.525442+00:00
soccer,telegramchannels,channel,27,Sports & Fitness,en,73,2026-04-30T17:59:58.525445+00:00
fcbayernen,telegramchannels,channel,27,Sports & Fitness,en,74,2026-04-30T17:59:58.525447+00:00
bvacio,telegramchannels,channel,27,Sports & Fitness,en,75,2026-04-30T17:59:58.525450+00:00
livegoalsportsforum,telegramchannels,channel,27,Sports & Fitness,en,76,2026-04-30T17:59:58.525453+00:00
theunitedstand,telegramchannels,channel,27,Sports & Fitness,en,77,2026-04-30T17:59:58.525455+00:00
lfcchannel,telegramchannels,channel,27,Sports & Fitness,en,78,2026-04-30T17:59:58.525459+00:00
live_cric,telegramchannels,channel,27,Sports & Fitness,en,79,2026-04-30T17:59:58.525461+00:00
leo_messi_fan_club,telegramchannels,channel,27,Sports & Fitness,en,80,2026-04-30T17:59:58.525464+00:00
livesoccerer,telegramchannels,channel,27,Sports & Fitness,en,81,2026-04-30T17:59:58.525467+00:00
funshizzlebetclub,telegramchannels,channel,27,Sports & Fitness,en,82,2026-04-30T17:59:58.525497+00:00
mancitypl,telegramchannels,channel,27,Sports & Fitness,en,83,2026-04-30T17:59:58.525504+00:00
realferrariline,telegramchannels,channel,27,Sports & Fitness,en,84,2026-04-30T17:59:58.525508+00:00
gymfitness_equipment_products,telegramchannels,channel,27,Sports & Fitness,en,85,2026-04-30T17:59:58.525511+00:00
thetennistime,telegramchannels,channel,27,Sports & Fitness,en,86,2026-04-30T17:59:58.525514+00:00
iihfbackup,telegramchannels,channel,27,Sports & Fitness,en,87,2026-04-30T17:59:58.525516+00:00
martingale_bets,telegramchannels,channel,27,Sports & Fitness,en,88,2026-04-30T17:59:58.525519+00:00
theatre_of_dream,telegramchannels,channel,27,Sports & Fitness,en,89,2026-04-30T17:59:58.525522+00:00
globalfoot24,telegramchannels,channel,27,Sports & Fitness,en,90,2026-04-30T17:59:58.525524+00:00
fifa1_net,telegramchannels,channel,27,Sports & Fitness,en,91,2026-04-30T17:59:58.525527+00:00
fftitan,telegramchannels,channel,27,Sports & Fitness,en,92,2026-04-30T17:59:58.525530+00:00
pandeyprediction07,telegramchannels,channel,27,Sports & Fitness,en,93,2026-04-30T17:59:58.525533+00:00
thesportsscope,telegramchannels,channel,27,Sports & Fitness,en,94,2026-04-30T17:59:58.525536+00:00
noahschannel025,telegramchannels,channel,27,Sports & Fitness,en,95,2026-04-30T17:59:58.525538+00:00
cristianoronaldobb,telegramchannels,channel,27,Sports & Fitness,en,96,2026-04-30T17:59:58.525541+00:00
footinfos23,telegramchannels,channel,27,Sports & Fitness,en,97,2026-04-30T17:59:58.525544+00:00
flipsocial,telegramchannels,channel,27,Sports & Fitness,en,98,2026-04-30T17:59:58.525546+00:00
eastafricasportspicha,telegramchannels,channel,27,Sports & Fitness,en,99,2026-04-30T17:59:58.525552+00:00
dailychannels,telegramchannels,channel,27,Sports & Fitness,en,100,2026-04-30T17:59:58.525557+00:00
wexsavi,telegramchannels,channel,38,Stickers,en,1,2026-04-30T18:00:08.900823+00:00
sticker_community,telegramchannels,channel,38,Stickers,en,2,2026-04-30T18:00:08.900831+00:00
round_stickers,telegramchannels,channel,38,Stickers,en,3,2026-04-30T18:00:08.900834+00:00
stickerxtara,telegramchannels,channel,38,Stickers,en,7,2026-04-30T18:00:08.900850+00:00
figurinhaswa,telegramchannels,channel,38,Stickers,en,8,2026-04-30T18:00:08.900853+00:00
anak_kucing_stiker,telegramchannels,channel,38,Stickers,en,9,2026-04-30T18:00:08.900856+00:00
co97ke,telegramchannels,channel,38,Stickers,en,10,2026-04-30T18:00:08.900859+00:00
dinokuningepribadeh,telegramchannels,channel,38,Stickers,en,11,2026-04-30T18:00:08.900861+00:00
stickersfurrys,telegramchannels,channel,38,Stickers,en,12,2026-04-30T18:00:08.900864+00:00
stickerkuromii,telegramchannels,channel,38,Stickers,en,13,2026-04-30T18:00:08.900867+00:00
animatedstickersarchive,telegramchannels,channel,38,Stickers,en,14,2026-04-30T18:00:08.900870+00:00
furrystickers2020,telegramchannels,channel,38,Stickers,en,15,2026-04-30T18:00:08.900873+00:00
dailychannels,telegramchannels,channel,38,Stickers,en,16,2026-04-30T18:00:08.900877+00:00
getmodpcs,telegramchannels,channel,28,Technology,en,1,2026-04-30T18:00:22.674952+00:00
xempireapps,telegramchannels,channel,28,Technology,en,2,2026-04-30T18:00:22.674960+00:00
partona_news,telegramchannels,channel,28,Technology,en,3,2026-04-30T18:00:22.674963+00:00
perplexity,telegramchannels,channel,28,Technology,en,7,2026-04-30T18:00:22.674982+00:00
cryptoaiagi,telegramchannels,channel,28,Technology,en,8,2026-04-30T18:00:22.674985+00:00
fomodotfundann,telegramchannels,channel,28,Technology,en,9,2026-04-30T18:00:22.674988+00:00
cumbertech,telegramchannels,channel,28,Technology,en,10,2026-04-30T18:00:22.674991+00:00
apkpure_official_2,telegramchannels,channel,28,Technology,en,11,2026-04-30T18:00:22.674994+00:00
aipost,telegramchannels,channel,28,Technology,en,12,2026-04-30T18:00:22.674997+00:00
adsgram_ai,telegramchannels,channel,28,Technology,en,13,2026-04-30T18:00:22.675000+00:00
singledevelopers,telegramchannels,channel,28,Technology,en,14,2026-04-30T18:00:22.675004+00:00
mozo_news,telegramchannels,channel,28,Technology,en,15,2026-04-30T18:00:22.675007+00:00
mbmods,telegramchannels,channel,28,Technology,en,16,2026-04-30T18:00:22.675010+00:00
chaingptnews,telegramchannels,channel,28,Technology,en,17,2026-04-30T18:00:22.675013+00:00
gpt360_announcement,telegramchannels,channel,28,Technology,en,18,2026-04-30T18:00:22.675016+00:00
uxlink_community,telegramchannels,channel,28,Technology,en,19,2026-04-30T18:00:22.675019+00:00
thehackernews,telegramchannels,channel,28,Technology,en,20,2026-04-30T18:00:22.675022+00:00
miui_download,telegramchannels,channel,28,Technology,en,21,2026-04-30T18:00:22.675025+00:00
xiaomiui,telegramchannels,channel,28,Technology,en,22,2026-04-30T18:00:22.675028+00:00
computer_science_and_programming,telegramchannels,channel,28,Technology,en,23,2026-04-30T18:00:22.675031+00:00
miniaturesterrain,telegramchannels,channel,28,Technology,en,24,2026-04-30T18:00:22.675034+00:00
technical_sapien_ofjoker,telegramchannels,channel,28,Technology,en,25,2026-04-30T18:00:22.675038+00:00
marvelstl,telegramchannels,channel,28,Technology,en,26,2026-04-30T18:00:22.675041+00:00
jobs_sql,telegramchannels,channel,28,Technology,en,27,2026-04-30T18:00:22.675043+00:00
linuxgram,telegramchannels,channel,28,Technology,en,28,2026-04-30T18:00:22.675046+00:00
aiosetup,telegramchannels,channel,28,Technology,en,29,2026-04-30T18:00:22.675049+00:00
ieofficial,telegramchannels,channel,28,Technology,en,30,2026-04-30T18:00:22.675052+00:00
artificial_intelligence_in,telegramchannels,channel,28,Technology,en,31,2026-04-30T18:00:22.675055+00:00
pythondevelopersindia,telegramchannels,channel,28,Technology,en,32,2026-04-30T18:00:22.675058+00:00
engrouphelp,telegramchannels,channel,28,Technology,en,33,2026-04-30T18:00:22.675061+00:00
mech3game,telegramchannels,channel,28,Technology,en,34,2026-04-30T18:00:22.675065+00:00
premiere_pro_adobe,telegramchannels,channel,28,Technology,en,35,2026-04-30T18:00:22.675068+00:00
programmingtip,telegramchannels,channel,28,Technology,en,36,2026-04-30T18:00:22.675071+00:00
theprogrammingart,telegramchannels,channel,28,Technology,en,37,2026-04-30T18:00:22.675074+00:00
thebugbountyhunter,telegramchannels,channel,28,Technology,en,38,2026-04-30T18:00:22.675077+00:00
androidmalware,telegramchannels,channel,28,Technology,en,39,2026-04-30T18:00:22.675080+00:00
techguide,telegramchannels,channel,28,Technology,en,40,2026-04-30T18:00:22.675083+00:00
nacbots,telegramchannels,channel,28,Technology,en,41,2026-04-30T18:00:22.675086+00:00
datascience4,telegramchannels,channel,28,Technology,en,42,2026-04-30T18:00:22.675090+00:00
codexbotz,telegramchannels,channel,28,Technology,en,43,2026-04-30T18:00:22.675093+00:00
elvis_w_g,telegramchannels,channel,28,Technology,en,44,2026-04-30T18:00:22.675096+00:00
real_discount,telegramchannels,channel,28,Technology,en,45,2026-04-30T18:00:22.675099+00:00
webdel,telegramchannels,channel,28,Technology,en,46,2026-04-30T18:00:22.675102+00:00
thedevs,telegramchannels,channel,28,Technology,en,47,2026-04-30T18:00:22.675105+00:00
imockups,telegramchannels,channel,28,Technology,en,48,2026-04-30T18:00:22.675108+00:00
fedevelopment,telegramchannels,channel,28,Technology,en,49,2026-04-30T18:00:22.675111+00:00
xiaomi,telegramchannels,channel,28,Technology,en,50,2026-04-30T18:00:22.675114+00:00
arduino_io,telegramchannels,channel,28,Technology,en,51,2026-04-30T18:00:22.675118+00:00
websitedesignlearninggroup,telegramchannels,channel,28,Technology,en,52,2026-04-30T18:00:22.675121+00:00
bigdataspecialist,telegramchannels,channel,28,Technology,en,53,2026-04-30T18:00:22.675124+00:00
popmods,telegramchannels,channel,28,Technology,en,54,2026-04-30T18:00:22.675128+00:00
front_end_first,telegramchannels,channel,28,Technology,en,55,2026-04-30T18:00:22.675131+00:00
github_repos,telegramchannels,channel,28,Technology,en,56,2026-04-30T18:00:22.675134+00:00
ignouc,telegramchannels,channel,28,Technology,en,57,2026-04-30T18:00:22.675138+00:00
cibsecurity,telegramchannels,channel,28,Technology,en,58,2026-04-30T18:00:22.675141+00:00
pocophoneglobalupdates,telegramchannels,channel,28,Technology,en,59,2026-04-30T18:00:22.675144+00:00
chatgpt_officialnews,telegramchannels,channel,28,Technology,en,60,2026-04-30T18:00:22.675148+00:00
movie_stl,telegramchannels,channel,28,Technology,en,61,2026-04-30T18:00:22.675151+00:00
hacking_group_channel,telegramchannels,channel,28,Technology,en,62,2026-04-30T18:00:22.675154+00:00
cisco,telegramchannels,channel,28,Technology,en,63,2026-04-30T18:00:22.675157+00:00
xkcdchannel,telegramchannels,channel,28,Technology,en,64,2026-04-30T18:00:22.675159+00:00
ethicalhackerscommunity,telegramchannels,channel,28,Technology,en,65,2026-04-30T18:00:22.675162+00:00
tonvpn_channel,telegramchannels,channel,28,Technology,en,66,2026-04-30T18:00:22.675166+00:00
prograchallenges,telegramchannels,channel,28,Technology,en,67,2026-04-30T18:00:22.675169+00:00
artificial_intelligence_ai,telegramchannels,channel,28,Technology,en,68,2026-04-30T18:00:22.675172+00:00
videogenerator,telegramchannels,channel,28,Technology,en,69,2026-04-30T18:00:22.675175+00:00
dev_meme,telegramchannels,channel,28,Technology,en,70,2026-04-30T18:00:22.675179+00:00
edurekaupdates,telegramchannels,channel,28,Technology,en,71,2026-04-30T18:00:22.675181+00:00
embedded_system,telegramchannels,channel,28,Technology,en,72,2026-04-30T18:00:22.675185+00:00
malwr,telegramchannels,channel,28,Technology,en,73,2026-04-30T18:00:22.675188+00:00
sysadm_in_channel,telegramchannels,channel,28,Technology,en,74,2026-04-30T18:00:22.675191+00:00
aspnetvnext,telegramchannels,channel,28,Technology,en,75,2026-04-30T18:00:22.675194+00:00
thefrontend,telegramchannels,channel,28,Technology,en,76,2026-04-30T18:00:22.675196+00:00
bleepingcomputer,telegramchannels,channel,28,Technology,en,77,2026-04-30T18:00:22.675199+00:00
java_codings,telegramchannels,channel,28,Technology,en,78,2026-04-30T18:00:22.675203+00:00
pluschannel11,telegramchannels,channel,28,Technology,en,79,2026-04-30T18:00:22.675206+00:00
iosdevio,telegramchannels,channel,28,Technology,en,80,2026-04-30T18:00:22.675209+00:00
netflix_bins_and_tricks,telegramchannels,channel,28,Technology,en,81,2026-04-30T18:00:22.675212+00:00
coding_genius1,telegramchannels,channel,28,Technology,en,82,2026-04-30T18:00:22.675215+00:00
techfreaks9,telegramchannels,channel,28,Technology,en,83,2026-04-30T18:00:22.675218+00:00
allabouthack,telegramchannels,channel,28,Technology,en,84,2026-04-30T18:00:22.675221+00:00
ready_dot_code,telegramchannels,channel,28,Technology,en,85,2026-04-30T18:00:22.675225+00:00
phpme,telegramchannels,channel,28,Technology,en,86,2026-04-30T18:00:22.675228+00:00
deephackers07,telegramchannels,channel,28,Technology,en,87,2026-04-30T18:00:22.675231+00:00
whitehat,telegramchannels,channel,28,Technology,en,88,2026-04-30T18:00:22.675233+00:00
techscope_news,telegramchannels,channel,28,Technology,en,89,2026-04-30T18:00:22.675236+00:00
techcrunch1,telegramchannels,channel,28,Technology,en,90,2026-04-30T18:00:22.675239+00:00
technologyforgood,telegramchannels,channel,28,Technology,en,91,2026-04-30T18:00:22.675242+00:00
thinkbroadly,telegramchannels,channel,28,Technology,en,92,2026-04-30T18:00:22.675245+00:00
remotejobsenglish,telegramchannels,channel,28,Technology,en,93,2026-04-30T18:00:22.675249+00:00
madelineproto,telegramchannels,channel,28,Technology,en,94,2026-04-30T18:00:22.675252+00:00
ethicalhackerscommunity2,telegramchannels,channel,28,Technology,en,95,2026-04-30T18:00:22.675255+00:00
ethical_hackers_giveaway,telegramchannels,channel,28,Technology,en,96,2026-04-30T18:00:22.675258+00:00
androidresid,telegramchannels,channel,28,Technology,en,97,2026-04-30T18:00:22.675261+00:00
chatgptmastermind,telegramchannels,channel,28,Technology,en,98,2026-04-30T18:00:22.675264+00:00
datasciencemorons,telegramchannels,channel,28,Technology,en,99,2026-04-30T18:00:22.675267+00:00
renewable_energy,telegramchannels,channel,28,Technology,en,100,2026-04-30T18:00:22.675270+00:00
java_script_world,telegramchannels,channel,28,Technology,en,101,2026-04-30T18:00:22.675273+00:00
daily,telegramchannels,channel,28,Technology,en,102,2026-04-30T18:00:22.675276+00:00
html_and_css_3,telegramchannels,channel,28,Technology,en,103,2026-04-30T18:00:22.675280+00:00
dailychannels,telegramchannels,channel,28,Technology,en,104,2026-04-30T18:00:22.675285+00:00
proxymtproto,telegramchannels,channel,36,Telegram,en,1,2026-04-30T18:00:35.839713+00:00
telegramtips,telegramchannels,channel,36,Telegram,en,2,2026-04-30T18:00:35.839720+00:00
telegram,telegramchannels,channel,36,Telegram,en,3,2026-04-30T18:00:35.839723+00:00
premium,telegramchannels,channel,36,Telegram,en,7,2026-04-30T18:00:35.839739+00:00
roolzgods,telegramchannels,channel,36,Telegram,en,8,2026-04-30T18:00:35.839742+00:00
username,telegramchannels,channel,36,Telegram,en,9,2026-04-30T18:00:35.839745+00:00
emoji1,telegramchannels,channel,36,Telegram,en,10,2026-04-30T18:00:35.839748+00:00
oxygenminerchannel,telegramchannels,channel,36,Telegram,en,11,2026-04-30T18:00:35.839751+00:00
join10xacademy1,telegramchannels,channel,36,Telegram,en,12,2026-04-30T18:00:35.839754+00:00
proxyme,telegramchannels,channel,36,Telegram,en,13,2026-04-30T18:00:35.839757+00:00
xplus_channel,telegramchannels,channel,36,Telegram,en,14,2026-04-30T18:00:35.839761+00:00
tele_ninja,telegramchannels,channel,36,Telegram,en,15,2026-04-30T18:00:35.839763+00:00
marienews,telegramchannels,channel,36,Telegram,en,16,2026-04-30T18:00:35.839766+00:00
mtproxies,telegramchannels,channel,36,Telegram,en,17,2026-04-30T18:00:35.839769+00:00
turbotel,telegramchannels,channel,36,Telegram,en,18,2026-04-30T18:00:35.839772+00:00
botnews,telegramchannels,channel,36,Telegram,en,19,2026-04-30T18:00:35.839774+00:00
designers,telegramchannels,channel,36,Telegram,en,20,2026-04-30T18:00:35.839777+00:00
forexsignalsxauusd2,telegramchannels,channel,36,Telegram,en,21,2026-04-30T18:00:35.839780+00:00
tgbeta,telegramchannels,channel,36,Telegram,en,22,2026-04-30T18:00:35.839783+00:00
desktop,telegramchannels,channel,36,Telegram,en,23,2026-04-30T18:00:35.839786+00:00
telegrampassport,telegramchannels,channel,36,Telegram,en,24,2026-04-30T18:00:35.839789+00:00
geekschannel,telegramchannels,channel,36,Telegram,en,25,2026-04-30T18:00:35.839792+00:00
dailychannels,telegramchannels,channel,36,Telegram,en,26,2026-04-30T18:00:35.839795+00:00
prizesstarss,telegramchannels,channel,36,Telegram,en,27,2026-04-30T18:00:35.839798+00:00
cutestickers4you,telegramchannels,channel,36,Telegram,en,28,2026-04-30T18:00:35.839800+00:00
telegaadexchange,telegramchannels,channel,36,Telegram,en,29,2026-04-30T18:00:35.839803+00:00
gbpusdxauusdscalpers,telegramchannels,channel,36,Telegram,en,30,2026-04-30T18:00:35.839807+00:00
join_community,telegramchannels,channel,36,Telegram,en,31,2026-04-30T18:00:35.839809+00:00
adsly,telegramchannels,channel,36,Telegram,en,32,2026-04-30T18:00:35.839812+00:00
jointelegramlink1,telegramchannels,channel,36,Telegram,en,33,2026-04-30T18:00:35.839815+00:00
opakhi1,telegramchannels,channel,36,Telegram,en,34,2026-04-30T18:00:35.839818+00:00
themesm8,telegramchannels,channel,36,Telegram,en,35,2026-04-30T18:00:35.839821+00:00
botfindr,telegramchannels,channel,36,Telegram,en,36,2026-04-30T18:00:35.839824+00:00
gifstiki,telegramchannels,channel,36,Telegram,en,37,2026-04-30T18:00:35.839827+00:00
tele_theme_android,telegramchannels,channel,36,Telegram,en,38,2026-04-30T18:00:35.839830+00:00
tcmead,telegramchannels,channel,36,Telegram,en,39,2026-04-30T18:00:35.839833+00:00
themetelegramhd,telegramchannels,channel,36,Telegram,en,40,2026-04-30T18:00:35.839835+00:00
t_tutorial,telegramchannels,channel,36,Telegram,en,41,2026-04-30T18:00:35.839839+00:00
goldsignalsprofessor1,telegramchannels,channel,36,Telegram,en,42,2026-04-30T18:00:35.839842+00:00
mtproxyboy,telegramchannels,channel,36,Telegram,en,43,2026-04-30T18:00:35.839844+00:00
channelmurasxvip,telegramchannels,channel,36,Telegram,en,44,2026-04-30T18:00:35.839847+00:00
youngtheme,telegramchannels,channel,36,Telegram,en,45,2026-04-30T18:00:35.839850+00:00
talk_ted,telegramchannels,channel,36,Telegram,en,46,2026-04-30T18:00:35.839853+00:00
themeshub,telegramchannels,channel,36,Telegram,en,47,2026-04-30T18:00:35.839856+00:00
tgtester,telegramchannels,channel,36,Telegram,en,48,2026-04-30T18:00:35.839858+00:00
gbpusdbtcusdsignal,telegramchannels,channel,36,Telegram,en,49,2026-04-30T18:00:35.839861+00:00
soft_stickers,telegramchannels,channel,36,Telegram,en,50,2026-04-30T18:00:35.839864+00:00
andrthemes,telegramchannels,channel,36,Telegram,en,51,2026-04-30T18:00:35.839866+00:00
syntheticxofficiai,telegramchannels,channel,36,Telegram,en,52,2026-04-30T18:00:35.839869+00:00
cryptopanicofficials,telegramchannels,channel,36,Telegram,en,53,2026-04-30T18:00:35.839872+00:00
heytelegram_number,telegramchannels,channel,36,Telegram,en,54,2026-04-30T18:00:35.839875+00:00
exnees_free_signals,telegramchannels,channel,36,Telegram,en,55,2026-04-30T18:00:35.839878+00:00
bitmain_order,telegramchannels,channel,36,Telegram,en,56,2026-04-30T18:00:35.839881+00:00
freeproxieseveryday,telegramchannels,channel,36,Telegram,en,57,2026-04-30T18:00:35.839884+00:00
hqproxy_com,telegramchannels,channel,36,Telegram,en,58,2026-04-30T18:00:35.839887+00:00
dogmtproto,telegramchannels,channel,36,Telegram,en,59,2026-04-30T18:00:35.839890+00:00
sstpgods,telegramchannels,channel,36,Telegram,en,60,2026-04-30T18:00:35.839892+00:00
promotetelegramch,telegramchannels,channel,36,Telegram,en,61,2026-04-30T18:00:35.839895+00:00
usersellbuyy,telegramchannels,channel,36,Telegram,en,62,2026-04-30T18:00:35.839898+00:00
secureandfastproxymtproto,telegramchannels,channel,36,Telegram,en,63,2026-04-30T18:00:35.839900+00:00
btcw0k,telegramchannels,channel,36,Telegram,en,64,2026-04-30T18:00:35.839903+00:00
berkaytelegramthemes,telegramchannels,channel,36,Telegram,en,65,2026-04-30T18:00:35.839906+00:00
paveldurovbackup,telegramchannels,channel,36,Telegram,en,66,2026-04-30T18:00:35.839909+00:00
dnatradingforex1,telegramchannels,channel,36,Telegram,en,67,2026-04-30T18:00:35.839912+00:00
tapswapai,telegramchannels,channel,40,Telegram Miniapps & Games,en,1,2026-04-30T18:00:49.483395+00:00
hamster_kombat,telegramchannels,channel,40,Telegram Miniapps & Games,en,2,2026-04-30T18:00:49.483403+00:00
seedupdates,telegramchannels,channel,40,Telegram Miniapps & Games,en,3,2026-04-30T18:00:49.483406+00:00
notcoin,telegramchannels,channel,40,Telegram Miniapps & Games,en,7,2026-04-30T18:00:49.483431+00:00
clayton,telegramchannels,channel,40,Telegram Miniapps & Games,en,8,2026-04-30T18:00:49.483434+00:00
tonclayton,telegramchannels,channel,40,Telegram Miniapps & Games,en,9,2026-04-30T18:00:49.483437+00:00
tonstationgames,telegramchannels,channel,40,Telegram Miniapps & Games,en,10,2026-04-30T18:00:49.483440+00:00
pixelverse_xyz,telegramchannels,channel,40,Telegram Miniapps & Games,en,11,2026-04-30T18:00:49.483444+00:00
thetapcoins,telegramchannels,channel,40,Telegram Miniapps & Games,en,12,2026-04-30T18:00:49.483447+00:00
binance_moonbix_announcements,telegramchannels,channel,40,Telegram Miniapps & Games,en,13,2026-04-30T18:00:49.483450+00:00
blumcrypto_memepad,telegramchannels,channel,40,Telegram Miniapps & Games,en,14,2026-04-30T18:00:49.483453+00:00
foruai_channel,telegramchannels,channel,40,Telegram Miniapps & Games,en,15,2026-04-30T18:00:49.483456+00:00
smpl_app,telegramchannels,channel,40,Telegram Miniapps & Games,en,16,2026-04-30T18:00:49.483459+00:00
toptapen,telegramchannels,channel,40,Telegram Miniapps & Games,en,17,2026-04-30T18:00:49.483462+00:00
watbird,telegramchannels,channel,40,Telegram Miniapps & Games,en,18,2026-04-30T18:00:49.483465+00:00
spinnercoin,telegramchannels,channel,40,Telegram Miniapps & Games,en,19,2026-04-30T18:00:49.483468+00:00
thespn,telegramchannels,channel,40,Telegram Miniapps & Games,en,20,2026-04-30T18:00:49.483471+00:00
lostdogscoeng,telegramchannels,channel,40,Telegram Miniapps & Games,en,21,2026-04-30T18:00:49.483474+00:00
taptoearninsider,telegramchannels,channel,40,Telegram Miniapps & Games,en,22,2026-04-30T18:00:49.483477+00:00
wuffi_announcements,telegramchannels,channel,40,Telegram Miniapps & Games,en,23,2026-04-30T18:00:49.483480+00:00
tonix_mining,telegramchannels,channel,40,Telegram Miniapps & Games,en,24,2026-04-30T18:00:49.483483+00:00
tasknchannel,telegramchannels,channel,40,Telegram Miniapps & Games,en,25,2026-04-30T18:00:49.483487+00:00
wontonorg,telegramchannels,channel,40,Telegram Miniapps & Games,en,26,2026-04-30T18:00:49.483490+00:00
blink_en,telegramchannels,channel,40,Telegram Miniapps & Games,en,27,2026-04-30T18:00:49.483492+00:00
byinchan,telegramchannels,channel,40,Telegram Miniapps & Games,en,28,2026-04-30T18:00:49.483495+00:00
hamsterupdate,telegramchannels,channel,40,Telegram Miniapps & Games,en,29,2026-04-30T18:00:49.483498+00:00
chickcoop_announcement,telegramchannels,channel,40,Telegram Miniapps & Games,en,30,2026-04-30T18:00:49.483502+00:00
tap_sport_official,telegramchannels,channel,40,Telegram Miniapps & Games,en,31,2026-04-30T18:00:49.483504+00:00
buyboost_official,telegramchannels,channel,40,Telegram Miniapps & Games,en,32,2026-04-30T18:00:49.483508+00:00
web3_tonroll,telegramchannels,channel,40,Telegram Miniapps & Games,en,33,2026-04-30T18:00:49.483511+00:00
notgram_game,telegramchannels,channel,40,Telegram Miniapps & Games,en,34,2026-04-30T18:00:49.483514+00:00
hamster_tools,telegramchannels,channel,40,Telegram Miniapps & Games,en,35,2026-04-30T18:00:49.483517+00:00
fanton_nft_en,telegramchannels,channel,40,Telegram Miniapps & Games,en,36,2026-04-30T18:00:49.483520+00:00
goblinmine,telegramchannels,channel,40,Telegram Miniapps & Games,en,37,2026-04-30T18:00:49.483523+00:00
legendsannouncements,telegramchannels,channel,40,Telegram Miniapps & Games,en,38,2026-04-30T18:00:49.483527+00:00
tap_tether_channel,telegramchannels,channel,40,Telegram Miniapps & Games,en,39,2026-04-30T18:00:49.483530+00:00
cr_tapp,telegramchannels,channel,40,Telegram Miniapps & Games,en,40,2026-04-30T18:00:49.483533+00:00
yumify,telegramchannels,channel,40,Telegram Miniapps & Games,en,41,2026-04-30T18:00:49.483536+00:00
thetonmap,telegramchannels,channel,40,Telegram Miniapps & Games,en,42,2026-04-30T18:00:49.483539+00:00
treasuretapperannouncements,telegramchannels,channel,40,Telegram Miniapps & Games,en,43,2026-04-30T18:00:49.483542+00:00
true_ecosystem,telegramchannels,channel,40,Telegram Miniapps & Games,en,44,2026-04-30T18:00:49.483545+00:00
dcombo,telegramchannels,channel,40,Telegram Miniapps & Games,en,45,2026-04-30T18:00:49.483548+00:00
lambotap,telegramchannels,channel,40,Telegram Miniapps & Games,en,46,2026-04-30T18:00:49.483551+00:00
tapraccooncoin,telegramchannels,channel,40,Telegram Miniapps & Games,en,47,2026-04-30T18:00:49.483554+00:00
gumartec,telegramchannels,channel,40,Telegram Miniapps & Games,en,48,2026-04-30T18:00:49.483557+00:00
tongochi_game,telegramchannels,channel,40,Telegram Miniapps & Games,en,49,2026-04-30T18:00:49.483560+00:00
alphatongame,telegramchannels,channel,40,Telegram Miniapps & Games,en,50,2026-04-30T18:00:49.483562+00:00
bnbcold,telegramchannels,channel,40,Telegram Miniapps & Games,en,51,2026-04-30T18:00:49.483566+00:00
tap_swap_international,telegramchannels,channel,40,Telegram Miniapps & Games,en,52,2026-04-30T18:00:49.483569+00:00
dailycombo,telegramchannels,channel,40,Telegram Miniapps & Games,en,53,2026-04-30T18:00:49.483572+00:00
tapptales,telegramchannels,channel,40,Telegram Miniapps & Games,en,54,2026-04-30T18:00:49.483576+00:00
tapac_official,telegramchannels,channel,40,Telegram Miniapps & Games,en,55,2026-04-30T18:00:49.483579+00:00
tonvex_mining,telegramchannels,channel,40,Telegram Miniapps & Games,en,56,2026-04-30T18:00:49.483582+00:00
hamsterchainann,telegramchannels,channel,40,Telegram Miniapps & Games,en,57,2026-04-30T18:00:49.483585+00:00
singsingchannel,telegramchannels,channel,40,Telegram Miniapps & Games,en,58,2026-04-30T18:00:49.483588+00:00
pilotongame,telegramchannels,channel,40,Telegram Miniapps & Games,en,59,2026-04-30T18:00:49.483591+00:00
native_survivors,telegramchannels,channel,40,Telegram Miniapps & Games,en,60,2026-04-30T18:00:49.483594+00:00
ton_geek,telegramchannels,channel,40,Telegram Miniapps & Games,en,61,2026-04-30T18:00:49.483597+00:00
cryptropulse,telegramchannels,channel,40,Telegram Miniapps & Games,en,62,2026-04-30T18:00:49.483600+00:00
earnzillarew,telegramchannels,channel,40,Telegram Miniapps & Games,en,63,2026-04-30T18:00:49.483603+00:00
hamstersintobulls,telegramchannels,channel,40,Telegram Miniapps & Games,en,64,2026-04-30T18:00:49.483606+00:00
yescoin,telegramchannels,channel,40,Telegram Miniapps & Games,en,65,2026-04-30T18:00:49.483609+00:00
spacesweeperz,telegramchannels,channel,40,Telegram Miniapps & Games,en,66,2026-04-30T18:00:49.483612+00:00
weedcashoff,telegramchannels,channel,40,Telegram Miniapps & Games,en,67,2026-04-30T18:00:49.483615+00:00
seedminerpro,telegramchannels,channel,40,Telegram Miniapps & Games,en,68,2026-04-30T18:00:49.483618+00:00
kombat_combo_hamster,telegramchannels,channel,40,Telegram Miniapps & Games,en,69,2026-04-30T18:00:49.483621+00:00
dailycompos,telegramchannels,channel,40,Telegram Miniapps & Games,en,70,2026-04-30T18:00:49.483624+00:00
financialcryptonews,telegramchannels,channel,40,Telegram Miniapps & Games,en,71,2026-04-30T18:00:49.483627+00:00
insiderslive,telegramchannels,channel,40,Telegram Miniapps & Games,en,72,2026-04-30T18:00:49.483630+00:00
dailychannels,telegramchannels,channel,40,Telegram Miniapps & Games,en,73,2026-04-30T18:00:49.483635+00:00
travel_dada,telegramchannels,channel,29,Travel,en,1,2026-04-30T18:01:02.988977+00:00
amazingworldtravel,telegramchannels,channel,29,Travel,en,2,2026-04-30T18:01:02.988985+00:00
fabrizioromanotg,telegramchannels,channel,29,Travel,en,3,2026-04-30T18:01:02.988989+00:00
sgtravelpromos,telegramchannels,channel,29,Travel,en,7,2026-04-30T18:01:02.989007+00:00
internationalgeographic,telegramchannels,channel,29,Travel,en,8,2026-04-30T18:01:02.989010+00:00
discovery_video1,telegramchannels,channel,29,Travel,en,9,2026-04-30T18:01:02.989014+00:00
indian,telegramchannels,channel,29,Travel,en,10,2026-04-30T18:01:02.989016+00:00
travelsfotod,telegramchannels,channel,29,Travel,en,11,2026-04-30T18:01:02.989019+00:00
yourtraveller,telegramchannels,channel,29,Travel,en,12,2026-04-30T18:01:02.989022+00:00
redbus2us,telegramchannels,channel,29,Travel,en,13,2026-04-30T18:01:02.989025+00:00
freedomtravelalliance,telegramchannels,channel,29,Travel,en,14,2026-04-30T18:01:02.989028+00:00
usavisaupdates,telegramchannels,channel,29,Travel,en,15,2026-04-30T18:01:02.989032+00:00
escapehouston,telegramchannels,channel,29,Travel,en,16,2026-04-30T18:01:02.989035+00:00
canadausavfsbot,telegramchannels,channel,29,Travel,en,17,2026-04-30T18:01:02.989038+00:00
thetravelintern,telegramchannels,channel,29,Travel,en,18,2026-04-30T18:01:02.989041+00:00
wanderlustguide,telegramchannels,channel,29,Travel,en,19,2026-04-30T18:01:02.989044+00:00
laactivityclub,telegramchannels,channel,29,Travel,en,20,2026-04-30T18:01:02.989047+00:00
sentosaisland,telegramchannels,channel,29,Travel,en,21,2026-04-30T18:01:02.989050+00:00
shachi_mall,telegramchannels,channel,29,Travel,en,22,2026-04-30T18:01:02.989053+00:00
escapeatx,telegramchannels,channel,29,Travel,en,23,2026-04-30T18:01:02.989056+00:00
adalyahotels,telegramchannels,channel,29,Travel,en,24,2026-04-30T18:01:02.989059+00:00
booking_flights_airbnb_hotels,telegramchannels,channel,29,Travel,en,25,2026-04-30T18:01:02.989062+00:00
cheap_flights_hotels,telegramchannels,channel,29,Travel,en,26,2026-04-30T18:01:02.989065+00:00
trip4world,telegramchannels,channel,29,Travel,en,27,2026-04-30T18:01:02.989068+00:00
b1b2availabilitybooking,telegramchannels,channel,29,Travel,en,28,2026-04-30T18:01:02.989071+00:00
expeditionsworldwide,telegramchannels,channel,29,Travel,en,29,2026-04-30T18:01:02.989075+00:00
gods_nature,telegramchannels,channel,29,Travel,en,30,2026-04-30T18:01:02.989078+00:00
luxurilab,telegramchannels,channel,29,Travel,en,31,2026-04-30T18:01:02.989080+00:00
car_rental_flights,telegramchannels,channel,29,Travel,en,32,2026-04-30T18:01:02.989084+00:00
beautifulll_place,telegramchannels,channel,29,Travel,en,33,2026-04-30T18:01:02.989087+00:00
escapeflights,telegramchannels,channel,29,Travel,en,34,2026-04-30T18:01:02.989089+00:00
escapeflights_lax,telegramchannels,channel,29,Travel,en,35,2026-04-30T18:01:02.989092+00:00
holidaypiratesuk,telegramchannels,channel,29,Travel,en,36,2026-04-30T18:01:02.989096+00:00
escapeflights_ord,telegramchannels,channel,29,Travel,en,37,2026-04-30T18:01:02.989099+00:00
eddytravels,telegramchannels,channel,29,Travel,en,38,2026-04-30T18:01:02.989102+00:00
contikitravelsquad,telegramchannels,channel,29,Travel,en,39,2026-04-30T18:01:02.989105+00:00
usb1b2visa7,telegramchannels,channel,29,Travel,en,40,2026-04-30T18:01:02.989108+00:00
travelhotelrentals,telegramchannels,channel,29,Travel,en,41,2026-04-30T18:01:02.989111+00:00
africafreak,telegramchannels,channel,29,Travel,en,42,2026-04-30T18:01:02.989114+00:00
visitafrica_today,telegramchannels,channel,29,Travel,en,43,2026-04-30T18:01:02.989117+00:00
dmo_karakalpakstan,telegramchannels,channel,29,Travel,en,44,2026-04-30T18:01:02.989120+00:00
travelinfinite,telegramchannels,channel,29,Travel,en,45,2026-04-30T18:01:02.989123+00:00
acetravels,telegramchannels,channel,29,Travel,en,46,2026-04-30T18:01:02.989126+00:00
letsgotripworld,telegramchannels,channel,29,Travel,en,47,2026-04-30T18:01:02.989128+00:00
gotravel1,telegramchannels,channel,29,Travel,en,48,2026-04-30T18:01:02.989131+00:00
thecajunlife,telegramchannels,channel,29,Travel,en,49,2026-04-30T18:01:02.989134+00:00
cyhholiday,telegramchannels,channel,29,Travel,en,50,2026-04-30T18:01:02.989137+00:00
wild_vibeztourism_ug,telegramchannels,channel,29,Travel,en,51,2026-04-30T18:01:02.989140+00:00
bongoplan,telegramchannels,channel,29,Travel,en,52,2026-04-30T18:01:02.989143+00:00
duketianatravelsandtours,telegramchannels,channel,29,Travel,en,53,2026-04-30T18:01:02.989146+00:00
settleitbcn,telegramchannels,channel,29,Travel,en,54,2026-04-30T18:01:02.989149+00:00
hitht,telegramchannels,channel,29,Travel,en,55,2026-04-30T18:01:02.989152+00:00
globetrottinggetaways,telegramchannels,channel,29,Travel,en,56,2026-04-30T18:01:02.989155+00:00
tripstations,telegramchannels,channel,29,Travel,en,57,2026-04-30T18:01:02.989158+00:00
dailychannels,telegramchannels,channel,29,Travel,en,58,2026-04-30T18:01:02.989163+00:00
turbovpnofficial,telegramchannels,channel,34,Utilities & Tools,en,1,2026-04-30T18:01:16.104997+00:00
tubesensei,telegramchannels,channel,34,Utilities & Tools,en,2,2026-04-30T18:01:16.105004+00:00
dragonballstl,telegramchannels,channel,34,Utilities & Tools,en,3,2026-04-30T18:01:16.105007+00:00
genie_news,telegramchannels,channel,34,Utilities & Tools,en,7,2026-04-30T18:01:16.105026+00:00
dc_stl,telegramchannels,channel,34,Utilities & Tools,en,8,2026-04-30T18:01:16.105029+00:00
marvel_stl,telegramchannels,channel,34,Utilities & Tools,en,9,2026-04-30T18:01:16.105032+00:00
tgbotsz,telegramchannels,channel,34,Utilities & Tools,en,10,2026-04-30T18:01:16.105035+00:00
star_wars_stl,telegramchannels,channel,34,Utilities & Tools,en,11,2026-04-30T18:01:16.105038+00:00
legalvst,telegramchannels,channel,34,Utilities & Tools,en,12,2026-04-30T18:01:16.105041+00:00
dragon_ball_stl,telegramchannels,channel,34,Utilities & Tools,en,13,2026-04-30T18:01:16.105044+00:00
stl_pokemon,telegramchannels,channel,34,Utilities & Tools,en,14,2026-04-30T18:01:16.105047+00:00
threedcult,telegramchannels,channel,34,Utilities & Tools,en,15,2026-04-30T18:01:16.105051+00:00
kids_stl,telegramchannels,channel,34,Utilities & Tools,en,16,2026-04-30T18:01:16.105054+00:00
easy_bots_network,telegramchannels,channel,34,Utilities & Tools,en,17,2026-04-30T18:01:16.105057+00:00
osintlosena,telegramchannels,channel,34,Utilities & Tools,en,18,2026-04-30T18:01:16.105060+00:00
androidtv_tools,telegramchannels,channel,34,Utilities & Tools,en,19,2026-04-30T18:01:16.105064+00:00
smartapphub,telegramchannels,channel,34,Utilities & Tools,en,20,2026-04-30T18:01:16.105066+00:00
searchenginesoptimization20,telegramchannels,channel,34,Utilities & Tools,en,21,2026-04-30T18:01:16.105070+00:00
catuserbot17,telegramchannels,channel,34,Utilities & Tools,en,22,2026-04-30T18:01:16.105073+00:00
freesmsreceiver,telegramchannels,channel,34,Utilities & Tools,en,23,2026-04-30T18:01:16.105076+00:00
tmdw_army,telegramchannels,channel,34,Utilities & Tools,en,24,2026-04-30T18:01:16.105079+00:00
infinitytips2027,telegramchannels,channel,34,Utilities & Tools,en,25,2026-04-30T18:01:16.105082+00:00
matlab_tips,telegramchannels,channel,34,Utilities & Tools,en,26,2026-04-30T18:01:16.105085+00:00
proxy_lists,telegramchannels,channel,34,Utilities & Tools,en,27,2026-04-30T18:01:16.105088+00:00
drchiva,telegramchannels,channel,34,Utilities & Tools,en,28,2026-04-30T18:01:16.105091+00:00
flstudiooctv,telegramchannels,channel,34,Utilities & Tools,en,29,2026-04-30T18:01:16.105094+00:00
topgadgets4u,telegramchannels,channel,34,Utilities & Tools,en,30,2026-04-30T18:01:16.105096+00:00
hackeraviatorpro,telegramchannels,channel,34,Utilities & Tools,en,31,2026-04-30T18:01:16.105099+00:00
botsbusinessseller,telegramchannels,channel,34,Utilities & Tools,en,32,2026-04-30T18:01:16.105102+00:00
crydata_apps,telegramchannels,channel,34,Utilities & Tools,en,33,2026-04-30T18:01:16.105105+00:00
askforit21,telegramchannels,channel,34,Utilities & Tools,en,34,2026-04-30T18:01:16.105108+00:00
cloudflarewarppluskey,telegramchannels,channel,34,Utilities & Tools,en,35,2026-04-30T18:01:16.105111+00:00
strongtoolsga,telegramchannels,channel,34,Utilities & Tools,en,36,2026-04-30T18:01:16.105114+00:00
giveawayofthedayfeed,telegramchannels,channel,34,Utilities & Tools,en,37,2026-04-30T18:01:16.105117+00:00
cyber_frog_ai,telegramchannels,channel,34,Utilities & Tools,en,38,2026-04-30T18:01:16.105120+00:00
hacker_all_in_one_stuff_tech,telegramchannels,channel,34,Utilities & Tools,en,39,2026-04-30T18:01:16.105123+00:00
mql5heaven,telegramchannels,channel,34,Utilities & Tools,en,40,2026-04-30T18:01:16.105126+00:00
playconsolemarket1,telegramchannels,channel,34,Utilities & Tools,en,41,2026-04-30T18:01:16.105129+00:00
winningpc,telegramchannels,channel,34,Utilities & Tools,en,42,2026-04-30T18:01:16.105133+00:00
modzgabba,telegramchannels,channel,34,Utilities & Tools,en,43,2026-04-30T18:01:16.105136+00:00
rootxupdate,telegramchannels,channel,34,Utilities & Tools,en,44,2026-04-30T18:01:16.105139+00:00
archivesof50tones,telegramchannels,channel,34,Utilities & Tools,en,45,2026-04-30T18:01:16.105142+00:00
techandtricksbd,telegramchannels,channel,34,Utilities & Tools,en,46,2026-04-30T18:01:16.105146+00:00
hackingniko,telegramchannels,channel,34,Utilities & Tools,en,47,2026-04-30T18:01:16.105149+00:00
fileunzip,telegramchannels,channel,34,Utilities & Tools,en,48,2026-04-30T18:01:16.105151+00:00
fridaysupportofficial,telegramchannels,channel,34,Utilities & Tools,en,49,2026-04-30T18:01:16.105154+00:00
fratofthetrillion,telegramchannels,channel,34,Utilities & Tools,en,50,2026-04-30T18:01:16.105157+00:00
dailychannels,telegramchannels,channel,34,Utilities & Tools,en,51,2026-04-30T18:01:16.105162+00:00
