username,source,chat_type,category_slug,category_label,language,rank,scraped_at
okxofficial_english,telegramchannels,group,all,All Categories,en,1,2026-05-01T14:36:57.834881+00:00
binanceexchange,telegramchannels,group,all,All Categories,en,2,2026-05-01T14:36:57.834891+00:00
kucoin_exchange,telegramchannels,group,all,All Categories,en,3,2026-05-01T14:36:57.834894+00:00
cinema_kotaka,telegramchannels,group,all,All Categories,en,7,2026-05-01T14:36:57.834911+00:00
uxuyen,telegramchannels,group,all,All Categories,en,8,2026-05-01T14:36:57.834914+00:00
python,telegramchannels,group,all,All Categories,en,9,2026-05-01T14:36:57.834917+00:00
musicartistsworldwide,telegramchannels,group,all,All Categories,en,10,2026-05-01T14:36:57.834920+00:00
satoshi_club,telegramchannels,group,all,All Categories,en,11,2026-05-01T14:36:57.834923+00:00
fasttoken_eng,telegramchannels,group,all,All Categories,en,12,2026-05-01T14:36:57.834926+00:00
beincryptocommunity,telegramchannels,group,all,All Categories,en,13,2026-05-01T14:36:57.834929+00:00
badoocom,telegramchannels,group,all,All Categories,en,14,2026-05-01T14:36:57.834932+00:00
clubhousesb,telegramchannels,group,all,All Categories,en,15,2026-05-01T14:36:57.834935+00:00
randomchatschat,telegramchannels,group,all,All Categories,en,16,2026-05-01T14:36:57.834938+00:00
tinderru,telegramchannels,group,all,All Categories,en,17,2026-05-01T14:36:57.834941+00:00
cybersecurityexperts,telegramchannels,group,all,All Categories,en,18,2026-05-01T14:36:57.834944+00:00
fastex_community,telegramchannels,group,all,All Categories,en,19,2026-05-01T14:36:57.834947+00:00
stlall,telegramchannels,group,all,All Categories,en,20,2026-05-01T14:36:57.834949+00:00
english_chatting_club_global,telegramchannels,group,all,All Categories,en,21,2026-05-01T14:36:57.834952+00:00
printing3dminiaturesterrain,telegramchannels,group,all,All Categories,en,22,2026-05-01T14:36:57.834955+00:00
best_chat_group,telegramchannels,group,all,All Categories,en,23,2026-05-01T14:36:57.834958+00:00
ezreferralslink,telegramchannels,group,all,All Categories,en,24,2026-05-01T14:36:57.834960+00:00
groupstl,telegramchannels,group,all,All Categories,en,25,2026-05-01T14:36:57.834963+00:00
english_chatting_club,telegramchannels,group,all,All Categories,en,26,2026-05-01T14:36:57.834966+00:00
usadateworld,telegramchannels,group,all,All Categories,en,27,2026-05-01T14:36:57.834969+00:00
yne123,telegramchannels,group,all,All Categories,en,28,2026-05-01T14:36:57.834972+00:00
vipkhoone_group,telegramchannels,group,all,All Categories,en,29,2026-05-01T14:36:57.834975+00:00
international_english_chattings,telegramchannels,group,all,All Categories,en,30,2026-05-01T14:36:57.834977+00:00
binancenfts,telegramchannels,group,all,All Categories,en,31,2026-05-01T14:36:57.834980+00:00
kadena_io,telegramchannels,group,all,All Categories,en,32,2026-05-01T14:36:57.834983+00:00
icospeaks,telegramchannels,group,all,All Categories,en,33,2026-05-01T14:36:57.834986+00:00
cryptomoonshots_chat,telegramchannels,group,all,All Categories,en,34,2026-05-01T14:36:57.834990+00:00
chattings_international_english,telegramchannels,group,all,All Categories,en,35,2026-05-01T14:36:57.834993+00:00
randomchatsenglish,telegramchannels,group,all,All Categories,en,36,2026-05-01T14:36:57.834995+00:00
publictestgroup,telegramchannels,group,all,All Categories,en,37,2026-05-01T14:36:57.834998+00:00
bottalk,telegramchannels,group,all,All Categories,en,38,2026-05-01T14:36:57.835001+00:00
forexsiganl,telegramchannels,group,all,All Categories,en,39,2026-05-01T14:36:57.835004+00:00
miniaturesterraingroup,telegramchannels,group,all,All Categories,en,40,2026-05-01T14:36:57.835007+00:00
flashdx17,telegramchannels,group,all,All Categories,en,41,2026-05-01T14:36:57.835010+00:00
belajarmicrosoftexcel,telegramchannels,group,all,All Categories,en,42,2026-05-01T14:36:57.835013+00:00
instagramstoriesboost,telegramchannels,group,all,All Categories,en,43,2026-05-01T14:36:57.835016+00:00
followdx30,telegramchannels,group,all,All Categories,en,44,2026-05-01T14:36:57.835019+00:00
estatexofficial,telegramchannels,group,all,All Categories,en,45,2026-05-01T14:36:57.835021+00:00
printing3dcosplaystaticfigure,telegramchannels,group,all,All Categories,en,46,2026-05-01T14:36:57.835024+00:00
dx8flash,telegramchannels,group,all,All Categories,en,47,2026-05-01T14:36:57.835027+00:00
giftcardstore_best,telegramchannels,group,all,All Categories,en,48,2026-05-01T14:36:57.835030+00:00
indexengineering,telegramchannels,group,all,All Categories,en,49,2026-05-01T14:36:57.835033+00:00
otakuzdream,telegramchannels,group,all,All Categories,en,50,2026-05-01T14:36:57.835036+00:00
cryptochatcwn,telegramchannels,group,all,All Categories,en,51,2026-05-01T14:36:57.835039+00:00
starwarsg,telegramchannels,group,all,All Categories,en,52,2026-05-01T14:36:57.835041+00:00
chainlinkofficial,telegramchannels,group,all,All Categories,en,53,2026-05-01T14:36:57.835044+00:00
dbzgroup,telegramchannels,group,all,All Categories,en,54,2026-05-01T14:36:57.835048+00:00
androidthemesgroup,telegramchannels,group,all,All Categories,en,55,2026-05-01T14:36:57.835050+00:00
mervelgroup,telegramchannels,group,all,All Categories,en,56,2026-05-01T14:36:57.835053+00:00
english_chatting_groups_1,telegramchannels,group,all,All Categories,en,57,2026-05-01T14:36:57.835056+00:00
fmcpayglobalchat,telegramchannels,group,all,All Categories,en,58,2026-05-01T14:36:57.835059+00:00
bitbns,telegramchannels,group,all,All Categories,en,59,2026-05-01T14:36:57.835062+00:00
tiktok_growth,telegramchannels,group,all,All Categories,en,60,2026-05-01T14:36:57.835065+00:00
entrepreneurialjourney,telegramchannels,group,all,All Categories,en,61,2026-05-01T14:36:57.835068+00:00
pocket_space,telegramchannels,group,all,All Categories,en,62,2026-05-01T14:36:57.835071+00:00
ofmlustify,telegramchannels,group,all,All Categories,en,63,2026-05-01T14:36:57.835074+00:00
english_world_chatting,telegramchannels,group,all,All Categories,en,64,2026-05-01T14:36:57.835077+00:00
programminginc,telegramchannels,group,all,All Categories,en,65,2026-05-01T14:36:57.835080+00:00
icolisting,telegramchannels,group,all,All Categories,en,66,2026-05-01T14:36:57.835083+00:00
fresherjobs13,telegramchannels,group,all,All Categories,en,67,2026-05-01T14:36:57.835086+00:00
instagram_switzerland,telegramchannels,group,all,All Categories,en,68,2026-05-01T14:36:57.835089+00:00
free_promotion_links_share_group,telegramchannels,group,all,All Categories,en,69,2026-05-01T14:36:57.835092+00:00
great_worriors,telegramchannels,group,all,All Categories,en,70,2026-05-01T14:36:57.835095+00:00
bee_official_english,telegramchannels,group,all,All Categories,en,71,2026-05-01T14:36:57.835097+00:00
l4lyoutube,telegramchannels,group,all,All Categories,en,72,2026-05-01T14:36:57.835100+00:00
spaininstagram,telegramchannels,group,all,All Categories,en,73,2026-05-01T14:36:57.835103+00:00
reactjsnodejsmernstack,telegramchannels,group,all,All Categories,en,74,2026-05-01T14:36:57.835106+00:00
instagramreelsdx40,telegramchannels,group,all,All Categories,en,75,2026-05-01T14:36:57.835109+00:00
jobsinlondongroup,telegramchannels,group,all,All Categories,en,76,2026-05-01T14:36:57.835112+00:00
instagram_france,telegramchannels,group,all,All Categories,en,77,2026-05-01T14:36:57.835115+00:00
cardano,telegramchannels,group,all,All Categories,en,78,2026-05-01T14:36:57.835118+00:00
wisecrypto_chat,telegramchannels,group,all,All Categories,en,79,2026-05-01T14:36:57.835121+00:00
monetization4youtube,telegramchannels,group,all,All Categories,en,80,2026-05-01T14:36:57.835124+00:00
kardiachain,telegramchannels,group,all,All Categories,en,81,2026-05-01T14:36:57.835127+00:00
import_export_europe,telegramchannels,group,all,All Categories,en,82,2026-05-01T14:36:57.835130+00:00
minxtokenofficial,telegramchannels,group,all,All Categories,en,83,2026-05-01T14:36:57.835132+00:00
internationalchatting,telegramchannels,group,all,All Categories,en,84,2026-05-01T14:36:57.835135+00:00
qiibee,telegramchannels,group,all,All Categories,en,85,2026-05-01T14:36:57.835138+00:00
printww,telegramchannels,group,all,All Categories,en,86,2026-05-01T14:36:57.835140+00:00
katanainu,telegramchannels,group,all,All Categories,en,87,2026-05-01T14:36:57.835143+00:00
mexcbengali,telegramchannels,group,all,All Categories,en,88,2026-05-01T14:36:57.835146+00:00
whale_tracker,telegramchannels,group,all,All Categories,en,89,2026-05-01T14:36:57.835148+00:00
bitsquad,telegramchannels,group,all,All Categories,en,90,2026-05-01T14:36:57.835151+00:00
zombiesquadhq,telegramchannels,group,all,All Categories,en,91,2026-05-01T14:36:57.835154+00:00
pocophoneglobalofficial,telegramchannels,group,all,All Categories,en,92,2026-05-01T14:36:57.835157+00:00
btcsminers_2_2,telegramchannels,group,all,All Categories,en,93,2026-05-01T14:36:57.835160+00:00
add_toncoin,telegramchannels,group,all,All Categories,en,94,2026-05-01T14:36:57.835163+00:00
devopsedureka,telegramchannels,group,all,All Categories,en,95,2026-05-01T14:36:57.835165+00:00
english_chatting_house,telegramchannels,group,all,All Categories,en,96,2026-05-01T14:36:57.835168+00:00
django,telegramchannels,group,all,All Categories,en,97,2026-05-01T14:36:57.835171+00:00
oneledger,telegramchannels,group,all,All Categories,en,98,2026-05-01T14:36:57.835174+00:00
online_slots,telegramchannels,group,all,All Categories,en,99,2026-05-01T14:36:57.835177+00:00
chat1xslots,telegramchannels,group,all,All Categories,en,100,2026-05-01T14:36:57.835180+00:00
lifestyleinstagram,telegramchannels,group,all,All Categories,en,101,2026-05-01T14:36:57.835183+00:00
dx10flash,telegramchannels,group,all,All Categories,en,102,2026-05-01T14:36:57.835186+00:00
litecoin,telegramchannels,group,all,All Categories,en,103,2026-05-01T14:36:57.835189+00:00
weddingeventsforum,telegramchannels,group,3,Art & Design,en,1,2026-05-01T14:37:10.848357+00:00
corel_draw_illustrator_design,telegramchannels,group,3,Art & Design,en,2,2026-05-01T14:37:10.848366+00:00
msamtech,telegramchannels,group,3,Art & Design,en,3,2026-05-01T14:37:10.848369+00:00
uxinfinity,telegramchannels,group,3,Art & Design,en,7,2026-05-01T14:37:10.848387+00:00
adt_global_trade,telegramchannels,group,4,Auto & Moto,en,1,2026-05-01T14:37:23.484657+00:00
automobile_engineer,telegramchannels,group,4,Auto & Moto,en,2,2026-05-01T14:37:23.484664+00:00
marcon_carimporter,telegramchannels,group,4,Auto & Moto,en,3,2026-05-01T14:37:23.484667+00:00
truckstop,telegramchannels,group,4,Auto & Moto,en,7,2026-05-01T14:37:23.484685+00:00
hotshottrucking,telegramchannels,group,4,Auto & Moto,en,8,2026-05-01T14:37:23.484688+00:00
chat1xslots,telegramchannels,group,33,Betting,en,1,2026-05-01T14:37:36.806319+00:00
online_slots,telegramchannels,group,33,Betting,en,2,2026-05-01T14:37:36.806327+00:00
empirevape,telegramchannels,group,33,Betting,en,3,2026-05-01T14:37:36.806330+00:00
bet9ja,telegramchannels,group,33,Betting,en,7,2026-05-01T14:37:36.806349+00:00
sgallaboutfashion,telegramchannels,group,33,Betting,en,8,2026-05-01T14:37:36.806352+00:00
bookingcode1xbet,telegramchannels,group,33,Betting,en,9,2026-05-01T14:37:36.806355+00:00
exchmarketgroup,telegramchannels,group,33,Betting,en,10,2026-05-01T14:37:36.806358+00:00
promo1xbetcode,telegramchannels,group,33,Betting,en,11,2026-05-01T14:37:36.806361+00:00
street_wall_bets,telegramchannels,group,33,Betting,en,12,2026-05-01T14:37:36.806365+00:00
free1xbetfixedmatches,telegramchannels,group,33,Betting,en,13,2026-05-01T14:37:36.806368+00:00
fixed_matches_group,telegramchannels,group,33,Betting,en,14,2026-05-01T14:37:36.806371+00:00
fixedmatchesgroups,telegramchannels,group,33,Betting,en,15,2026-05-01T14:37:36.806375+00:00
free1xbetgames,telegramchannels,group,33,Betting,en,16,2026-05-01T14:37:36.806378+00:00
ibettingteam,telegramchannels,group,33,Betting,en,17,2026-05-01T14:37:36.806381+00:00
booking_code_1xbet,telegramchannels,group,33,Betting,en,18,2026-05-01T14:37:36.806384+00:00
bet11xbet55,telegramchannels,group,33,Betting,en,19,2026-05-01T14:37:36.806387+00:00
bettingsure100,telegramchannels,group,33,Betting,en,20,2026-05-01T14:37:36.806391+00:00
ishaanbhai,telegramchannels,group,33,Betting,en,21,2026-05-01T14:37:36.806394+00:00
top_tips_chat,telegramchannels,group,33,Betting,en,22,2026-05-01T14:37:36.806398+00:00
pay_after_winning2,telegramchannels,group,33,Betting,en,23,2026-05-01T14:37:36.806401+00:00
bettingtipsdaybyday,telegramchannels,group,33,Betting,en,24,2026-05-01T14:37:36.806404+00:00
godsofoddss,telegramchannels,group,33,Betting,en,25,2026-05-01T14:37:36.806407+00:00
treasurebets,telegramchannels,group,33,Betting,en,26,2026-05-01T14:37:36.806410+00:00
mightytipschat,telegramchannels,group,33,Betting,en,27,2026-05-01T14:37:36.806413+00:00
fixedmatcheseuro0,telegramchannels,group,33,Betting,en,28,2026-05-01T14:37:36.806416+00:00
bettingmlb,telegramchannels,group,33,Betting,en,29,2026-05-01T14:37:36.806423+00:00
fixedmatchdetection,telegramchannels,group,33,Betting,en,30,2026-05-01T14:37:36.806426+00:00
xbetempire,telegramchannels,group,33,Betting,en,31,2026-05-01T14:37:36.806429+00:00
bettingdiscussion,telegramchannels,group,33,Betting,en,32,2026-05-01T14:37:36.806432+00:00
moonclubcom_official,telegramchannels,group,33,Betting,en,33,2026-05-01T14:37:36.806435+00:00
sattakingmae,telegramchannels,group,33,Betting,en,34,2026-05-01T14:37:36.806438+00:00
sportybetwinning1,telegramchannels,group,33,Betting,en,35,2026-05-01T14:37:36.806441+00:00
futuressignaslconnect,telegramchannels,group,33,Betting,en,36,2026-05-01T14:37:36.806444+00:00
mybettingapp,telegramchannels,group,33,Betting,en,37,2026-05-01T14:37:36.806447+00:00
sportybetsuregame3,telegramchannels,group,33,Betting,en,38,2026-05-01T14:37:36.806450+00:00
dorismallpredictionn,telegramchannels,group,33,Betting,en,39,2026-05-01T14:37:36.806453+00:00
affrocapper,telegramchannels,group,33,Betting,en,40,2026-05-01T14:37:36.806456+00:00
daily_free_betting_tips,telegramchannels,group,33,Betting,en,41,2026-05-01T14:37:36.806458+00:00
bjkingcommunity,telegramchannels,group,33,Betting,en,42,2026-05-01T14:37:36.806462+00:00
dicegamblepublic,telegramchannels,group,33,Betting,en,43,2026-05-01T14:37:36.806465+00:00
correctscore_fixed,telegramchannels,group,33,Betting,en,44,2026-05-01T14:37:36.806468+00:00
correct_score_vip,telegramchannels,group,33,Betting,en,45,2026-05-01T14:37:36.806471+00:00
ac88dn,telegramchannels,group,33,Betting,en,46,2026-05-01T14:37:36.806474+00:00
strategicbettinghubchatgroup,telegramchannels,group,33,Betting,en,47,2026-05-01T14:37:36.806476+00:00
free_betting_odds,telegramchannels,group,33,Betting,en,48,2026-05-01T14:37:36.806479+00:00
cricketbettingbook,telegramchannels,group,33,Betting,en,49,2026-05-01T14:37:36.806482+00:00
sure_vip_fixed_correct_score,telegramchannels,group,33,Betting,en,50,2026-05-01T14:37:36.806485+00:00
fixed_matches8,telegramchannels,group,33,Betting,en,51,2026-05-01T14:37:36.806488+00:00
fulltimehalftimedraw,telegramchannels,group,33,Betting,en,52,2026-05-01T14:37:36.806491+00:00
football_betting_group,telegramchannels,group,33,Betting,en,53,2026-05-01T14:37:36.806494+00:00
pay_after_winning1,telegramchannels,group,33,Betting,en,54,2026-05-01T14:37:36.806497+00:00
payafter_won,telegramchannels,group,33,Betting,en,55,2026-05-01T14:37:36.806500+00:00
sports_betting_group,telegramchannels,group,33,Betting,en,56,2026-05-01T14:37:36.806503+00:00
ooddshub,telegramchannels,group,33,Betting,en,57,2026-05-01T14:37:36.806506+00:00
footballbettinggroup,telegramchannels,group,33,Betting,en,58,2026-05-01T14:37:36.806509+00:00
bet9jabettingcode,telegramchannels,group,33,Betting,en,59,2026-05-01T14:37:36.806512+00:00
bet9jasportycodes,telegramchannels,group,33,Betting,en,60,2026-05-01T14:37:36.806515+00:00
goaloonews,telegramchannels,group,33,Betting,en,61,2026-05-01T14:37:36.806518+00:00
germany_fixed_matches,telegramchannels,group,33,Betting,en,62,2026-05-01T14:37:36.806521+00:00
sportybetsuregame2,telegramchannels,group,33,Betting,en,63,2026-05-01T14:37:36.806523+00:00
betting_booking_codes,telegramchannels,group,33,Betting,en,64,2026-05-01T14:37:36.806526+00:00
bet9ja6,telegramchannels,group,33,Betting,en,65,2026-05-01T14:37:36.806529+00:00
sure_vip_fixed_matches,telegramchannels,group,33,Betting,en,66,2026-05-01T14:37:36.806532+00:00
tradescapechat,telegramchannels,group,33,Betting,en,67,2026-05-01T14:37:36.806535+00:00
correctscorefreebettips,telegramchannels,group,33,Betting,en,68,2026-05-01T14:37:36.806538+00:00
bigoddsfixedmatches,telegramchannels,group,33,Betting,en,69,2026-05-01T14:37:36.806541+00:00
sportybetbookingnumber,telegramchannels,group,33,Betting,en,70,2026-05-01T14:37:36.806544+00:00
netherland_fixed_matches,telegramchannels,group,33,Betting,en,71,2026-05-01T14:37:36.806547+00:00
raonebettingclub,telegramchannels,group,33,Betting,en,72,2026-05-01T14:37:36.806549+00:00
betcage,telegramchannels,group,33,Betting,en,73,2026-05-01T14:37:36.806552+00:00
fixedmatcheshalftime,telegramchannels,group,33,Betting,en,74,2026-05-01T14:37:36.806555+00:00
surebettinggame1,telegramchannels,group,33,Betting,en,75,2026-05-01T14:37:36.806558+00:00
fixedmatchespayafterwin,telegramchannels,group,33,Betting,en,76,2026-05-01T14:37:36.806561+00:00
correct_score7,telegramchannels,group,33,Betting,en,77,2026-05-01T14:37:36.806564+00:00
apollobetsfree,telegramchannels,group,33,Betting,en,78,2026-05-01T14:37:36.806567+00:00
fixed_matches2,telegramchannels,group,33,Betting,en,79,2026-05-01T14:37:36.806570+00:00
correctscore_vip,telegramchannels,group,33,Betting,en,80,2026-05-01T14:37:36.806572+00:00
pre_dic_tion,telegramchannels,group,33,Betting,en,81,2026-05-01T14:37:36.806575+00:00
robdabookieschat,telegramchannels,group,33,Betting,en,82,2026-05-01T14:37:36.806578+00:00
pre_diction,telegramchannels,group,33,Betting,en,83,2026-05-01T14:37:36.806581+00:00
need_fixed_matches,telegramchannels,group,33,Betting,en,84,2026-05-01T14:37:36.806584+00:00
want_fixed_matches,telegramchannels,group,33,Betting,en,85,2026-05-01T14:37:36.806587+00:00
legitfixedgame1,telegramchannels,group,33,Betting,en,86,2026-05-01T14:37:36.806590+00:00
mega4pari,telegramchannels,group,33,Betting,en,87,2026-05-01T14:37:36.806593+00:00
fixed_matches_games,telegramchannels,group,33,Betting,en,88,2026-05-01T14:37:36.806595+00:00
daily_chat,telegramchannels,group,33,Betting,en,89,2026-05-01T14:37:36.806598+00:00
secureonlinebetting,telegramchannels,group,33,Betting,en,90,2026-05-01T14:37:36.806601+00:00
matrix0244,telegramchannels,group,33,Betting,en,91,2026-05-01T14:37:36.806604+00:00
england_fixed_matches,telegramchannels,group,33,Betting,en,92,2026-05-01T14:37:36.806607+00:00
trustpolicy,telegramchannels,group,33,Betting,en,93,2026-05-01T14:37:36.806610+00:00
wordpressblogger,telegramchannels,group,5,Blogs,en,1,2026-05-01T14:37:49.676930+00:00
ibloggospel,telegramchannels,group,5,Blogs,en,2,2026-05-01T14:37:49.676938+00:00
trueblogging,telegramchannels,group,5,Blogs,en,3,2026-05-01T14:37:49.676941+00:00
instagram_tricks1,telegramchannels,group,5,Blogs,en,7,2026-05-01T14:37:49.676959+00:00
bloggersplanet,telegramchannels,group,5,Blogs,en,8,2026-05-01T14:37:49.676963+00:00
bongojobs,telegramchannels,group,5,Blogs,en,9,2026-05-01T14:37:49.676966+00:00
socialsupportelite,telegramchannels,group,5,Blogs,en,10,2026-05-01T14:37:49.676969+00:00
freeebooksstore,telegramchannels,group,6,Books & Magazine,en,1,2026-05-01T14:38:02.630873+00:00
engineering_ebooks,telegramchannels,group,6,Books & Magazine,en,2,2026-05-01T14:38:02.630882+00:00
library_books_enthusiasts,telegramchannels,group,6,Books & Magazine,en,3,2026-05-01T14:38:02.630885+00:00
audoroom,telegramchannels,group,6,Books & Magazine,en,7,2026-05-01T14:38:02.630903+00:00
readya10,telegramchannels,group,6,Books & Magazine,en,8,2026-05-01T14:38:02.630906+00:00
xlitechat,telegramchannels,group,6,Books & Magazine,en,9,2026-05-01T14:38:02.630909+00:00
ofmlustify,telegramchannels,group,7,Business & Startups,en,1,2026-05-01T14:38:16.169416+00:00
entrepreneurialjourney,telegramchannels,group,7,Business & Startups,en,2,2026-05-01T14:38:16.169432+00:00
jobsinlondongroup,telegramchannels,group,7,Business & Startups,en,3,2026-05-01T14:38:16.169435+00:00
import_export_europe,telegramchannels,group,7,Business & Startups,en,7,2026-05-01T14:38:16.169454+00:00
jobs_recruiters,telegramchannels,group,7,Business & Startups,en,8,2026-05-01T14:38:16.169457+00:00
shopifyeasy,telegramchannels,group,7,Business & Startups,en,9,2026-05-01T14:38:16.169460+00:00
opportunitiestelegram,telegramchannels,group,7,Business & Startups,en,10,2026-05-01T14:38:16.169463+00:00
canadajobsnrentalservice,telegramchannels,group,7,Business & Startups,en,11,2026-05-01T14:38:16.169466+00:00
entrepreneureliteclub,telegramchannels,group,7,Business & Startups,en,12,2026-05-01T14:38:16.169469+00:00
affiliateconfeng,telegramchannels,group,7,Business & Startups,en,13,2026-05-01T14:38:16.169472+00:00
freelancersworldwide,telegramchannels,group,7,Business & Startups,en,14,2026-05-01T14:38:16.169475+00:00
giganticwavesglobal,telegramchannels,group,7,Business & Startups,en,15,2026-05-01T14:38:16.169478+00:00
volatality75,telegramchannels,group,7,Business & Startups,en,16,2026-05-01T14:38:16.169481+00:00
officebasedjobslondon,telegramchannels,group,7,Business & Startups,en,17,2026-05-01T14:38:16.169484+00:00
govermentdiplomafresherjobpharma,telegramchannels,group,7,Business & Startups,en,18,2026-05-01T14:38:16.169487+00:00
it_jobs_new_zealand,telegramchannels,group,7,Business & Startups,en,19,2026-05-01T14:38:16.169491+00:00
biashara254,telegramchannels,group,7,Business & Startups,en,20,2026-05-01T14:38:16.169494+00:00
it_jobs_ireland,telegramchannels,group,7,Business & Startups,en,21,2026-05-01T14:38:16.169497+00:00
it_jobs_singapore,telegramchannels,group,7,Business & Startups,en,22,2026-05-01T14:38:16.169500+00:00
it_jobs_uk,telegramchannels,group,7,Business & Startups,en,23,2026-05-01T14:38:16.169503+00:00
hopprfyapp,telegramchannels,group,7,Business & Startups,en,24,2026-05-01T14:38:16.169506+00:00
middleeastjobs,telegramchannels,group,7,Business & Startups,en,25,2026-05-01T14:38:16.169510+00:00
agribusinesslink,telegramchannels,group,7,Business & Startups,en,26,2026-05-01T14:38:16.169513+00:00
manchesterjobs,telegramchannels,group,7,Business & Startups,en,27,2026-05-01T14:38:16.169516+00:00
mentholprotocol,telegramchannels,group,7,Business & Startups,en,28,2026-05-01T14:38:16.169519+00:00
it_jobs_south_africa,telegramchannels,group,7,Business & Startups,en,29,2026-05-01T14:38:16.169523+00:00
farcoderjobs,telegramchannels,group,7,Business & Startups,en,30,2026-05-01T14:38:16.169526+00:00
foundertalks,telegramchannels,group,7,Business & Startups,en,31,2026-05-01T14:38:16.169529+00:00
dubaijobsexpo2020,telegramchannels,group,7,Business & Startups,en,32,2026-05-01T14:38:16.169531+00:00
it_jobs_kenya,telegramchannels,group,7,Business & Startups,en,33,2026-05-01T14:38:16.169534+00:00
wglglobalteam,telegramchannels,group,7,Business & Startups,en,34,2026-05-01T14:38:16.169538+00:00
freshersjobsx24,telegramchannels,group,7,Business & Startups,en,35,2026-05-01T14:38:16.169540+00:00
thepepinitiative,telegramchannels,group,7,Business & Startups,en,36,2026-05-01T14:38:16.169543+00:00
igengagementbooster,telegramchannels,group,7,Business & Startups,en,37,2026-05-01T14:38:16.169547+00:00
kuwtkgroup,telegramchannels,group,8,Celebrities,en,1,2026-05-01T14:38:29.295116+00:00
randomchatschat,telegramchannels,group,35,Communication,en,1,2026-05-01T14:38:42.612165+00:00
cinema_kotaka,telegramchannels,group,35,Communication,en,2,2026-05-01T14:38:42.612173+00:00
english_chatting_club_global,telegramchannels,group,35,Communication,en,3,2026-05-01T14:38:42.612176+00:00
international_english_chattings,telegramchannels,group,35,Communication,en,7,2026-05-01T14:38:42.612195+00:00
chattings_international_english,telegramchannels,group,35,Communication,en,8,2026-05-01T14:38:42.612198+00:00
randomchatsenglish,telegramchannels,group,35,Communication,en,9,2026-05-01T14:38:42.612201+00:00
english_chatting_groups_1,telegramchannels,group,35,Communication,en,10,2026-05-01T14:38:42.612205+00:00
free_promotion_links_share_group,telegramchannels,group,35,Communication,en,11,2026-05-01T14:38:42.612208+00:00
internationalchatting,telegramchannels,group,35,Communication,en,12,2026-05-01T14:38:42.612212+00:00
bangloree,telegramchannels,group,35,Communication,en,13,2026-05-01T14:38:42.612215+00:00
united_global_friends,telegramchannels,group,35,Communication,en,14,2026-05-01T14:38:42.612218+00:00
tivimate_en,telegramchannels,group,35,Communication,en,15,2026-05-01T14:38:42.612221+00:00
gaysupportgroup,telegramchannels,group,35,Communication,en,16,2026-05-01T14:38:42.612224+00:00
melbournefreedomrally,telegramchannels,group,35,Communication,en,17,2026-05-01T14:38:42.612227+00:00
sellerhuntchat,telegramchannels,group,35,Communication,en,18,2026-05-01T14:38:42.612231+00:00
depressionandanxietywarrior,telegramchannels,group,35,Communication,en,19,2026-05-01T14:38:42.612234+00:00
usachristiandating,telegramchannels,group,35,Communication,en,20,2026-05-01T14:38:42.612237+00:00
girlsboyschatgroup8,telegramchannels,group,35,Communication,en,21,2026-05-01T14:38:42.612241+00:00
englishchatz,telegramchannels,group,35,Communication,en,22,2026-05-01T14:38:42.612244+00:00
biotechnologydiscuss,telegramchannels,group,35,Communication,en,23,2026-05-01T14:38:42.612247+00:00
auroritychat,telegramchannels,group,35,Communication,en,24,2026-05-01T14:38:42.612250+00:00
teamjupiter1,telegramchannels,group,35,Communication,en,25,2026-05-01T14:38:42.612253+00:00
anime_chat_associationqin,telegramchannels,group,35,Communication,en,26,2026-05-01T14:38:42.612256+00:00
chat_lovex,telegramchannels,group,35,Communication,en,27,2026-05-01T14:38:42.612259+00:00
superhero_ascension,telegramchannels,group,35,Communication,en,28,2026-05-01T14:38:42.612262+00:00
globalfriendshipdating24,telegramchannels,group,35,Communication,en,29,2026-05-01T14:38:42.612266+00:00
englishchatroomforlearn,telegramchannels,group,35,Communication,en,30,2026-05-01T14:38:42.612269+00:00
helloloveapp,telegramchannels,group,35,Communication,en,31,2026-05-01T14:38:42.612272+00:00
english_american_chatting_group,telegramchannels,group,35,Communication,en,32,2026-05-01T14:38:42.612275+00:00
lgbtsafespace,telegramchannels,group,35,Communication,en,33,2026-05-01T14:38:42.612278+00:00
chat_with_unknown_random_friends,telegramchannels,group,35,Communication,en,34,2026-05-01T14:38:42.612281+00:00
redpilledlightworkerseire,telegramchannels,group,35,Communication,en,35,2026-05-01T14:38:42.612285+00:00
everyonecanchat,telegramchannels,group,35,Communication,en,36,2026-05-01T14:38:42.612288+00:00
worldwide_chats,telegramchannels,group,35,Communication,en,37,2026-05-01T14:38:42.612291+00:00
englishchattingcommunity0,telegramchannels,group,35,Communication,en,38,2026-05-01T14:38:42.612294+00:00
international_english_chat01,telegramchannels,group,35,Communication,en,39,2026-05-01T14:38:42.612298+00:00
papegaai_chat,telegramchannels,group,35,Communication,en,40,2026-05-01T14:38:42.612301+00:00
global_friends30,telegramchannels,group,35,Communication,en,41,2026-05-01T14:38:42.612304+00:00
dragon_ball_group,telegramchannels,group,35,Communication,en,42,2026-05-01T14:38:42.612308+00:00
titansocialmedia,telegramchannels,group,35,Communication,en,43,2026-05-01T14:38:42.612310+00:00
chitchatforallguys,telegramchannels,group,35,Communication,en,44,2026-05-01T14:38:42.612314+00:00
digitalhamradio,telegramchannels,group,35,Communication,en,45,2026-05-01T14:38:42.612316+00:00
voiceroom,telegramchannels,group,35,Communication,en,46,2026-05-01T14:38:42.612319+00:00
raged_prince,telegramchannels,group,35,Communication,en,47,2026-05-01T14:38:42.612322+00:00
englishclubplus,telegramchannels,group,35,Communication,en,48,2026-05-01T14:38:42.612325+00:00
moyemoye_group,telegramchannels,group,35,Communication,en,49,2026-05-01T14:38:42.612328+00:00
busipromoting,telegramchannels,group,35,Communication,en,50,2026-05-01T14:38:42.612330+00:00
hopehollow,telegramchannels,group,35,Communication,en,51,2026-05-01T14:38:42.612334+00:00
zombiesquadhq,telegramchannels,group,41,Crypto Airdrop,en,1,2026-05-01T14:38:55.718874+00:00
icospeaks,telegramchannels,group,41,Crypto Airdrop,en,2,2026-05-01T14:38:55.718881+00:00
airdropkingnewsofficial,telegramchannels,group,41,Crypto Airdrop,en,3,2026-05-01T14:38:55.718885+00:00
axelnetwork,telegramchannels,group,41,Crypto Airdrop,en,7,2026-05-01T14:38:55.718904+00:00
ari10_com,telegramchannels,group,41,Crypto Airdrop,en,8,2026-05-01T14:38:55.718907+00:00
ready4player,telegramchannels,group,41,Crypto Airdrop,en,9,2026-05-01T14:38:55.718911+00:00
airdrop_madness_chat,telegramchannels,group,41,Crypto Airdrop,en,10,2026-05-01T14:38:55.718914+00:00
claimairdropz1,telegramchannels,group,41,Crypto Airdrop,en,11,2026-05-01T14:38:55.718918+00:00
soomatokengroup,telegramchannels,group,41,Crypto Airdrop,en,12,2026-05-01T14:38:55.718921+00:00
airdropcatalogchat,telegramchannels,group,41,Crypto Airdrop,en,13,2026-05-01T14:38:55.718924+00:00
margintoken,telegramchannels,group,41,Crypto Airdrop,en,14,2026-05-01T14:38:55.718927+00:00
knlinkshare,telegramchannels,group,41,Crypto Airdrop,en,15,2026-05-01T14:38:55.718931+00:00
usdt_stablecoin,telegramchannels,group,41,Crypto Airdrop,en,16,2026-05-01T14:38:55.718934+00:00
cryptocurrencyairdropsss,telegramchannels,group,41,Crypto Airdrop,en,17,2026-05-01T14:38:55.718937+00:00
verifiedairdropfree,telegramchannels,group,41,Crypto Airdrop,en,18,2026-05-01T14:38:55.718940+00:00
emojibotsupport,telegramchannels,group,41,Crypto Airdrop,en,19,2026-05-01T14:38:55.718943+00:00
fiestanowcoin,telegramchannels,group,41,Crypto Airdrop,en,20,2026-05-01T14:38:55.718946+00:00
millionairelt,telegramchannels,group,41,Crypto Airdrop,en,21,2026-05-01T14:38:55.718949+00:00
fairdroph,telegramchannels,group,41,Crypto Airdrop,en,22,2026-05-01T14:38:55.718952+00:00
jointhisairdrop,telegramchannels,group,41,Crypto Airdrop,en,23,2026-05-01T14:38:55.718956+00:00
techmoneysupport,telegramchannels,group,41,Crypto Airdrop,en,24,2026-05-01T14:38:55.718959+00:00
apolycapsegame,telegramchannels,group,41,Crypto Airdrop,en,25,2026-05-01T14:38:55.718962+00:00
claimairdropss,telegramchannels,group,41,Crypto Airdrop,en,26,2026-05-01T14:38:55.718966+00:00
airdropearners786,telegramchannels,group,41,Crypto Airdrop,en,27,2026-05-01T14:38:55.718969+00:00
cryptoc_urrency,telegramchannels,group,41,Crypto Airdrop,en,28,2026-05-01T14:38:55.718972+00:00
usdt_on_tron,telegramchannels,group,41,Crypto Airdrop,en,29,2026-05-01T14:38:55.718975+00:00
airdropking067,telegramchannels,group,41,Crypto Airdrop,en,30,2026-05-01T14:38:55.718978+00:00
okxofficial_english,telegramchannels,group,9,Cryptocurrencies,en,1,2026-05-01T14:39:09.145907+00:00
binanceexchange,telegramchannels,group,9,Cryptocurrencies,en,2,2026-05-01T14:39:09.145916+00:00
kucoin_exchange,telegramchannels,group,9,Cryptocurrencies,en,3,2026-05-01T14:39:09.145919+00:00
uxuyen,telegramchannels,group,9,Cryptocurrencies,en,7,2026-05-01T14:39:09.145937+00:00
satoshi_club,telegramchannels,group,9,Cryptocurrencies,en,8,2026-05-01T14:39:09.145941+00:00
fasttoken_eng,telegramchannels,group,9,Cryptocurrencies,en,9,2026-05-01T14:39:09.145944+00:00
fastex_community,telegramchannels,group,9,Cryptocurrencies,en,10,2026-05-01T14:39:09.145947+00:00
ezreferralslink,telegramchannels,group,9,Cryptocurrencies,en,11,2026-05-01T14:39:09.145950+00:00
vipkhoone_group,telegramchannels,group,9,Cryptocurrencies,en,12,2026-05-01T14:39:09.145954+00:00
binancenfts,telegramchannels,group,9,Cryptocurrencies,en,13,2026-05-01T14:39:09.145957+00:00
cryptomoonshots_chat,telegramchannels,group,9,Cryptocurrencies,en,14,2026-05-01T14:39:09.145960+00:00
estatexofficial,telegramchannels,group,9,Cryptocurrencies,en,15,2026-05-01T14:39:09.145963+00:00
cryptochatcwn,telegramchannels,group,9,Cryptocurrencies,en,16,2026-05-01T14:39:09.145966+00:00
chainlinkofficial,telegramchannels,group,9,Cryptocurrencies,en,17,2026-05-01T14:39:09.145970+00:00
icolisting,telegramchannels,group,9,Cryptocurrencies,en,18,2026-05-01T14:39:09.145973+00:00
bee_official_english,telegramchannels,group,9,Cryptocurrencies,en,19,2026-05-01T14:39:09.145977+00:00
cardano,telegramchannels,group,9,Cryptocurrencies,en,20,2026-05-01T14:39:09.145980+00:00
wisecrypto_chat,telegramchannels,group,9,Cryptocurrencies,en,21,2026-05-01T14:39:09.145983+00:00
kardiachain,telegramchannels,group,9,Cryptocurrencies,en,22,2026-05-01T14:39:09.145986+00:00
minxtokenofficial,telegramchannels,group,9,Cryptocurrencies,en,23,2026-05-01T14:39:09.145989+00:00
qiibee,telegramchannels,group,9,Cryptocurrencies,en,24,2026-05-01T14:39:09.145993+00:00
katanainu,telegramchannels,group,9,Cryptocurrencies,en,25,2026-05-01T14:39:09.145996+00:00
mexcbengali,telegramchannels,group,9,Cryptocurrencies,en,26,2026-05-01T14:39:09.145999+00:00
whale_tracker,telegramchannels,group,9,Cryptocurrencies,en,27,2026-05-01T14:39:09.146002+00:00
btcsminers_2_2,telegramchannels,group,9,Cryptocurrencies,en,28,2026-05-01T14:39:09.146005+00:00
add_toncoin,telegramchannels,group,9,Cryptocurrencies,en,29,2026-05-01T14:39:09.146008+00:00
oneledger,telegramchannels,group,9,Cryptocurrencies,en,30,2026-05-01T14:39:09.146011+00:00
litecoin,telegramchannels,group,9,Cryptocurrencies,en,31,2026-05-01T14:39:09.146014+00:00
convalexanoq,telegramchannels,group,9,Cryptocurrencies,en,32,2026-05-01T14:39:09.146018+00:00
thegempad,telegramchannels,group,9,Cryptocurrencies,en,33,2026-05-01T14:39:09.146021+00:00
timpime,telegramchannels,group,9,Cryptocurrencies,en,34,2026-05-01T14:39:09.146024+00:00
wavescommunity,telegramchannels,group,9,Cryptocurrencies,en,35,2026-05-01T14:39:09.146027+00:00
officialtapngo,telegramchannels,group,9,Cryptocurrencies,en,36,2026-05-01T14:39:09.146030+00:00
pundix,telegramchannels,group,9,Cryptocurrencies,en,37,2026-05-01T14:39:09.146033+00:00
humansdotai,telegramchannels,group,9,Cryptocurrencies,en,38,2026-05-01T14:39:09.146036+00:00
studentcoin,telegramchannels,group,9,Cryptocurrencies,en,39,2026-05-01T14:39:09.146040+00:00
jollywhaleofficialchat,telegramchannels,group,9,Cryptocurrencies,en,40,2026-05-01T14:39:09.146043+00:00
dxsale,telegramchannels,group,9,Cryptocurrencies,en,41,2026-05-01T14:39:09.146046+00:00
polkaswap,telegramchannels,group,9,Cryptocurrencies,en,42,2026-05-01T14:39:09.146050+00:00
dev_solidity,telegramchannels,group,9,Cryptocurrencies,en,43,2026-05-01T14:39:09.146053+00:00
bitshibatoken,telegramchannels,group,9,Cryptocurrencies,en,44,2026-05-01T14:39:09.146056+00:00
gamerhashofficial,telegramchannels,group,9,Cryptocurrencies,en,45,2026-05-01T14:39:09.146059+00:00
cheyniio,telegramchannels,group,9,Cryptocurrencies,en,46,2026-05-01T14:39:09.146062+00:00
community_3commas,telegramchannels,group,9,Cryptocurrencies,en,47,2026-05-01T14:39:09.146065+00:00
blockchain_headhunter,telegramchannels,group,9,Cryptocurrencies,en,48,2026-05-01T14:39:09.146069+00:00
yachtingverse_chat,telegramchannels,group,9,Cryptocurrencies,en,49,2026-05-01T14:39:09.146072+00:00
realbox_official,telegramchannels,group,9,Cryptocurrencies,en,50,2026-05-01T14:39:09.146075+00:00
escrowservicespro,telegramchannels,group,9,Cryptocurrencies,en,51,2026-05-01T14:39:09.146078+00:00
binance_info_english,telegramchannels,group,9,Cryptocurrencies,en,52,2026-05-01T14:39:09.146081+00:00
usdtgainandfreebnb,telegramchannels,group,9,Cryptocurrencies,en,53,2026-05-01T14:39:09.146085+00:00
cloudbits,telegramchannels,group,9,Cryptocurrencies,en,54,2026-05-01T14:39:09.146089+00:00
alphaomegacoinofficial,telegramchannels,group,9,Cryptocurrencies,en,55,2026-05-01T14:39:09.146092+00:00
coinstatsapp,telegramchannels,group,9,Cryptocurrencies,en,56,2026-05-01T14:39:09.146095+00:00
ternoa,telegramchannels,group,9,Cryptocurrencies,en,57,2026-05-01T14:39:09.146098+00:00
plutopeofficial,telegramchannels,group,9,Cryptocurrencies,en,58,2026-05-01T14:39:09.146101+00:00
goldpesaofficial,telegramchannels,group,9,Cryptocurrencies,en,59,2026-05-01T14:39:09.146104+00:00
drop_your_nfts,telegramchannels,group,9,Cryptocurrencies,en,60,2026-05-01T14:39:09.146108+00:00
coreblockchaincc,telegramchannels,group,9,Cryptocurrencies,en,61,2026-05-01T14:39:09.146111+00:00
metaverseestoniacm,telegramchannels,group,9,Cryptocurrencies,en,62,2026-05-01T14:39:09.146114+00:00
nextearth_chat,telegramchannels,group,9,Cryptocurrencies,en,63,2026-05-01T14:39:09.146117+00:00
blockairgame,telegramchannels,group,9,Cryptocurrencies,en,64,2026-05-01T14:39:09.146120+00:00
pumpportai,telegramchannels,group,9,Cryptocurrencies,en,65,2026-05-01T14:39:09.146123+00:00
ccie_ei_lab,telegramchannels,group,9,Cryptocurrencies,en,66,2026-05-01T14:39:09.146127+00:00
fuzzy_one,telegramchannels,group,9,Cryptocurrencies,en,67,2026-05-01T14:39:09.146130+00:00
quillaudits_official,telegramchannels,group,9,Cryptocurrencies,en,68,2026-05-01T14:39:09.146133+00:00
aurusofficial,telegramchannels,group,9,Cryptocurrencies,en,69,2026-05-01T14:39:09.146136+00:00
academymastercrypto,telegramchannels,group,9,Cryptocurrencies,en,70,2026-05-01T14:39:09.146140+00:00
broxus_chat,telegramchannels,group,9,Cryptocurrencies,en,71,2026-05-01T14:39:09.146143+00:00
shadowfiofficial,telegramchannels,group,9,Cryptocurrencies,en,72,2026-05-01T14:39:09.146146+00:00
sharering,telegramchannels,group,9,Cryptocurrencies,en,73,2026-05-01T14:39:09.146149+00:00
epsiloan,telegramchannels,group,9,Cryptocurrencies,en,74,2026-05-01T14:39:09.146152+00:00
bingxphilippines,telegramchannels,group,9,Cryptocurrencies,en,75,2026-05-01T14:39:09.146155+00:00
caesiumlabmedia,telegramchannels,group,9,Cryptocurrencies,en,76,2026-05-01T14:39:09.146158+00:00
pepeonsol,telegramchannels,group,9,Cryptocurrencies,en,77,2026-05-01T14:39:09.146161+00:00
xyphertalk,telegramchannels,group,9,Cryptocurrencies,en,78,2026-05-01T14:39:09.146164+00:00
yellowcardcrypto,telegramchannels,group,9,Cryptocurrencies,en,79,2026-05-01T14:39:09.146167+00:00
investorsheaven2022,telegramchannels,group,9,Cryptocurrencies,en,80,2026-05-01T14:39:09.146171+00:00
fournayz,telegramchannels,group,9,Cryptocurrencies,en,81,2026-05-01T14:39:09.146173+00:00
gemsofficer,telegramchannels,group,9,Cryptocurrencies,en,82,2026-05-01T14:39:09.146177+00:00
qrledgerofficial,telegramchannels,group,9,Cryptocurrencies,en,83,2026-05-01T14:39:09.146180+00:00
vabble,telegramchannels,group,9,Cryptocurrencies,en,84,2026-05-01T14:39:09.146183+00:00
bitcoin_united_states,telegramchannels,group,9,Cryptocurrencies,en,85,2026-05-01T14:39:09.146186+00:00
getblockio_eng,telegramchannels,group,9,Cryptocurrencies,en,86,2026-05-01T14:39:09.146189+00:00
freecryptopl,telegramchannels,group,9,Cryptocurrencies,en,87,2026-05-01T14:39:09.146192+00:00
cryptinoschat,telegramchannels,group,9,Cryptocurrencies,en,88,2026-05-01T14:39:09.146196+00:00
cryptoherotagroup,telegramchannels,group,9,Cryptocurrencies,en,89,2026-05-01T14:39:09.146199+00:00
crypt_talk,telegramchannels,group,9,Cryptocurrencies,en,90,2026-05-01T14:39:09.146202+00:00
megatoken_group,telegramchannels,group,9,Cryptocurrencies,en,91,2026-05-01T14:39:09.146205+00:00
coinbaazar_exchange,telegramchannels,group,9,Cryptocurrencies,en,92,2026-05-01T14:39:09.146208+00:00
hlcpakistan,telegramchannels,group,9,Cryptocurrencies,en,93,2026-05-01T14:39:09.146211+00:00
gmcoin,telegramchannels,group,9,Cryptocurrencies,en,94,2026-05-01T14:39:09.146214+00:00
cryptom00nshots,telegramchannels,group,9,Cryptocurrencies,en,95,2026-05-01T14:39:09.146217+00:00
bbcoinlegends,telegramchannels,group,9,Cryptocurrencies,en,96,2026-05-01T14:39:09.146220+00:00
furrevertoken,telegramchannels,group,9,Cryptocurrencies,en,97,2026-05-01T14:39:09.146224+00:00
satoshipanda,telegramchannels,group,9,Cryptocurrencies,en,98,2026-05-01T14:39:09.146226+00:00
dexkit,telegramchannels,group,9,Cryptocurrencies,en,99,2026-05-01T14:39:09.146230+00:00
lewkcom,telegramchannels,group,9,Cryptocurrencies,en,100,2026-05-01T14:39:09.146232+00:00
cryptosanijibrin,telegramchannels,group,9,Cryptocurrencies,en,101,2026-05-01T14:39:09.146235+00:00
surfboardfinance,telegramchannels,group,9,Cryptocurrencies,en,102,2026-05-01T14:39:09.146238+00:00
lucrosus_capital,telegramchannels,group,9,Cryptocurrencies,en,103,2026-05-01T14:39:09.146241+00:00
forexsiganl,telegramchannels,group,42,Crypto & FX Trading,en,1,2026-05-01T14:39:22.509734+00:00
beincryptocommunity,telegramchannels,group,42,Crypto & FX Trading,en,2,2026-05-01T14:39:22.509742+00:00
fmcpayglobalchat,telegramchannels,group,42,Crypto & FX Trading,en,3,2026-05-01T14:39:22.509745+00:00
bitbns,telegramchannels,group,42,Crypto & FX Trading,en,7,2026-05-01T14:39:22.509763+00:00
bitsquad,telegramchannels,group,42,Crypto & FX Trading,en,8,2026-05-01T14:39:22.509766+00:00
monkey_crypto_pump,telegramchannels,group,42,Crypto & FX Trading,en,9,2026-05-01T14:39:22.509770+00:00
forexchatpro,telegramchannels,group,42,Crypto & FX Trading,en,10,2026-05-01T14:39:22.509773+00:00
changenow_chat,telegramchannels,group,42,Crypto & FX Trading,en,11,2026-05-01T14:39:22.509777+00:00
whalepoolbtc,telegramchannels,group,42,Crypto & FX Trading,en,12,2026-05-01T14:39:22.509780+00:00
jaguar_crypto_family,telegramchannels,group,42,Crypto & FX Trading,en,13,2026-05-01T14:39:22.509783+00:00
ctrader_official,telegramchannels,group,42,Crypto & FX Trading,en,14,2026-05-01T14:39:22.509786+00:00
venturefxsgroup,telegramchannels,group,42,Crypto & FX Trading,en,15,2026-05-01T14:39:22.509789+00:00
funded_trading_chat,telegramchannels,group,42,Crypto & FX Trading,en,16,2026-05-01T14:39:22.509792+00:00
joechampion,telegramchannels,group,42,Crypto & FX Trading,en,17,2026-05-01T14:39:22.509796+00:00
workquestchat,telegramchannels,group,42,Crypto & FX Trading,en,18,2026-05-01T14:39:22.509799+00:00
binaryoptions5,telegramchannels,group,42,Crypto & FX Trading,en,19,2026-05-01T14:39:22.509802+00:00
forexunlockanddecompile,telegramchannels,group,42,Crypto & FX Trading,en,20,2026-05-01T14:39:22.509805+00:00
metaspace_metaverse,telegramchannels,group,42,Crypto & FX Trading,en,21,2026-05-01T14:39:22.509809+00:00
forexonfirefof,telegramchannels,group,42,Crypto & FX Trading,en,22,2026-05-01T14:39:22.509812+00:00
tradeinwalstreet,telegramchannels,group,42,Crypto & FX Trading,en,23,2026-05-01T14:39:22.509815+00:00
forexexperttrader999,telegramchannels,group,42,Crypto & FX Trading,en,24,2026-05-01T14:39:22.509818+00:00
binanacebearsgroup,telegramchannels,group,42,Crypto & FX Trading,en,25,2026-05-01T14:39:22.509822+00:00
ea_paradise_group,telegramchannels,group,42,Crypto & FX Trading,en,26,2026-05-01T14:39:22.509825+00:00
fxnpsignals,telegramchannels,group,42,Crypto & FX Trading,en,27,2026-05-01T14:39:22.509828+00:00
rallypipsfxsignals,telegramchannels,group,42,Crypto & FX Trading,en,28,2026-05-01T14:39:22.509831+00:00
btpcryptop,telegramchannels,group,42,Crypto & FX Trading,en,29,2026-05-01T14:39:22.509834+00:00
whaletankchat,telegramchannels,group,42,Crypto & FX Trading,en,30,2026-05-01T14:39:22.509837+00:00
coinsecret,telegramchannels,group,42,Crypto & FX Trading,en,31,2026-05-01T14:39:22.509840+00:00
hotbit_trading_pumps,telegramchannels,group,42,Crypto & FX Trading,en,32,2026-05-01T14:39:22.509843+00:00
tfltradergroupchat,telegramchannels,group,42,Crypto & FX Trading,en,33,2026-05-01T14:39:22.509846+00:00
pumphous,telegramchannels,group,42,Crypto & FX Trading,en,34,2026-05-01T14:39:22.509849+00:00
adrianmatthew123,telegramchannels,group,42,Crypto & FX Trading,en,35,2026-05-01T14:39:22.509852+00:00
pip_pro_traderfx,telegramchannels,group,42,Crypto & FX Trading,en,36,2026-05-01T14:39:22.509855+00:00
libreprimus,telegramchannels,group,42,Crypto & FX Trading,en,37,2026-05-01T14:39:22.509858+00:00
bitkanofficial,telegramchannels,group,42,Crypto & FX Trading,en,38,2026-05-01T14:39:22.509861+00:00
bestforexsignalschat,telegramchannels,group,42,Crypto & FX Trading,en,39,2026-05-01T14:39:22.509864+00:00
fxpremieresignalsofficial,telegramchannels,group,42,Crypto & FX Trading,en,40,2026-05-01T14:39:22.509868+00:00
goldmasteer786,telegramchannels,group,42,Crypto & FX Trading,en,41,2026-05-01T14:39:22.509871+00:00
ssjforexsignals9,telegramchannels,group,42,Crypto & FX Trading,en,42,2026-05-01T14:39:22.509874+00:00
gaby_callss,telegramchannels,group,42,Crypto & FX Trading,en,43,2026-05-01T14:39:22.509877+00:00
strape,telegramchannels,group,42,Crypto & FX Trading,en,44,2026-05-01T14:39:22.509880+00:00
tradinglivestream,telegramchannels,group,42,Crypto & FX Trading,en,45,2026-05-01T14:39:22.509883+00:00
forexchatcenter,telegramchannels,group,42,Crypto & FX Trading,en,46,2026-05-01T14:39:22.509886+00:00
futuress_signals,telegramchannels,group,42,Crypto & FX Trading,en,47,2026-05-01T14:39:22.509889+00:00
ailantrohub1,telegramchannels,group,42,Crypto & FX Trading,en,48,2026-05-01T14:39:22.509893+00:00
senales_forex_uk,telegramchannels,group,42,Crypto & FX Trading,en,49,2026-05-01T14:39:22.509896+00:00
caspian_tech,telegramchannels,group,42,Crypto & FX Trading,en,50,2026-05-01T14:39:22.509899+00:00
forexbiglotz,telegramchannels,group,42,Crypto & FX Trading,en,51,2026-05-01T14:39:22.509902+00:00
binance_chain_official,telegramchannels,group,42,Crypto & FX Trading,en,52,2026-05-01T14:39:22.509905+00:00
propfirmpasse,telegramchannels,group,42,Crypto & FX Trading,en,53,2026-05-01T14:39:22.509908+00:00
binaryoptionpro_signals,telegramchannels,group,42,Crypto & FX Trading,en,54,2026-05-01T14:39:22.509911+00:00
alphatradezonegroups,telegramchannels,group,42,Crypto & FX Trading,en,55,2026-05-01T14:39:22.509914+00:00
forexmarketmakersgroup,telegramchannels,group,42,Crypto & FX Trading,en,56,2026-05-01T14:39:22.509917+00:00
thebitcoinfxgroup,telegramchannels,group,42,Crypto & FX Trading,en,57,2026-05-01T14:39:22.509921+00:00
fxoptimal,telegramchannels,group,42,Crypto & FX Trading,en,58,2026-05-01T14:39:22.509924+00:00
alphatradezone_group,telegramchannels,group,42,Crypto & FX Trading,en,59,2026-05-01T14:39:22.509927+00:00
airswap,telegramchannels,group,42,Crypto & FX Trading,en,60,2026-05-01T14:39:22.509930+00:00
ailantrohub3,telegramchannels,group,42,Crypto & FX Trading,en,61,2026-05-01T14:39:22.509933+00:00
alphatradezone_group_ta,telegramchannels,group,42,Crypto & FX Trading,en,62,2026-05-01T14:39:22.509936+00:00
cryptoearnings_hub,telegramchannels,group,42,Crypto & FX Trading,en,63,2026-05-01T14:39:22.509939+00:00
white_walkers_pulsechain,telegramchannels,group,42,Crypto & FX Trading,en,64,2026-05-01T14:39:22.509942+00:00
coinfarm,telegramchannels,group,42,Crypto & FX Trading,en,65,2026-05-01T14:39:22.509945+00:00
binarydotcom,telegramchannels,group,42,Crypto & FX Trading,en,66,2026-05-01T14:39:22.509949+00:00
cryptocurrency_coinmarketcap,telegramchannels,group,42,Crypto & FX Trading,en,67,2026-05-01T14:39:22.509952+00:00
tradeonderibet,telegramchannels,group,42,Crypto & FX Trading,en,68,2026-05-01T14:39:22.509955+00:00
alphatradezonegroup,telegramchannels,group,42,Crypto & FX Trading,en,69,2026-05-01T14:39:22.509958+00:00
ninja_indicators,telegramchannels,group,42,Crypto & FX Trading,en,70,2026-05-01T14:39:22.509961+00:00
signalsentop,telegramchannels,group,42,Crypto & FX Trading,en,71,2026-05-01T14:39:22.509964+00:00
spikeforecaster,telegramchannels,group,42,Crypto & FX Trading,en,72,2026-05-01T14:39:22.509967+00:00
milkypips_smartbot,telegramchannels,group,42,Crypto & FX Trading,en,73,2026-05-01T14:39:22.509970+00:00
forexcrackedeas,telegramchannels,group,42,Crypto & FX Trading,en,74,2026-05-01T14:39:22.509972+00:00
nowtoken_bounty,telegramchannels,group,42,Crypto & FX Trading,en,75,2026-05-01T14:39:22.509975+00:00
tradeandinvest_chat,telegramchannels,group,42,Crypto & FX Trading,en,76,2026-05-01T14:39:22.509978+00:00
spotfuturesscalpingbinance,telegramchannels,group,42,Crypto & FX Trading,en,77,2026-05-01T14:39:22.509981+00:00
forexinafrica1,telegramchannels,group,42,Crypto & FX Trading,en,78,2026-05-01T14:39:22.509985+00:00
usa_stockmarket1,telegramchannels,group,42,Crypto & FX Trading,en,79,2026-05-01T14:39:22.509988+00:00
dzfxtrading1,telegramchannels,group,42,Crypto & FX Trading,en,80,2026-05-01T14:39:22.509991+00:00
freeforextradingchat,telegramchannels,group,42,Crypto & FX Trading,en,81,2026-05-01T14:39:22.509994+00:00
forexx23,telegramchannels,group,42,Crypto & FX Trading,en,82,2026-05-01T14:39:22.509996+00:00
quiptalk,telegramchannels,group,42,Crypto & FX Trading,en,83,2026-05-01T14:39:22.509999+00:00
alexanderalez,telegramchannels,group,42,Crypto & FX Trading,en,84,2026-05-01T14:39:22.510002+00:00
cptsgroup,telegramchannels,group,42,Crypto & FX Trading,en,85,2026-05-01T14:39:22.510005+00:00
forextradersandinvestorwld,telegramchannels,group,42,Crypto & FX Trading,en,86,2026-05-01T14:39:22.510008+00:00
p1pchaser,telegramchannels,group,42,Crypto & FX Trading,en,87,2026-05-01T14:39:22.510011+00:00
tradinghubfx,telegramchannels,group,42,Crypto & FX Trading,en,88,2026-05-01T14:39:22.510014+00:00
cryptrich,telegramchannels,group,42,Crypto & FX Trading,en,89,2026-05-01T14:39:22.510016+00:00
coinmazecrypto,telegramchannels,group,42,Crypto & FX Trading,en,90,2026-05-01T14:39:22.510019+00:00
coinwhiff,telegramchannels,group,42,Crypto & FX Trading,en,91,2026-05-01T14:39:22.510022+00:00
ggshotleaks,telegramchannels,group,42,Crypto & FX Trading,en,92,2026-05-01T14:39:22.510025+00:00
ablfreesignals,telegramchannels,group,42,Crypto & FX Trading,en,93,2026-05-01T14:39:22.510028+00:00
futuresheroeschat,telegramchannels,group,42,Crypto & FX Trading,en,94,2026-05-01T14:39:22.510031+00:00
tradingwithstyle,telegramchannels,group,42,Crypto & FX Trading,en,95,2026-05-01T14:39:22.510034+00:00
alexviptradingsignal,telegramchannels,group,42,Crypto & FX Trading,en,96,2026-05-01T14:39:22.510037+00:00
derivdotcom,telegramchannels,group,42,Crypto & FX Trading,en,97,2026-05-01T14:39:22.510040+00:00
apetradebot,telegramchannels,group,42,Crypto & FX Trading,en,98,2026-05-01T14:39:22.510043+00:00
sigline_public,telegramchannels,group,42,Crypto & FX Trading,en,99,2026-05-01T14:39:22.510046+00:00
americanfxmaster,telegramchannels,group,42,Crypto & FX Trading,en,100,2026-05-01T14:39:22.510049+00:00
exeltrading,telegramchannels,group,42,Crypto & FX Trading,en,101,2026-05-01T14:39:22.510052+00:00
safxtraders,telegramchannels,group,42,Crypto & FX Trading,en,102,2026-05-01T14:39:22.510055+00:00
pockethunterzone,telegramchannels,group,42,Crypto & FX Trading,en,103,2026-05-01T14:39:22.510058+00:00
bilals_tech,telegramchannels,group,10,Economics & Finance,en,1,2026-05-01T14:39:35.418151+00:00
fresherjobs13,telegramchannels,group,10,Economics & Finance,en,2,2026-05-01T14:39:35.418159+00:00
bengaluruofficial,telegramchannels,group,10,Economics & Finance,en,3,2026-05-01T14:39:35.418162+00:00
usdteurope,telegramchannels,group,10,Economics & Finance,en,7,2026-05-01T14:39:35.418181+00:00
probrokersltd,telegramchannels,group,10,Economics & Finance,en,8,2026-05-01T14:39:35.418184+00:00
liquide_academy,telegramchannels,group,10,Economics & Finance,en,9,2026-05-01T14:39:35.418187+00:00
pakistanpaymentgateway,telegramchannels,group,10,Economics & Finance,en,10,2026-05-01T14:39:35.418190+00:00
stockmarketdiscussion1,telegramchannels,group,10,Economics & Finance,en,11,2026-05-01T14:39:35.418194+00:00
sgmarketnpreipo,telegramchannels,group,10,Economics & Finance,en,12,2026-05-01T14:39:35.418197+00:00
stockmarketwithsg,telegramchannels,group,10,Economics & Finance,en,13,2026-05-01T14:39:35.418200+00:00
safefundmanager,telegramchannels,group,10,Economics & Finance,en,14,2026-05-01T14:39:35.418203+00:00
legitwaystomakemoneynow,telegramchannels,group,10,Economics & Finance,en,15,2026-05-01T14:39:35.418206+00:00
makemoneyonline,telegramchannels,group,10,Economics & Finance,en,16,2026-05-01T14:39:35.418210+00:00
pincomeopport,telegramchannels,group,10,Economics & Finance,en,17,2026-05-01T14:39:35.418213+00:00
smartmoneyrobotea1,telegramchannels,group,10,Economics & Finance,en,18,2026-05-01T14:39:35.418216+00:00
stockallnew,telegramchannels,group,10,Economics & Finance,en,19,2026-05-01T14:39:35.418219+00:00
bestguranteedinvestmentlimited,telegramchannels,group,10,Economics & Finance,en,20,2026-05-01T14:39:35.418222+00:00
international_ai_marketing,telegramchannels,group,10,Economics & Finance,en,21,2026-05-01T14:39:35.418225+00:00
havokclub,telegramchannels,group,10,Economics & Finance,en,22,2026-05-01T14:39:35.418228+00:00
financeadmit,telegramchannels,group,10,Economics & Finance,en,23,2026-05-01T14:39:35.418231+00:00
bnf_option,telegramchannels,group,10,Economics & Finance,en,24,2026-05-01T14:39:35.418235+00:00
belajarmicrosoftexcel,telegramchannels,group,11,Education,en,1,2026-05-01T14:39:48.605381+00:00
yne123,telegramchannels,group,11,Education,en,2,2026-05-01T14:39:48.605389+00:00
great_worriors,telegramchannels,group,11,Education,en,3,2026-05-01T14:39:48.605393+00:00
web_developersz,telegramchannels,group,11,Education,en,7,2026-05-01T14:39:48.605411+00:00
guru_exam,telegramchannels,group,11,Education,en,8,2026-05-01T14:39:48.605415+00:00
vlsichaps,telegramchannels,group,11,Education,en,9,2026-05-01T14:39:48.605418+00:00
fullstackpathwaygroup,telegramchannels,group,11,Education,en,10,2026-05-01T14:39:48.605430+00:00
termux24x7,telegramchannels,group,11,Education,en,11,2026-05-01T14:39:48.605435+00:00
udemy_free_courses2u,telegramchannels,group,11,Education,en,12,2026-05-01T14:39:48.605440+00:00
superexams,telegramchannels,group,11,Education,en,13,2026-05-01T14:39:48.605445+00:00
doubt_buster_alpha,telegramchannels,group,11,Education,en,14,2026-05-01T14:39:48.605451+00:00
join_pure_mathematics,telegramchannels,group,11,Education,en,15,2026-05-01T14:39:48.605455+00:00
uaejobsonly,telegramchannels,group,11,Education,en,16,2026-05-01T14:39:48.605460+00:00
lcspeakgerman,telegramchannels,group,11,Education,en,17,2026-05-01T14:39:48.605465+00:00
mains_mastery,telegramchannels,group,11,Education,en,18,2026-05-01T14:39:48.605469+00:00
comrs12c,telegramchannels,group,11,Education,en,19,2026-05-01T14:39:48.605474+00:00
meganaukricom,telegramchannels,group,11,Education,en,20,2026-05-01T14:39:48.605479+00:00
dranojan,telegramchannels,group,11,Education,en,21,2026-05-01T14:39:48.605484+00:00
civil_home1,telegramchannels,group,11,Education,en,22,2026-05-01T14:39:48.605489+00:00
vancouverinternationalstudents,telegramchannels,group,11,Education,en,23,2026-05-01T14:39:48.605494+00:00
essaywork,telegramchannels,group,11,Education,en,24,2026-05-01T14:39:48.605499+00:00
corgitoreaders,telegramchannels,group,11,Education,en,25,2026-05-01T14:39:48.605504+00:00
scholarship_talks,telegramchannels,group,11,Education,en,26,2026-05-01T14:39:48.605509+00:00
freecoursesforitstudents,telegramchannels,group,11,Education,en,27,2026-05-01T14:39:48.605513+00:00
homemadesfood,telegramchannels,group,11,Education,en,28,2026-05-01T14:39:48.605518+00:00
psychedelicempire,telegramchannels,group,11,Education,en,29,2026-05-01T14:39:48.605523+00:00
allessayssg,telegramchannels,group,11,Education,en,30,2026-05-01T14:39:48.605527+00:00
the_bible_study_group,telegramchannels,group,11,Education,en,31,2026-05-01T14:39:48.605532+00:00
neet_pg_aiims,telegramchannels,group,11,Education,en,32,2026-05-01T14:39:48.605538+00:00
islamquransunnaheducation,telegramchannels,group,11,Education,en,33,2026-05-01T14:39:48.605543+00:00
smartcivils,telegramchannels,group,11,Education,en,34,2026-05-01T14:39:48.605547+00:00
currentaffairs_lab,telegramchannels,group,11,Education,en,35,2026-05-01T14:39:48.605552+00:00
eenglishcclub,telegramchannels,group,11,Education,en,36,2026-05-01T14:39:48.605557+00:00
gracerealmministries,telegramchannels,group,11,Education,en,37,2026-05-01T14:39:48.605561+00:00
chatcouponcode,telegramchannels,group,11,Education,en,38,2026-05-01T14:39:48.605566+00:00
ekeduneet,telegramchannels,group,11,Education,en,39,2026-05-01T14:39:48.605571+00:00
englishforwardcommunity,telegramchannels,group,11,Education,en,40,2026-05-01T14:39:48.605575+00:00
cdr_writers,telegramchannels,group,11,Education,en,41,2026-05-01T14:39:48.605580+00:00
africans1,telegramchannels,group,11,Education,en,42,2026-05-01T14:39:48.605585+00:00
scrummastertrain,telegramchannels,group,11,Education,en,43,2026-05-01T14:39:48.605591+00:00
capfinterview,telegramchannels,group,11,Education,en,44,2026-05-01T14:39:48.605595+00:00
capfacgroup,telegramchannels,group,11,Education,en,45,2026-05-01T14:39:48.605598+00:00
civildiscussiongrp,telegramchannels,group,11,Education,en,46,2026-05-01T14:39:48.605601+00:00
quranhadithmuslim,telegramchannels,group,11,Education,en,47,2026-05-01T14:39:48.605604+00:00
learningonlinecourses,telegramchannels,group,11,Education,en,48,2026-05-01T14:39:48.605607+00:00
dankbaatcheet,telegramchannels,group,11,Education,en,49,2026-05-01T14:39:48.605610+00:00
dubaiwalkinjobs,telegramchannels,group,11,Education,en,50,2026-05-01T14:39:48.605613+00:00
noteshaibhai,telegramchannels,group,11,Education,en,51,2026-05-01T14:39:48.605616+00:00
oiatooldiscussion,telegramchannels,group,11,Education,en,52,2026-05-01T14:39:48.605619+00:00
python3programmer,telegramchannels,group,11,Education,en,53,2026-05-01T14:39:48.605621+00:00
level_my_english,telegramchannels,group,11,Education,en,54,2026-05-01T14:39:48.605625+00:00
letsgetfluent,telegramchannels,group,11,Education,en,55,2026-05-01T14:39:48.605628+00:00
certgrow,telegramchannels,group,11,Education,en,56,2026-05-01T14:39:48.605630+00:00
psupyq,telegramchannels,group,11,Education,en,57,2026-05-01T14:39:48.605633+00:00
globaludemyy,telegramchannels,group,11,Education,en,58,2026-05-01T14:39:48.605637+00:00
youthskillempowerment,telegramchannels,group,11,Education,en,59,2026-05-01T14:39:48.605640+00:00
uniquestudi,telegramchannels,group,11,Education,en,60,2026-05-01T14:39:48.605643+00:00
neet_zone,telegramchannels,group,11,Education,en,61,2026-05-01T14:39:48.605646+00:00
paytmlootgroup,telegramchannels,group,11,Education,en,62,2026-05-01T14:39:48.605649+00:00
careervyaschat,telegramchannels,group,11,Education,en,63,2026-05-01T14:39:48.605651+00:00
bloomquizmaster,telegramchannels,group,11,Education,en,64,2026-05-01T14:39:48.605654+00:00
fivegknowledgebase,telegramchannels,group,11,Education,en,65,2026-05-01T14:39:48.605657+00:00
clickbeegroup,telegramchannels,group,12,Entertainment,en,1,2026-05-01T14:40:01.977071+00:00
otakuzdream,telegramchannels,group,12,Entertainment,en,2,2026-05-01T14:40:01.977078+00:00
flashkidd_freenet,telegramchannels,group,12,Entertainment,en,3,2026-05-01T14:40:01.977081+00:00
addictedgroup,telegramchannels,group,12,Entertainment,en,7,2026-05-01T14:40:01.977099+00:00
onepiecegroup,telegramchannels,group,12,Entertainment,en,8,2026-05-01T14:40:01.977102+00:00
friendlyeng,telegramchannels,group,12,Entertainment,en,9,2026-05-01T14:40:01.977104+00:00
introvertempire,telegramchannels,group,12,Entertainment,en,10,2026-05-01T14:40:01.977107+00:00
talking21,telegramchannels,group,12,Entertainment,en,11,2026-05-01T14:40:01.977110+00:00
international_worldtalkers_club,telegramchannels,group,12,Entertainment,en,12,2026-05-01T14:40:01.977113+00:00
dating_in_telegram,telegramchannels,group,12,Entertainment,en,13,2026-05-01T14:40:01.977116+00:00
exchangeiptv,telegramchannels,group,12,Entertainment,en,14,2026-05-01T14:40:01.977119+00:00
opspoiler,telegramchannels,group,12,Entertainment,en,15,2026-05-01T14:40:01.977122+00:00
dx5lcinsta,telegramchannels,group,12,Entertainment,en,16,2026-05-01T14:40:01.977125+00:00
moviesssadda,telegramchannels,group,12,Entertainment,en,17,2026-05-01T14:40:01.977129+00:00
flat_earthers,telegramchannels,group,12,Entertainment,en,18,2026-05-01T14:40:01.977131+00:00
ourqueengp,telegramchannels,group,12,Entertainment,en,19,2026-05-01T14:40:01.977134+00:00
iptv_hero,telegramchannels,group,12,Entertainment,en,20,2026-05-01T14:40:01.977137+00:00
tiktokcentral,telegramchannels,group,12,Entertainment,en,21,2026-05-01T14:40:01.977140+00:00
animenikko,telegramchannels,group,12,Entertainment,en,22,2026-05-01T14:40:01.977143+00:00
dankwaifu,telegramchannels,group,12,Entertainment,en,23,2026-05-01T14:40:01.977146+00:00
animeryuzoku,telegramchannels,group,12,Entertainment,en,24,2026-05-01T14:40:01.977149+00:00
stolenmemeshere,telegramchannels,group,12,Entertainment,en,25,2026-05-01T14:40:01.977152+00:00
nintendo_gamers,telegramchannels,group,12,Entertainment,en,26,2026-05-01T14:40:01.977155+00:00
englishtalksclub,telegramchannels,group,12,Entertainment,en,27,2026-05-01T14:40:01.977158+00:00
animekaizokuencodes,telegramchannels,group,12,Entertainment,en,28,2026-05-01T14:40:01.977161+00:00
haruhii_suzumiya_brigade,telegramchannels,group,12,Entertainment,en,29,2026-05-01T14:40:01.977164+00:00
ogagatvmovies,telegramchannels,group,12,Entertainment,en,30,2026-05-01T14:40:01.977167+00:00
chattingspot,telegramchannels,group,12,Entertainment,en,31,2026-05-01T14:40:01.977169+00:00
animegakkou,telegramchannels,group,12,Entertainment,en,32,2026-05-01T14:40:01.977172+00:00
globalforum,telegramchannels,group,12,Entertainment,en,33,2026-05-01T14:40:01.977175+00:00
romantic_friendss,telegramchannels,group,12,Entertainment,en,34,2026-05-01T14:40:01.977178+00:00
based_chat,telegramchannels,group,12,Entertainment,en,35,2026-05-01T14:40:01.977181+00:00
vibes12man,telegramchannels,group,12,Entertainment,en,36,2026-05-01T14:40:01.977184+00:00
gofurry,telegramchannels,group,12,Entertainment,en,37,2026-05-01T14:40:01.977187+00:00
deschat,telegramchannels,group,12,Entertainment,en,38,2026-05-01T14:40:01.977189+00:00
gotchaday,telegramchannels,group,12,Entertainment,en,39,2026-05-01T14:40:01.977192+00:00
leaderstv1,telegramchannels,group,12,Entertainment,en,40,2026-05-01T14:40:01.977195+00:00
internationalgp2,telegramchannels,group,12,Entertainment,en,41,2026-05-01T14:40:01.977198+00:00
cnfansfever,telegramchannels,group,13,Fashion & Beauty,en,1,2026-05-01T14:40:14.864898+00:00
sgmodels,telegramchannels,group,13,Fashion & Beauty,en,2,2026-05-01T14:40:14.864906+00:00
luxurybrandgang_group,telegramchannels,group,13,Fashion & Beauty,en,3,2026-05-01T14:40:14.864909+00:00
connect_mfr_resaler_group,telegramchannels,group,13,Fashion & Beauty,en,7,2026-05-01T14:40:14.864928+00:00
latestfashionanddesign,telegramchannels,group,13,Fashion & Beauty,en,8,2026-05-01T14:40:14.864931+00:00
streetconceptgr,telegramchannels,group,13,Fashion & Beauty,en,9,2026-05-01T14:40:14.864934+00:00
dhamakadeals789,telegramchannels,group,13,Fashion & Beauty,en,10,2026-05-01T14:40:14.864937+00:00
deadstardizcountz,telegramchannels,group,14,Food,en,1,2026-05-01T14:40:27.976699+00:00
medievalempireschat,telegramchannels,group,15,Games & Apps,en,1,2026-05-01T14:40:40.880723+00:00
pocket_space,telegramchannels,group,15,Games & Apps,en,2,2026-05-01T14:40:40.880730+00:00
unity3ddevs,telegramchannels,group,15,Games & Apps,en,3,2026-05-01T14:40:40.880733+00:00
soratopia,telegramchannels,group,15,Games & Apps,en,7,2026-05-01T14:40:40.880752+00:00
dogedogegame,telegramchannels,group,15,Games & Apps,en,8,2026-05-01T14:40:40.880755+00:00
deepspacegame,telegramchannels,group,15,Games & Apps,en,9,2026-05-01T14:40:40.880758+00:00
tauntbattleworld,telegramchannels,group,15,Games & Apps,en,10,2026-05-01T14:40:40.880761+00:00
axiommodz,telegramchannels,group,15,Games & Apps,en,11,2026-05-01T14:40:40.880764+00:00
animeryu,telegramchannels,group,15,Games & Apps,en,12,2026-05-01T14:40:40.880767+00:00
cryptosouleng,telegramchannels,group,15,Games & Apps,en,13,2026-05-01T14:40:40.880770+00:00
wodocommunity,telegramchannels,group,15,Games & Apps,en,14,2026-05-01T14:40:40.880773+00:00
shareyourlinksplatform,telegramchannels,group,15,Games & Apps,en,15,2026-05-01T14:40:40.880776+00:00
wfun_sg_community,telegramchannels,group,15,Games & Apps,en,16,2026-05-01T14:40:40.880780+00:00
all_moviesandpc_games_request,telegramchannels,group,15,Games & Apps,en,17,2026-05-01T14:40:40.880783+00:00
cockpit_panel,telegramchannels,group,15,Games & Apps,en,18,2026-05-01T14:40:40.880786+00:00
paypalsmoney,telegramchannels,group,15,Games & Apps,en,19,2026-05-01T14:40:40.880789+00:00
pokemon_global,telegramchannels,group,15,Games & Apps,en,20,2026-05-01T14:40:40.880792+00:00
gameshub13,telegramchannels,group,15,Games & Apps,en,21,2026-05-01T14:40:40.880796+00:00
pubgbgmichat,telegramchannels,group,15,Games & Apps,en,22,2026-05-01T14:40:40.880799+00:00
pokemongo_friends,telegramchannels,group,15,Games & Apps,en,23,2026-05-01T14:40:40.880802+00:00
pubgtdm,telegramchannels,group,15,Games & Apps,en,24,2026-05-01T14:40:40.880805+00:00
yamrajofficialgod,telegramchannels,group,15,Games & Apps,en,25,2026-05-01T14:40:40.880808+00:00
pubgroyalgamers,telegramchannels,group,15,Games & Apps,en,26,2026-05-01T14:40:40.880811+00:00
hello56786,telegramchannels,group,15,Games & Apps,en,27,2026-05-01T14:40:40.880814+00:00
ada222x,telegramchannels,group,15,Games & Apps,en,28,2026-05-01T14:40:40.880817+00:00
codetop_follow,telegramchannels,group,15,Games & Apps,en,29,2026-05-01T14:40:40.880820+00:00
minimilitia_gamers,telegramchannels,group,15,Games & Apps,en,30,2026-05-01T14:40:40.880823+00:00
creationsbyrdgroup,telegramchannels,group,15,Games & Apps,en,31,2026-05-01T14:40:40.880826+00:00
gamingdiscussion,telegramchannels,group,15,Games & Apps,en,32,2026-05-01T14:40:40.880830+00:00
pokemonpocketmeta,telegramchannels,group,15,Games & Apps,en,33,2026-05-01T14:40:40.880833+00:00
gamee_at_games,telegramchannels,group,15,Games & Apps,en,34,2026-05-01T14:40:40.880837+00:00
songtubegroup,telegramchannels,group,15,Games & Apps,en,35,2026-05-01T14:40:40.880839+00:00
qqhongbao33cc,telegramchannels,group,15,Games & Apps,en,36,2026-05-01T14:40:40.880842+00:00
androidapkappschannel,telegramchannels,group,15,Games & Apps,en,37,2026-05-01T14:40:40.880845+00:00
wolfgangnakal,telegramchannels,group,15,Games & Apps,en,38,2026-05-01T14:40:40.880848+00:00
kjurghfr,telegramchannels,group,15,Games & Apps,en,39,2026-05-01T14:40:40.880851+00:00
unoroom,telegramchannels,group,15,Games & Apps,en,40,2026-05-01T14:40:40.880854+00:00
netvrk_group,telegramchannels,group,15,Games & Apps,en,41,2026-05-01T14:40:40.880857+00:00
wierdpanti,telegramchannels,group,15,Games & Apps,en,42,2026-05-01T14:40:40.880860+00:00
luckyjetaviatorjetx,telegramchannels,group,15,Games & Apps,en,43,2026-05-01T14:40:40.880863+00:00
ketty124,telegramchannels,group,15,Games & Apps,en,44,2026-05-01T14:40:40.880866+00:00
choigamekiemtien,telegramchannels,group,15,Games & Apps,en,45,2026-05-01T14:40:40.880868+00:00
ps4_digital_stuff,telegramchannels,group,15,Games & Apps,en,46,2026-05-01T14:40:40.880871+00:00
ludoclub5555,telegramchannels,group,15,Games & Apps,en,47,2026-05-01T14:40:40.880874+00:00
walkifyapp1,telegramchannels,group,15,Games & Apps,en,48,2026-05-01T14:40:40.880877+00:00
ludokingdpshrivastava,telegramchannels,group,15,Games & Apps,en,49,2026-05-01T14:40:40.880880+00:00
playludoworld1495,telegramchannels,group,15,Games & Apps,en,50,2026-05-01T14:40:40.880883+00:00
sharpintl,telegramchannels,group,15,Games & Apps,en,51,2026-05-01T14:40:40.880886+00:00
yoga_meditation_js,telegramchannels,group,16,Health,en,1,2026-05-01T14:40:53.917999+00:00
chlorinedioxidesolutions,telegramchannels,group,16,Health,en,2,2026-05-01T14:40:53.918007+00:00
wellness_group,telegramchannels,group,16,Health,en,3,2026-05-01T14:40:53.918010+00:00
nowherbalife,telegramchannels,group,16,Health,en,7,2026-05-01T14:40:53.918028+00:00
huddlehumans,telegramchannels,group,16,Health,en,8,2026-05-01T14:40:53.918031+00:00
english_world_chatting,telegramchannels,group,17,Languages,en,1,2026-05-01T14:41:06.960782+00:00
english_chatting_club,telegramchannels,group,17,Languages,en,2,2026-05-01T14:41:06.960790+00:00
english_chatting_house,telegramchannels,group,17,Languages,en,3,2026-05-01T14:41:06.960793+00:00
lcspeakenglish,telegramchannels,group,17,Languages,en,7,2026-05-01T14:41:06.960812+00:00
english_literature_litzpedia,telegramchannels,group,17,Languages,en,8,2026-05-01T14:41:06.960816+00:00
learnenglish_quickly,telegramchannels,group,17,Languages,en,9,2026-05-01T14:41:06.960819+00:00
english_chatting_google,telegramchannels,group,17,Languages,en,10,2026-05-01T14:41:06.960822+00:00
advancedchat,telegramchannels,group,17,Languages,en,11,2026-05-01T14:41:06.960825+00:00
english_chattinggroup,telegramchannels,group,17,Languages,en,12,2026-05-01T14:41:06.960829+00:00
lcspeakfrench,telegramchannels,group,17,Languages,en,13,2026-05-01T14:41:06.960832+00:00
talking_e,telegramchannels,group,17,Languages,en,14,2026-05-01T14:41:06.960836+00:00
theenglishtelegram,telegramchannels,group,17,Languages,en,15,2026-05-01T14:41:06.960839+00:00
hubofenglish,telegramchannels,group,17,Languages,en,16,2026-05-01T14:41:06.960842+00:00
learningenglishtrump,telegramchannels,group,17,Languages,en,17,2026-05-01T14:41:06.960845+00:00
the_englishclub,telegramchannels,group,17,Languages,en,18,2026-05-01T14:41:06.960848+00:00
seekcommunity,telegramchannels,group,17,Languages,en,19,2026-05-01T14:41:06.960851+00:00
iloveenglishpractice,telegramchannels,group,17,Languages,en,20,2026-05-01T14:41:06.960855+00:00
english_speaking_group01,telegramchannels,group,17,Languages,en,21,2026-05-01T14:41:06.960858+00:00
english_chatting_cafe,telegramchannels,group,17,Languages,en,22,2026-05-01T14:41:06.960861+00:00
languagelearning123,telegramchannels,group,17,Languages,en,23,2026-05-01T14:41:06.960864+00:00
letstalkinenglish4,telegramchannels,group,17,Languages,en,24,2026-05-01T14:41:06.960867+00:00
lcspeakitalian,telegramchannels,group,17,Languages,en,25,2026-05-01T14:41:06.960871+00:00
the_english_speaking_club,telegramchannels,group,17,Languages,en,26,2026-05-01T14:41:06.960874+00:00
en_chat,telegramchannels,group,17,Languages,en,27,2026-05-01T14:41:06.960877+00:00
lt_english_group,telegramchannels,group,17,Languages,en,28,2026-05-01T14:41:06.960880+00:00
american_english_chatting,telegramchannels,group,17,Languages,en,29,2026-05-01T14:41:06.960883+00:00
lcspeakportuguese,telegramchannels,group,17,Languages,en,30,2026-05-01T14:41:06.960886+00:00
englishlanguagechat,telegramchannels,group,17,Languages,en,31,2026-05-01T14:41:06.960889+00:00
english_and_chinese_chat,telegramchannels,group,17,Languages,en,32,2026-05-01T14:41:06.960892+00:00
spanish_english_group,telegramchannels,group,17,Languages,en,33,2026-05-01T14:41:06.960895+00:00
ancient_egyptian_language,telegramchannels,group,17,Languages,en,34,2026-05-01T14:41:06.960899+00:00
englishspeakinggur,telegramchannels,group,17,Languages,en,35,2026-05-01T14:41:06.960902+00:00
lcspeakbahasa,telegramchannels,group,17,Languages,en,36,2026-05-01T14:41:06.960905+00:00
internationalenglishchat_2025,telegramchannels,group,17,Languages,en,37,2026-05-01T14:41:06.960908+00:00
zerotoheroenglish,telegramchannels,group,17,Languages,en,38,2026-05-01T14:41:06.960911+00:00
englishchatting2023,telegramchannels,group,17,Languages,en,39,2026-05-01T14:41:06.960914+00:00
englishchattingxz,telegramchannels,group,17,Languages,en,40,2026-05-01T14:41:06.960917+00:00
english_american_group,telegramchannels,group,17,Languages,en,41,2026-05-01T14:41:06.960920+00:00
peace4tworld,telegramchannels,group,17,Languages,en,42,2026-05-01T14:41:06.960924+00:00
englishchat21,telegramchannels,group,17,Languages,en,43,2026-05-01T14:41:06.960926+00:00
translation_tpona,telegramchannels,group,17,Languages,en,44,2026-05-01T14:41:06.960929+00:00
google_search_group,telegramchannels,group,17,Languages,en,45,2026-05-01T14:41:06.960932+00:00
internationalenglish_group,telegramchannels,group,17,Languages,en,46,2026-05-01T14:41:06.960936+00:00
talkgermany,telegramchannels,group,18,Love,en,1,2026-05-01T14:41:19.741973+00:00
usadateworld,telegramchannels,group,18,Love,en,2,2026-05-01T14:41:19.741980+00:00
hookupdatingapps,telegramchannels,group,18,Love,en,3,2026-05-01T14:41:19.741984+00:00
coffeeandbagel,telegramchannels,group,18,Love,en,7,2026-05-01T14:41:19.742003+00:00
tinderdatingapps,telegramchannels,group,18,Love,en,8,2026-05-01T14:41:19.742006+00:00
digital4marketing,telegramchannels,group,20,Marketing,en,1,2026-05-01T14:41:32.442816+00:00
topreach,telegramchannels,group,20,Marketing,en,2,2026-05-01T14:41:32.442824+00:00
socialmediamanagers2,telegramchannels,group,20,Marketing,en,3,2026-05-01T14:41:32.442827+00:00
joinchatglobalcommoditytraders,telegramchannels,group,20,Marketing,en,7,2026-05-01T14:41:32.442846+00:00
tradinghubfacts,telegramchannels,group,20,Marketing,en,8,2026-05-01T14:41:32.442849+00:00
megaladonscalls,telegramchannels,group,20,Marketing,en,9,2026-05-01T14:41:32.442852+00:00
hyderabadpropertydealer,telegramchannels,group,20,Marketing,en,10,2026-05-01T14:41:32.442855+00:00
infernalmarket,telegramchannels,group,20,Marketing,en,11,2026-05-01T14:41:32.442858+00:00
workfromhome9876,telegramchannels,group,20,Marketing,en,12,2026-05-01T14:41:32.442861+00:00
social_media_markets,telegramchannels,group,20,Marketing,en,13,2026-05-01T14:41:32.442864+00:00
instalovelikes,telegramchannels,group,20,Marketing,en,14,2026-05-01T14:41:32.442867+00:00
advetiseforfree,telegramchannels,group,20,Marketing,en,15,2026-05-01T14:41:32.442870+00:00
adult_traffic_buy_sell,telegramchannels,group,20,Marketing,en,16,2026-05-01T14:41:32.442874+00:00
siva_digital,telegramchannels,group,20,Marketing,en,17,2026-05-01T14:41:32.442877+00:00
rtb_talks,telegramchannels,group,20,Marketing,en,18,2026-05-01T14:41:32.442880+00:00
letsmakemoney_online,telegramchannels,group,20,Marketing,en,19,2026-05-01T14:41:32.442883+00:00
fivioopenmarket,telegramchannels,group,20,Marketing,en,20,2026-05-01T14:41:32.442887+00:00
unlimitedadvertisement_free,telegramchannels,group,20,Marketing,en,21,2026-05-01T14:41:32.442890+00:00
super_ideas_making_money_online,telegramchannels,group,20,Marketing,en,22,2026-05-01T14:41:32.442893+00:00
rocketlcdx30,telegramchannels,group,20,Marketing,en,23,2026-05-01T14:41:32.442896+00:00
amazon_deals_cashback,telegramchannels,group,20,Marketing,en,24,2026-05-01T14:41:32.442900+00:00
instapod_dx3,telegramchannels,group,20,Marketing,en,25,2026-05-01T14:41:32.442903+00:00
likes24hinstagram,telegramchannels,group,20,Marketing,en,26,2026-05-01T14:41:32.442907+00:00
blogstrategies,telegramchannels,group,20,Marketing,en,27,2026-05-01T14:41:32.442910+00:00
rocketlcdx25,telegramchannels,group,20,Marketing,en,28,2026-05-01T14:41:32.442913+00:00
mongoseomarketplace,telegramchannels,group,20,Marketing,en,29,2026-05-01T14:41:32.442916+00:00
rocketlcdx20,telegramchannels,group,20,Marketing,en,30,2026-05-01T14:41:32.442918+00:00
syokimaubusiness,telegramchannels,group,20,Marketing,en,31,2026-05-01T14:41:32.442921+00:00
instagrow30,telegramchannels,group,20,Marketing,en,32,2026-05-01T14:41:32.442924+00:00
rocketlcdx10,telegramchannels,group,20,Marketing,en,33,2026-05-01T14:41:32.442927+00:00
likestagram1,telegramchannels,group,20,Marketing,en,34,2026-05-01T14:41:32.442930+00:00
rocketlcdx15,telegramchannels,group,20,Marketing,en,35,2026-05-01T14:41:32.442933+00:00
instagramgainsdx3,telegramchannels,group,20,Marketing,en,36,2026-05-01T14:41:32.442936+00:00
refer_to_gether,telegramchannels,group,20,Marketing,en,37,2026-05-01T14:41:32.442939+00:00
reviewscenter,telegramchannels,group,20,Marketing,en,38,2026-05-01T14:41:32.442942+00:00
crowd1box,telegramchannels,group,20,Marketing,en,39,2026-05-01T14:41:32.442945+00:00
dx20thunderinstagram,telegramchannels,group,20,Marketing,en,40,2026-05-01T14:41:32.442948+00:00
freepromotion_links_share_group,telegramchannels,group,20,Marketing,en,41,2026-05-01T14:41:32.442951+00:00
activesestore,telegramchannels,group,20,Marketing,en,42,2026-05-01T14:41:32.442955+00:00
dx40thunderinstagram,telegramchannels,group,20,Marketing,en,43,2026-05-01T14:41:32.442958+00:00
dx5thunderinstagram,telegramchannels,group,20,Marketing,en,44,2026-05-01T14:41:32.442961+00:00
dx25thunderinstagram,telegramchannels,group,20,Marketing,en,45,2026-05-01T14:41:32.442964+00:00
dx30thunderinstagram,telegramchannels,group,20,Marketing,en,46,2026-05-01T14:41:32.442967+00:00
redditengagement,telegramchannels,group,20,Marketing,en,47,2026-05-01T14:41:32.442970+00:00
iptvunitedkingdom,telegramchannels,group,30,Movies & Videos,en,1,2026-05-01T14:41:45.021724+00:00
l4lyoutube,telegramchannels,group,30,Movies & Videos,en,2,2026-05-01T14:41:45.021732+00:00
watchhours,telegramchannels,group,30,Movies & Videos,en,3,2026-05-01T14:41:45.021736+00:00
memesfunnyvideosdan,telegramchannels,group,30,Movies & Videos,en,7,2026-05-01T14:41:45.021754+00:00
iptveurope724,telegramchannels,group,30,Movies & Videos,en,8,2026-05-01T14:41:45.021758+00:00
apnamoviesgroup,telegramchannels,group,30,Movies & Videos,en,9,2026-05-01T14:41:45.021761+00:00
piracybay,telegramchannels,group,30,Movies & Videos,en,10,2026-05-01T14:41:45.021763+00:00
restreamprozone,telegramchannels,group,30,Movies & Videos,en,11,2026-05-01T14:41:45.021767+00:00
stryketvseriesofficial,telegramchannels,group,30,Movies & Videos,en,12,2026-05-01T14:41:45.021770+00:00
iptvespagneitalyuk,telegramchannels,group,30,Movies & Videos,en,13,2026-05-01T14:41:45.021773+00:00
youtube_channel22,telegramchannels,group,30,Movies & Videos,en,14,2026-05-01T14:41:45.021777+00:00
animechatgroupenglish,telegramchannels,group,30,Movies & Videos,en,15,2026-05-01T14:41:45.021780+00:00
animekawaiigroup,telegramchannels,group,30,Movies & Videos,en,16,2026-05-01T14:41:45.021783+00:00
youtubecommunity_creators,telegramchannels,group,30,Movies & Videos,en,17,2026-05-01T14:41:45.021786+00:00
newmoviereq,telegramchannels,group,30,Movies & Videos,en,18,2026-05-01T14:41:45.021789+00:00
mweymarmovie,telegramchannels,group,30,Movies & Videos,en,19,2026-05-01T14:41:45.021792+00:00
hindimovieshd100,telegramchannels,group,30,Movies & Videos,en,20,2026-05-01T14:41:45.021795+00:00
tvcinemassocial,telegramchannels,group,30,Movies & Videos,en,21,2026-05-01T14:41:45.021799+00:00
sub4subsupergroup,telegramchannels,group,30,Movies & Videos,en,22,2026-05-01T14:41:45.021801+00:00
xtozmoive,telegramchannels,group,30,Movies & Videos,en,23,2026-05-01T14:41:45.021805+00:00
youtsubscmmnty,telegramchannels,group,30,Movies & Videos,en,24,2026-05-01T14:41:45.021808+00:00
movieshubdiscussions,telegramchannels,group,30,Movies & Videos,en,25,2026-05-01T14:41:45.021811+00:00
locoviber,telegramchannels,group,30,Movies & Videos,en,26,2026-05-01T14:41:45.021814+00:00
audius,telegramchannels,group,21,Music,en,1,2026-05-01T14:41:57.951957+00:00
musicartistsworldwide,telegramchannels,group,21,Music,en,2,2026-05-01T14:41:57.951965+00:00
spotifysaver321,telegramchannels,group,21,Music,en,3,2026-05-01T14:41:57.951968+00:00
djnetworkworldwide,telegramchannels,group,21,Music,en,7,2026-05-01T14:41:57.951987+00:00
musicaespecialmp3,telegramchannels,group,21,Music,en,8,2026-05-01T14:41:57.951990+00:00
indiegroup,telegramchannels,group,21,Music,en,9,2026-05-01T14:41:57.951993+00:00
metalwithtags,telegramchannels,group,21,Music,en,10,2026-05-01T14:41:57.951996+00:00
musiccloudsl,telegramchannels,group,21,Music,en,11,2026-05-01T14:41:57.951999+00:00
ztqfviw2ytm1,telegramchannels,group,21,Music,en,12,2026-05-01T14:41:57.952003+00:00
lastfm_telegram,telegramchannels,group,21,Music,en,13,2026-05-01T14:41:57.952006+00:00
agtdabeatbreakerz,telegramchannels,group,21,Music,en,14,2026-05-01T14:41:57.952009+00:00
music_tren,telegramchannels,group,21,Music,en,15,2026-05-01T14:41:57.952012+00:00
weshmyplug1,telegramchannels,group,21,Music,en,16,2026-05-01T14:41:57.952015+00:00
yogamedit,telegramchannels,group,21,Music,en,17,2026-05-01T14:41:57.952017+00:00
stoicville,telegramchannels,group,21,Music,en,18,2026-05-01T14:41:57.952020+00:00
shinnime09,telegramchannels,group,21,Music,en,19,2026-05-01T14:41:57.952023+00:00
petspicsvideos,telegramchannels,group,1,Nature & Animals,en,1,2026-05-01T14:42:11.135598+00:00
ballpythonsworld,telegramchannels,group,1,Nature & Animals,en,2,2026-05-01T14:42:11.135606+00:00
anthroexpo,telegramchannels,group,1,Nature & Animals,en,3,2026-05-01T14:42:11.135609+00:00
tonomons,telegramchannels,group,23,News & Media,en,1,2026-05-01T14:42:24.000011+00:00
areyouawakeyet,telegramchannels,group,23,News & Media,en,2,2026-05-01T14:42:24.000019+00:00
juliegreen_ministries,telegramchannels,group,23,News & Media,en,3,2026-05-01T14:42:24.000022+00:00
realdeplorables,telegramchannels,group,23,News & Media,en,7,2026-05-01T14:42:24.000041+00:00
qpatriots,telegramchannels,group,23,News & Media,en,8,2026-05-01T14:42:24.000044+00:00
trumpsupportersus,telegramchannels,group,23,News & Media,en,9,2026-05-01T14:42:24.000047+00:00
androidnewsgroup,telegramchannels,group,23,News & Media,en,10,2026-05-01T14:42:24.000050+00:00
tinderru,telegramchannels,group,39,NSFW & Adults,en,1,2026-05-01T14:42:36.950234+00:00
badoocom,telegramchannels,group,39,NSFW & Adults,en,2,2026-05-01T14:42:36.950242+00:00
best_chat_group,telegramchannels,group,39,NSFW & Adults,en,3,2026-05-01T14:42:36.950245+00:00
camgirlschat2025,telegramchannels,group,39,NSFW & Adults,en,7,2026-05-01T14:42:36.950266+00:00
mambamos,telegramchannels,group,39,NSFW & Adults,en,8,2026-05-01T14:42:36.950270+00:00
ofmegalink18,telegramchannels,group,39,NSFW & Adults,en,9,2026-05-01T14:42:36.950273+00:00
onlycamofficial,telegramchannels,group,39,NSFW & Adults,en,10,2026-05-01T14:42:36.950276+00:00
hotskinnystunners,telegramchannels,group,39,NSFW & Adults,en,11,2026-05-01T14:42:36.950280+00:00
kayitcom,telegramchannels,group,39,NSFW & Adults,en,12,2026-05-01T14:42:36.950283+00:00
mikaylacampinos267,telegramchannels,group,39,NSFW & Adults,en,13,2026-05-01T14:42:36.950286+00:00
feel_something_real_video_profil,telegramchannels,group,39,NSFW & Adults,en,14,2026-05-01T14:42:36.950290+00:00
piperrockelle267,telegramchannels,group,39,NSFW & Adults,en,15,2026-05-01T14:42:36.950293+00:00
ja191993,telegramchannels,group,39,NSFW & Adults,en,16,2026-05-01T14:42:36.950297+00:00
professorleaksof,telegramchannels,group,39,NSFW & Adults,en,17,2026-05-01T14:42:36.950300+00:00
onlyfans_leaks_worldwide,telegramchannels,group,39,NSFW & Adults,en,18,2026-05-01T14:42:36.950304+00:00
let_s_meet_up_new_site_to_watch,telegramchannels,group,39,NSFW & Adults,en,19,2026-05-01T14:42:36.950307+00:00
flirty_soft_meet_flirt_and_chat,telegramchannels,group,39,NSFW & Adults,en,20,2026-05-01T14:42:36.950311+00:00
dating_with_vibe_chat_search_and,telegramchannels,group,39,NSFW & Adults,en,21,2026-05-01T14:42:36.950314+00:00
virtual_love_real_profiles_real,telegramchannels,group,39,NSFW & Adults,en,22,2026-05-01T14:42:36.950317+00:00
mysterious_chat_new_matches_dail,telegramchannels,group,39,NSFW & Adults,en,23,2026-05-01T14:42:36.950321+00:00
just_wanna_love_real_people_real,telegramchannels,group,39,NSFW & Adults,en,24,2026-05-01T14:42:36.950324+00:00
sibella_avdic,telegramchannels,group,39,NSFW & Adults,en,25,2026-05-01T14:42:36.950327+00:00
topmodelschat_vip,telegramchannels,group,39,NSFW & Adults,en,26,2026-05-01T14:42:36.950331+00:00
usadateworld1,telegramchannels,group,39,NSFW & Adults,en,27,2026-05-01T14:42:36.950334+00:00
flashdx17,telegramchannels,group,31,Other,en,1,2026-05-01T14:42:50.461871+00:00
stlall,telegramchannels,group,31,Other,en,2,2026-05-01T14:42:50.461879+00:00
instagramstoriesboost,telegramchannels,group,31,Other,en,3,2026-05-01T14:42:50.461882+00:00
followdx30,telegramchannels,group,31,Other,en,7,2026-05-01T14:42:50.461900+00:00
dx8flash,telegramchannels,group,31,Other,en,8,2026-05-01T14:42:50.461903+00:00
giftcardstore_best,telegramchannels,group,31,Other,en,9,2026-05-01T14:42:50.461907+00:00
dbzgroup,telegramchannels,group,31,Other,en,10,2026-05-01T14:42:50.461910+00:00
tiktok_growth,telegramchannels,group,31,Other,en,11,2026-05-01T14:42:50.461913+00:00
instagram_switzerland,telegramchannels,group,31,Other,en,12,2026-05-01T14:42:50.461917+00:00
spaininstagram,telegramchannels,group,31,Other,en,13,2026-05-01T14:42:50.461920+00:00
instagramreelsdx40,telegramchannels,group,31,Other,en,14,2026-05-01T14:42:50.461924+00:00
instagram_france,telegramchannels,group,31,Other,en,15,2026-05-01T14:42:50.461927+00:00
monetization4youtube,telegramchannels,group,31,Other,en,16,2026-05-01T14:42:50.461931+00:00
lifestyleinstagram,telegramchannels,group,31,Other,en,17,2026-05-01T14:42:50.461934+00:00
dx10flash,telegramchannels,group,31,Other,en,18,2026-05-01T14:42:50.461938+00:00
dx60instagramlikes,telegramchannels,group,31,Other,en,19,2026-05-01T14:42:50.461946+00:00
dx15flash,telegramchannels,group,31,Other,en,20,2026-05-01T14:42:50.461949+00:00
dx24flash,telegramchannels,group,31,Other,en,21,2026-05-01T14:42:50.461952+00:00
bestlondonjob,telegramchannels,group,31,Other,en,22,2026-05-01T14:42:50.461955+00:00
wikibitregulatorycommunity,telegramchannels,group,31,Other,en,23,2026-05-01T14:42:50.461958+00:00
malwareresearch,telegramchannels,group,31,Other,en,24,2026-05-01T14:42:50.461962+00:00
mbbsprep,telegramchannels,group,31,Other,en,25,2026-05-01T14:42:50.461965+00:00
livestreamfeet,telegramchannels,group,31,Other,en,26,2026-05-01T14:42:50.461968+00:00
oracledbwr,telegramchannels,group,31,Other,en,27,2026-05-01T14:42:50.461972+00:00
codezalindotv,telegramchannels,group,31,Other,en,28,2026-05-01T14:42:50.461975+00:00
yotube0,telegramchannels,group,31,Other,en,29,2026-05-01T14:42:50.461978+00:00
zalindotvplus,telegramchannels,group,31,Other,en,30,2026-05-01T14:42:50.461981+00:00
cybersecuritynewschat,telegramchannels,group,31,Other,en,31,2026-05-01T14:42:50.461984+00:00
youtubesub4subpromote,telegramchannels,group,31,Other,en,32,2026-05-01T14:42:50.461987+00:00
italyinstagram,telegramchannels,group,31,Other,en,33,2026-05-01T14:42:50.461991+00:00
bitcobtrustmark,telegramchannels,group,31,Other,en,34,2026-05-01T14:42:50.461995+00:00
chainlink,telegramchannels,group,31,Other,en,35,2026-05-01T14:42:50.461998+00:00
legitgroup1,telegramchannels,group,31,Other,en,36,2026-05-01T14:42:50.462001+00:00
broiptv,telegramchannels,group,31,Other,en,37,2026-05-01T14:42:50.462004+00:00
newyorkstate,telegramchannels,group,31,Other,en,38,2026-05-01T14:42:50.462007+00:00
stickerssgroup,telegramchannels,group,31,Other,en,39,2026-05-01T14:42:50.462011+00:00
rentinlondon,telegramchannels,group,31,Other,en,40,2026-05-01T14:42:50.462014+00:00
grupderomani,telegramchannels,group,31,Other,en,41,2026-05-01T14:42:50.462017+00:00
hyderabadrealestatesgroup,telegramchannels,group,31,Other,en,42,2026-05-01T14:42:50.462021+00:00
starryskycloud,telegramchannels,group,31,Other,en,43,2026-05-01T14:42:50.462024+00:00
successclubsscgroup,telegramchannels,group,31,Other,en,44,2026-05-01T14:42:50.462027+00:00
vedx30,telegramchannels,group,31,Other,en,45,2026-05-01T14:42:50.462031+00:00
fiverrpublic,telegramchannels,group,31,Other,en,46,2026-05-01T14:42:50.462034+00:00
all_international_jobs,telegramchannels,group,31,Other,en,47,2026-05-01T14:42:50.462037+00:00
productsbase,telegramchannels,group,31,Other,en,48,2026-05-01T14:42:50.462040+00:00
timisoara_rou,telegramchannels,group,31,Other,en,49,2026-05-01T14:42:50.462043+00:00
sh_stockpick,telegramchannels,group,31,Other,en,50,2026-05-01T14:42:50.462046+00:00
vedx50,telegramchannels,group,31,Other,en,51,2026-05-01T14:42:50.462049+00:00
domaine_name,telegramchannels,group,31,Other,en,52,2026-05-01T14:42:50.462052+00:00
abonekasmaveyardim,telegramchannels,group,31,Other,en,53,2026-05-01T14:42:50.462055+00:00
searchebee,telegramchannels,group,31,Other,en,54,2026-05-01T14:42:50.462058+00:00
vedx12h,telegramchannels,group,31,Other,en,55,2026-05-01T14:42:50.462061+00:00
binesandtricksdiscussion,telegramchannels,group,31,Other,en,56,2026-05-01T14:42:50.462065+00:00
hivebar,telegramchannels,group,31,Other,en,57,2026-05-01T14:42:50.462068+00:00
vedx10,telegramchannels,group,31,Other,en,58,2026-05-01T14:42:50.462071+00:00
engagenetinfluencerpod,telegramchannels,group,31,Other,en,59,2026-05-01T14:42:50.462074+00:00
poultrysynergy,telegramchannels,group,31,Other,en,60,2026-05-01T14:42:50.462077+00:00
smsforallsupport,telegramchannels,group,31,Other,en,61,2026-05-01T14:42:50.462080+00:00
dogridergroup,telegramchannels,group,31,Other,en,62,2026-05-01T14:42:50.462083+00:00
fmtblog,telegramchannels,group,31,Other,en,63,2026-05-01T14:42:50.462086+00:00
vedx20,telegramchannels,group,31,Other,en,64,2026-05-01T14:42:50.462089+00:00
subscribe4subscribe12,telegramchannels,group,31,Other,en,65,2026-05-01T14:42:50.462092+00:00
rach_brockmann,telegramchannels,group,31,Other,en,66,2026-05-01T14:42:50.462095+00:00
boycottmojang,telegramchannels,group,31,Other,en,67,2026-05-01T14:42:50.462098+00:00
christdiary,telegramchannels,group,31,Other,en,68,2026-05-01T14:42:50.462101+00:00
tapnetworkofficial,telegramchannels,group,31,Other,en,69,2026-05-01T14:42:50.462104+00:00
animes_girls_and_boys,telegramchannels,group,31,Other,en,70,2026-05-01T14:42:50.462107+00:00
chainfuel,telegramchannels,group,31,Other,en,71,2026-05-01T14:42:50.462110+00:00
wby_io,telegramchannels,group,31,Other,en,72,2026-05-01T14:42:50.462113+00:00
youtubesubscribergr,telegramchannels,group,31,Other,en,73,2026-05-01T14:42:50.462116+00:00
neo4jchat,telegramchannels,group,31,Other,en,74,2026-05-01T14:42:50.462119+00:00
vedx5,telegramchannels,group,31,Other,en,75,2026-05-01T14:42:50.462122+00:00
chatwithrevcraigministry,telegramchannels,group,31,Other,en,76,2026-05-01T14:42:50.462125+00:00
reffer_exchange_grp,telegramchannels,group,31,Other,en,77,2026-05-01T14:42:50.462128+00:00
iptvukeuro,telegramchannels,group,31,Other,en,78,2026-05-01T14:42:50.462131+00:00
fallin_gp,telegramchannels,group,31,Other,en,79,2026-05-01T14:42:50.462134+00:00
akmahatglink,telegramchannels,group,31,Other,en,80,2026-05-01T14:42:50.462137+00:00
darktor_chat,telegramchannels,group,31,Other,en,81,2026-05-01T14:42:50.462140+00:00
pandachatg,telegramchannels,group,31,Other,en,82,2026-05-01T14:42:50.462143+00:00
cigtobacco,telegramchannels,group,31,Other,en,83,2026-05-01T14:42:50.462146+00:00
ads324,telegramchannels,group,31,Other,en,84,2026-05-01T14:42:50.462149+00:00
firstclassmetals,telegramchannels,group,31,Other,en,85,2026-05-01T14:42:50.462152+00:00
globaldisk,telegramchannels,group,31,Other,en,86,2026-05-01T14:42:50.462154+00:00
privatecollectionuae,telegramchannels,group,31,Other,en,87,2026-05-01T14:42:50.462158+00:00
tedrixproperties,telegramchannels,group,31,Other,en,88,2026-05-01T14:42:50.462160+00:00
mzfcommunity,telegramchannels,group,31,Other,en,89,2026-05-01T14:42:50.462163+00:00
east_africa_jobs,telegramchannels,group,31,Other,en,90,2026-05-01T14:42:50.462166+00:00
youtube_subscribers_2020,telegramchannels,group,31,Other,en,91,2026-05-01T14:42:50.462169+00:00
vedx5lc,telegramchannels,group,31,Other,en,92,2026-05-01T14:42:50.462172+00:00
jobinboxofficial,telegramchannels,group,31,Other,en,93,2026-05-01T14:42:50.462175+00:00
thegreenestroom,telegramchannels,group,31,Other,en,94,2026-05-01T14:42:50.462178+00:00
vedx5c,telegramchannels,group,31,Other,en,95,2026-05-01T14:42:50.462181+00:00
anime_matrix,telegramchannels,group,31,Other,en,96,2026-05-01T14:42:50.462183+00:00
vipgroup_1,telegramchannels,group,31,Other,en,97,2026-05-01T14:42:50.462186+00:00
getin4jobs,telegramchannels,group,31,Other,en,98,2026-05-01T14:42:50.462189+00:00
growintelegram,telegramchannels,group,31,Other,en,99,2026-05-01T14:42:50.462192+00:00
digiteye,telegramchannels,group,31,Other,en,100,2026-05-01T14:42:50.462195+00:00
tagteams,telegramchannels,group,31,Other,en,101,2026-05-01T14:42:50.462198+00:00
makingmoneywithnolimts,telegramchannels,group,31,Other,en,102,2026-05-01T14:42:50.462201+00:00
skyzonegroup,telegramchannels,group,31,Other,en,103,2026-05-01T14:42:50.462203+00:00
mobilephotographycommunity,telegramchannels,group,24,Photo,en,1,2026-05-01T14:43:03.356084+00:00
profars,telegramchannels,group,24,Photo,en,2,2026-05-01T14:43:03.356094+00:00
truepatriotsunited,telegramchannels,group,37,Political,en,1,2026-05-01T14:43:16.584227+00:00
astronomy_discussion,telegramchannels,group,25,Science,en,1,2026-05-01T14:43:29.472026+00:00
bitgrit,telegramchannels,group,25,Science,en,2,2026-05-01T14:43:29.472033+00:00
thewonderersofspace,telegramchannels,group,25,Science,en,3,2026-05-01T14:43:29.472036+00:00
on_air_tech,telegramchannels,group,25,Science,en,7,2026-05-01T14:43:29.472054+00:00
knowledgefinders,telegramchannels,group,25,Science,en,8,2026-05-01T14:43:29.472058+00:00
atheismdebate,telegramchannels,group,25,Science,en,9,2026-05-01T14:43:29.472060+00:00
spiritualityworld,telegramchannels,group,26,Self Development,en,1,2026-05-01T14:43:42.449474+00:00
tarot,telegramchannels,group,26,Self Development,en,2,2026-05-01T14:43:42.449482+00:00
thesuicidegroup,telegramchannels,group,26,Self Development,en,3,2026-05-01T14:43:42.449485+00:00
lucid_dreaming_experiences,telegramchannels,group,26,Self Development,en,7,2026-05-01T14:43:42.449503+00:00
spiritualleague_group,telegramchannels,group,26,Self Development,en,8,2026-05-01T14:43:42.449507+00:00
infjint,telegramchannels,group,26,Self Development,en,9,2026-05-01T14:43:42.449510+00:00
fusionfamily,telegramchannels,group,26,Self Development,en,10,2026-05-01T14:43:42.449512+00:00
mysolidtruthgroup,telegramchannels,group,26,Self Development,en,11,2026-05-01T14:43:42.449515+00:00
motivationdistrict,telegramchannels,group,26,Self Development,en,12,2026-05-01T14:43:42.449518+00:00
mervelgroup,telegramchannels,group,32,Shop,en,1,2026-05-01T14:43:55.278741+00:00
miniaturesterraingroup,telegramchannels,group,32,Shop,en,2,2026-05-01T14:43:55.278749+00:00
replicawatch1,telegramchannels,group,32,Shop,en,3,2026-05-01T14:43:55.278752+00:00
aliexpressdealshot,telegramchannels,group,32,Shop,en,7,2026-05-01T14:43:55.278771+00:00
luxurystuff99,telegramchannels,group,32,Shop,en,8,2026-05-01T14:43:55.278774+00:00
repbbs,telegramchannels,group,32,Shop,en,9,2026-05-01T14:43:55.278777+00:00
qcpinzhi,telegramchannels,group,32,Shop,en,10,2026-05-01T14:43:55.278780+00:00
megaalashoppinggroup,telegramchannels,group,32,Shop,en,11,2026-05-01T14:43:55.278783+00:00
aliexpressbs,telegramchannels,group,32,Shop,en,12,2026-05-01T14:43:55.278786+00:00
amazonreviewexchange,telegramchannels,group,32,Shop,en,13,2026-05-01T14:43:55.278789+00:00
premiumprod,telegramchannels,group,32,Shop,en,14,2026-05-01T14:43:55.278792+00:00
findshacoo,telegramchannels,group,32,Shop,en,15,2026-05-01T14:43:55.278795+00:00
internshipsmalaysia,telegramchannels,group,32,Shop,en,16,2026-05-01T14:43:55.278798+00:00
dealspremiumofficial,telegramchannels,group,32,Shop,en,17,2026-05-01T14:43:55.278801+00:00
aliexpress_deals_maxn1,telegramchannels,group,32,Shop,en,18,2026-05-01T14:43:55.278804+00:00
amazon_online_shopping_deals_1,telegramchannels,group,32,Shop,en,19,2026-05-01T14:43:55.278807+00:00
doubledhamaaloffer,telegramchannels,group,32,Shop,en,20,2026-05-01T14:43:55.278810+00:00
dealogroup,telegramchannels,group,32,Shop,en,21,2026-05-01T14:43:55.278813+00:00
lootdealsakn,telegramchannels,group,32,Shop,en,22,2026-05-01T14:43:55.278816+00:00
savefreecash,telegramchannels,group,32,Shop,en,23,2026-05-01T14:43:55.278819+00:00
shoppingdiscout,telegramchannels,group,32,Shop,en,24,2026-05-01T14:43:55.278821+00:00
pricemazon,telegramchannels,group,32,Shop,en,25,2026-05-01T14:43:55.278824+00:00
footballfpl,telegramchannels,group,27,Sports & Fitness,en,1,2026-05-01T14:44:08.175888+00:00
clubhousesb,telegramchannels,group,27,Sports & Fitness,en,2,2026-05-01T14:44:08.175895+00:00
nowgoallive,telegramchannels,group,27,Sports & Fitness,en,3,2026-05-01T14:44:08.175899+00:00
physients,telegramchannels,group,27,Sports & Fitness,en,7,2026-05-01T14:44:08.175917+00:00
ouzhoubei1231,telegramchannels,group,27,Sports & Fitness,en,8,2026-05-01T14:44:08.175920+00:00
dreamstheatre,telegramchannels,group,27,Sports & Fitness,en,9,2026-05-01T14:44:08.175923+00:00
fftitanschat,telegramchannels,group,27,Sports & Fitness,en,10,2026-05-01T14:44:08.175926+00:00
cricfansclub,telegramchannels,group,27,Sports & Fitness,en,11,2026-05-01T14:44:08.175929+00:00
cybersecurityexperts,telegramchannels,group,28,Technology,en,1,2026-05-01T14:44:31.907273+00:00
python,telegramchannels,group,28,Technology,en,2,2026-05-01T14:44:31.907280+00:00
printing3dminiaturesterrain,telegramchannels,group,28,Technology,en,3,2026-05-01T14:44:31.907283+00:00
groupstl,telegramchannels,group,28,Technology,en,7,2026-05-01T14:44:31.907302+00:00
kadena_io,telegramchannels,group,28,Technology,en,8,2026-05-01T14:44:31.907305+00:00
printing3dcosplaystaticfigure,telegramchannels,group,28,Technology,en,9,2026-05-01T14:44:31.907308+00:00
starwarsg,telegramchannels,group,28,Technology,en,10,2026-05-01T14:44:31.907311+00:00
programminginc,telegramchannels,group,28,Technology,en,11,2026-05-01T14:44:31.907314+00:00
reactjsnodejsmernstack,telegramchannels,group,28,Technology,en,12,2026-05-01T14:44:31.907317+00:00
printww,telegramchannels,group,28,Technology,en,13,2026-05-01T14:44:31.907320+00:00
pocophoneglobalofficial,telegramchannels,group,28,Technology,en,14,2026-05-01T14:44:31.907324+00:00
devopsedureka,telegramchannels,group,28,Technology,en,15,2026-05-01T14:44:31.907327+00:00
django,telegramchannels,group,28,Technology,en,16,2026-05-01T14:44:31.907330+00:00
cosplaygroup,telegramchannels,group,28,Technology,en,17,2026-05-01T14:44:31.907333+00:00
printing3d3,telegramchannels,group,28,Technology,en,18,2026-05-01T14:44:31.907336+00:00
combolistfresh,telegramchannels,group,28,Technology,en,19,2026-05-01T14:44:31.907339+00:00
pokemon3d,telegramchannels,group,28,Technology,en,20,2026-05-01T14:44:31.907343+00:00
termuxcyber,telegramchannels,group,28,Technology,en,21,2026-05-01T14:44:31.907346+00:00
funkogroup,telegramchannels,group,28,Technology,en,22,2026-05-01T14:44:31.907349+00:00
cbanke,telegramchannels,group,28,Technology,en,23,2026-05-01T14:44:31.907352+00:00
forhome3d,telegramchannels,group,28,Technology,en,24,2026-05-01T14:44:31.907355+00:00
dcgroupcomics,telegramchannels,group,28,Technology,en,25,2026-05-01T14:44:31.907358+00:00
webdevchat,telegramchannels,group,28,Technology,en,26,2026-05-01T14:44:31.907360+00:00
aws_exam,telegramchannels,group,28,Technology,en,27,2026-05-01T14:44:31.907363+00:00
nemred,telegramchannels,group,28,Technology,en,28,2026-05-01T14:44:31.907366+00:00
thedevs_js,telegramchannels,group,28,Technology,en,29,2026-05-01T14:44:31.907369+00:00
nothingphone2,telegramchannels,group,28,Technology,en,30,2026-05-01T14:44:31.907372+00:00
xinfintalk,telegramchannels,group,28,Technology,en,31,2026-05-01T14:44:31.907376+00:00
ethicalhackersc,telegramchannels,group,28,Technology,en,32,2026-05-01T14:44:31.907379+00:00
seogoogleadsweb,telegramchannels,group,28,Technology,en,33,2026-05-01T14:44:31.907382+00:00
linux_group,telegramchannels,group,28,Technology,en,34,2026-05-01T14:44:31.907385+00:00
sap_pppmsdqm,telegramchannels,group,28,Technology,en,35,2026-05-01T14:44:31.907388+00:00
qualitician,telegramchannels,group,28,Technology,en,36,2026-05-01T14:44:31.907391+00:00
geekschat,telegramchannels,group,28,Technology,en,37,2026-05-01T14:44:31.907394+00:00
mailcow,telegramchannels,group,28,Technology,en,38,2026-05-01T14:44:31.907397+00:00
pythonedureka,telegramchannels,group,28,Technology,en,39,2026-05-01T14:44:31.907400+00:00
system_design_and_architecture,telegramchannels,group,28,Technology,en,40,2026-05-01T14:44:31.907403+00:00
spotociscoclub,telegramchannels,group,28,Technology,en,41,2026-05-01T14:44:31.907406+00:00
hackersbase4gees,telegramchannels,group,28,Technology,en,42,2026-05-01T14:44:31.907409+00:00
beboaquafarms,telegramchannels,group,28,Technology,en,43,2026-05-01T14:44:31.907412+00:00
qdforum,telegramchannels,group,28,Technology,en,44,2026-05-01T14:44:31.907415+00:00
realsecgroup,telegramchannels,group,28,Technology,en,45,2026-05-01T14:44:31.907418+00:00
ciscoccnademo,telegramchannels,group,28,Technology,en,46,2026-05-01T14:44:31.907424+00:00
satellitereceiversoftware,telegramchannels,group,28,Technology,en,47,2026-05-01T14:44:31.907427+00:00
virtualassistant360,telegramchannels,group,28,Technology,en,48,2026-05-01T14:44:31.907436+00:00
letstalkprogramming,telegramchannels,group,28,Technology,en,49,2026-05-01T14:44:31.907441+00:00
chatgpt_officialchat,telegramchannels,group,28,Technology,en,50,2026-05-01T14:44:31.907445+00:00
globaltechtalks,telegramchannels,group,28,Technology,en,51,2026-05-01T14:44:31.907450+00:00
nonymouscommunity,telegramchannels,group,28,Technology,en,52,2026-05-01T14:44:31.907455+00:00
salesforceb,telegramchannels,group,28,Technology,en,53,2026-05-01T14:44:31.907458+00:00
hotstarbot_op,telegramchannels,group,28,Technology,en,54,2026-05-01T14:44:31.907461+00:00
bioinformaticsdiscus,telegramchannels,group,28,Technology,en,55,2026-05-01T14:44:31.907465+00:00
gsmgermany,telegramchannels,group,28,Technology,en,56,2026-05-01T14:44:31.907468+00:00
mifi_unlock,telegramchannels,group,28,Technology,en,57,2026-05-01T14:44:31.907471+00:00
tasker_advanced,telegramchannels,group,28,Technology,en,58,2026-05-01T14:44:31.907474+00:00
windowstelegram,telegramchannels,group,28,Technology,en,59,2026-05-01T14:44:31.907477+00:00
shiiinagroup,telegramchannels,group,28,Technology,en,60,2026-05-01T14:44:31.907480+00:00
itnetworkingireland,telegramchannels,group,28,Technology,en,61,2026-05-01T14:44:31.907483+00:00
dropshippingmajor,telegramchannels,group,28,Technology,en,62,2026-05-01T14:44:31.907486+00:00
trustunionofficial,telegramchannels,group,28,Technology,en,63,2026-05-01T14:44:31.907489+00:00
shelf_earn_money,telegramchannels,group,28,Technology,en,64,2026-05-01T14:44:31.907492+00:00
hacking_burners,telegramchannels,group,28,Technology,en,65,2026-05-01T14:44:31.907495+00:00
uecom,telegramchannels,group,28,Technology,en,66,2026-05-01T14:44:31.907498+00:00
ccielabgroup,telegramchannels,group,28,Technology,en,67,2026-05-01T14:44:31.907501+00:00
bitcherryenglish,telegramchannels,group,28,Technology,en,68,2026-05-01T14:44:31.907504+00:00
zero2herocoin,telegramchannels,group,28,Technology,en,69,2026-05-01T14:44:31.907507+00:00
spotoitcertsclub,telegramchannels,group,28,Technology,en,70,2026-05-01T14:44:31.907510+00:00
techhub_support,telegramchannels,group,28,Technology,en,71,2026-05-01T14:44:31.907513+00:00
undernet_org,telegramchannels,group,28,Technology,en,72,2026-05-01T14:44:31.907516+00:00
ali_cloud,telegramchannels,group,28,Technology,en,73,2026-05-01T14:44:31.907519+00:00
infotechfamilydiscussion,telegramchannels,group,28,Technology,en,74,2026-05-01T14:44:31.907523+00:00
z3r0ch4t,telegramchannels,group,28,Technology,en,75,2026-05-01T14:44:31.907526+00:00
subeesub,telegramchannels,group,28,Technology,en,76,2026-05-01T14:44:31.907529+00:00
bydpp21,telegramchannels,group,28,Technology,en,77,2026-05-01T14:44:31.907532+00:00
webchatgura,telegramchannels,group,28,Technology,en,78,2026-05-01T14:44:31.907535+00:00
appdom,telegramchannels,group,28,Technology,en,79,2026-05-01T14:44:31.907538+00:00
unix9,telegramchannels,group,28,Technology,en,80,2026-05-01T14:44:31.907541+00:00
micromagician01,telegramchannels,group,28,Technology,en,81,2026-05-01T14:44:31.907544+00:00
dbatech,telegramchannels,group,28,Technology,en,82,2026-05-01T14:44:31.907547+00:00
binareeafrica,telegramchannels,group,28,Technology,en,83,2026-05-01T14:44:31.907550+00:00
fixit_help,telegramchannels,group,28,Technology,en,84,2026-05-01T14:44:31.907553+00:00
pythoncaptcha,telegramchannels,group,28,Technology,en,85,2026-05-01T14:44:31.907556+00:00
will_hacks_group,telegramchannels,group,28,Technology,en,86,2026-05-01T14:44:31.907559+00:00
meanstack_lta,telegramchannels,group,28,Technology,en,87,2026-05-01T14:44:31.907562+00:00
decenternetph,telegramchannels,group,28,Technology,en,88,2026-05-01T14:44:31.907564+00:00
iotbharat,telegramchannels,group,28,Technology,en,89,2026-05-01T14:44:31.907567+00:00
technologyfaq,telegramchannels,group,28,Technology,en,90,2026-05-01T14:44:31.907570+00:00
codinggroup1,telegramchannels,group,28,Technology,en,91,2026-05-01T14:44:31.907573+00:00
eyetech200,telegramchannels,group,28,Technology,en,92,2026-05-01T14:44:31.907575+00:00
electricboatforum,telegramchannels,group,28,Technology,en,93,2026-05-01T14:44:31.907578+00:00
fenititg,telegramchannels,group,28,Technology,en,94,2026-05-01T14:44:31.907581+00:00
curvechat,telegramchannels,group,28,Technology,en,95,2026-05-01T14:44:31.907584+00:00
sulinos,telegramchannels,group,28,Technology,en,96,2026-05-01T14:44:31.907587+00:00
hackerlar009,telegramchannels,group,28,Technology,en,97,2026-05-01T14:44:31.907589+00:00
opensuse_group,telegramchannels,group,28,Technology,en,98,2026-05-01T14:44:31.907592+00:00
technicalsami2,telegramchannels,group,28,Technology,en,99,2026-05-01T14:44:31.907595+00:00
resurrectionremixjason,telegramchannels,group,28,Technology,en,100,2026-05-01T14:44:31.907598+00:00
www_1computer,telegramchannels,group,28,Technology,en,101,2026-05-01T14:44:31.907601+00:00
eaia_io,telegramchannels,group,28,Technology,en,102,2026-05-01T14:44:31.907604+00:00
google_ads098,telegramchannels,group,28,Technology,en,103,2026-05-01T14:44:31.907607+00:00
bottalk,telegramchannels,group,36,Telegram,en,1,2026-05-01T14:44:45.352918+00:00
publictestgroup,telegramchannels,group,36,Telegram,en,2,2026-05-01T14:44:45.352926+00:00
androidthemesgroup,telegramchannels,group,36,Telegram,en,3,2026-05-01T14:44:45.352929+00:00
telegramandroidtalk,telegramchannels,group,36,Telegram,en,7,2026-05-01T14:44:45.352947+00:00
trxxbond,telegramchannels,group,36,Telegram,en,8,2026-05-01T14:44:45.352950+00:00
metaisland_gg,telegramchannels,group,40,Telegram Miniapps & Games,en,1,2026-05-01T14:44:58.612714+00:00
gamebots,telegramchannels,group,40,Telegram Miniapps & Games,en,2,2026-05-01T14:44:58.612725+00:00
tiktokfollowersandlikes,telegramchannels,group,40,Telegram Miniapps & Games,en,3,2026-05-01T14:44:58.612729+00:00
travel_plus_tourism,telegramchannels,group,29,Travel,en,1,2026-05-01T14:45:11.379088+00:00
koh_samui,telegramchannels,group,29,Travel,en,2,2026-05-01T14:45:11.379096+00:00
tour_operators_worldwide,telegramchannels,group,29,Travel,en,3,2026-05-01T14:45:11.379099+00:00
visacruisejobs,telegramchannels,group,29,Travel,en,7,2026-05-01T14:45:11.379116+00:00
nl_amsterdam,telegramchannels,group,29,Travel,en,8,2026-05-01T14:45:11.379119+00:00
bdrailinfo,telegramchannels,group,29,Travel,en,9,2026-05-01T14:45:11.379122+00:00
angeleschat,telegramchannels,group,29,Travel,en,10,2026-05-01T14:45:11.379124+00:00
automotivegroup,telegramchannels,group,34,Utilities & Tools,en,1,2026-05-01T14:45:24.019462+00:00
indexengineering,telegramchannels,group,34,Utilities & Tools,en,2,2026-05-01T14:45:24.019469+00:00
animalsgroupstl,telegramchannels,group,34,Utilities & Tools,en,3,2026-05-01T14:45:24.019472+00:00
canvaproteamlinkss,telegramchannels,group,34,Utilities & Tools,en,7,2026-05-01T14:45:24.019491+00:00
searchengineoptimization_group,telegramchannels,group,34,Utilities & Tools,en,8,2026-05-01T14:45:24.019494+00:00
smmpanelsuppliers,telegramchannels,group,34,Utilities & Tools,en,9,2026-05-01T14:45:24.019498+00:00
datadetection2025,telegramchannels,group,34,Utilities & Tools,en,10,2026-05-01T14:45:24.019501+00:00
flymirror,telegramchannels,group,34,Utilities & Tools,en,11,2026-05-01T14:45:24.019504+00:00
genieonline,telegramchannels,group,34,Utilities & Tools,en,12,2026-05-01T14:45:24.019507+00:00
