username,source,chat_type,category_slug,category_label,language,rank,scraped_at
blumcrypto,telegramchannels,channel,all,All Categories,en,1,2026-04-28T12:27:42.942702+00:00
hamster_kombat,telegramchannels,channel,all,All Categories,en,2,2026-04-28T12:27:42.942710+00:00
majors,telegramchannels,channel,all,All Categories,en,3,2026-04-28T12:27:42.942713+00:00
tapswapai,telegramchannels,channel,all,All Categories,en,7,2026-04-28T12:27:42.942731+00:00
telegramtips,telegramchannels,channel,all,All Categories,en,8,2026-04-28T12:27:42.942734+00:00
memeficlub,telegramchannels,channel,all,All Categories,en,9,2026-04-28T12:27:42.942737+00:00
proxymtproto,telegramchannels,channel,all,All Categories,en,10,2026-04-28T12:27:42.942740+00:00
seedupdates,telegramchannels,channel,all,All Categories,en,11,2026-04-28T12:27:42.942743+00:00
cats_housewtf,telegramchannels,channel,all,All Categories,en,12,2026-04-28T12:27:42.942746+00:00
telegram,telegramchannels,channel,all,All Categories,en,13,2026-04-28T12:27:42.942749+00:00
notcoin,telegramchannels,channel,all,All Categories,en,14,2026-04-28T12:27:42.942752+00:00
durov,telegramchannels,channel,all,All Categories,en,15,2026-04-28T12:27:42.942755+00:00
tomarket_ai,telegramchannels,channel,all,All Categories,en,16,2026-04-28T12:27:42.942757+00:00
dogs_community,telegramchannels,channel,all,All Categories,en,17,2026-04-28T12:27:42.942760+00:00
w_community,telegramchannels,channel,all,All Categories,en,18,2026-04-28T12:27:42.942763+00:00
toncoin,telegramchannels,channel,all,All Categories,en,19,2026-04-28T12:27:42.942766+00:00
theyescoin,telegramchannels,channel,all,All Categories,en,20,2026-04-28T12:27:42.942769+00:00
premium,telegramchannels,channel,all,All Categories,en,21,2026-04-28T12:27:42.942772+00:00
baks_ton,telegramchannels,channel,all,All Categories,en,22,2026-04-28T12:27:42.942775+00:00
timefarmchannel,telegramchannels,channel,all,All Categories,en,23,2026-04-28T12:27:42.942778+00:00
degens_community,telegramchannels,channel,all,All Categories,en,24,2026-04-28T12:27:42.942781+00:00
realgoats_channel,telegramchannels,channel,all,All Categories,en,25,2026-04-28T12:27:42.942784+00:00
bums_official,telegramchannels,channel,all,All Categories,en,26,2026-04-28T12:27:42.942787+00:00
activitylauncher_offical,telegramchannels,channel,all,All Categories,en,27,2026-04-28T12:27:42.942790+00:00
clayton,telegramchannels,channel,all,All Categories,en,28,2026-04-28T12:27:42.942793+00:00
tonclayton,telegramchannels,channel,all,All Categories,en,29,2026-04-28T12:27:42.942796+00:00
tonkeeper_news,telegramchannels,channel,all,All Categories,en,30,2026-04-28T12:27:42.942799+00:00
true_caller,telegramchannels,channel,all,All Categories,en,31,2026-04-28T12:27:42.942801+00:00
bits_channel_official,telegramchannels,channel,all,All Categories,en,32,2026-04-28T12:27:42.942805+00:00
bitget_wallet_announcement,telegramchannels,channel,all,All Categories,en,33,2026-04-28T12:27:42.942808+00:00
dotcoincommunity,telegramchannels,channel,all,All Categories,en,34,2026-04-28T12:27:42.942811+00:00
xempireapps,telegramchannels,channel,all,All Categories,en,35,2026-04-28T12:27:42.942814+00:00
notpixel_channel,telegramchannels,channel,all,All Categories,en,36,2026-04-28T12:27:42.942817+00:00
zoo_story,telegramchannels,channel,all,All Categories,en,37,2026-04-28T12:27:42.942820+00:00
catsdogs_community,telegramchannels,channel,all,All Categories,en,38,2026-04-28T12:27:42.942823+00:00
duckchainann,telegramchannels,channel,all,All Categories,en,39,2026-04-28T12:27:42.942826+00:00
twa_apps,telegramchannels,channel,all,All Categories,en,40,2026-04-28T12:27:42.942829+00:00
buzzitton,telegramchannels,channel,all,All Categories,en,41,2026-04-28T12:27:42.942832+00:00
catizenann,telegramchannels,channel,all,All Categories,en,42,2026-04-28T12:27:42.942835+00:00
rockyrabbitio,telegramchannels,channel,all,All Categories,en,43,2026-04-28T12:27:42.942838+00:00
okxwalletannouncement,telegramchannels,channel,all,All Categories,en,44,2026-04-28T12:27:42.942841+00:00
hrumfam,telegramchannels,channel,all,All Categories,en,45,2026-04-28T12:27:42.942844+00:00
binance_announcements,telegramchannels,channel,all,All Categories,en,46,2026-04-28T12:27:42.942847+00:00
iamalexfalcon,telegramchannels,channel,all,All Categories,en,47,2026-04-28T12:27:42.942850+00:00
getmodpcs,telegramchannels,channel,all,All Categories,en,48,2026-04-28T12:27:42.942853+00:00
crypto_blockchain_coin_stock_new,telegramchannels,channel,all,All Categories,en,49,2026-04-28T12:27:42.942856+00:00
sergeisergienkoen,telegramchannels,channel,all,All Categories,en,50,2026-04-28T12:27:42.942859+00:00
tonstationgames,telegramchannels,channel,all,All Categories,en,51,2026-04-28T12:27:42.942862+00:00
token_1win,telegramchannels,channel,all,All Categories,en,52,2026-04-28T12:27:42.942865+00:00
fabrika_channel,telegramchannels,channel,all,All Categories,en,53,2026-04-28T12:27:42.942868+00:00
pixelverse_xyz,telegramchannels,channel,all,All Categories,en,54,2026-04-28T12:27:42.942871+00:00
tonkombatofficial,telegramchannels,channel,all,All Categories,en,55,2026-04-28T12:27:42.942874+00:00
hayzonn,telegramchannels,channel,all,All Categories,en,56,2026-04-28T12:27:42.942877+00:00
thetapcoins,telegramchannels,channel,all,All Categories,en,57,2026-04-28T12:27:42.942880+00:00
popcorn_today,telegramchannels,channel,all,All Categories,en,58,2026-04-28T12:27:42.942883+00:00
binance_moonbix_announcements,telegramchannels,channel,all,All Categories,en,59,2026-04-28T12:27:42.942886+00:00
app301,telegramchannels,channel,all,All Categories,en,60,2026-04-28T12:27:42.942889+00:00
battle_games_com,telegramchannels,channel,all,All Categories,en,61,2026-04-28T12:27:42.942892+00:00
thememetimes,telegramchannels,channel,all,All Categories,en,62,2026-04-28T12:27:42.942895+00:00
dogiators,telegramchannels,channel,all,All Categories,en,63,2026-04-28T12:27:42.942898+00:00
blumcrypto_memepad,telegramchannels,channel,all,All Categories,en,64,2026-04-28T12:27:42.942901+00:00
cexio_announcements,telegramchannels,channel,all,All Categories,en,65,2026-04-28T12:27:42.942904+00:00
cheatkott,telegramchannels,channel,all,All Categories,en,66,2026-04-28T12:27:42.942907+00:00
thearefcrypto,telegramchannels,channel,all,All Categories,en,67,2026-04-28T12:27:42.942910+00:00
boinkersnews,telegramchannels,channel,all,All Categories,en,68,2026-04-28T12:27:42.942913+00:00
fintopionews,telegramchannels,channel,all,All Categories,en,69,2026-04-28T12:27:42.942915+00:00
startupsi,telegramchannels,channel,all,All Categories,en,70,2026-04-28T12:27:42.942918+00:00
newsplaytoearn,telegramchannels,channel,all,All Categories,en,71,2026-04-28T12:27:42.942921+00:00
venture_tg,telegramchannels,channel,all,All Categories,en,72,2026-04-28T12:27:42.942924+00:00
gamefi_officialann,telegramchannels,channel,all,All Categories,en,73,2026-04-28T12:27:42.942927+00:00
venture,telegramchannels,channel,all,All Categories,en,74,2026-04-28T12:27:42.942930+00:00
mememe,telegramchannels,channel,all,All Categories,en,75,2026-04-28T12:27:42.942933+00:00
futures,telegramchannels,channel,all,All Categories,en,76,2026-04-28T12:27:42.942935+00:00
xdaoapp,telegramchannels,channel,all,All Categories,en,77,2026-04-28T12:27:42.942938+00:00
memeslabxyz,telegramchannels,channel,all,All Categories,en,78,2026-04-28T12:27:42.942942+00:00
coinmarket,telegramchannels,channel,all,All Categories,en,79,2026-04-28T12:27:42.942945+00:00
hash_cats,telegramchannels,channel,all,All Categories,en,80,2026-04-28T12:27:42.942948+00:00
holdcoin_channel,telegramchannels,channel,all,All Categories,en,81,2026-04-28T12:27:42.942951+00:00
airdropfindteam,telegramchannels,channel,all,All Categories,en,82,2026-04-28T12:27:42.942954+00:00
alexnosleep,telegramchannels,channel,all,All Categories,en,83,2026-04-28T12:27:42.942957+00:00
tomo_cat,telegramchannels,channel,all,All Categories,en,84,2026-04-28T12:27:42.942960+00:00
pigscrew,telegramchannels,channel,all,All Categories,en,85,2026-04-28T12:27:42.942962+00:00
pepefrogbar,telegramchannels,channel,all,All Categories,en,86,2026-04-28T12:27:42.942965+00:00
airdrop_fam,telegramchannels,channel,all,All Categories,en,87,2026-04-28T12:27:42.942968+00:00
foruai_channel,telegramchannels,channel,all,All Categories,en,88,2026-04-28T12:27:42.942971+00:00
tongotchicrypto,telegramchannels,channel,all,All Categories,en,89,2026-04-28T12:27:42.942974+00:00
therealyescoin,telegramchannels,channel,all,All Categories,en,90,2026-04-28T12:27:42.942977+00:00
the_vertus,telegramchannels,channel,all,All Categories,en,91,2026-04-28T12:27:42.942980+00:00
crypto_jokker,telegramchannels,channel,all,All Categories,en,92,2026-04-28T12:27:42.942983+00:00
tabi_ann,telegramchannels,channel,all,All Categories,en,93,2026-04-28T12:27:42.942986+00:00
matchain_fam,telegramchannels,channel,all,All Categories,en,94,2026-04-28T12:27:42.942989+00:00
catia_announcement,telegramchannels,channel,all,All Categories,en,95,2026-04-28T12:27:42.942992+00:00
hexnio,telegramchannels,channel,all,All Categories,en,96,2026-04-28T12:27:42.942995+00:00
telmtproto,telegramchannels,channel,all,All Categories,en,97,2026-04-28T12:27:42.942998+00:00
learn2earnings,telegramchannels,channel,all,All Categories,en,98,2026-04-28T12:27:42.943000+00:00
cryptomemefoundation,telegramchannels,channel,all,All Categories,en,99,2026-04-28T12:27:42.943003+00:00
geminstitute,telegramchannels,channel,all,All Categories,en,100,2026-04-28T12:27:42.943006+00:00
farmfrog,telegramchannels,channel,all,All Categories,en,101,2026-04-28T12:27:42.943009+00:00
city_holder,telegramchannels,channel,all,All Categories,en,102,2026-04-28T12:27:42.943012+00:00
gameetokennews,telegramchannels,channel,all,All Categories,en,103,2026-04-28T12:27:42.943015+00:00
dailychannels,telegramchannels,channel,all,All Categories,en,104,2026-04-28T12:27:42.943020+00:00
neuralzone,telegramchannels,channel,3,Art & Design,en,1,2026-04-28T12:27:56.952762+00:00
are5h,telegramchannels,channel,3,Art & Design,en,2,2026-04-28T12:27:56.952770+00:00
blocks_01,telegramchannels,channel,3,Art & Design,en,3,2026-04-28T12:27:56.952773+00:00
promodel_3dsky,telegramchannels,channel,3,Art & Design,en,7,2026-04-28T12:27:56.952791+00:00
clockologyofficial,telegramchannels,channel,3,Art & Design,en,8,2026-04-28T12:27:56.952794+00:00
presetslihtroom,telegramchannels,channel,3,Art & Design,en,9,2026-04-28T12:27:56.952797+00:00
bioideas,telegramchannels,channel,3,Art & Design,en,10,2026-04-28T12:27:56.952801+00:00
wallpapers_phone_hd_4k_3d_mobile,telegramchannels,channel,3,Art & Design,en,11,2026-04-28T12:27:56.952804+00:00
miuithemez,telegramchannels,channel,3,Art & Design,en,12,2026-04-28T12:27:56.952807+00:00
sharehammer3d,telegramchannels,channel,3,Art & Design,en,13,2026-04-28T12:27:56.952810+00:00
cg_peers,telegramchannels,channel,3,Art & Design,en,14,2026-04-28T12:27:56.952813+00:00
architecture_world,telegramchannels,channel,3,Art & Design,en,15,2026-04-28T12:27:56.952817+00:00
you_are_designer,telegramchannels,channel,3,Art & Design,en,16,2026-04-28T12:27:56.952820+00:00
privateart,telegramchannels,channel,3,Art & Design,en,17,2026-04-28T12:27:56.952823+00:00
stl_anime,telegramchannels,channel,3,Art & Design,en,18,2026-04-28T12:27:56.952826+00:00
artistraajk,telegramchannels,channel,3,Art & Design,en,19,2026-04-28T12:27:56.952829+00:00
hypedsquadfree,telegramchannels,channel,3,Art & Design,en,20,2026-04-28T12:27:56.952832+00:00
best_ui_ux_designs,telegramchannels,channel,3,Art & Design,en,21,2026-04-28T12:27:56.952835+00:00
sanjay_editx7,telegramchannels,channel,3,Art & Design,en,22,2026-04-28T12:27:56.952839+00:00
all4designer,telegramchannels,channel,3,Art & Design,en,23,2026-04-28T12:27:56.952842+00:00
artfi_announcement,telegramchannels,channel,3,Art & Design,en,24,2026-04-28T12:27:56.952845+00:00
crochetpatte,telegramchannels,channel,3,Art & Design,en,25,2026-04-28T12:27:56.952848+00:00
psdzone,telegramchannels,channel,3,Art & Design,en,26,2026-04-28T12:27:56.952851+00:00
gdfonts,telegramchannels,channel,3,Art & Design,en,27,2026-04-28T12:27:56.952853+00:00
hunteraecom,telegramchannels,channel,3,Art & Design,en,28,2026-04-28T12:27:56.952856+00:00
cekelatdaems,telegramchannels,channel,3,Art & Design,en,29,2026-04-28T12:27:56.952859+00:00
cgplugdump,telegramchannels,channel,3,Art & Design,en,30,2026-04-28T12:27:56.952862+00:00
aftereffectsplugins01,telegramchannels,channel,3,Art & Design,en,31,2026-04-28T12:27:56.952866+00:00
top3dhub,telegramchannels,channel,3,Art & Design,en,32,2026-04-28T12:27:56.952869+00:00
hex3d,telegramchannels,channel,3,Art & Design,en,33,2026-04-28T12:27:56.952872+00:00
envatofreebies,telegramchannels,channel,3,Art & Design,en,34,2026-04-28T12:27:56.952875+00:00
themerbotaesthetic,telegramchannels,channel,3,Art & Design,en,35,2026-04-28T12:27:56.952878+00:00
textures_blender_3dsmax_maya,telegramchannels,channel,3,Art & Design,en,36,2026-04-28T12:27:56.952881+00:00
warhammermodelss,telegramchannels,channel,3,Art & Design,en,37,2026-04-28T12:27:56.952884+00:00
ai_artists_a,telegramchannels,channel,3,Art & Design,en,38,2026-04-28T12:27:56.952887+00:00
dsgncrazy,telegramchannels,channel,3,Art & Design,en,39,2026-04-28T12:27:56.952890+00:00
after_templates,telegramchannels,channel,3,Art & Design,en,40,2026-04-28T12:27:56.952893+00:00
freepikchannel,telegramchannels,channel,3,Art & Design,en,41,2026-04-28T12:27:56.952896+00:00
creoenginechannel,telegramchannels,channel,3,Art & Design,en,42,2026-04-28T12:27:56.952899+00:00
architecturecentre,telegramchannels,channel,3,Art & Design,en,43,2026-04-28T12:27:56.952902+00:00
max_library,telegramchannels,channel,3,Art & Design,en,44,2026-04-28T12:27:56.952905+00:00
shutter_files,telegramchannels,channel,3,Art & Design,en,45,2026-04-28T12:27:56.952908+00:00
free_design_courses,telegramchannels,channel,3,Art & Design,en,46,2026-04-28T12:27:56.952912+00:00
freelancer_xxx,telegramchannels,channel,3,Art & Design,en,47,2026-04-28T12:27:56.952914+00:00
solidworks_tutors,telegramchannels,channel,3,Art & Design,en,48,2026-04-28T12:27:56.952918+00:00
hishoot2imaterial,telegramchannels,channel,3,Art & Design,en,49,2026-04-28T12:27:56.952920+00:00
freecanvapro4,telegramchannels,channel,3,Art & Design,en,50,2026-04-28T12:27:56.952923+00:00
cnc_stl_free,telegramchannels,channel,3,Art & Design,en,51,2026-04-28T12:27:56.952927+00:00
blenderitan,telegramchannels,channel,3,Art & Design,en,52,2026-04-28T12:27:56.952930+00:00
free_adobe_presets,telegramchannels,channel,3,Art & Design,en,53,2026-04-28T12:27:56.952933+00:00
desitechnician,telegramchannels,channel,3,Art & Design,en,54,2026-04-28T12:27:56.952936+00:00
sarathdevaraj_capcut_editz,telegramchannels,channel,3,Art & Design,en,55,2026-04-28T12:27:56.952939+00:00
pptkeren,telegramchannels,channel,3,Art & Design,en,56,2026-04-28T12:27:56.952942+00:00
bdkeditbdk,telegramchannels,channel,3,Art & Design,en,57,2026-04-28T12:27:56.952945+00:00
designarchiv,telegramchannels,channel,3,Art & Design,en,58,2026-04-28T12:27:56.952949+00:00
architectureanddesigns,telegramchannels,channel,3,Art & Design,en,59,2026-04-28T12:27:56.952952+00:00
ideasforhome,telegramchannels,channel,3,Art & Design,en,60,2026-04-28T12:27:56.952955+00:00
gfxload,telegramchannels,channel,3,Art & Design,en,61,2026-04-28T12:27:56.952957+00:00
cgvizartist,telegramchannels,channel,3,Art & Design,en,62,2026-04-28T12:27:56.952960+00:00
themegrizzly,telegramchannels,channel,3,Art & Design,en,63,2026-04-28T12:27:56.952963+00:00
ai_artz,telegramchannels,channel,3,Art & Design,en,64,2026-04-28T12:27:56.952966+00:00
readymag_official,telegramchannels,channel,3,Art & Design,en,65,2026-04-28T12:27:56.952969+00:00
doodlebyayuzan,telegramchannels,channel,3,Art & Design,en,66,2026-04-28T12:27:56.952973+00:00
easyinteriordesign,telegramchannels,channel,3,Art & Design,en,67,2026-04-28T12:27:56.952976+00:00
smartgraphicss,telegramchannels,channel,3,Art & Design,en,68,2026-04-28T12:27:56.952979+00:00
aiartsgalleryanime,telegramchannels,channel,3,Art & Design,en,69,2026-04-28T12:27:56.952982+00:00
hadidcraft,telegramchannels,channel,3,Art & Design,en,70,2026-04-28T12:27:56.952985+00:00
canvacore,telegramchannels,channel,3,Art & Design,en,71,2026-04-28T12:27:56.952988+00:00
archivdesign,telegramchannels,channel,3,Art & Design,en,72,2026-04-28T12:27:56.952991+00:00
aiartsgallery,telegramchannels,channel,3,Art & Design,en,73,2026-04-28T12:27:56.952994+00:00
vanillatg,telegramchannels,channel,3,Art & Design,en,74,2026-04-28T12:27:56.952997+00:00
pfff_wall,telegramchannels,channel,3,Art & Design,en,75,2026-04-28T12:27:56.953000+00:00
freevectorsillustrations,telegramchannels,channel,3,Art & Design,en,76,2026-04-28T12:27:56.953003+00:00
pveditingvicky,telegramchannels,channel,3,Art & Design,en,77,2026-04-28T12:27:56.953006+00:00
artplanet,telegramchannels,channel,3,Art & Design,en,78,2026-04-28T12:27:56.953010+00:00
mnmappareldesign,telegramchannels,channel,3,Art & Design,en,79,2026-04-28T12:27:56.953012+00:00
amoled,telegramchannels,channel,3,Art & Design,en,80,2026-04-28T12:27:56.953016+00:00
subordinate_me,telegramchannels,channel,3,Art & Design,en,81,2026-04-28T12:27:56.953019+00:00
boomcatalogue,telegramchannels,channel,3,Art & Design,en,82,2026-04-28T12:27:56.953022+00:00
sexual_ai,telegramchannels,channel,3,Art & Design,en,83,2026-04-28T12:27:56.953025+00:00
image,telegramchannels,channel,3,Art & Design,en,84,2026-04-28T12:27:56.953027+00:00
animeart,telegramchannels,channel,3,Art & Design,en,85,2026-04-28T12:27:56.953030+00:00
laxman_photos,telegramchannels,channel,3,Art & Design,en,86,2026-04-28T12:27:56.953033+00:00
uai_freepik,telegramchannels,channel,3,Art & Design,en,87,2026-04-28T12:27:56.953036+00:00
adobefiles,telegramchannels,channel,3,Art & Design,en,88,2026-04-28T12:27:56.953039+00:00
sparkleplaces,telegramchannels,channel,3,Art & Design,en,89,2026-04-28T12:27:56.953042+00:00
deepvisions,telegramchannels,channel,3,Art & Design,en,90,2026-04-28T12:27:56.953045+00:00
pizzapp_design,telegramchannels,channel,3,Art & Design,en,91,2026-04-28T12:27:56.953048+00:00
koleksitemplateaenprmy,telegramchannels,channel,3,Art & Design,en,92,2026-04-28T12:27:56.953051+00:00
aifantasymodels,telegramchannels,channel,3,Art & Design,en,93,2026-04-28T12:27:56.953054+00:00
art_exposition,telegramchannels,channel,3,Art & Design,en,94,2026-04-28T12:27:56.953057+00:00
ui_mosaic,telegramchannels,channel,3,Art & Design,en,95,2026-04-28T12:27:56.953060+00:00
canvapteamlink,telegramchannels,channel,3,Art & Design,en,96,2026-04-28T12:27:56.953063+00:00
poka_picture,telegramchannels,channel,3,Art & Design,en,97,2026-04-28T12:27:56.953066+00:00
tasu_channel,telegramchannels,channel,3,Art & Design,en,98,2026-04-28T12:27:56.953069+00:00
behance1,telegramchannels,channel,3,Art & Design,en,99,2026-04-28T12:27:56.953072+00:00
modernarchdesign,telegramchannels,channel,3,Art & Design,en,100,2026-04-28T12:27:56.953075+00:00
nigusgraphics12,telegramchannels,channel,3,Art & Design,en,101,2026-04-28T12:27:56.953077+00:00
chbaluch,telegramchannels,channel,3,Art & Design,en,102,2026-04-28T12:27:56.953080+00:00
beautyyy011,telegramchannels,channel,3,Art & Design,en,103,2026-04-28T12:27:56.953083+00:00
dailychannels,telegramchannels,channel,3,Art & Design,en,104,2026-04-28T12:27:56.953088+00:00
sgmrt,telegramchannels,channel,4,Auto & Moto,en,1,2026-04-28T12:28:11.716105+00:00
revheadcrypto,telegramchannels,channel,4,Auto & Moto,en,2,2026-04-28T12:28:11.716114+00:00
vehicles_stl,telegramchannels,channel,4,Auto & Moto,en,3,2026-04-28T12:28:11.716117+00:00
rideaddis,telegramchannels,channel,4,Auto & Moto,en,7,2026-04-28T12:28:11.716135+00:00
mercedesbenzcompany,telegramchannels,channel,4,Auto & Moto,en,8,2026-04-28T12:28:11.716138+00:00
fiaformula1,telegramchannels,channel,4,Auto & Moto,en,9,2026-04-28T12:28:11.716142+00:00
carnewd,telegramchannels,channel,4,Auto & Moto,en,10,2026-04-28T12:28:11.716145+00:00
vextoken,telegramchannels,channel,4,Auto & Moto,en,11,2026-04-28T12:28:11.716149+00:00
rydedriverofficial,telegramchannels,channel,4,Auto & Moto,en,12,2026-04-28T12:28:11.716152+00:00
bmwcompany,telegramchannels,channel,4,Auto & Moto,en,13,2026-04-28T12:28:11.716155+00:00
porschecompany,telegramchannels,channel,4,Auto & Moto,en,14,2026-04-28T12:28:11.716158+00:00
lamborghinicompany,telegramchannels,channel,4,Auto & Moto,en,15,2026-04-28T12:28:11.716161+00:00
fdataan,telegramchannels,channel,4,Auto & Moto,en,16,2026-04-28T12:28:11.716164+00:00
volkswagencompany,telegramchannels,channel,4,Auto & Moto,en,17,2026-04-28T12:28:11.716168+00:00
evehicleinfo,telegramchannels,channel,4,Auto & Moto,en,18,2026-04-28T12:28:11.716171+00:00
brandnew_cars,telegramchannels,channel,4,Auto & Moto,en,19,2026-04-28T12:28:11.716174+00:00
ferraricompany,telegramchannels,channel,4,Auto & Moto,en,20,2026-04-28T12:28:11.716177+00:00
thepetrolhead,telegramchannels,channel,4,Auto & Moto,en,21,2026-04-28T12:28:11.716180+00:00
kaki_motors,telegramchannels,channel,4,Auto & Moto,en,22,2026-04-28T12:28:11.716183+00:00
motolife,telegramchannels,channel,4,Auto & Moto,en,23,2026-04-28T12:28:11.716186+00:00
autosnation,telegramchannels,channel,4,Auto & Moto,en,24,2026-04-28T12:28:11.716189+00:00
teslamotorsuk,telegramchannels,channel,4,Auto & Moto,en,25,2026-04-28T12:28:11.716192+00:00
automobile_news1,telegramchannels,channel,4,Auto & Moto,en,26,2026-04-28T12:28:11.716196+00:00
carnewsworld0,telegramchannels,channel,4,Auto & Moto,en,27,2026-04-28T12:28:11.716199+00:00
wildvids,telegramchannels,channel,4,Auto & Moto,en,28,2026-04-28T12:28:11.716202+00:00
supercarscontent,telegramchannels,channel,4,Auto & Moto,en,29,2026-04-28T12:28:11.716205+00:00
carmaxmarket,telegramchannels,channel,4,Auto & Moto,en,30,2026-04-28T12:28:11.716208+00:00
mrwhosetheadmin,telegramchannels,channel,4,Auto & Moto,en,31,2026-04-28T12:28:11.716211+00:00
auto_techlife,telegramchannels,channel,4,Auto & Moto,en,32,2026-04-28T12:28:11.716214+00:00
bikeforsaleonline,telegramchannels,channel,4,Auto & Moto,en,33,2026-04-28T12:28:11.716217+00:00
bespokegroup,telegramchannels,channel,4,Auto & Moto,en,34,2026-04-28T12:28:11.716221+00:00
adt_global_plc,telegramchannels,channel,4,Auto & Moto,en,35,2026-04-28T12:28:11.716223+00:00
speedarchiveauto,telegramchannels,channel,4,Auto & Moto,en,36,2026-04-28T12:28:11.716227+00:00
bestsupercar,telegramchannels,channel,4,Auto & Moto,en,37,2026-04-28T12:28:11.716230+00:00
hdharleyparts,telegramchannels,channel,4,Auto & Moto,en,38,2026-04-28T12:28:11.716233+00:00
fordparts0023,telegramchannels,channel,4,Auto & Moto,en,39,2026-04-28T12:28:11.716236+00:00
dailybreakingnews,telegramchannels,channel,4,Auto & Moto,en,40,2026-04-28T12:28:11.716239+00:00
dammiejonesrides,telegramchannels,channel,4,Auto & Moto,en,41,2026-04-28T12:28:11.716242+00:00
bansheerides,telegramchannels,channel,4,Auto & Moto,en,42,2026-04-28T12:28:11.716245+00:00
dailychannels,telegramchannels,channel,4,Auto & Moto,en,43,2026-04-28T12:28:11.716250+00:00
whalesports_big_bets,telegramchannels,channel,33,Betting,en,1,2026-04-28T12:28:25.295943+00:00
bet1swiv,telegramchannels,channel,33,Betting,en,2,2026-04-28T12:28:25.295950+00:00
whalesports,telegramchannels,channel,33,Betting,en,3,2026-04-28T12:28:25.295954+00:00
anon_club,telegramchannels,channel,33,Betting,en,7,2026-04-28T12:28:25.295972+00:00
europeanfixedmatchesservicess,telegramchannels,channel,33,Betting,en,8,2026-04-28T12:28:25.295975+00:00
freakbets,telegramchannels,channel,33,Betting,en,9,2026-04-28T12:28:25.295978+00:00
tipstoodds,telegramchannels,channel,33,Betting,en,10,2026-04-28T12:28:25.295981+00:00
sportsbook_1xbit,telegramchannels,channel,33,Betting,en,11,2026-04-28T12:28:25.295984+00:00
trickpicksfree,telegramchannels,channel,33,Betting,en,12,2026-04-28T12:28:25.295987+00:00
pokerist_club,telegramchannels,channel,33,Betting,en,13,2026-04-28T12:28:25.295990+00:00
yrlbets,telegramchannels,channel,33,Betting,en,14,2026-04-28T12:28:25.295993+00:00
bet365_betting_tips1,telegramchannels,channel,33,Betting,en,15,2026-04-28T12:28:25.295996+00:00
zyromod,telegramchannels,channel,33,Betting,en,16,2026-04-28T12:28:25.295999+00:00
play_7bitcasino,telegramchannels,channel,33,Betting,en,17,2026-04-28T12:28:25.296002+00:00
predictoggg,telegramchannels,channel,33,Betting,en,18,2026-04-28T12:28:25.296005+00:00
chaingameofficial,telegramchannels,channel,33,Betting,en,19,2026-04-28T12:28:25.296008+00:00
europefixedmatchservics,telegramchannels,channel,33,Betting,en,20,2026-04-28T12:28:25.296011+00:00
news_1x_partners,telegramchannels,channel,33,Betting,en,21,2026-04-28T12:28:25.296014+00:00
tipsnbapicks,telegramchannels,channel,33,Betting,en,22,2026-04-28T12:28:25.296017+00:00
focuspredict,telegramchannels,channel,33,Betting,en,23,2026-04-28T12:28:25.296020+00:00
ai_bets_tips,telegramchannels,channel,33,Betting,en,24,2026-04-28T12:28:25.296023+00:00
melbet,telegramchannels,channel,33,Betting,en,25,2026-04-28T12:28:25.296026+00:00
bettingtipsman,telegramchannels,channel,33,Betting,en,26,2026-04-28T12:28:25.296029+00:00
tg_casinocommunity,telegramchannels,channel,33,Betting,en,27,2026-04-28T12:28:25.296034+00:00
onlineoddshere,telegramchannels,channel,33,Betting,en,28,2026-04-28T12:28:25.296037+00:00
sport_bets_analyst,telegramchannels,channel,33,Betting,en,29,2026-04-28T12:28:25.296040+00:00
dydbetting,telegramchannels,channel,33,Betting,en,30,2026-04-28T12:28:25.296043+00:00
betting_bet365n,telegramchannels,channel,33,Betting,en,31,2026-04-28T12:28:25.296047+00:00
surefixedmatches111,telegramchannels,channel,33,Betting,en,32,2026-04-28T12:28:25.296050+00:00
mystakepromotions,telegramchannels,channel,33,Betting,en,33,2026-04-28T12:28:25.296053+00:00
uk_fixxed_matches,telegramchannels,channel,33,Betting,en,34,2026-04-28T12:28:25.296056+00:00
ibettingxx,telegramchannels,channel,33,Betting,en,35,2026-04-28T12:28:25.296059+00:00
apuestas_bet365,telegramchannels,channel,33,Betting,en,36,2026-04-28T12:28:25.296063+00:00
xpertfreetips,telegramchannels,channel,33,Betting,en,37,2026-04-28T12:28:25.296066+00:00
roobetcom,telegramchannels,channel,33,Betting,en,38,2026-04-28T12:28:25.296069+00:00
soccervista_official,telegramchannels,channel,33,Betting,en,39,2026-04-28T12:28:25.296072+00:00
thebossofbetting,telegramchannels,channel,33,Betting,en,40,2026-04-28T12:28:25.296075+00:00
btipsking,telegramchannels,channel,33,Betting,en,41,2026-04-28T12:28:25.296078+00:00
assuredpredictionschannel,telegramchannels,channel,33,Betting,en,42,2026-04-28T12:28:25.296081+00:00
christophersgamble,telegramchannels,channel,33,Betting,en,43,2026-04-28T12:28:25.296084+00:00
toss_match_session_prediction,telegramchannels,channel,33,Betting,en,44,2026-04-28T12:28:25.296087+00:00
gutmanbetting,telegramchannels,channel,33,Betting,en,45,2026-04-28T12:28:25.296090+00:00
free_play07,telegramchannels,channel,33,Betting,en,46,2026-04-28T12:28:25.296093+00:00
sport_bets_analystt,telegramchannels,channel,33,Betting,en,47,2026-04-28T12:28:25.296097+00:00
feedinco,telegramchannels,channel,33,Betting,en,48,2026-04-28T12:28:25.296099+00:00
msportofficial,telegramchannels,channel,33,Betting,en,49,2026-04-28T12:28:25.296102+00:00
mrtip1,telegramchannels,channel,33,Betting,en,50,2026-04-28T12:28:25.296105+00:00
senatips,telegramchannels,channel,33,Betting,en,51,2026-04-28T12:28:25.296108+00:00
marketload57,telegramchannels,channel,33,Betting,en,52,2026-04-28T12:28:25.296111+00:00
gullybet,telegramchannels,channel,33,Betting,en,53,2026-04-28T12:28:25.296114+00:00
kamillionbets,telegramchannels,channel,33,Betting,en,54,2026-04-28T12:28:25.296117+00:00
sportybetke1,telegramchannels,channel,33,Betting,en,55,2026-04-28T12:28:25.296120+00:00
fixed_games_mafia,telegramchannels,channel,33,Betting,en,56,2026-04-28T12:28:25.296124+00:00
betting_fixed_matches_darkweb,telegramchannels,channel,33,Betting,en,57,2026-04-28T12:28:25.296127+00:00
free_bets_tips_football_sure,telegramchannels,channel,33,Betting,en,58,2026-04-28T12:28:25.296130+00:00
tipstersdiarychannel,telegramchannels,channel,33,Betting,en,59,2026-04-28T12:28:25.296133+00:00
ultimatepoker_io,telegramchannels,channel,33,Betting,en,60,2026-04-28T12:28:25.296136+00:00
dailywiningmatches,telegramchannels,channel,33,Betting,en,61,2026-04-28T12:28:25.296139+00:00
atwoe,telegramchannels,channel,33,Betting,en,62,2026-04-28T12:28:25.296142+00:00
trade_4_all,telegramchannels,channel,33,Betting,en,63,2026-04-28T12:28:25.296145+00:00
bet9japrotips,telegramchannels,channel,33,Betting,en,64,2026-04-28T12:28:25.296148+00:00
bet1xbethub,telegramchannels,channel,33,Betting,en,65,2026-04-28T12:28:25.296151+00:00
europewiningmatches,telegramchannels,channel,33,Betting,en,66,2026-04-28T12:28:25.296154+00:00
betpandaofficial,telegramchannels,channel,33,Betting,en,67,2026-04-28T12:28:25.296157+00:00
bet365matchess,telegramchannels,channel,33,Betting,en,68,2026-04-28T12:28:25.296160+00:00
bettingfixer,telegramchannels,channel,33,Betting,en,69,2026-04-28T12:28:25.296163+00:00
sadhukipaathshala,telegramchannels,channel,33,Betting,en,70,2026-04-28T12:28:25.296166+00:00
m7bets,telegramchannels,channel,33,Betting,en,71,2026-04-28T12:28:25.296169+00:00
correctoddsdailywin,telegramchannels,channel,33,Betting,en,72,2026-04-28T12:28:25.296172+00:00
bet251,telegramchannels,channel,33,Betting,en,73,2026-04-28T12:28:25.296175+00:00
bettinggod06,telegramchannels,channel,33,Betting,en,74,2026-04-28T12:28:25.296178+00:00
betcitygreatwins,telegramchannels,channel,33,Betting,en,75,2026-04-28T12:28:25.296181+00:00
zodiac_bet,telegramchannels,channel,33,Betting,en,76,2026-04-28T12:28:25.296184+00:00
fixedbettingeu,telegramchannels,channel,33,Betting,en,77,2026-04-28T12:28:25.296187+00:00
bettingdawg,telegramchannels,channel,33,Betting,en,78,2026-04-28T12:28:25.296190+00:00
fixinsider,telegramchannels,channel,33,Betting,en,79,2026-04-28T12:28:25.296194+00:00
binaryfreesignalspro,telegramchannels,channel,33,Betting,en,80,2026-04-28T12:28:25.296197+00:00
free2oddschannel,telegramchannels,channel,33,Betting,en,81,2026-04-28T12:28:25.296200+00:00
betfaircomm,telegramchannels,channel,33,Betting,en,82,2026-04-28T12:28:25.296203+00:00
topcoeff,telegramchannels,channel,33,Betting,en,83,2026-04-28T12:28:25.296206+00:00
surebetsarena,telegramchannels,channel,33,Betting,en,84,2026-04-28T12:28:25.296209+00:00
spongebets,telegramchannels,channel,33,Betting,en,85,2026-04-28T12:28:25.296211+00:00
pinnspy,telegramchannels,channel,33,Betting,en,86,2026-04-28T12:28:25.296214+00:00
sportybetexpert1,telegramchannels,channel,33,Betting,en,87,2026-04-28T12:28:25.296217+00:00
europefixedmatchebetway,telegramchannels,channel,33,Betting,en,88,2026-04-28T12:28:25.296220+00:00
usbets,telegramchannels,channel,33,Betting,en,89,2026-04-28T12:28:25.296223+00:00
bet365_1xbet_fixedmatch,telegramchannels,channel,33,Betting,en,90,2026-04-28T12:28:25.296226+00:00
betinvestmentips,telegramchannels,channel,33,Betting,en,91,2026-04-28T12:28:25.296229+00:00
bettorsignalscom,telegramchannels,channel,33,Betting,en,92,2026-04-28T12:28:25.296232+00:00
aiautomatedbetting,telegramchannels,channel,33,Betting,en,93,2026-04-28T12:28:25.296235+00:00
wisebetorg,telegramchannels,channel,33,Betting,en,94,2026-04-28T12:28:25.296238+00:00
godlike_tips,telegramchannels,channel,33,Betting,en,95,2026-04-28T12:28:25.296241+00:00
resellbetslord,telegramchannels,channel,33,Betting,en,96,2026-04-28T12:28:25.296244+00:00
byignazio,telegramchannels,channel,33,Betting,en,97,2026-04-28T12:28:25.296247+00:00
suresafe_2oddsdaily,telegramchannels,channel,33,Betting,en,98,2026-04-28T12:28:25.296250+00:00
cryptosportstips,telegramchannels,channel,33,Betting,en,99,2026-04-28T12:28:25.296253+00:00
satyabook,telegramchannels,channel,33,Betting,en,100,2026-04-28T12:28:25.296256+00:00
bet365sportybet,telegramchannels,channel,33,Betting,en,101,2026-04-28T12:28:25.296259+00:00
pablobettingesport,telegramchannels,channel,33,Betting,en,102,2026-04-28T12:28:25.296262+00:00
ultrabets2025,telegramchannels,channel,33,Betting,en,103,2026-04-28T12:28:25.296265+00:00
dailychannels,telegramchannels,channel,33,Betting,en,104,2026-04-28T12:28:25.296270+00:00
s1mplegod123,telegramchannels,channel,5,Blogs,en,1,2026-04-28T12:28:43.670749+00:00
zhiga,telegramchannels,channel,5,Blogs,en,2,2026-04-28T12:28:43.670757+00:00
evaelfie_life,telegramchannels,channel,5,Blogs,en,3,2026-04-28T12:28:43.670760+00:00
pilotblog,telegramchannels,channel,5,Blogs,en,7,2026-04-28T12:28:43.670779+00:00
codemonkeyz,telegramchannels,channel,5,Blogs,en,8,2026-04-28T12:28:43.670782+00:00
kblive,telegramchannels,channel,5,Blogs,en,9,2026-04-28T12:28:43.670785+00:00
drsimonegold,telegramchannels,channel,5,Blogs,en,10,2026-04-28T12:28:43.670789+00:00
mahipalrathore,telegramchannels,channel,5,Blogs,en,11,2026-04-28T12:28:43.670792+00:00
sophiexdt,telegramchannels,channel,5,Blogs,en,12,2026-04-28T12:28:43.670795+00:00
dailyjwaller,telegramchannels,channel,5,Blogs,en,13,2026-04-28T12:28:43.670798+00:00
confession_room,telegramchannels,channel,5,Blogs,en,14,2026-04-28T12:28:43.670801+00:00
tracybeanzofficial,telegramchannels,channel,5,Blogs,en,15,2026-04-28T12:28:43.670805+00:00
nikly_nikly,telegramchannels,channel,5,Blogs,en,16,2026-04-28T12:28:43.670808+00:00
valentivitell,telegramchannels,channel,5,Blogs,en,17,2026-04-28T12:28:43.670811+00:00
psychologicall,telegramchannels,channel,5,Blogs,en,18,2026-04-28T12:28:43.670815+00:00
httpcoachvine,telegramchannels,channel,5,Blogs,en,19,2026-04-28T12:28:43.670818+00:00
mikebara33,telegramchannels,channel,5,Blogs,en,20,2026-04-28T12:28:43.670821+00:00
bondiboysclub,telegramchannels,channel,5,Blogs,en,21,2026-04-28T12:28:43.670824+00:00
joerogan1,telegramchannels,channel,5,Blogs,en,22,2026-04-28T12:28:43.670827+00:00
depressionnote,telegramchannels,channel,5,Blogs,en,23,2026-04-28T12:28:43.670830+00:00
amequities,telegramchannels,channel,5,Blogs,en,24,2026-04-28T12:28:43.670833+00:00
lukestorey,telegramchannels,channel,5,Blogs,en,25,2026-04-28T12:28:43.670835+00:00
mukharlyamov,telegramchannels,channel,5,Blogs,en,26,2026-04-28T12:28:43.670838+00:00
nativeamericanchat,telegramchannels,channel,5,Blogs,en,27,2026-04-28T12:28:43.670841+00:00
antijulsss,telegramchannels,channel,5,Blogs,en,28,2026-04-28T12:28:43.670844+00:00
unfazed_topg,telegramchannels,channel,5,Blogs,en,29,2026-04-28T12:28:43.670847+00:00
natlydenise,telegramchannels,channel,5,Blogs,en,30,2026-04-28T12:28:43.670850+00:00
writewinger,telegramchannels,channel,5,Blogs,en,31,2026-04-28T12:28:43.670853+00:00
mediumcom,telegramchannels,channel,5,Blogs,en,32,2026-04-28T12:28:43.670856+00:00
clickhelp_technicalwritingblog,telegramchannels,channel,5,Blogs,en,33,2026-04-28T12:28:43.670859+00:00
thewayofgood,telegramchannels,channel,5,Blogs,en,34,2026-04-28T12:28:43.670862+00:00
hustle365,telegramchannels,channel,5,Blogs,en,35,2026-04-28T12:28:43.670865+00:00
hitricksofficial,telegramchannels,channel,5,Blogs,en,36,2026-04-28T12:28:43.670868+00:00
necjar,telegramchannels,channel,5,Blogs,en,37,2026-04-28T12:28:43.670871+00:00
dh_jeyqpflk0zdmy,telegramchannels,channel,5,Blogs,en,38,2026-04-28T12:28:43.670874+00:00
egorcentric,telegramchannels,channel,5,Blogs,en,39,2026-04-28T12:28:43.670879+00:00
pensivist,telegramchannels,channel,5,Blogs,en,40,2026-04-28T12:28:43.670881+00:00
lifeinhimministries,telegramchannels,channel,5,Blogs,en,41,2026-04-28T12:28:43.670885+00:00
phyolleus,telegramchannels,channel,5,Blogs,en,42,2026-04-28T12:28:43.670888+00:00
nusnote,telegramchannels,channel,5,Blogs,en,43,2026-04-28T12:28:43.670891+00:00
shegerish,telegramchannels,channel,5,Blogs,en,44,2026-04-28T12:28:43.670894+00:00
delhiheart,telegramchannels,channel,5,Blogs,en,45,2026-04-28T12:28:43.670896+00:00
curiously_curious,telegramchannels,channel,5,Blogs,en,46,2026-04-28T12:28:43.670900+00:00
akazeka,telegramchannels,channel,5,Blogs,en,47,2026-04-28T12:28:43.670903+00:00
backtolight1,telegramchannels,channel,5,Blogs,en,48,2026-04-28T12:28:43.670906+00:00
bloggingvians,telegramchannels,channel,5,Blogs,en,49,2026-04-28T12:28:43.670909+00:00
coffeefount,telegramchannels,channel,5,Blogs,en,50,2026-04-28T12:28:43.670912+00:00
dailychannels,telegramchannels,channel,5,Blogs,en,51,2026-04-28T12:28:43.670917+00:00
ebookroom,telegramchannels,channel,6,Books & Magazine,en,1,2026-04-28T12:28:59.891973+00:00
zlibrary_official,telegramchannels,channel,6,Books & Magazine,en,2,2026-04-28T12:28:59.891981+00:00
bookshub25,telegramchannels,channel,6,Books & Magazine,en,3,2026-04-28T12:28:59.891984+00:00
novels_english_books_magazines,telegramchannels,channel,6,Books & Magazine,en,7,2026-04-28T12:28:59.892003+00:00
books,telegramchannels,channel,6,Books & Magazine,en,8,2026-04-28T12:28:59.892006+00:00
audiobooksarchive,telegramchannels,channel,6,Books & Magazine,en,9,2026-04-28T12:28:59.892009+00:00
booksmania,telegramchannels,channel,6,Books & Magazine,en,10,2026-04-28T12:28:59.892012+00:00
thebestaudible,telegramchannels,channel,6,Books & Magazine,en,11,2026-04-28T12:28:59.892015+00:00
books_khazana,telegramchannels,channel,6,Books & Magazine,en,12,2026-04-28T12:28:59.892019+00:00
greatest_audiobooks,telegramchannels,channel,6,Books & Magazine,en,13,2026-04-28T12:28:59.892022+00:00
pdfbookschannel,telegramchannels,channel,6,Books & Magazine,en,14,2026-04-28T12:28:59.892025+00:00
anesthesia_books,telegramchannels,channel,6,Books & Magazine,en,15,2026-04-28T12:28:59.892029+00:00
progerbooks,telegramchannels,channel,6,Books & Magazine,en,16,2026-04-28T12:28:59.892031+00:00
freebook_hub,telegramchannels,channel,6,Books & Magazine,en,17,2026-04-28T12:28:59.892035+00:00
spirituallibrary,telegramchannels,channel,6,Books & Magazine,en,18,2026-04-28T12:28:59.892038+00:00
embedded_library,telegramchannels,channel,6,Books & Magazine,en,19,2026-04-28T12:28:59.892041+00:00
readallmanga,telegramchannels,channel,6,Books & Magazine,en,20,2026-04-28T12:28:59.892044+00:00
packtpubfreelearning,telegramchannels,channel,6,Books & Magazine,en,21,2026-04-28T12:28:59.892047+00:00
islamicbookshelf,telegramchannels,channel,6,Books & Magazine,en,22,2026-04-28T12:28:59.892050+00:00
english_novels_stories,telegramchannels,channel,6,Books & Magazine,en,23,2026-04-28T12:28:59.892053+00:00
ebooks_audiobooks_library,telegramchannels,channel,6,Books & Magazine,en,24,2026-04-28T12:28:59.892057+00:00
sololevelingeng,telegramchannels,channel,6,Books & Magazine,en,25,2026-04-28T12:28:59.892060+00:00
stockpustak,telegramchannels,channel,6,Books & Magazine,en,26,2026-04-28T12:28:59.892063+00:00
englishmanga,telegramchannels,channel,6,Books & Magazine,en,27,2026-04-28T12:28:59.892066+00:00
inspiredhome,telegramchannels,channel,6,Books & Magazine,en,28,2026-04-28T12:28:59.892070+00:00
booksbunch,telegramchannels,channel,6,Books & Magazine,en,29,2026-04-28T12:28:59.892072+00:00
anybooklovers,telegramchannels,channel,6,Books & Magazine,en,30,2026-04-28T12:28:59.892076+00:00
magazines4all,telegramchannels,channel,6,Books & Magazine,en,31,2026-04-28T12:28:59.892079+00:00
library,telegramchannels,channel,6,Books & Magazine,en,32,2026-04-28T12:28:59.892081+00:00
comicspidey,telegramchannels,channel,6,Books & Magazine,en,33,2026-04-28T12:28:59.892084+00:00
freeebookshub,telegramchannels,channel,6,Books & Magazine,en,34,2026-04-28T12:28:59.892087+00:00
mbbshere,telegramchannels,channel,6,Books & Magazine,en,35,2026-04-28T12:28:59.892090+00:00
lifechangingbook,telegramchannels,channel,6,Books & Magazine,en,36,2026-04-28T12:28:59.892094+00:00
ebooksenglish,telegramchannels,channel,6,Books & Magazine,en,37,2026-04-28T12:28:59.892097+00:00
inspiringbooks,telegramchannels,channel,6,Books & Magazine,en,38,2026-04-28T12:28:59.892099+00:00
crimestoryy,telegramchannels,channel,6,Books & Magazine,en,39,2026-04-28T12:28:59.892102+00:00
storiesinenglish,telegramchannels,channel,6,Books & Magazine,en,40,2026-04-28T12:28:59.892106+00:00
readersdigestofficial,telegramchannels,channel,6,Books & Magazine,en,41,2026-04-28T12:28:59.892109+00:00
ebookskindle,telegramchannels,channel,6,Books & Magazine,en,42,2026-04-28T12:28:59.892112+00:00
english_reading,telegramchannels,channel,6,Books & Magazine,en,43,2026-04-28T12:28:59.892115+00:00
selfhelpbooksbooki,telegramchannels,channel,6,Books & Magazine,en,44,2026-04-28T12:28:59.892118+00:00
coloringbookspdf,telegramchannels,channel,6,Books & Magazine,en,45,2026-04-28T12:28:59.892122+00:00
books4brain,telegramchannels,channel,6,Books & Magazine,en,46,2026-04-28T12:28:59.892125+00:00
comicavengers,telegramchannels,channel,6,Books & Magazine,en,47,2026-04-28T12:28:59.892128+00:00
africalib,telegramchannels,channel,6,Books & Magazine,en,48,2026-04-28T12:28:59.892131+00:00
medicalebo,telegramchannels,channel,6,Books & Magazine,en,49,2026-04-28T12:28:59.892134+00:00
arthutchannel,telegramchannels,channel,6,Books & Magazine,en,50,2026-04-28T12:28:59.892137+00:00
growersebooks,telegramchannels,channel,6,Books & Magazine,en,51,2026-04-28T12:28:59.892140+00:00
e_publication,telegramchannels,channel,6,Books & Magazine,en,52,2026-04-28T12:28:59.892143+00:00
islamicbooksfordownload,telegramchannels,channel,6,Books & Magazine,en,53,2026-04-28T12:28:59.892146+00:00
abolbookstore,telegramchannels,channel,6,Books & Magazine,en,54,2026-04-28T12:28:59.892149+00:00
daily_books,telegramchannels,channel,6,Books & Magazine,en,55,2026-04-28T12:28:59.892152+00:00
afkebooks_medical,telegramchannels,channel,6,Books & Magazine,en,56,2026-04-28T12:28:59.892155+00:00
thunderscores,telegramchannels,channel,6,Books & Magazine,en,57,2026-04-28T12:28:59.892158+00:00
bookshouse,telegramchannels,channel,6,Books & Magazine,en,58,2026-04-28T12:28:59.892161+00:00
tcgdeals,telegramchannels,channel,6,Books & Magazine,en,59,2026-04-28T12:28:59.892165+00:00
books_and_beyond,telegramchannels,channel,6,Books & Magazine,en,60,2026-04-28T12:28:59.892168+00:00
electroniclibrarys,telegramchannels,channel,6,Books & Magazine,en,61,2026-04-28T12:28:59.892171+00:00
boookhouse,telegramchannels,channel,6,Books & Magazine,en,62,2026-04-28T12:28:59.892174+00:00
self_helpbooks,telegramchannels,channel,6,Books & Magazine,en,63,2026-04-28T12:28:59.892177+00:00
priceactionforexebook,telegramchannels,channel,6,Books & Magazine,en,64,2026-04-28T12:28:59.892180+00:00
astrophysicsbooks,telegramchannels,channel,6,Books & Magazine,en,65,2026-04-28T12:28:59.892184+00:00
bestbookstolearnenglish,telegramchannels,channel,6,Books & Magazine,en,66,2026-04-28T12:28:59.892187+00:00
awkwardyeti,telegramchannels,channel,6,Books & Magazine,en,67,2026-04-28T12:28:59.892190+00:00
book_excerpts,telegramchannels,channel,6,Books & Magazine,en,68,2026-04-28T12:28:59.892193+00:00
mj_resources,telegramchannels,channel,6,Books & Magazine,en,69,2026-04-28T12:28:59.892196+00:00
theeducationmagazine,telegramchannels,channel,6,Books & Magazine,en,70,2026-04-28T12:28:59.892199+00:00
bookoffersamazon,telegramchannels,channel,6,Books & Magazine,en,71,2026-04-28T12:28:59.892202+00:00
xlitehub,telegramchannels,channel,6,Books & Magazine,en,72,2026-04-28T12:28:59.892205+00:00
imxgshi,telegramchannels,channel,6,Books & Magazine,en,73,2026-04-28T12:28:59.892208+00:00
dailychannels,telegramchannels,channel,6,Books & Magazine,en,74,2026-04-28T12:28:59.892213+00:00
venture_tg,telegramchannels,channel,7,Business & Startups,en,1,2026-04-28T12:29:15.117410+00:00
startupsi,telegramchannels,channel,7,Business & Startups,en,2,2026-04-28T12:29:15.117420+00:00
laborx,telegramchannels,channel,7,Business & Startups,en,3,2026-04-28T12:29:15.117423+00:00
programmer,telegramchannels,channel,7,Business & Startups,en,7,2026-04-28T12:29:15.117447+00:00
remotejobss,telegramchannels,channel,7,Business & Startups,en,8,2026-04-28T12:29:15.117450+00:00
sgparttimers,telegramchannels,channel,7,Business & Startups,en,9,2026-04-28T12:29:15.117454+00:00
maroset,telegramchannels,channel,7,Business & Startups,en,10,2026-04-28T12:29:15.117457+00:00
ethiopianbusinessdaily,telegramchannels,channel,7,Business & Startups,en,11,2026-04-28T12:29:15.117460+00:00
jobs_in_europ,telegramchannels,channel,7,Business & Startups,en,12,2026-04-28T12:29:15.117463+00:00
liteforex,telegramchannels,channel,7,Business & Startups,en,13,2026-04-28T12:29:15.117466+00:00
qatar_jobs_channel,telegramchannels,channel,7,Business & Startups,en,14,2026-04-28T12:29:15.117469+00:00
jobsingoa,telegramchannels,channel,7,Business & Startups,en,15,2026-04-28T12:29:15.117472+00:00
jobs_in_european_countries,telegramchannels,channel,7,Business & Startups,en,16,2026-04-28T12:29:15.117476+00:00
indicatorsmt5mt4signal,telegramchannels,channel,7,Business & Startups,en,17,2026-04-28T12:29:15.117479+00:00
trickymarketing,telegramchannels,channel,7,Business & Startups,en,18,2026-04-28T12:29:15.117482+00:00
millionaire_process,telegramchannels,channel,7,Business & Startups,en,19,2026-04-28T12:29:15.117485+00:00
financialabundance,telegramchannels,channel,7,Business & Startups,en,20,2026-04-28T12:29:15.117489+00:00
werkwerksg,telegramchannels,channel,7,Business & Startups,en,21,2026-04-28T12:29:15.117492+00:00
indeed_jobs_usa,telegramchannels,channel,7,Business & Startups,en,22,2026-04-28T12:29:15.117495+00:00
venturevillagewall,telegramchannels,channel,7,Business & Startups,en,23,2026-04-28T12:29:15.117498+00:00
questhireahero,telegramchannels,channel,7,Business & Startups,en,24,2026-04-28T12:29:15.117501+00:00
internsg,telegramchannels,channel,7,Business & Startups,en,25,2026-04-28T12:29:15.117504+00:00
startups,telegramchannels,channel,7,Business & Startups,en,26,2026-04-28T12:29:15.117507+00:00
ezlinksg,telegramchannels,channel,7,Business & Startups,en,27,2026-04-28T12:29:15.117510+00:00
innmind,telegramchannels,channel,7,Business & Startups,en,28,2026-04-28T12:29:15.117513+00:00
findmyremote_frontend,telegramchannels,channel,7,Business & Startups,en,29,2026-04-28T12:29:15.117516+00:00
volatalityindices,telegramchannels,channel,7,Business & Startups,en,30,2026-04-28T12:29:15.117519+00:00
business_ideas_free_content,telegramchannels,channel,7,Business & Startups,en,31,2026-04-28T12:29:15.117522+00:00
upworkprofilepro,telegramchannels,channel,7,Business & Startups,en,32,2026-04-28T12:29:15.117525+00:00
indeed_jobs_dubai,telegramchannels,channel,7,Business & Startups,en,33,2026-04-28T12:29:15.117529+00:00
forexrobottrader2019,telegramchannels,channel,7,Business & Startups,en,34,2026-04-28T12:29:15.117532+00:00
remotejobalerts,telegramchannels,channel,7,Business & Startups,en,35,2026-04-28T12:29:15.117535+00:00
freelanceworldwiide,telegramchannels,channel,7,Business & Startups,en,36,2026-04-28T12:29:15.117538+00:00
product_manager_diary,telegramchannels,channel,7,Business & Startups,en,37,2026-04-28T12:29:15.117541+00:00
lmmo19,telegramchannels,channel,7,Business & Startups,en,38,2026-04-28T12:29:15.117544+00:00
gosharey01,telegramchannels,channel,7,Business & Startups,en,39,2026-04-28T12:29:15.117547+00:00
ipjobs,telegramchannels,channel,7,Business & Startups,en,40,2026-04-28T12:29:15.117550+00:00
businessdailynew,telegramchannels,channel,7,Business & Startups,en,41,2026-04-28T12:29:15.117553+00:00
thebusinessmentor,telegramchannels,channel,7,Business & Startups,en,42,2026-04-28T12:29:15.117557+00:00
findmyremote_writing,telegramchannels,channel,7,Business & Startups,en,43,2026-04-28T12:29:15.117560+00:00
digitalcashhub,telegramchannels,channel,7,Business & Startups,en,44,2026-04-28T12:29:15.117563+00:00
findmyremote_backend,telegramchannels,channel,7,Business & Startups,en,45,2026-04-28T12:29:15.117566+00:00
shegahq,telegramchannels,channel,7,Business & Startups,en,46,2026-04-28T12:29:15.117569+00:00
findmyremote_fullstack,telegramchannels,channel,7,Business & Startups,en,47,2026-04-28T12:29:15.117572+00:00
toolslifetime,telegramchannels,channel,7,Business & Startups,en,48,2026-04-28T12:29:15.117575+00:00
ecomtoday_global,telegramchannels,channel,7,Business & Startups,en,49,2026-04-28T12:29:15.117578+00:00
paypal_cashapp_amazongc_onlyfans,telegramchannels,channel,7,Business & Startups,en,50,2026-04-28T12:29:15.117581+00:00
tate_andrew,telegramchannels,channel,7,Business & Startups,en,51,2026-04-28T12:29:15.117584+00:00
innercircletrader_ict,telegramchannels,channel,7,Business & Startups,en,52,2026-04-28T12:29:15.117587+00:00
script_maker_official,telegramchannels,channel,7,Business & Startups,en,53,2026-04-28T12:29:15.117591+00:00
business_quotes_inspirations,telegramchannels,channel,7,Business & Startups,en,54,2026-04-28T12:29:15.117594+00:00
brainfueldaily,telegramchannels,channel,7,Business & Startups,en,55,2026-04-28T12:29:15.117598+00:00
desamoyebiz,telegramchannels,channel,7,Business & Startups,en,56,2026-04-28T12:29:15.117601+00:00
equityintradayprofits,telegramchannels,channel,7,Business & Startups,en,57,2026-04-28T12:29:15.117604+00:00
cnbusinessforum,telegramchannels,channel,7,Business & Startups,en,58,2026-04-28T12:29:15.117607+00:00
binarytrading2020,telegramchannels,channel,7,Business & Startups,en,59,2026-04-28T12:29:15.117610+00:00
work_at_home_jobs,telegramchannels,channel,7,Business & Startups,en,60,2026-04-28T12:29:15.117613+00:00
vahidchaychi,telegramchannels,channel,7,Business & Startups,en,61,2026-04-28T12:29:15.117616+00:00
legit_update_global,telegramchannels,channel,7,Business & Startups,en,62,2026-04-28T12:29:15.117620+00:00
mega14,telegramchannels,channel,7,Business & Startups,en,63,2026-04-28T12:29:15.117623+00:00
wifimoneyonline,telegramchannels,channel,7,Business & Startups,en,64,2026-04-28T12:29:15.117626+00:00
numidaloans,telegramchannels,channel,7,Business & Startups,en,65,2026-04-28T12:29:15.117628+00:00
curveapp,telegramchannels,channel,7,Business & Startups,en,66,2026-04-28T12:29:15.117632+00:00
businessforcompanies,telegramchannels,channel,7,Business & Startups,en,67,2026-04-28T12:29:15.117635+00:00
starlingbank,telegramchannels,channel,7,Business & Startups,en,68,2026-04-28T12:29:15.117638+00:00
earn_much_without_invest,telegramchannels,channel,7,Business & Startups,en,69,2026-04-28T12:29:15.117641+00:00
doublegram_news,telegramchannels,channel,7,Business & Startups,en,70,2026-04-28T12:29:15.117644+00:00
entrepreneurs_corner,telegramchannels,channel,7,Business & Startups,en,71,2026-04-28T12:29:15.117647+00:00
kkcryptotrader,telegramchannels,channel,7,Business & Startups,en,72,2026-04-28T12:29:15.117650+00:00
officialdanielheldchannel,telegramchannels,channel,7,Business & Startups,en,73,2026-04-28T12:29:15.117653+00:00
marketsunriserss,telegramchannels,channel,7,Business & Startups,en,74,2026-04-28T12:29:15.117656+00:00
entrepreneurshome,telegramchannels,channel,7,Business & Startups,en,75,2026-04-28T12:29:15.117659+00:00
containersavailableforsale,telegramchannels,channel,7,Business & Startups,en,76,2026-04-28T12:29:15.117662+00:00
keydifferencemedia,telegramchannels,channel,7,Business & Startups,en,77,2026-04-28T12:29:15.117665+00:00
freelancejobupdates,telegramchannels,channel,7,Business & Startups,en,78,2026-04-28T12:29:15.117668+00:00
simpletrickz,telegramchannels,channel,7,Business & Startups,en,79,2026-04-28T12:29:15.117671+00:00
crude_trader,telegramchannels,channel,7,Business & Startups,en,80,2026-04-28T12:29:15.117674+00:00
instakhojo,telegramchannels,channel,7,Business & Startups,en,81,2026-04-28T12:29:15.117677+00:00
foxplayers,telegramchannels,channel,7,Business & Startups,en,82,2026-04-28T12:29:15.117680+00:00
amway_entrepreneurship,telegramchannels,channel,7,Business & Startups,en,83,2026-04-28T12:29:15.117683+00:00
global_internetfortunes,telegramchannels,channel,7,Business & Startups,en,84,2026-04-28T12:29:15.117686+00:00
passivelywithjuliet,telegramchannels,channel,7,Business & Startups,en,85,2026-04-28T12:29:15.117689+00:00
gramguru,telegramchannels,channel,7,Business & Startups,en,86,2026-04-28T12:29:15.117691+00:00
dimitriswealthdiary,telegramchannels,channel,7,Business & Startups,en,87,2026-04-28T12:29:15.117694+00:00
business_lucrative_marketing,telegramchannels,channel,7,Business & Startups,en,88,2026-04-28T12:29:15.117697+00:00
dailychannels,telegramchannels,channel,7,Business & Startups,en,89,2026-04-28T12:29:15.117702+00:00
sidneypowell,telegramchannels,channel,8,Celebrities,en,1,2026-04-28T12:29:29.913019+00:00
durov,telegramchannels,channel,8,Celebrities,en,2,2026-04-28T12:29:29.913028+00:00
stevencrowder,telegramchannels,channel,8,Celebrities,en,3,2026-04-28T12:29:29.913031+00:00
milliebobbybrown_hot,telegramchannels,channel,8,Celebrities,en,7,2026-04-28T12:29:29.913049+00:00
leehsienloong,telegramchannels,channel,8,Celebrities,en,8,2026-04-28T12:29:29.913052+00:00
dua_lipa1,telegramchannels,channel,8,Celebrities,en,9,2026-04-28T12:29:29.913055+00:00
shakira,telegramchannels,channel,8,Celebrities,en,10,2026-04-28T12:29:29.913058+00:00
bangtanb,telegramchannels,channel,8,Celebrities,en,11,2026-04-28T12:29:29.913061+00:00
jennaortegachanel,telegramchannels,channel,8,Celebrities,en,12,2026-04-28T12:29:29.913064+00:00
selena_fanclub,telegramchannels,channel,8,Celebrities,en,13,2026-04-28T12:29:29.913068+00:00
hollywood,telegramchannels,channel,8,Celebrities,en,14,2026-04-28T12:29:29.913071+00:00
scarlett_fc,telegramchannels,channel,8,Celebrities,en,15,2026-04-28T12:29:29.913074+00:00
jloversjlo,telegramchannels,channel,8,Celebrities,en,16,2026-04-28T12:29:29.913077+00:00
billieeilishgallery,telegramchannels,channel,8,Celebrities,en,17,2026-04-28T12:29:29.913080+00:00
bgma_channel,telegramchannels,channel,8,Celebrities,en,18,2026-04-28T12:29:29.913083+00:00
hollywoodclubtg,telegramchannels,channel,8,Celebrities,en,19,2026-04-28T12:29:29.913087+00:00
pfff_ellie,telegramchannels,channel,8,Celebrities,en,20,2026-04-28T12:29:29.913090+00:00
asiangirlsbeingcute,telegramchannels,channel,8,Celebrities,en,21,2026-04-28T12:29:29.913093+00:00
zaynmalikthings,telegramchannels,channel,8,Celebrities,en,22,2026-04-28T12:29:29.913096+00:00
swifties,telegramchannels,channel,8,Celebrities,en,23,2026-04-28T12:29:29.913099+00:00
emmawatsonchan,telegramchannels,channel,8,Celebrities,en,24,2026-04-28T12:29:29.913102+00:00
chloe_mortz,telegramchannels,channel,8,Celebrities,en,25,2026-04-28T12:29:29.913105+00:00
elonmusktwitter,telegramchannels,channel,8,Celebrities,en,26,2026-04-28T12:29:29.913108+00:00
dylanbounce,telegramchannels,channel,8,Celebrities,en,27,2026-04-28T12:29:29.913111+00:00
keanureeveslives,telegramchannels,channel,8,Celebrities,en,28,2026-04-28T12:29:29.913114+00:00
thebrentonthwaites,telegramchannels,channel,8,Celebrities,en,29,2026-04-28T12:29:29.913117+00:00
tatemain,telegramchannels,channel,8,Celebrities,en,30,2026-04-28T12:29:29.913120+00:00
dailychannels,telegramchannels,channel,8,Celebrities,en,31,2026-04-28T12:29:29.913125+00:00
facebook_dating_account1,telegramchannels,channel,35,Communication,en,1,2026-04-28T12:29:46.806853+00:00
grupuriromanesti,telegramchannels,channel,35,Communication,en,2,2026-04-28T12:29:46.806861+00:00
melbournefreedomrallyupdates,telegramchannels,channel,35,Communication,en,3,2026-04-28T12:29:46.806864+00:00
dabslinks,telegramchannels,channel,35,Communication,en,7,2026-04-28T12:29:46.806882+00:00
qozij,telegramchannels,channel,35,Communication,en,8,2026-04-28T12:29:46.806885+00:00
meilleurdufoot,telegramchannels,channel,35,Communication,en,9,2026-04-28T12:29:46.806888+00:00
earth_decentralised,telegramchannels,channel,35,Communication,en,10,2026-04-28T12:29:46.806892+00:00
dailychannels,telegramchannels,channel,35,Communication,en,11,2026-04-28T12:29:46.806897+00:00
zoo_story,telegramchannels,channel,41,Crypto Airdrop,en,1,2026-04-28T12:30:00.225613+00:00
bits_channel_official,telegramchannels,channel,41,Crypto Airdrop,en,2,2026-04-28T12:30:00.225622+00:00
tonkombatofficial,telegramchannels,channel,41,Crypto Airdrop,en,3,2026-04-28T12:30:00.225625+00:00
airdropfindteam,telegramchannels,channel,41,Crypto Airdrop,en,7,2026-04-28T12:30:00.225643+00:00
airdrop_fam,telegramchannels,channel,41,Crypto Airdrop,en,8,2026-04-28T12:30:00.225646+00:00
geminstitute,telegramchannels,channel,41,Crypto Airdrop,en,9,2026-04-28T12:30:00.225649+00:00
joinroko,telegramchannels,channel,41,Crypto Airdrop,en,10,2026-04-28T12:30:00.225652+00:00
thezencoin,telegramchannels,channel,41,Crypto Airdrop,en,11,2026-04-28T12:30:00.225655+00:00
drop_cryptogo,telegramchannels,channel,41,Crypto Airdrop,en,12,2026-04-28T12:30:00.225658+00:00
owlslabs,telegramchannels,channel,41,Crypto Airdrop,en,13,2026-04-28T12:30:00.225661+00:00
spell_wallet,telegramchannels,channel,41,Crypto Airdrop,en,14,2026-04-28T12:30:00.225664+00:00
airdrop6officialchannel,telegramchannels,channel,41,Crypto Airdrop,en,15,2026-04-28T12:30:00.225668+00:00
kittyverse_ai,telegramchannels,channel,41,Crypto Airdrop,en,16,2026-04-28T12:30:00.225671+00:00
airdropdetective,telegramchannels,channel,41,Crypto Airdrop,en,17,2026-04-28T12:30:00.225674+00:00
mnemonicsann,telegramchannels,channel,41,Crypto Airdrop,en,18,2026-04-28T12:30:00.225677+00:00
airdrop,telegramchannels,channel,41,Crypto Airdrop,en,19,2026-04-28T12:30:00.225680+00:00
raiding_party,telegramchannels,channel,41,Crypto Airdrop,en,20,2026-04-28T12:30:00.225683+00:00
staffonlygame,telegramchannels,channel,41,Crypto Airdrop,en,21,2026-04-28T12:30:00.225686+00:00
drops_on_hot,telegramchannels,channel,41,Crypto Airdrop,en,22,2026-04-28T12:30:00.225689+00:00
tearline_news,telegramchannels,channel,41,Crypto Airdrop,en,23,2026-04-28T12:30:00.225693+00:00
airdropinspector,telegramchannels,channel,41,Crypto Airdrop,en,24,2026-04-28T12:30:00.225696+00:00
preton_eng,telegramchannels,channel,41,Crypto Airdrop,en,25,2026-04-28T12:30:00.225699+00:00
tonairdrop_en,telegramchannels,channel,41,Crypto Airdrop,en,26,2026-04-28T12:30:00.225702+00:00
airdropfind,telegramchannels,channel,41,Crypto Airdrop,en,27,2026-04-28T12:30:00.225705+00:00
tongoldminer,telegramchannels,channel,41,Crypto Airdrop,en,28,2026-04-28T12:30:00.225708+00:00
mrairdropteam,telegramchannels,channel,41,Crypto Airdrop,en,29,2026-04-28T12:30:00.225711+00:00
immortal_airdrops,telegramchannels,channel,41,Crypto Airdrop,en,30,2026-04-28T12:30:00.225714+00:00
toncapital_official,telegramchannels,channel,41,Crypto Airdrop,en,31,2026-04-28T12:30:00.225718+00:00
airdrop365official,telegramchannels,channel,41,Crypto Airdrop,en,32,2026-04-28T12:30:00.225721+00:00
tonpartyann,telegramchannels,channel,41,Crypto Airdrop,en,33,2026-04-28T12:30:00.225723+00:00
pokeyquestgame,telegramchannels,channel,41,Crypto Airdrop,en,34,2026-04-28T12:30:00.225727+00:00
smashquest,telegramchannels,channel,41,Crypto Airdrop,en,35,2026-04-28T12:30:00.225729+00:00
airdropssearching,telegramchannels,channel,41,Crypto Airdrop,en,36,2026-04-28T12:30:00.225732+00:00
bittonapp,telegramchannels,channel,41,Crypto Airdrop,en,37,2026-04-28T12:30:00.225735+00:00
airdropo,telegramchannels,channel,41,Crypto Airdrop,en,38,2026-04-28T12:30:00.225738+00:00
else_app,telegramchannels,channel,41,Crypto Airdrop,en,39,2026-04-28T12:30:00.225741+00:00
easy_busy_eng,telegramchannels,channel,41,Crypto Airdrop,en,40,2026-04-28T12:30:00.225744+00:00
tonevents_en,telegramchannels,channel,41,Crypto Airdrop,en,41,2026-04-28T12:30:00.225747+00:00
airdropstar,telegramchannels,channel,41,Crypto Airdrop,en,42,2026-04-28T12:30:00.225750+00:00
habitnetwork,telegramchannels,channel,41,Crypto Airdrop,en,43,2026-04-28T12:30:00.225753+00:00
airdropgoldchannel,telegramchannels,channel,41,Crypto Airdrop,en,44,2026-04-28T12:30:00.225756+00:00
airdropcomic,telegramchannels,channel,41,Crypto Airdrop,en,45,2026-04-28T12:30:00.225759+00:00
piggypiggyofficial,telegramchannels,channel,41,Crypto Airdrop,en,46,2026-04-28T12:30:00.225762+00:00
airdropbard,telegramchannels,channel,41,Crypto Airdrop,en,47,2026-04-28T12:30:00.225765+00:00
airdrop_presents,telegramchannels,channel,41,Crypto Airdrop,en,48,2026-04-28T12:30:00.225768+00:00
toncoin_rap,telegramchannels,channel,41,Crypto Airdrop,en,49,2026-04-28T12:30:00.225771+00:00
officialairdroppro,telegramchannels,channel,41,Crypto Airdrop,en,50,2026-04-28T12:30:00.225774+00:00
drgems_official,telegramchannels,channel,41,Crypto Airdrop,en,51,2026-04-28T12:30:00.225777+00:00
cryptoeraeng,telegramchannels,channel,41,Crypto Airdrop,en,52,2026-04-28T12:30:00.225779+00:00
airdropsnoopdogg,telegramchannels,channel,41,Crypto Airdrop,en,53,2026-04-28T12:30:00.225782+00:00
eloncryptoairdrops,telegramchannels,channel,41,Crypto Airdrop,en,54,2026-04-28T12:30:00.225786+00:00
airdropking_news,telegramchannels,channel,41,Crypto Airdrop,en,55,2026-04-28T12:30:00.225789+00:00
cryptokanishkchaudharypremium,telegramchannels,channel,41,Crypto Airdrop,en,56,2026-04-28T12:30:00.225792+00:00
bpay_official_channel,telegramchannels,channel,41,Crypto Airdrop,en,57,2026-04-28T12:30:00.225795+00:00
robincoin_community,telegramchannels,channel,41,Crypto Airdrop,en,58,2026-04-28T12:30:00.225798+00:00
genopetsannouncements,telegramchannels,channel,41,Crypto Airdrop,en,59,2026-04-28T12:30:00.225801+00:00
cryptowonton,telegramchannels,channel,41,Crypto Airdrop,en,60,2026-04-28T12:30:00.225804+00:00
masterprotocol_news,telegramchannels,channel,41,Crypto Airdrop,en,61,2026-04-28T12:30:00.225807+00:00
legit365airdropss,telegramchannels,channel,41,Crypto Airdrop,en,62,2026-04-28T12:30:00.225810+00:00
tu_airdrop_daily,telegramchannels,channel,41,Crypto Airdrop,en,63,2026-04-28T12:30:00.225814+00:00
blumgap,telegramchannels,channel,41,Crypto Airdrop,en,64,2026-04-28T12:30:00.225817+00:00
xempirecombodaily1,telegramchannels,channel,41,Crypto Airdrop,en,65,2026-04-28T12:30:00.225820+00:00
moneygurudigi,telegramchannels,channel,41,Crypto Airdrop,en,66,2026-04-28T12:30:00.225823+00:00
refhunter,telegramchannels,channel,41,Crypto Airdrop,en,67,2026-04-28T12:30:00.225826+00:00
godwm_crypto,telegramchannels,channel,41,Crypto Airdrop,en,68,2026-04-28T12:30:00.225829+00:00
farmfrens,telegramchannels,channel,41,Crypto Airdrop,en,69,2026-04-28T12:30:00.225832+00:00
airdrops_io,telegramchannels,channel,41,Crypto Airdrop,en,70,2026-04-28T12:30:00.225835+00:00
airdrop_signa,telegramchannels,channel,41,Crypto Airdrop,en,71,2026-04-28T12:30:00.225838+00:00
icospeaksnews,telegramchannels,channel,41,Crypto Airdrop,en,72,2026-04-28T12:30:00.225841+00:00
legitairdrops010,telegramchannels,channel,41,Crypto Airdrop,en,73,2026-04-28T12:30:00.225844+00:00
bitgenienews,telegramchannels,channel,41,Crypto Airdrop,en,74,2026-04-28T12:30:00.225847+00:00
freecoins24,telegramchannels,channel,41,Crypto Airdrop,en,75,2026-04-28T12:30:00.225850+00:00
geniusairdropsss,telegramchannels,channel,41,Crypto Airdrop,en,76,2026-04-28T12:30:00.225852+00:00
cyberchargeannouncements,telegramchannels,channel,41,Crypto Airdrop,en,77,2026-04-28T12:30:00.225855+00:00
centralchanel,telegramchannels,channel,41,Crypto Airdrop,en,78,2026-04-28T12:30:00.225859+00:00
cryptofightnews,telegramchannels,channel,41,Crypto Airdrop,en,79,2026-04-28T12:30:00.225862+00:00
airdropauditors,telegramchannels,channel,41,Crypto Airdrop,en,80,2026-04-28T12:30:00.225865+00:00
airdropofficial7,telegramchannels,channel,41,Crypto Airdrop,en,81,2026-04-28T12:30:00.225868+00:00
bestico,telegramchannels,channel,41,Crypto Airdrop,en,82,2026-04-28T12:30:00.225870+00:00
airdropsgun,telegramchannels,channel,41,Crypto Airdrop,en,83,2026-04-28T12:30:00.225873+00:00
airdropstrikers,telegramchannels,channel,41,Crypto Airdrop,en,84,2026-04-28T12:30:00.225876+00:00
officiallatestairdrop,telegramchannels,channel,41,Crypto Airdrop,en,85,2026-04-28T12:30:00.225879+00:00
airdrop_market_pro_news,telegramchannels,channel,41,Crypto Airdrop,en,86,2026-04-28T12:30:00.225882+00:00
alpha_updates,telegramchannels,channel,41,Crypto Airdrop,en,87,2026-04-28T12:30:00.225885+00:00
airdrop_nft1,telegramchannels,channel,41,Crypto Airdrop,en,88,2026-04-28T12:30:00.225888+00:00
bscidolauncher,telegramchannels,channel,41,Crypto Airdrop,en,89,2026-04-28T12:30:00.225891+00:00
airdrop_market_pro,telegramchannels,channel,41,Crypto Airdrop,en,90,2026-04-28T12:30:00.225894+00:00
ieopools,telegramchannels,channel,41,Crypto Airdrop,en,91,2026-04-28T12:30:00.225896+00:00
cryptosamuraicat,telegramchannels,channel,41,Crypto Airdrop,en,92,2026-04-28T12:30:00.225899+00:00
bestmarketingchanel,telegramchannels,channel,41,Crypto Airdrop,en,93,2026-04-28T12:30:00.225902+00:00
freecryptoairdropbitcoin,telegramchannels,channel,41,Crypto Airdrop,en,94,2026-04-28T12:30:00.225905+00:00
airdropmetal,telegramchannels,channel,41,Crypto Airdrop,en,95,2026-04-28T12:30:00.225908+00:00
gemifaucet,telegramchannels,channel,41,Crypto Airdrop,en,96,2026-04-28T12:30:00.225911+00:00
uangdrop,telegramchannels,channel,41,Crypto Airdrop,en,97,2026-04-28T12:30:00.225915+00:00
cryptomixer_news,telegramchannels,channel,41,Crypto Airdrop,en,98,2026-04-28T12:30:00.225918+00:00
airdropreconops,telegramchannels,channel,41,Crypto Airdrop,en,99,2026-04-28T12:30:00.225921+00:00
swift_airdrops,telegramchannels,channel,41,Crypto Airdrop,en,100,2026-04-28T12:30:00.225924+00:00
airdropp_io,telegramchannels,channel,41,Crypto Airdrop,en,101,2026-04-28T12:30:00.225927+00:00
free_airdrop_nn,telegramchannels,channel,41,Crypto Airdrop,en,102,2026-04-28T12:30:00.225930+00:00
cryptolaunchers,telegramchannels,channel,41,Crypto Airdrop,en,103,2026-04-28T12:30:00.225932+00:00
dailychannels,telegramchannels,channel,41,Crypto Airdrop,en,104,2026-04-28T12:30:00.225938+00:00
cats_housewtf,telegramchannels,channel,9,Cryptocurrencies,en,1,2026-04-28T12:30:14.539246+00:00
memeficlub,telegramchannels,channel,9,Cryptocurrencies,en,2,2026-04-28T12:30:14.539254+00:00
tomarket_ai,telegramchannels,channel,9,Cryptocurrencies,en,3,2026-04-28T12:30:14.539257+00:00
dogs_community,telegramchannels,channel,9,Cryptocurrencies,en,7,2026-04-28T12:30:14.539275+00:00
w_community,telegramchannels,channel,9,Cryptocurrencies,en,8,2026-04-28T12:30:14.539278+00:00
toncoin,telegramchannels,channel,9,Cryptocurrencies,en,9,2026-04-28T12:30:14.539281+00:00
theyescoin,telegramchannels,channel,9,Cryptocurrencies,en,10,2026-04-28T12:30:14.539284+00:00
baks_ton,telegramchannels,channel,9,Cryptocurrencies,en,11,2026-04-28T12:30:14.539286+00:00
timefarmchannel,telegramchannels,channel,9,Cryptocurrencies,en,12,2026-04-28T12:30:14.539289+00:00
degens_community,telegramchannels,channel,9,Cryptocurrencies,en,13,2026-04-28T12:30:14.539292+00:00
realgoats_channel,telegramchannels,channel,9,Cryptocurrencies,en,14,2026-04-28T12:30:14.539295+00:00
bums_official,telegramchannels,channel,9,Cryptocurrencies,en,15,2026-04-28T12:30:14.539298+00:00
activitylauncher_offical,telegramchannels,channel,9,Cryptocurrencies,en,16,2026-04-28T12:30:14.539301+00:00
tonkeeper_news,telegramchannels,channel,9,Cryptocurrencies,en,17,2026-04-28T12:30:14.539304+00:00
notpixel_channel,telegramchannels,channel,9,Cryptocurrencies,en,18,2026-04-28T12:30:14.539307+00:00
duckchainann,telegramchannels,channel,9,Cryptocurrencies,en,19,2026-04-28T12:30:14.539311+00:00
buzzitton,telegramchannels,channel,9,Cryptocurrencies,en,20,2026-04-28T12:30:14.539314+00:00
rockyrabbitio,telegramchannels,channel,9,Cryptocurrencies,en,21,2026-04-28T12:30:14.539317+00:00
okxwalletannouncement,telegramchannels,channel,9,Cryptocurrencies,en,22,2026-04-28T12:30:14.539320+00:00
binance_announcements,telegramchannels,channel,9,Cryptocurrencies,en,23,2026-04-28T12:30:14.539323+00:00
crypto_blockchain_coin_stock_new,telegramchannels,channel,9,Cryptocurrencies,en,24,2026-04-28T12:30:14.539326+00:00
sergeisergienkoen,telegramchannels,channel,9,Cryptocurrencies,en,25,2026-04-28T12:30:14.539329+00:00
token_1win,telegramchannels,channel,9,Cryptocurrencies,en,26,2026-04-28T12:30:14.539332+00:00
hayzonn,telegramchannels,channel,9,Cryptocurrencies,en,27,2026-04-28T12:30:14.539335+00:00
popcorn_today,telegramchannels,channel,9,Cryptocurrencies,en,28,2026-04-28T12:30:14.539338+00:00
app301,telegramchannels,channel,9,Cryptocurrencies,en,29,2026-04-28T12:30:14.539341+00:00
thememetimes,telegramchannels,channel,9,Cryptocurrencies,en,30,2026-04-28T12:30:14.539343+00:00
dogiators,telegramchannels,channel,9,Cryptocurrencies,en,31,2026-04-28T12:30:14.539346+00:00
cexio_announcements,telegramchannels,channel,9,Cryptocurrencies,en,32,2026-04-28T12:30:14.539349+00:00
boinkersnews,telegramchannels,channel,9,Cryptocurrencies,en,33,2026-04-28T12:30:14.539353+00:00
fintopionews,telegramchannels,channel,9,Cryptocurrencies,en,34,2026-04-28T12:30:14.539356+00:00
mememe,telegramchannels,channel,9,Cryptocurrencies,en,35,2026-04-28T12:30:14.539359+00:00
xdaoapp,telegramchannels,channel,9,Cryptocurrencies,en,36,2026-04-28T12:30:14.539362+00:00
memeslabxyz,telegramchannels,channel,9,Cryptocurrencies,en,37,2026-04-28T12:30:14.539365+00:00
coinmarket,telegramchannels,channel,9,Cryptocurrencies,en,38,2026-04-28T12:30:14.539368+00:00
hash_cats,telegramchannels,channel,9,Cryptocurrencies,en,39,2026-04-28T12:30:14.539371+00:00
alexnosleep,telegramchannels,channel,9,Cryptocurrencies,en,40,2026-04-28T12:30:14.539373+00:00
tomo_cat,telegramchannels,channel,9,Cryptocurrencies,en,41,2026-04-28T12:30:14.539376+00:00
pigscrew,telegramchannels,channel,9,Cryptocurrencies,en,42,2026-04-28T12:30:14.539380+00:00
pepefrogbar,telegramchannels,channel,9,Cryptocurrencies,en,43,2026-04-28T12:30:14.539382+00:00
tongotchicrypto,telegramchannels,channel,9,Cryptocurrencies,en,44,2026-04-28T12:30:14.539385+00:00
the_vertus,telegramchannels,channel,9,Cryptocurrencies,en,45,2026-04-28T12:30:14.539388+00:00
crypto_jokker,telegramchannels,channel,9,Cryptocurrencies,en,46,2026-04-28T12:30:14.539391+00:00
tabi_ann,telegramchannels,channel,9,Cryptocurrencies,en,47,2026-04-28T12:30:14.539394+00:00
matchain_fam,telegramchannels,channel,9,Cryptocurrencies,en,48,2026-04-28T12:30:14.539397+00:00
catia_announcement,telegramchannels,channel,9,Cryptocurrencies,en,49,2026-04-28T12:30:14.539400+00:00
hexnio,telegramchannels,channel,9,Cryptocurrencies,en,50,2026-04-28T12:30:14.539403+00:00
learn2earnings,telegramchannels,channel,9,Cryptocurrencies,en,51,2026-04-28T12:30:14.539406+00:00
farmfrog,telegramchannels,channel,9,Cryptocurrencies,en,52,2026-04-28T12:30:14.539409+00:00
grafunmeme,telegramchannels,channel,9,Cryptocurrencies,en,53,2026-04-28T12:30:14.539412+00:00
avagoldcoin,telegramchannels,channel,9,Cryptocurrencies,en,54,2026-04-28T12:30:14.539415+00:00
the_ratskingdom,telegramchannels,channel,9,Cryptocurrencies,en,55,2026-04-28T12:30:14.539418+00:00
pocketfi,telegramchannels,channel,9,Cryptocurrencies,en,56,2026-04-28T12:30:14.539426+00:00
onus_globalchannel,telegramchannels,channel,9,Cryptocurrencies,en,57,2026-04-28T12:30:14.539431+00:00
thefreedogs_ann,telegramchannels,channel,9,Cryptocurrencies,en,58,2026-04-28T12:30:14.539434+00:00
ponchiqs,telegramchannels,channel,9,Cryptocurrencies,en,59,2026-04-28T12:30:14.539437+00:00
meshchainai,telegramchannels,channel,9,Cryptocurrencies,en,60,2026-04-28T12:30:14.539440+00:00
cryp2day,telegramchannels,channel,9,Cryptocurrencies,en,61,2026-04-28T12:30:14.539443+00:00
nicegramapp,telegramchannels,channel,9,Cryptocurrencies,en,62,2026-04-28T12:30:14.539446+00:00
duckcoopchannel,telegramchannels,channel,9,Cryptocurrencies,en,63,2026-04-28T12:30:14.539449+00:00
boomloudcoin,telegramchannels,channel,9,Cryptocurrencies,en,64,2026-04-28T12:30:14.539452+00:00
cryptoboten,telegramchannels,channel,9,Cryptocurrencies,en,65,2026-04-28T12:30:14.539455+00:00
icebergen,telegramchannels,channel,9,Cryptocurrencies,en,66,2026-04-28T12:30:14.539458+00:00
crypto_insidderr,telegramchannels,channel,9,Cryptocurrencies,en,67,2026-04-28T12:30:14.539488+00:00
benefactor0101,telegramchannels,channel,9,Cryptocurrencies,en,68,2026-04-28T12:30:14.539495+00:00
nomis_protocol,telegramchannels,channel,9,Cryptocurrencies,en,69,2026-04-28T12:30:14.539499+00:00
rating_community,telegramchannels,channel,9,Cryptocurrencies,en,70,2026-04-28T12:30:14.539502+00:00
tonski_eng,telegramchannels,channel,9,Cryptocurrencies,en,71,2026-04-28T12:30:14.539505+00:00
tonskiton,telegramchannels,channel,9,Cryptocurrencies,en,72,2026-04-28T12:30:14.539508+00:00
frendscoin,telegramchannels,channel,9,Cryptocurrencies,en,73,2026-04-28T12:30:14.539511+00:00
frens_news,telegramchannels,channel,9,Cryptocurrencies,en,74,2026-04-28T12:30:14.539514+00:00
gemswall,telegramchannels,channel,9,Cryptocurrencies,en,75,2026-04-28T12:30:14.539517+00:00
pilotdao,telegramchannels,channel,9,Cryptocurrencies,en,76,2026-04-28T12:30:14.539520+00:00
bfinancepay,telegramchannels,channel,9,Cryptocurrencies,en,77,2026-04-28T12:30:14.539522+00:00
wormfare,telegramchannels,channel,9,Cryptocurrencies,en,78,2026-04-28T12:30:14.539526+00:00
monorixofficial,telegramchannels,channel,9,Cryptocurrencies,en,79,2026-04-28T12:30:14.539529+00:00
tonraffles_en,telegramchannels,channel,9,Cryptocurrencies,en,80,2026-04-28T12:30:14.539532+00:00
tonapp,telegramchannels,channel,9,Cryptocurrencies,en,81,2026-04-28T12:30:14.539535+00:00
coffeesolmeme,telegramchannels,channel,9,Cryptocurrencies,en,82,2026-04-28T12:30:14.539538+00:00
bitget_announcements,telegramchannels,channel,9,Cryptocurrencies,en,83,2026-04-28T12:30:14.539541+00:00
avacoin_apps,telegramchannels,channel,9,Cryptocurrencies,en,84,2026-04-28T12:30:14.539544+00:00
iceblockchain,telegramchannels,channel,9,Cryptocurrencies,en,85,2026-04-28T12:30:14.539547+00:00
skate_app,telegramchannels,channel,9,Cryptocurrencies,en,86,2026-04-28T12:30:14.539550+00:00
deepsafe_official,telegramchannels,channel,9,Cryptocurrencies,en,87,2026-04-28T12:30:14.539553+00:00
alex_royce_btc,telegramchannels,channel,9,Cryptocurrencies,en,88,2026-04-28T12:30:14.539556+00:00
coubnews,telegramchannels,channel,9,Cryptocurrencies,en,89,2026-04-28T12:30:14.539559+00:00
tea_solmeme,telegramchannels,channel,9,Cryptocurrencies,en,90,2026-04-28T12:30:14.539561+00:00
richdoggame,telegramchannels,channel,9,Cryptocurrencies,en,91,2026-04-28T12:30:14.539564+00:00
midasrwa,telegramchannels,channel,9,Cryptocurrencies,en,92,2026-04-28T12:30:14.539567+00:00
notboredpuppies_news,telegramchannels,channel,9,Cryptocurrencies,en,93,2026-04-28T12:30:14.539570+00:00
tonbingoworld,telegramchannels,channel,9,Cryptocurrencies,en,94,2026-04-28T12:30:14.539573+00:00
naija_free,telegramchannels,channel,9,Cryptocurrencies,en,95,2026-04-28T12:30:14.539576+00:00
cedex_io,telegramchannels,channel,9,Cryptocurrencies,en,96,2026-04-28T12:30:14.539579+00:00
drops_tgcoin,telegramchannels,channel,9,Cryptocurrencies,en,97,2026-04-28T12:30:14.539582+00:00
bfd_coin,telegramchannels,channel,9,Cryptocurrencies,en,98,2026-04-28T12:30:14.539585+00:00
cryptolifebro,telegramchannels,channel,9,Cryptocurrencies,en,99,2026-04-28T12:30:14.539587+00:00
vanillafinancenews,telegramchannels,channel,9,Cryptocurrencies,en,100,2026-04-28T12:30:14.539590+00:00
sidekick_announcements,telegramchannels,channel,9,Cryptocurrencies,en,101,2026-04-28T12:30:14.539593+00:00
watersolmeme,telegramchannels,channel,9,Cryptocurrencies,en,102,2026-04-28T12:30:14.539596+00:00
pineye,telegramchannels,channel,9,Cryptocurrencies,en,103,2026-04-28T12:30:14.539598+00:00
dailychannels,telegramchannels,channel,9,Cryptocurrencies,en,104,2026-04-28T12:30:14.539603+00:00
bitget_wallet_announcement,telegramchannels,channel,42,Crypto & FX Trading,en,1,2026-04-28T12:30:28.772872+00:00
blumcrypto,telegramchannels,channel,42,Crypto & FX Trading,en,2,2026-04-28T12:30:28.772880+00:00
thearefcrypto,telegramchannels,channel,42,Crypto & FX Trading,en,3,2026-04-28T12:30:28.772883+00:00
futures,telegramchannels,channel,42,Crypto & FX Trading,en,7,2026-04-28T12:30:28.772901+00:00
cryptomemefoundation,telegramchannels,channel,42,Crypto & FX Trading,en,8,2026-04-28T12:30:28.772904+00:00
cryptohylos,telegramchannels,channel,42,Crypto & FX Trading,en,9,2026-04-28T12:30:28.772908+00:00
wavesnews,telegramchannels,channel,42,Crypto & FX Trading,en,10,2026-04-28T12:30:28.772911+00:00
xyro_io,telegramchannels,channel,42,Crypto & FX Trading,en,11,2026-04-28T12:30:28.772914+00:00
roasted_crypto,telegramchannels,channel,42,Crypto & FX Trading,en,12,2026-04-28T12:30:28.772917+00:00
cloutcoinsol,telegramchannels,channel,42,Crypto & FX Trading,en,13,2026-04-28T12:30:28.772920+00:00
storm_trade_news,telegramchannels,channel,42,Crypto & FX Trading,en,14,2026-04-28T12:30:28.772924+00:00
blombardsignal,telegramchannels,channel,42,Crypto & FX Trading,en,15,2026-04-28T12:30:28.772927+00:00
trading_crypto_signals_bitcoin,telegramchannels,channel,42,Crypto & FX Trading,en,16,2026-04-28T12:30:28.772930+00:00
stockideaofficial,telegramchannels,channel,42,Crypto & FX Trading,en,17,2026-04-28T12:30:28.772934+00:00
solana_millionaires,telegramchannels,channel,42,Crypto & FX Trading,en,18,2026-04-28T12:30:28.772937+00:00
slex_io,telegramchannels,channel,42,Crypto & FX Trading,en,19,2026-04-28T12:30:28.772940+00:00
sergehexn,telegramchannels,channel,42,Crypto & FX Trading,en,20,2026-04-28T12:30:28.772943+00:00
tradinggainx,telegramchannels,channel,42,Crypto & FX Trading,en,21,2026-04-28T12:30:28.772946+00:00
olymp_trade_signals_quotex,telegramchannels,channel,42,Crypto & FX Trading,en,22,2026-04-28T12:30:28.772949+00:00
notatradereng,telegramchannels,channel,42,Crypto & FX Trading,en,23,2026-04-28T12:30:28.772952+00:00
retoschneider,telegramchannels,channel,42,Crypto & FX Trading,en,24,2026-04-28T12:30:28.772955+00:00
vooi_app,telegramchannels,channel,42,Crypto & FX Trading,en,25,2026-04-28T12:30:28.772958+00:00
bybit_announcements,telegramchannels,channel,42,Crypto & FX Trading,en,26,2026-04-28T12:30:28.772962+00:00
odes_ai,telegramchannels,channel,42,Crypto & FX Trading,en,27,2026-04-28T12:30:28.772964+00:00
daytradertelugu,telegramchannels,channel,42,Crypto & FX Trading,en,28,2026-04-28T12:30:28.772968+00:00
d3x_crypto,telegramchannels,channel,42,Crypto & FX Trading,en,29,2026-04-28T12:30:28.772971+00:00
cryptovipsignalta,telegramchannels,channel,42,Crypto & FX Trading,en,30,2026-04-28T12:30:28.772974+00:00
next10xgem1,telegramchannels,channel,42,Crypto & FX Trading,en,31,2026-04-28T12:30:28.772977+00:00
poveldurev,telegramchannels,channel,42,Crypto & FX Trading,en,32,2026-04-28T12:30:28.772980+00:00
quotex_reviews,telegramchannels,channel,42,Crypto & FX Trading,en,33,2026-04-28T12:30:28.772983+00:00
ling_crypto,telegramchannels,channel,42,Crypto & FX Trading,en,34,2026-04-28T12:30:28.772987+00:00
crypto_bitcoin_pumps_signal,telegramchannels,channel,42,Crypto & FX Trading,en,35,2026-04-28T12:30:28.772990+00:00
celiaexchange,telegramchannels,channel,42,Crypto & FX Trading,en,36,2026-04-28T12:30:28.772994+00:00
easyforexpips,telegramchannels,channel,42,Crypto & FX Trading,en,37,2026-04-28T12:30:28.772997+00:00
not_a_trade,telegramchannels,channel,42,Crypto & FX Trading,en,38,2026-04-28T12:30:28.773000+00:00
f_crypto_pumps_l,telegramchannels,channel,42,Crypto & FX Trading,en,39,2026-04-28T12:30:28.773004+00:00
toptrades100,telegramchannels,channel,42,Crypto & FX Trading,en,40,2026-04-28T12:30:28.773007+00:00
shark_grp,telegramchannels,channel,42,Crypto & FX Trading,en,41,2026-04-28T12:30:28.773010+00:00
whalesguide,telegramchannels,channel,42,Crypto & FX Trading,en,42,2026-04-28T12:30:28.773014+00:00
crypto_pumps_btc,telegramchannels,channel,42,Crypto & FX Trading,en,43,2026-04-28T12:30:28.773017+00:00
trading_signals8,telegramchannels,channel,42,Crypto & FX Trading,en,44,2026-04-28T12:30:28.773020+00:00
volatility75_signals1,telegramchannels,channel,42,Crypto & FX Trading,en,45,2026-04-28T12:30:28.773023+00:00
wolfoftrading,telegramchannels,channel,42,Crypto & FX Trading,en,46,2026-04-28T12:30:28.773026+00:00
cryptoinnercircle,telegramchannels,channel,42,Crypto & FX Trading,en,47,2026-04-28T12:30:28.773029+00:00
fedrussianinsiders,telegramchannels,channel,42,Crypto & FX Trading,en,48,2026-04-28T12:30:28.773032+00:00
noiambillio_laurent,telegramchannels,channel,42,Crypto & FX Trading,en,49,2026-04-28T12:30:28.773036+00:00
the_cryptospy,telegramchannels,channel,42,Crypto & FX Trading,en,50,2026-04-28T12:30:28.773039+00:00
cryptoofficer,telegramchannels,channel,42,Crypto & FX Trading,en,51,2026-04-28T12:30:28.773042+00:00
xplusofficial,telegramchannels,channel,42,Crypto & FX Trading,en,52,2026-04-28T12:30:28.773045+00:00
forex_school_of_trades01,telegramchannels,channel,42,Crypto & FX Trading,en,53,2026-04-28T12:30:28.773048+00:00
forexfactorytrading1,telegramchannels,channel,42,Crypto & FX Trading,en,54,2026-04-28T12:30:28.773052+00:00
goldtradermo,telegramchannels,channel,42,Crypto & FX Trading,en,55,2026-04-28T12:30:28.773055+00:00
kowalskitrade,telegramchannels,channel,42,Crypto & FX Trading,en,56,2026-04-28T12:30:28.773057+00:00
xm_brokersignalsfx,telegramchannels,channel,42,Crypto & FX Trading,en,57,2026-04-28T12:30:28.773061+00:00
cc_crypto_tips,telegramchannels,channel,42,Crypto & FX Trading,en,58,2026-04-28T12:30:28.773064+00:00
fundfolio,telegramchannels,channel,42,Crypto & FX Trading,en,59,2026-04-28T12:30:28.773067+00:00
tradoor_io,telegramchannels,channel,42,Crypto & FX Trading,en,60,2026-04-28T12:30:28.773070+00:00
tradingtechstreet,telegramchannels,channel,42,Crypto & FX Trading,en,61,2026-04-28T12:30:28.773073+00:00
haydarcrypto,telegramchannels,channel,42,Crypto & FX Trading,en,62,2026-04-28T12:30:28.773076+00:00
forex_btcusd_signals,telegramchannels,channel,42,Crypto & FX Trading,en,63,2026-04-28T12:30:28.773079+00:00
blockchainwhispersbaby,telegramchannels,channel,42,Crypto & FX Trading,en,64,2026-04-28T12:30:28.773082+00:00
fxstreetforex,telegramchannels,channel,42,Crypto & FX Trading,en,65,2026-04-28T12:30:28.773085+00:00
ladyofcryptocommunity,telegramchannels,channel,42,Crypto & FX Trading,en,66,2026-04-28T12:30:28.773089+00:00
gtmo13,telegramchannels,channel,42,Crypto & FX Trading,en,67,2026-04-28T12:30:28.773092+00:00
kucoin_binance_pumps,telegramchannels,channel,42,Crypto & FX Trading,en,68,2026-04-28T12:30:28.773095+00:00
cryptoclubpump,telegramchannels,channel,42,Crypto & FX Trading,en,69,2026-04-28T12:30:28.773098+00:00
ict_theinnercircletrade,telegramchannels,channel,42,Crypto & FX Trading,en,70,2026-04-28T12:30:28.773101+00:00
lewiskellyforex_1,telegramchannels,channel,42,Crypto & FX Trading,en,71,2026-04-28T12:30:28.773105+00:00
infinity_crypto_signals,telegramchannels,channel,42,Crypto & FX Trading,en,72,2026-04-28T12:30:28.773108+00:00
doublegtrading,telegramchannels,channel,42,Crypto & FX Trading,en,73,2026-04-28T12:30:28.773111+00:00
cryptoninjastradingofficial1,telegramchannels,channel,42,Crypto & FX Trading,en,74,2026-04-28T12:30:28.773114+00:00
forexsignals,telegramchannels,channel,42,Crypto & FX Trading,en,75,2026-04-28T12:30:28.773117+00:00
btcusd_fx_ethusd,telegramchannels,channel,42,Crypto & FX Trading,en,76,2026-04-28T12:30:28.773120+00:00
crypto_pumps_binance,telegramchannels,channel,42,Crypto & FX Trading,en,77,2026-04-28T12:30:28.773123+00:00
airdropsalertteam,telegramchannels,channel,42,Crypto & FX Trading,en,78,2026-04-28T12:30:28.773127+00:00
tcgforyou,telegramchannels,channel,42,Crypto & FX Trading,en,79,2026-04-28T12:30:28.773130+00:00
crypto_billionaires_signal,telegramchannels,channel,42,Crypto & FX Trading,en,80,2026-04-28T12:30:28.773133+00:00
bullstar1,telegramchannels,channel,42,Crypto & FX Trading,en,81,2026-04-28T12:30:28.773136+00:00
anabelsignals8,telegramchannels,channel,42,Crypto & FX Trading,en,82,2026-04-28T12:30:28.773139+00:00
forexscalping_signalsfree,telegramchannels,channel,42,Crypto & FX Trading,en,83,2026-04-28T12:30:28.773142+00:00
coin_signals,telegramchannels,channel,42,Crypto & FX Trading,en,84,2026-04-28T12:30:28.773146+00:00
us30_dowjones_signals,telegramchannels,channel,42,Crypto & FX Trading,en,85,2026-04-28T12:30:28.773149+00:00
jacobcryptoclandiscord,telegramchannels,channel,42,Crypto & FX Trading,en,86,2026-04-28T12:30:28.773152+00:00
lamboraul5,telegramchannels,channel,42,Crypto & FX Trading,en,87,2026-04-28T12:30:28.773155+00:00
nasdaqr,telegramchannels,channel,42,Crypto & FX Trading,en,88,2026-04-28T12:30:28.773158+00:00
vantage_forex_invest,telegramchannels,channel,42,Crypto & FX Trading,en,89,2026-04-28T12:30:28.773162+00:00
eveningtrader_real,telegramchannels,channel,42,Crypto & FX Trading,en,90,2026-04-28T12:30:28.773165+00:00
alexgswingtradinglab001,telegramchannels,channel,42,Crypto & FX Trading,en,91,2026-04-28T12:30:28.773168+00:00
cryptonewstel,telegramchannels,channel,42,Crypto & FX Trading,en,92,2026-04-28T12:30:28.773171+00:00
goldtradermogtmo,telegramchannels,channel,42,Crypto & FX Trading,en,93,2026-04-28T12:30:28.773174+00:00
chartbank,telegramchannels,channel,42,Crypto & FX Trading,en,94,2026-04-28T12:30:28.773177+00:00
nfts_defi,telegramchannels,channel,42,Crypto & FX Trading,en,95,2026-04-28T12:30:28.773181+00:00
forex_dana_signals,telegramchannels,channel,42,Crypto & FX Trading,en,96,2026-04-28T12:30:28.773184+00:00
tu_crypto_ideas_en,telegramchannels,channel,42,Crypto & FX Trading,en,97,2026-04-28T12:30:28.773187+00:00
finsignal,telegramchannels,channel,42,Crypto & FX Trading,en,98,2026-04-28T12:30:28.773190+00:00
crypto_bitcoin_trading_news,telegramchannels,channel,42,Crypto & FX Trading,en,99,2026-04-28T12:30:28.773193+00:00
forex_signals_blues1,telegramchannels,channel,42,Crypto & FX Trading,en,100,2026-04-28T12:30:28.773197+00:00
eveningtradercryptosignals,telegramchannels,channel,42,Crypto & FX Trading,en,101,2026-04-28T12:30:28.773200+00:00
meta_trader_5_signa,telegramchannels,channel,42,Crypto & FX Trading,en,102,2026-04-28T12:30:28.773203+00:00
signal_bitcoins,telegramchannels,channel,42,Crypto & FX Trading,en,103,2026-04-28T12:30:28.773206+00:00
dailychannels,telegramchannels,channel,42,Crypto & FX Trading,en,104,2026-04-28T12:30:28.773212+00:00
tonblockchain,telegramchannels,channel,10,Economics & Finance,en,1,2026-04-28T12:30:42.866323+00:00
venture,telegramchannels,channel,10,Economics & Finance,en,2,2026-04-28T12:30:42.866330+00:00
whiplash347,telegramchannels,channel,10,Economics & Finance,en,3,2026-04-28T12:30:42.866334+00:00
billionaire_funded,telegramchannels,channel,10,Economics & Finance,en,7,2026-04-28T12:30:42.866352+00:00
join10xacademy7,telegramchannels,channel,10,Economics & Finance,en,8,2026-04-28T12:30:42.866355+00:00
infomoney_noticias,telegramchannels,channel,10,Economics & Finance,en,9,2026-04-28T12:30:42.866359+00:00
statista_infographics_statistics,telegramchannels,channel,10,Economics & Finance,en,10,2026-04-28T12:30:42.866362+00:00
hertraderscircle,telegramchannels,channel,10,Economics & Finance,en,11,2026-04-28T12:30:42.866365+00:00
bybit_card_official,telegramchannels,channel,10,Economics & Finance,en,12,2026-04-28T12:30:42.866368+00:00
econflash,telegramchannels,channel,10,Economics & Finance,en,13,2026-04-28T12:30:42.866372+00:00
economyfinancemoney,telegramchannels,channel,10,Economics & Finance,en,14,2026-04-28T12:30:42.866375+00:00
elliottwavemonitor,telegramchannels,channel,10,Economics & Finance,en,15,2026-04-28T12:30:42.866378+00:00
goldensnd,telegramchannels,channel,10,Economics & Finance,en,16,2026-04-28T12:30:42.866381+00:00
marketranger,telegramchannels,channel,10,Economics & Finance,en,17,2026-04-28T12:30:42.866384+00:00
sensexnow,telegramchannels,channel,10,Economics & Finance,en,18,2026-04-28T12:30:42.866387+00:00
bankerx,telegramchannels,channel,10,Economics & Finance,en,19,2026-04-28T12:30:42.866390+00:00
poemsta,telegramchannels,channel,10,Economics & Finance,en,20,2026-04-28T12:30:42.866393+00:00
chief_ai_officer,telegramchannels,channel,10,Economics & Finance,en,21,2026-04-28T12:30:42.866396+00:00
theparadigmshiftchannel,telegramchannels,channel,10,Economics & Finance,en,22,2026-04-28T12:30:42.866400+00:00
mmagnetics,telegramchannels,channel,10,Economics & Finance,en,23,2026-04-28T12:30:42.866403+00:00
indexofchannel,telegramchannels,channel,10,Economics & Finance,en,24,2026-04-28T12:30:42.866406+00:00
ewaplans,telegramchannels,channel,10,Economics & Finance,en,25,2026-04-28T12:30:42.866409+00:00
nido_russia,telegramchannels,channel,10,Economics & Finance,en,26,2026-04-28T12:30:42.866412+00:00
stockmarketgyanaad0211,telegramchannels,channel,10,Economics & Finance,en,27,2026-04-28T12:30:42.866416+00:00
cbondsglobal,telegramchannels,channel,10,Economics & Finance,en,28,2026-04-28T12:30:42.866441+00:00
scanfinjapanesecandlestick,telegramchannels,channel,10,Economics & Finance,en,29,2026-04-28T12:30:42.866456+00:00
exclusivehomesmadeira,telegramchannels,channel,10,Economics & Finance,en,30,2026-04-28T12:30:42.866461+00:00
thomassowellquote,telegramchannels,channel,10,Economics & Finance,en,31,2026-04-28T12:30:42.866465+00:00
ex4_to_mq4_convert,telegramchannels,channel,10,Economics & Finance,en,32,2026-04-28T12:30:42.866468+00:00
intrdayprofit,telegramchannels,channel,10,Economics & Finance,en,33,2026-04-28T12:30:42.866471+00:00
marketchampion,telegramchannels,channel,10,Economics & Finance,en,34,2026-04-28T12:30:42.866475+00:00
freemoneynetwork,telegramchannels,channel,10,Economics & Finance,en,35,2026-04-28T12:30:42.866478+00:00
stockguru1,telegramchannels,channel,10,Economics & Finance,en,36,2026-04-28T12:30:42.866481+00:00
mgic_officialchannel,telegramchannels,channel,10,Economics & Finance,en,37,2026-04-28T12:30:42.866484+00:00
lamboraulcourse,telegramchannels,channel,10,Economics & Finance,en,38,2026-04-28T12:30:42.866487+00:00
intradaytredingbyms,telegramchannels,channel,10,Economics & Finance,en,39,2026-04-28T12:30:42.866491+00:00
assetdashdotcom,telegramchannels,channel,10,Economics & Finance,en,40,2026-04-28T12:30:42.866493+00:00
hqbins9,telegramchannels,channel,10,Economics & Finance,en,41,2026-04-28T12:30:42.866496+00:00
stockmania1,telegramchannels,channel,10,Economics & Finance,en,42,2026-04-28T12:30:42.866499+00:00
gold_news_channel,telegramchannels,channel,10,Economics & Finance,en,43,2026-04-28T12:30:42.866502+00:00
research04,telegramchannels,channel,10,Economics & Finance,en,44,2026-04-28T12:30:42.866506+00:00
dantefreesignals,telegramchannels,channel,10,Economics & Finance,en,45,2026-04-28T12:30:42.866508+00:00
stockprofitsure,telegramchannels,channel,10,Economics & Finance,en,46,2026-04-28T12:30:42.866511+00:00
sharecapsule,telegramchannels,channel,10,Economics & Finance,en,47,2026-04-28T12:30:42.866514+00:00
blyzeai,telegramchannels,channel,10,Economics & Finance,en,48,2026-04-28T12:30:42.866517+00:00
abquantify1,telegramchannels,channel,10,Economics & Finance,en,49,2026-04-28T12:30:42.866520+00:00
sure_means_sure,telegramchannels,channel,10,Economics & Finance,en,50,2026-04-28T12:30:42.866523+00:00
mcxtradelearn,telegramchannels,channel,10,Economics & Finance,en,51,2026-04-28T12:30:42.866526+00:00
finnowledge,telegramchannels,channel,10,Economics & Finance,en,52,2026-04-28T12:30:42.866529+00:00
scanfinstockexchange,telegramchannels,channel,10,Economics & Finance,en,53,2026-04-28T12:30:42.866532+00:00
usstockhub,telegramchannels,channel,10,Economics & Finance,en,54,2026-04-28T12:30:42.866535+00:00
learnstock_market,telegramchannels,channel,10,Economics & Finance,en,55,2026-04-28T12:30:42.866538+00:00
swingmasterpro1,telegramchannels,channel,10,Economics & Finance,en,56,2026-04-28T12:30:42.866540+00:00
bestintradaycalls1,telegramchannels,channel,10,Economics & Finance,en,57,2026-04-28T12:30:42.866544+00:00
successinvestmentsi,telegramchannels,channel,10,Economics & Finance,en,58,2026-04-28T12:30:42.866547+00:00
zksync_community_channel,telegramchannels,channel,10,Economics & Finance,en,59,2026-04-28T12:30:42.866550+00:00
payment_gateway_universal,telegramchannels,channel,10,Economics & Finance,en,60,2026-04-28T12:30:42.866553+00:00
pfser_official,telegramchannels,channel,10,Economics & Finance,en,61,2026-04-28T12:30:42.866556+00:00
stockmarketanaiysis,telegramchannels,channel,10,Economics & Finance,en,62,2026-04-28T12:30:42.866559+00:00
stonksscan,telegramchannels,channel,10,Economics & Finance,en,63,2026-04-28T12:30:42.866562+00:00
getfundedservicechannel,telegramchannels,channel,10,Economics & Finance,en,64,2026-04-28T12:30:42.866565+00:00
frauddept01,telegramchannels,channel,10,Economics & Finance,en,65,2026-04-28T12:30:42.866568+00:00
shares_intradaytips,telegramchannels,channel,10,Economics & Finance,en,66,2026-04-28T12:30:42.866571+00:00
kevlar_bosuben_ventures,telegramchannels,channel,10,Economics & Finance,en,67,2026-04-28T12:30:42.866574+00:00
scanfinmain,telegramchannels,channel,10,Economics & Finance,en,68,2026-04-28T12:30:42.866577+00:00
renestorefortnite,telegramchannels,channel,10,Economics & Finance,en,69,2026-04-28T12:30:42.866580+00:00
forexgoldexpert,telegramchannels,channel,10,Economics & Finance,en,70,2026-04-28T12:30:42.866583+00:00
my_stock_view,telegramchannels,channel,10,Economics & Finance,en,71,2026-04-28T12:30:42.866586+00:00
miningst0cks,telegramchannels,channel,10,Economics & Finance,en,72,2026-04-28T12:30:42.866589+00:00
onchains_channel,telegramchannels,channel,10,Economics & Finance,en,73,2026-04-28T12:30:42.866593+00:00
tgk_public_community,telegramchannels,channel,10,Economics & Finance,en,74,2026-04-28T12:30:42.866596+00:00
gx12bot,telegramchannels,channel,10,Economics & Finance,en,75,2026-04-28T12:30:42.866599+00:00
power_of_stock_pivot_point,telegramchannels,channel,10,Economics & Finance,en,76,2026-04-28T12:30:42.866602+00:00
earnonlinewithproofs,telegramchannels,channel,10,Economics & Finance,en,77,2026-04-28T12:30:42.866605+00:00
how_much_they_can_earn,telegramchannels,channel,10,Economics & Finance,en,78,2026-04-28T12:30:42.866609+00:00
goldishold1593,telegramchannels,channel,10,Economics & Finance,en,79,2026-04-28T12:30:42.866612+00:00
movocashtransfers,telegramchannels,channel,10,Economics & Finance,en,80,2026-04-28T12:30:42.866614+00:00
escaperat,telegramchannels,channel,10,Economics & Finance,en,81,2026-04-28T12:30:42.866618+00:00
tatehu2,telegramchannels,channel,10,Economics & Finance,en,82,2026-04-28T12:30:42.866620+00:00
bigwintrx,telegramchannels,channel,10,Economics & Finance,en,83,2026-04-28T12:30:42.866623+00:00
paytmearningpaytm1,telegramchannels,channel,10,Economics & Finance,en,84,2026-04-28T12:30:42.866626+00:00
makingmoneyforumcom,telegramchannels,channel,10,Economics & Finance,en,85,2026-04-28T12:30:42.866629+00:00
moneycontrolofficial,telegramchannels,channel,10,Economics & Finance,en,86,2026-04-28T12:30:42.866632+00:00
scopefxsignals,telegramchannels,channel,10,Economics & Finance,en,87,2026-04-28T12:30:42.866635+00:00
thespecula,telegramchannels,channel,10,Economics & Finance,en,88,2026-04-28T12:30:42.866637+00:00
asstock3,telegramchannels,channel,10,Economics & Finance,en,89,2026-04-28T12:30:42.866640+00:00
dailychannels,telegramchannels,channel,10,Economics & Finance,en,90,2026-04-28T12:30:42.866645+00:00
visionias_upsc,telegramchannels,channel,11,Education,en,1,2026-04-28T12:30:56.435640+00:00
englishwithranimaam,telegramchannels,channel,11,Education,en,2,2026-04-28T12:30:56.435648+00:00
linkedin_learning,telegramchannels,channel,11,Education,en,3,2026-04-28T12:30:56.435652+00:00
zero_to_mastery,telegramchannels,channel,11,Education,en,7,2026-04-28T12:30:56.435670+00:00
tartariahistorychannel,telegramchannels,channel,11,Education,en,8,2026-04-28T12:30:56.435673+00:00
scholarships365,telegramchannels,channel,11,Education,en,9,2026-04-28T12:30:56.435676+00:00
udemy4u,telegramchannels,channel,11,Education,en,10,2026-04-28T12:30:56.435679+00:00
googlefactss,telegramchannels,channel,11,Education,en,11,2026-04-28T12:30:56.435682+00:00
discudemy_com,telegramchannels,channel,11,Education,en,12,2026-04-28T12:30:56.435686+00:00
curiosity_tea,telegramchannels,channel,11,Education,en,13,2026-04-28T12:30:56.435689+00:00
askmenow,telegramchannels,channel,11,Education,en,14,2026-04-28T12:30:56.435692+00:00
q17_awakening,telegramchannels,channel,11,Education,en,15,2026-04-28T12:30:56.435695+00:00
upsc_prelims_mcq_pyq_quiz,telegramchannels,channel,11,Education,en,16,2026-04-28T12:30:56.435698+00:00
spaceforcegalacticfederation,telegramchannels,channel,11,Education,en,17,2026-04-28T12:30:56.435701+00:00
weird_facts_tm,telegramchannels,channel,11,Education,en,18,2026-04-28T12:30:56.435704+00:00
placement_fellas,telegramchannels,channel,11,Education,en,19,2026-04-28T12:30:56.435708+00:00
patrickkennedy777,telegramchannels,channel,11,Education,en,20,2026-04-28T12:30:56.435711+00:00
scholarship,telegramchannels,channel,11,Education,en,21,2026-04-28T12:30:56.435714+00:00
tutorialbar_udemy_coupons,telegramchannels,channel,11,Education,en,22,2026-04-28T12:30:56.435717+00:00
udacityfreecourse,telegramchannels,channel,11,Education,en,23,2026-04-28T12:30:56.435720+00:00
english_life_quotes_and_facts,telegramchannels,channel,11,Education,en,24,2026-04-28T12:30:56.435723+00:00
realdailylifehacks,telegramchannels,channel,11,Education,en,25,2026-04-28T12:30:56.435726+00:00
englishlearnerspro,telegramchannels,channel,11,Education,en,26,2026-04-28T12:30:56.435730+00:00
becewassce1,telegramchannels,channel,11,Education,en,27,2026-04-28T12:30:56.435733+00:00
udemyfree4you,telegramchannels,channel,11,Education,en,28,2026-04-28T12:30:56.435736+00:00
flatearthandmore,telegramchannels,channel,11,Education,en,29,2026-04-28T12:30:56.435739+00:00
learn_en_grammar,telegramchannels,channel,11,Education,en,30,2026-04-28T12:30:56.435742+00:00
freeonlinecourses_paid_to_free,telegramchannels,channel,11,Education,en,31,2026-04-28T12:30:56.435745+00:00
darshankharefinallaw,telegramchannels,channel,11,Education,en,32,2026-04-28T12:30:56.435748+00:00
camonk8,telegramchannels,channel,11,Education,en,33,2026-04-28T12:30:56.435751+00:00
psychiworld,telegramchannels,channel,11,Education,en,34,2026-04-28T12:30:56.435755+00:00
damhistory,telegramchannels,channel,11,Education,en,35,2026-04-28T12:30:56.435757+00:00
toeflzone,telegramchannels,channel,11,Education,en,36,2026-04-28T12:30:56.435760+00:00
baasidnotice,telegramchannels,channel,11,Education,en,37,2026-04-28T12:30:56.435763+00:00
electroculturefarming,telegramchannels,channel,11,Education,en,38,2026-04-28T12:30:56.435766+00:00
didyoureallyknow,telegramchannels,channel,11,Education,en,39,2026-04-28T12:30:56.435769+00:00
englishworld,telegramchannels,channel,11,Education,en,40,2026-04-28T12:30:56.435773+00:00
ieltsforeverybody,telegramchannels,channel,11,Education,en,41,2026-04-28T12:30:56.435776+00:00
zlibraryorg,telegramchannels,channel,11,Education,en,42,2026-04-28T12:30:56.435779+00:00
phrasedaily,telegramchannels,channel,11,Education,en,43,2026-04-28T12:30:56.435782+00:00
mindblowingfacts,telegramchannels,channel,11,Education,en,44,2026-04-28T12:30:56.435785+00:00
equitymasterofficial,telegramchannels,channel,11,Education,en,45,2026-04-28T12:30:56.435788+00:00
physicsnetset,telegramchannels,channel,11,Education,en,46,2026-04-28T12:30:56.435791+00:00
fresherearth,telegramchannels,channel,11,Education,en,47,2026-04-28T12:30:56.435795+00:00
tutorialpajak,telegramchannels,channel,11,Education,en,48,2026-04-28T12:30:56.435798+00:00
freecodecs,telegramchannels,channel,11,Education,en,49,2026-04-28T12:30:56.435801+00:00
gujarattextbook,telegramchannels,channel,11,Education,en,50,2026-04-28T12:30:56.435804+00:00
thepowerofexcel,telegramchannels,channel,11,Education,en,51,2026-04-28T12:30:56.435807+00:00
udemyoff,telegramchannels,channel,11,Education,en,52,2026-04-28T12:30:56.435810+00:00
volunteersingapore,telegramchannels,channel,11,Education,en,53,2026-04-28T12:30:56.435812+00:00
mltmcq1,telegramchannels,channel,11,Education,en,54,2026-04-28T12:30:56.435816+00:00
documentaryplanet,telegramchannels,channel,11,Education,en,55,2026-04-28T12:30:56.435819+00:00
freeonlinecourses_eacademy,telegramchannels,channel,11,Education,en,56,2026-04-28T12:30:56.435822+00:00
american,telegramchannels,channel,11,Education,en,57,2026-04-28T12:30:56.435825+00:00
cs_algo,telegramchannels,channel,11,Education,en,58,2026-04-28T12:30:56.435828+00:00
termux_hacking_tls,telegramchannels,channel,11,Education,en,59,2026-04-28T12:30:56.435831+00:00
todayilearn,telegramchannels,channel,11,Education,en,60,2026-04-28T12:30:56.435835+00:00
biotechnology_here,telegramchannels,channel,11,Education,en,61,2026-04-28T12:30:56.435838+00:00
learnvocabularyenglish_2022,telegramchannels,channel,11,Education,en,62,2026-04-28T12:30:56.435841+00:00
vectorguruillustrator,telegramchannels,channel,11,Education,en,63,2026-04-28T12:30:56.435844+00:00
springframeworkzone,telegramchannels,channel,11,Education,en,64,2026-04-28T12:30:56.435847+00:00
millennialwoes,telegramchannels,channel,11,Education,en,65,2026-04-28T12:30:56.435850+00:00
ieltsbid,telegramchannels,channel,11,Education,en,66,2026-04-28T12:30:56.435854+00:00
darkwiki,telegramchannels,channel,11,Education,en,67,2026-04-28T12:30:56.435856+00:00
english_poetry,telegramchannels,channel,11,Education,en,68,2026-04-28T12:30:56.435860+00:00
dentalsoft3d,telegramchannels,channel,11,Education,en,69,2026-04-28T12:30:56.435863+00:00
megapack,telegramchannels,channel,11,Education,en,70,2026-04-28T12:30:56.435866+00:00
enexteducation,telegramchannels,channel,11,Education,en,71,2026-04-28T12:30:56.435869+00:00
learningcreators,telegramchannels,channel,11,Education,en,72,2026-04-28T12:30:56.435872+00:00
yuldoshevg,telegramchannels,channel,11,Education,en,73,2026-04-28T12:30:56.435875+00:00
offcampusjobs_freshers,telegramchannels,channel,11,Education,en,74,2026-04-28T12:30:56.435878+00:00
studyqacom,telegramchannels,channel,11,Education,en,75,2026-04-28T12:30:56.435881+00:00
retro,telegramchannels,channel,11,Education,en,76,2026-04-28T12:30:56.435884+00:00
adda247school9and10,telegramchannels,channel,11,Education,en,77,2026-04-28T12:30:56.435888+00:00
pharmacollegeplc,telegramchannels,channel,11,Education,en,78,2026-04-28T12:30:56.435891+00:00
apkeditorproo,telegramchannels,channel,11,Education,en,79,2026-04-28T12:30:56.435894+00:00
thestudykafe,telegramchannels,channel,11,Education,en,80,2026-04-28T12:30:56.435897+00:00
science_facta,telegramchannels,channel,11,Education,en,81,2026-04-28T12:30:56.435900+00:00
freecourseswithcertificates,telegramchannels,channel,11,Education,en,82,2026-04-28T12:30:56.435903+00:00
sportsphysiotherapyhealth,telegramchannels,channel,11,Education,en,83,2026-04-28T12:30:56.435907+00:00
aayushdmamc,telegramchannels,channel,11,Education,en,84,2026-04-28T12:30:56.435910+00:00
engineering_ebooks1,telegramchannels,channel,11,Education,en,85,2026-04-28T12:30:56.435913+00:00
national_defence_academy_1,telegramchannels,channel,11,Education,en,86,2026-04-28T12:30:56.435916+00:00
nietzscheen,telegramchannels,channel,11,Education,en,87,2026-04-28T12:30:56.435919+00:00
tartariabritannica,telegramchannels,channel,11,Education,en,88,2026-04-28T12:30:56.435922+00:00
javascript_js_learn,telegramchannels,channel,11,Education,en,89,2026-04-28T12:30:56.435925+00:00
freecourse,telegramchannels,channel,11,Education,en,90,2026-04-28T12:30:56.435928+00:00
jim_rohn_records,telegramchannels,channel,11,Education,en,91,2026-04-28T12:30:56.435931+00:00
engineeringupdate,telegramchannels,channel,11,Education,en,92,2026-04-28T12:30:56.435934+00:00
factstoexplore,telegramchannels,channel,11,Education,en,93,2026-04-28T12:30:56.435937+00:00
pulmonaryc,telegramchannels,channel,11,Education,en,94,2026-04-28T12:30:56.435940+00:00
competitive_programming_cpp,telegramchannels,channel,11,Education,en,95,2026-04-28T12:30:56.435943+00:00
reactjs_interview,telegramchannels,channel,11,Education,en,96,2026-04-28T12:30:56.435946+00:00
mcqexamprepration007,telegramchannels,channel,11,Education,en,97,2026-04-28T12:30:56.435949+00:00
medicosforlife,telegramchannels,channel,11,Education,en,98,2026-04-28T12:30:56.435952+00:00
english_grammarquizzes,telegramchannels,channel,11,Education,en,99,2026-04-28T12:30:56.435955+00:00
corejavabasicconcept,telegramchannels,channel,11,Education,en,100,2026-04-28T12:30:56.435958+00:00
upsccapfac,telegramchannels,channel,11,Education,en,101,2026-04-28T12:30:56.435961+00:00
cloudandevops,telegramchannels,channel,11,Education,en,102,2026-04-28T12:30:56.435964+00:00
tandem_english,telegramchannels,channel,11,Education,en,103,2026-04-28T12:30:56.435967+00:00
dailychannels,telegramchannels,channel,11,Education,en,104,2026-04-28T12:30:56.435972+00:00
noiambilliolaurent,telegramchannels,channel,12,Entertainment,en,1,2026-04-28T12:31:10.528736+00:00
whalememes,telegramchannels,channel,12,Entertainment,en,2,2026-04-28T12:31:10.528744+00:00
timecoinsol,telegramchannels,channel,12,Entertainment,en,3,2026-04-28T12:31:10.528747+00:00
prank,telegramchannels,channel,12,Entertainment,en,7,2026-04-28T12:31:10.528765+00:00
siarly_of,telegramchannels,channel,12,Entertainment,en,8,2026-04-28T12:31:10.528769+00:00
vixenppublic,telegramchannels,channel,12,Entertainment,en,9,2026-04-28T12:31:10.528772+00:00
preton_meme,telegramchannels,channel,12,Entertainment,en,10,2026-04-28T12:31:10.528775+00:00
stopfooling,telegramchannels,channel,12,Entertainment,en,11,2026-04-28T12:31:10.528777+00:00
videos,telegramchannels,channel,12,Entertainment,en,12,2026-04-28T12:31:10.528780+00:00
chicomemes,telegramchannels,channel,12,Entertainment,en,13,2026-04-28T12:31:10.528784+00:00
programmerjokes,telegramchannels,channel,12,Entertainment,en,14,2026-04-28T12:31:10.528787+00:00
davidavocadowolfe,telegramchannels,channel,12,Entertainment,en,15,2026-04-28T12:31:10.528790+00:00
plantainchipps,telegramchannels,channel,12,Entertainment,en,16,2026-04-28T12:31:10.528793+00:00
bestmemes,telegramchannels,channel,12,Entertainment,en,17,2026-04-28T12:31:10.528796+00:00
funny_videos_10,telegramchannels,channel,12,Entertainment,en,18,2026-04-28T12:31:10.528800+00:00
gistlovershq,telegramchannels,channel,12,Entertainment,en,19,2026-04-28T12:31:10.528803+00:00
funny_videos_gifs_comedy_memes,telegramchannels,channel,12,Entertainment,en,20,2026-04-28T12:31:10.528806+00:00
funny_memes_jokes_english_gifs,telegramchannels,channel,12,Entertainment,en,21,2026-04-28T12:31:10.528810+00:00
notmemes,telegramchannels,channel,12,Entertainment,en,22,2026-04-28T12:31:10.528813+00:00
memes,telegramchannels,channel,12,Entertainment,en,23,2026-04-28T12:31:10.528816+00:00
sgweekend,telegramchannels,channel,12,Entertainment,en,24,2026-04-28T12:31:10.528819+00:00
randomchatss,telegramchannels,channel,12,Entertainment,en,25,2026-04-28T12:31:10.528822+00:00
everyone,telegramchannels,channel,12,Entertainment,en,26,2026-04-28T12:31:10.528825+00:00
xavierzone,telegramchannels,channel,12,Entertainment,en,27,2026-04-28T12:31:10.528828+00:00
sarcasm9,telegramchannels,channel,12,Entertainment,en,28,2026-04-28T12:31:10.528831+00:00
politicallyincorrectjokes,telegramchannels,channel,12,Entertainment,en,29,2026-04-28T12:31:10.528835+00:00
airdropverifiesdss,telegramchannels,channel,12,Entertainment,en,30,2026-04-28T12:31:10.528838+00:00
failarmy_funny_videos_crazy,telegramchannels,channel,12,Entertainment,en,31,2026-04-28T12:31:10.528841+00:00
exoladderindosub,telegramchannels,channel,12,Entertainment,en,32,2026-04-28T12:31:10.528844+00:00
crazynews_today,telegramchannels,channel,12,Entertainment,en,33,2026-04-28T12:31:10.528848+00:00
toresaysplus,telegramchannels,channel,12,Entertainment,en,34,2026-04-28T12:31:10.528851+00:00
dirty_humour,telegramchannels,channel,12,Entertainment,en,35,2026-04-28T12:31:10.528854+00:00
updateee,telegramchannels,channel,12,Entertainment,en,36,2026-04-28T12:31:10.528857+00:00
unfilteredhumour,telegramchannels,channel,12,Entertainment,en,37,2026-04-28T12:31:10.528860+00:00
funny_videos_comedy_memes,telegramchannels,channel,12,Entertainment,en,38,2026-04-28T12:31:10.528863+00:00
daveoneegsauschat,telegramchannels,channel,12,Entertainment,en,39,2026-04-28T12:31:10.528866+00:00
showerthoughts,telegramchannels,channel,12,Entertainment,en,40,2026-04-28T12:31:10.528869+00:00
shockingfact,telegramchannels,channel,12,Entertainment,en,41,2026-04-28T12:31:10.528872+00:00
forbidden_history_tg,telegramchannels,channel,12,Entertainment,en,42,2026-04-28T12:31:10.528875+00:00
memes_room,telegramchannels,channel,12,Entertainment,en,43,2026-04-28T12:31:10.528878+00:00
shitpost,telegramchannels,channel,12,Entertainment,en,44,2026-04-28T12:31:10.528881+00:00
humordeu,telegramchannels,channel,12,Entertainment,en,45,2026-04-28T12:31:10.528884+00:00
essentials_loungee,telegramchannels,channel,12,Entertainment,en,46,2026-04-28T12:31:10.528888+00:00
schizosonline,telegramchannels,channel,12,Entertainment,en,47,2026-04-28T12:31:10.528891+00:00
intfactsen,telegramchannels,channel,12,Entertainment,en,48,2026-04-28T12:31:10.528893+00:00
pepelib,telegramchannels,channel,12,Entertainment,en,49,2026-04-28T12:31:10.528897+00:00
programmer_humor,telegramchannels,channel,12,Entertainment,en,50,2026-04-28T12:31:10.528900+00:00
dont_do_it_bro,telegramchannels,channel,12,Entertainment,en,51,2026-04-28T12:31:10.528903+00:00
workingmenmemes,telegramchannels,channel,12,Entertainment,en,52,2026-04-28T12:31:10.528906+00:00
psyopsmemes,telegramchannels,channel,12,Entertainment,en,53,2026-04-28T12:31:10.528909+00:00
justmemes,telegramchannels,channel,12,Entertainment,en,54,2026-04-28T12:31:10.528912+00:00
tweetsavages,telegramchannels,channel,12,Entertainment,en,55,2026-04-28T12:31:10.528915+00:00
tiktits,telegramchannels,channel,12,Entertainment,en,56,2026-04-28T12:31:10.528918+00:00
anime_news,telegramchannels,channel,12,Entertainment,en,57,2026-04-28T12:31:10.528921+00:00
internetpuke,telegramchannels,channel,12,Entertainment,en,58,2026-04-28T12:31:10.528925+00:00
dirtymemeshub,telegramchannels,channel,12,Entertainment,en,59,2026-04-28T12:31:10.528928+00:00
rugag,telegramchannels,channel,12,Entertainment,en,60,2026-04-28T12:31:10.528931+00:00
memes_mf,telegramchannels,channel,12,Entertainment,en,61,2026-04-28T12:31:10.528934+00:00
dailyepicmemes,telegramchannels,channel,12,Entertainment,en,62,2026-04-28T12:31:10.528937+00:00
beinglogical,telegramchannels,channel,12,Entertainment,en,63,2026-04-28T12:31:10.528940+00:00
volmemes,telegramchannels,channel,12,Entertainment,en,64,2026-04-28T12:31:10.528943+00:00
minionquote,telegramchannels,channel,12,Entertainment,en,65,2026-04-28T12:31:10.528946+00:00
become_ungovernalbe,telegramchannels,channel,12,Entertainment,en,66,2026-04-28T12:31:10.528949+00:00
historymemes88,telegramchannels,channel,12,Entertainment,en,67,2026-04-28T12:31:10.528952+00:00
greatclips,telegramchannels,channel,12,Entertainment,en,68,2026-04-28T12:31:10.528955+00:00
nekofied,telegramchannels,channel,12,Entertainment,en,69,2026-04-28T12:31:10.528958+00:00
autismcentral,telegramchannels,channel,12,Entertainment,en,70,2026-04-28T12:31:10.528961+00:00
lofi_furs,telegramchannels,channel,12,Entertainment,en,71,2026-04-28T12:31:10.528964+00:00
sickipedia,telegramchannels,channel,12,Entertainment,en,72,2026-04-28T12:31:10.528967+00:00
altright_memes,telegramchannels,channel,12,Entertainment,en,73,2026-04-28T12:31:10.528970+00:00
viral_today,telegramchannels,channel,12,Entertainment,en,74,2026-04-28T12:31:10.528973+00:00
disgrace_tg,telegramchannels,channel,12,Entertainment,en,75,2026-04-28T12:31:10.528976+00:00
dankmemesgang,telegramchannels,channel,12,Entertainment,en,76,2026-04-28T12:31:10.528979+00:00
memewar24,telegramchannels,channel,12,Entertainment,en,77,2026-04-28T12:31:10.528982+00:00
onepiecedeluxe,telegramchannels,channel,12,Entertainment,en,78,2026-04-28T12:31:10.528986+00:00
karma_en,telegramchannels,channel,12,Entertainment,en,79,2026-04-28T12:31:10.528989+00:00
dirtymemechannel,telegramchannels,channel,12,Entertainment,en,80,2026-04-28T12:31:10.528992+00:00
x21edge,telegramchannels,channel,12,Entertainment,en,81,2026-04-28T12:31:10.528995+00:00
gifs_en,telegramchannels,channel,12,Entertainment,en,82,2026-04-28T12:31:10.528998+00:00
darwin_tg,telegramchannels,channel,12,Entertainment,en,83,2026-04-28T12:31:10.529001+00:00
funny_videos_2024_top,telegramchannels,channel,12,Entertainment,en,84,2026-04-28T12:31:10.529004+00:00
stupidusernameee,telegramchannels,channel,12,Entertainment,en,85,2026-04-28T12:31:10.529008+00:00
onepiecespoilhere,telegramchannels,channel,12,Entertainment,en,86,2026-04-28T12:31:10.529011+00:00
funny_images,telegramchannels,channel,12,Entertainment,en,87,2026-04-28T12:31:10.529013+00:00
cannesfilms,telegramchannels,channel,12,Entertainment,en,88,2026-04-28T12:31:10.529016+00:00
jretelegram,telegramchannels,channel,12,Entertainment,en,89,2026-04-28T12:31:10.529019+00:00
funny_hubtm,telegramchannels,channel,12,Entertainment,en,90,2026-04-28T12:31:10.529022+00:00
cumtown,telegramchannels,channel,12,Entertainment,en,91,2026-04-28T12:31:10.529025+00:00
mature_memes,telegramchannels,channel,12,Entertainment,en,92,2026-04-28T12:31:10.529028+00:00
funny_crypto_memes,telegramchannels,channel,12,Entertainment,en,93,2026-04-28T12:31:10.529031+00:00
freebies,telegramchannels,channel,12,Entertainment,en,94,2026-04-28T12:31:10.529034+00:00
mildlyinteresting,telegramchannels,channel,12,Entertainment,en,95,2026-04-28T12:31:10.529037+00:00
jackaloocomics,telegramchannels,channel,12,Entertainment,en,96,2026-04-28T12:31:10.529040+00:00
reddit_tg,telegramchannels,channel,12,Entertainment,en,97,2026-04-28T12:31:10.529043+00:00
anime_sekai_officialchannel,telegramchannels,channel,12,Entertainment,en,98,2026-04-28T12:31:10.529046+00:00
memes_funny_joker,telegramchannels,channel,12,Entertainment,en,99,2026-04-28T12:31:10.529049+00:00
greentextmemes,telegramchannels,channel,12,Entertainment,en,100,2026-04-28T12:31:10.529052+00:00
sweet_whatsapp_status_video,telegramchannels,channel,12,Entertainment,en,101,2026-04-28T12:31:10.529055+00:00
comebacklines,telegramchannels,channel,12,Entertainment,en,102,2026-04-28T12:31:10.529058+00:00
jockers_42,telegramchannels,channel,12,Entertainment,en,103,2026-04-28T12:31:10.529061+00:00
dailychannels,telegramchannels,channel,12,Entertainment,en,104,2026-04-28T12:31:10.529066+00:00
pandabuy_fr,telegramchannels,channel,13,Fashion & Beauty,en,1,2026-04-28T12:31:24.172804+00:00
clothonanews,telegramchannels,channel,13,Fashion & Beauty,en,2,2026-04-28T12:31:24.172812+00:00
budgetbabes,telegramchannels,channel,13,Fashion & Beauty,en,3,2026-04-28T12:31:24.172815+00:00
luxury_replica,telegramchannels,channel,13,Fashion & Beauty,en,7,2026-04-28T12:31:24.172834+00:00
trepsllagents,telegramchannels,channel,13,Fashion & Beauty,en,8,2026-04-28T12:31:24.172837+00:00
findpandabuy,telegramchannels,channel,13,Fashion & Beauty,en,9,2026-04-28T12:31:24.172840+00:00
oyinsapparel,telegramchannels,channel,13,Fashion & Beauty,en,10,2026-04-28T12:31:24.172843+00:00
afrocosmeticsusabrand,telegramchannels,channel,13,Fashion & Beauty,en,11,2026-04-28T12:31:24.172846+00:00
hijab,telegramchannels,channel,13,Fashion & Beauty,en,12,2026-04-28T12:31:24.172849+00:00
sewingworkshop,telegramchannels,channel,13,Fashion & Beauty,en,13,2026-04-28T12:31:24.172852+00:00
menslooks,telegramchannels,channel,13,Fashion & Beauty,en,14,2026-04-28T12:31:24.172855+00:00
sgvnova,telegramchannels,channel,13,Fashion & Beauty,en,15,2026-04-28T12:31:24.172858+00:00
ofwhite_bagnaxclusive,telegramchannels,channel,13,Fashion & Beauty,en,16,2026-04-28T12:31:24.172862+00:00
offowmn,telegramchannels,channel,13,Fashion & Beauty,en,17,2026-04-28T12:31:24.172864+00:00
leggingsgoddesses,telegramchannels,channel,13,Fashion & Beauty,en,18,2026-04-28T12:31:24.172868+00:00
womenslook,telegramchannels,channel,13,Fashion & Beauty,en,19,2026-04-28T12:31:24.172871+00:00
kilynk,telegramchannels,channel,13,Fashion & Beauty,en,20,2026-04-28T12:31:24.172874+00:00
transgendersbeauty,telegramchannels,channel,13,Fashion & Beauty,en,21,2026-04-28T12:31:24.172877+00:00
kendalljenner,telegramchannels,channel,13,Fashion & Beauty,en,22,2026-04-28T12:31:24.172881+00:00
topalibrand_men,telegramchannels,channel,13,Fashion & Beauty,en,23,2026-04-28T12:31:24.172884+00:00
ryxskinsincerity,telegramchannels,channel,13,Fashion & Beauty,en,24,2026-04-28T12:31:24.172887+00:00
yogapantsamateurs,telegramchannels,channel,13,Fashion & Beauty,en,25,2026-04-28T12:31:24.172890+00:00
celebrity,telegramchannels,channel,13,Fashion & Beauty,en,26,2026-04-28T12:31:24.172894+00:00
bhadiddaily,telegramchannels,channel,13,Fashion & Beauty,en,27,2026-04-28T12:31:24.172896+00:00
rolexreplica12345,telegramchannels,channel,13,Fashion & Beauty,en,28,2026-04-28T12:31:24.172900+00:00
cosmoorigninal0964506704,telegramchannels,channel,13,Fashion & Beauty,en,29,2026-04-28T12:31:24.172903+00:00
reebonzsingapore,telegramchannels,channel,13,Fashion & Beauty,en,30,2026-04-28T12:31:24.172906+00:00
wlkoffame,telegramchannels,channel,13,Fashion & Beauty,en,31,2026-04-28T12:31:24.172909+00:00
devopsbuddys,telegramchannels,channel,13,Fashion & Beauty,en,32,2026-04-28T12:31:24.172912+00:00
beurekaofficial,telegramchannels,channel,13,Fashion & Beauty,en,33,2026-04-28T12:31:24.172915+00:00
sereiaszx,telegramchannels,channel,13,Fashion & Beauty,en,34,2026-04-28T12:31:24.172918+00:00
ghadiddaily,telegramchannels,channel,13,Fashion & Beauty,en,35,2026-04-28T12:31:24.172921+00:00
invogafashion,telegramchannels,channel,13,Fashion & Beauty,en,36,2026-04-28T12:31:24.172924+00:00
buymyclothesetc,telegramchannels,channel,13,Fashion & Beauty,en,37,2026-04-28T12:31:24.172927+00:00
dk_brandfactory,telegramchannels,channel,13,Fashion & Beauty,en,38,2026-04-28T12:31:24.172930+00:00
aliexpresshide,telegramchannels,channel,13,Fashion & Beauty,en,39,2026-04-28T12:31:24.172933+00:00
cultistatelier,telegramchannels,channel,13,Fashion & Beauty,en,40,2026-04-28T12:31:24.172936+00:00
luxurywomenstyle,telegramchannels,channel,13,Fashion & Beauty,en,41,2026-04-28T12:31:24.172939+00:00
asylvms,telegramchannels,channel,13,Fashion & Beauty,en,42,2026-04-28T12:31:24.172942+00:00
typicalyettrendy,telegramchannels,channel,13,Fashion & Beauty,en,43,2026-04-28T12:31:24.172945+00:00
beautitips,telegramchannels,channel,13,Fashion & Beauty,en,44,2026-04-28T12:31:24.172948+00:00
short_dress_mini_skirt,telegramchannels,channel,13,Fashion & Beauty,en,45,2026-04-28T12:31:24.172951+00:00
ninetysthriftys,telegramchannels,channel,13,Fashion & Beauty,en,46,2026-04-28T12:31:24.172954+00:00
mclaneshoes,telegramchannels,channel,13,Fashion & Beauty,en,47,2026-04-28T12:31:24.172957+00:00
egypt_abaya,telegramchannels,channel,13,Fashion & Beauty,en,48,2026-04-28T12:31:24.172960+00:00
blogshopsteals,telegramchannels,channel,13,Fashion & Beauty,en,49,2026-04-28T12:31:24.172963+00:00
fakeluxuryreplica,telegramchannels,channel,13,Fashion & Beauty,en,50,2026-04-28T12:31:24.172966+00:00
fashionbyai,telegramchannels,channel,13,Fashion & Beauty,en,51,2026-04-28T12:31:24.172969+00:00
fashiongaragesales,telegramchannels,channel,13,Fashion & Beauty,en,52,2026-04-28T12:31:24.172972+00:00
cbbstories,telegramchannels,channel,13,Fashion & Beauty,en,53,2026-04-28T12:31:24.172975+00:00
garmzgaloregg,telegramchannels,channel,13,Fashion & Beauty,en,54,2026-04-28T12:31:24.172978+00:00
bestreplicas,telegramchannels,channel,13,Fashion & Beauty,en,55,2026-04-28T12:31:24.172981+00:00
muaz_us,telegramchannels,channel,13,Fashion & Beauty,en,56,2026-04-28T12:31:24.172984+00:00
enanabuyandsell,telegramchannels,channel,13,Fashion & Beauty,en,57,2026-04-28T12:31:24.172987+00:00
bellendricclothing,telegramchannels,channel,13,Fashion & Beauty,en,58,2026-04-28T12:31:24.172990+00:00
ananyapanday,telegramchannels,channel,13,Fashion & Beauty,en,59,2026-04-28T12:31:24.172994+00:00
larousee,telegramchannels,channel,13,Fashion & Beauty,en,60,2026-04-28T12:31:24.172997+00:00
fash1onweek,telegramchannels,channel,13,Fashion & Beauty,en,61,2026-04-28T12:31:24.172999+00:00
topalibrand,telegramchannels,channel,13,Fashion & Beauty,en,62,2026-04-28T12:31:24.173002+00:00
asosfashion,telegramchannels,channel,13,Fashion & Beauty,en,63,2026-04-28T12:31:24.173005+00:00
mencart,telegramchannels,channel,13,Fashion & Beauty,en,64,2026-04-28T12:31:24.173008+00:00
thingscout,telegramchannels,channel,13,Fashion & Beauty,en,65,2026-04-28T12:31:24.173011+00:00
womanbr,telegramchannels,channel,13,Fashion & Beauty,en,66,2026-04-28T12:31:24.173014+00:00
watchtrends,telegramchannels,channel,13,Fashion & Beauty,en,67,2026-04-28T12:31:24.173017+00:00
waqarproduct,telegramchannels,channel,13,Fashion & Beauty,en,68,2026-04-28T12:31:24.173019+00:00
trendyfashions,telegramchannels,channel,13,Fashion & Beauty,en,69,2026-04-28T12:31:24.173022+00:00
womenscart,telegramchannels,channel,13,Fashion & Beauty,en,70,2026-04-28T12:31:24.173025+00:00
jskoffersonline,telegramchannels,channel,13,Fashion & Beauty,en,71,2026-04-28T12:31:24.173028+00:00
amritazfashions,telegramchannels,channel,13,Fashion & Beauty,en,72,2026-04-28T12:31:24.173031+00:00
yourfashionpalette,telegramchannels,channel,13,Fashion & Beauty,en,73,2026-04-28T12:31:24.173034+00:00
vetrova_world,telegramchannels,channel,13,Fashion & Beauty,en,74,2026-04-28T12:31:24.173037+00:00
smartmenswear786,telegramchannels,channel,13,Fashion & Beauty,en,75,2026-04-28T12:31:24.173040+00:00
onlineoffers2503,telegramchannels,channel,13,Fashion & Beauty,en,76,2026-04-28T12:31:24.173043+00:00
brandsgalleryofficial,telegramchannels,channel,13,Fashion & Beauty,en,77,2026-04-28T12:31:24.173046+00:00
mistiqueqa,telegramchannels,channel,13,Fashion & Beauty,en,78,2026-04-28T12:31:24.173049+00:00
aarshacollections,telegramchannels,channel,13,Fashion & Beauty,en,79,2026-04-28T12:31:24.173052+00:00
dailychannels,telegramchannels,channel,13,Fashion & Beauty,en,80,2026-04-28T12:31:24.173057+00:00
thiscounted,telegramchannels,channel,14,Food,en,1,2026-04-28T12:31:37.204829+00:00
sgfooddeals,telegramchannels,channel,14,Food,en,2,2026-04-28T12:31:37.204837+00:00
cookingdish,telegramchannels,channel,14,Food,en,3,2026-04-28T12:31:37.204840+00:00
onlyfood,telegramchannels,channel,14,Food,en,7,2026-04-28T12:31:37.204859+00:00
cookingwithlov,telegramchannels,channel,14,Food,en,8,2026-04-28T12:31:37.204862+00:00
culinaryd,telegramchannels,channel,14,Food,en,9,2026-04-28T12:31:37.204865+00:00
restaurantfood,telegramchannels,channel,14,Food,en,10,2026-04-28T12:31:37.204868+00:00
thevideorecipes,telegramchannels,channel,14,Food,en,11,2026-04-28T12:31:37.204871+00:00
belgianpastry,telegramchannels,channel,14,Food,en,12,2026-04-28T12:31:37.204875+00:00
foodforestabundance,telegramchannels,channel,14,Food,en,13,2026-04-28T12:31:37.204878+00:00
recipes_eng,telegramchannels,channel,14,Food,en,14,2026-04-28T12:31:37.204881+00:00
daily_recipe,telegramchannels,channel,14,Food,en,15,2026-04-28T12:31:37.204884+00:00
fnhinternational,telegramchannels,channel,14,Food,en,16,2026-04-28T12:31:37.204887+00:00
coffeeloving,telegramchannels,channel,14,Food,en,17,2026-04-28T12:31:37.204890+00:00
tags_influencers,telegramchannels,channel,14,Food,en,18,2026-04-28T12:31:37.204893+00:00
feedchef,telegramchannels,channel,14,Food,en,19,2026-04-28T12:31:37.204896+00:00
coffee_love_rs,telegramchannels,channel,14,Food,en,20,2026-04-28T12:31:37.204899+00:00
ayatradingplc,telegramchannels,channel,14,Food,en,21,2026-04-28T12:31:37.204902+00:00
hawassa_foods,telegramchannels,channel,14,Food,en,22,2026-04-28T12:31:37.204905+00:00
dailychannels,telegramchannels,channel,14,Food,en,23,2026-04-28T12:31:37.204910+00:00
catsdogs_community,telegramchannels,channel,15,Games & Apps,en,1,2026-04-28T12:31:50.629377+00:00
dotcoincommunity,telegramchannels,channel,15,Games & Apps,en,2,2026-04-28T12:31:50.629385+00:00
twa_apps,telegramchannels,channel,15,Games & Apps,en,3,2026-04-28T12:31:50.629388+00:00
catizenann,telegramchannels,channel,15,Games & Apps,en,7,2026-04-28T12:31:50.629406+00:00
fabrika_channel,telegramchannels,channel,15,Games & Apps,en,8,2026-04-28T12:31:50.629409+00:00
battle_games_com,telegramchannels,channel,15,Games & Apps,en,9,2026-04-28T12:31:50.629413+00:00
newsplaytoearn,telegramchannels,channel,15,Games & Apps,en,10,2026-04-28T12:31:50.629416+00:00
gamefi_officialann,telegramchannels,channel,15,Games & Apps,en,11,2026-04-28T12:31:50.629419+00:00
holdcoin_channel,telegramchannels,channel,15,Games & Apps,en,12,2026-04-28T12:31:50.629428+00:00
therealyescoin,telegramchannels,channel,15,Games & Apps,en,13,2026-04-28T12:31:50.629431+00:00
telmtproto,telegramchannels,channel,15,Games & Apps,en,14,2026-04-28T12:31:50.629434+00:00
city_holder,telegramchannels,channel,15,Games & Apps,en,15,2026-04-28T12:31:50.629437+00:00
gameetokennews,telegramchannels,channel,15,Games & Apps,en,16,2026-04-28T12:31:50.629440+00:00
gameechannel,telegramchannels,channel,15,Games & Apps,en,17,2026-04-28T12:31:50.629444+00:00
liteapks,telegramchannels,channel,15,Games & Apps,en,18,2026-04-28T12:31:50.629447+00:00
birds_announcement,telegramchannels,channel,15,Games & Apps,en,19,2026-04-28T12:31:50.629450+00:00
rockyrabbit_ugc,telegramchannels,channel,15,Games & Apps,en,20,2026-04-28T12:31:50.629453+00:00
akedofun,telegramchannels,channel,15,Games & Apps,en,21,2026-04-28T12:31:50.629456+00:00
banana_update,telegramchannels,channel,15,Games & Apps,en,22,2026-04-28T12:31:50.629459+00:00
wizzwoods_game,telegramchannels,channel,15,Games & Apps,en,23,2026-04-28T12:31:50.629462+00:00
herewallet,telegramchannels,channel,15,Games & Apps,en,24,2026-04-28T12:31:50.629465+00:00
bbqcointeam,telegramchannels,channel,15,Games & Apps,en,25,2026-04-28T12:31:50.629469+00:00
graphmessenger,telegramchannels,channel,15,Games & Apps,en,26,2026-04-28T12:31:50.629472+00:00
sidus_heroes_channel,telegramchannels,channel,15,Games & Apps,en,27,2026-04-28T12:31:50.629475+00:00
gametynews,telegramchannels,channel,15,Games & Apps,en,28,2026-04-28T12:31:50.629478+00:00
autoacceptor,telegramchannels,channel,15,Games & Apps,en,29,2026-04-28T12:31:50.629481+00:00
wukongcm,telegramchannels,channel,15,Games & Apps,en,30,2026-04-28T12:31:50.629484+00:00
akefishchannel,telegramchannels,channel,15,Games & Apps,en,31,2026-04-28T12:31:50.629487+00:00
onchainchain,telegramchannels,channel,15,Games & Apps,en,32,2026-04-28T12:31:50.629490+00:00
brainscoin,telegramchannels,channel,15,Games & Apps,en,33,2026-04-28T12:31:50.629493+00:00
plusmsgr,telegramchannels,channel,15,Games & Apps,en,34,2026-04-28T12:31:50.629496+00:00
whale_en,telegramchannels,channel,15,Games & Apps,en,35,2026-04-28T12:31:50.629499+00:00
pocket_rocket_game,telegramchannels,channel,15,Games & Apps,en,36,2026-04-28T12:31:50.629502+00:00
official_bc_token,telegramchannels,channel,15,Games & Apps,en,37,2026-04-28T12:31:50.629505+00:00
modyolo_official,telegramchannels,channel,15,Games & Apps,en,38,2026-04-28T12:31:50.629508+00:00
dlcoin_newe,telegramchannels,channel,15,Games & Apps,en,39,2026-04-28T12:31:50.629511+00:00
bunnyapp,telegramchannels,channel,15,Games & Apps,en,40,2026-04-28T12:31:50.629514+00:00
gamedevnewz,telegramchannels,channel,15,Games & Apps,en,41,2026-04-28T12:31:50.629517+00:00
mixrootmods,telegramchannels,channel,15,Games & Apps,en,42,2026-04-28T12:31:50.629520+00:00
empiregameapp,telegramchannels,channel,15,Games & Apps,en,43,2026-04-28T12:31:50.629523+00:00
ogc_announcements_hub,telegramchannels,channel,15,Games & Apps,en,44,2026-04-28T12:31:50.629526+00:00
animaccord_dtc,telegramchannels,channel,15,Games & Apps,en,45,2026-04-28T12:31:50.629529+00:00
moonplay_official,telegramchannels,channel,15,Games & Apps,en,46,2026-04-28T12:31:50.629532+00:00
wigwam_announcements,telegramchannels,channel,15,Games & Apps,en,47,2026-04-28T12:31:50.629536+00:00
apkdoneapp,telegramchannels,channel,15,Games & Apps,en,48,2026-04-28T12:31:50.629538+00:00
burning_meme,telegramchannels,channel,15,Games & Apps,en,49,2026-04-28T12:31:50.629542+00:00
nulls_en,telegramchannels,channel,15,Games & Apps,en,50,2026-04-28T12:31:50.629545+00:00
ackinackinews,telegramchannels,channel,15,Games & Apps,en,51,2026-04-28T12:31:50.629548+00:00
apkpurechannel,telegramchannels,channel,15,Games & Apps,en,52,2026-04-28T12:31:50.629551+00:00
racecoinmeme,telegramchannels,channel,15,Games & Apps,en,53,2026-04-28T12:31:50.629554+00:00
hare_ton,telegramchannels,channel,15,Games & Apps,en,54,2026-04-28T12:31:50.629557+00:00
pirateclashchannel,telegramchannels,channel,15,Games & Apps,en,55,2026-04-28T12:31:50.629560+00:00
losgamecoin,telegramchannels,channel,15,Games & Apps,en,56,2026-04-28T12:31:50.629563+00:00
dmission_announcement,telegramchannels,channel,15,Games & Apps,en,57,2026-04-28T12:31:50.629566+00:00
gatto_game,telegramchannels,channel,15,Games & Apps,en,58,2026-04-28T12:31:50.629569+00:00
tandroidapk,telegramchannels,channel,15,Games & Apps,en,59,2026-04-28T12:31:50.629573+00:00
crazy_camels,telegramchannels,channel,15,Games & Apps,en,60,2026-04-28T12:31:50.629576+00:00
fishmemeofficial,telegramchannels,channel,15,Games & Apps,en,61,2026-04-28T12:31:50.629579+00:00
coin_capybara,telegramchannels,channel,15,Games & Apps,en,62,2026-04-28T12:31:50.629582+00:00
insta,telegramchannels,channel,15,Games & Apps,en,63,2026-04-28T12:31:50.629585+00:00
piggieofficial,telegramchannels,channel,15,Games & Apps,en,64,2026-04-28T12:31:50.629589+00:00
nikicompany,telegramchannels,channel,15,Games & Apps,en,65,2026-04-28T12:31:50.629592+00:00
zavod_mdao,telegramchannels,channel,15,Games & Apps,en,66,2026-04-28T12:31:50.629595+00:00
photoshop_lightroom_illustrator,telegramchannels,channel,15,Games & Apps,en,67,2026-04-28T12:31:50.629598+00:00
fiewin_com,telegramchannels,channel,15,Games & Apps,en,68,2026-04-28T12:31:50.629601+00:00
cryptocurrentsglobal,telegramchannels,channel,15,Games & Apps,en,69,2026-04-28T12:31:50.629603+00:00
gamefi_launches,telegramchannels,channel,15,Games & Apps,en,70,2026-04-28T12:31:50.629606+00:00
dogs_for_the_founder_community,telegramchannels,channel,15,Games & Apps,en,71,2026-04-28T12:31:50.629610+00:00
gorwachain_announcements,telegramchannels,channel,15,Games & Apps,en,72,2026-04-28T12:31:50.629613+00:00
chainpokerofficial,telegramchannels,channel,15,Games & Apps,en,73,2026-04-28T12:31:50.629616+00:00
cryptoqueensalpha,telegramchannels,channel,15,Games & Apps,en,74,2026-04-28T12:31:50.629619+00:00
modded_apps_games,telegramchannels,channel,15,Games & Apps,en,75,2026-04-28T12:31:50.629622+00:00
video_games_stl,telegramchannels,channel,15,Games & Apps,en,76,2026-04-28T12:31:50.629625+00:00
free_pc_games_channel,telegramchannels,channel,15,Games & Apps,en,77,2026-04-28T12:31:50.629628+00:00
tabletop_stl,telegramchannels,channel,15,Games & Apps,en,78,2026-04-28T12:31:50.629632+00:00
games,telegramchannels,channel,15,Games & Apps,en,79,2026-04-28T12:31:50.629635+00:00
galameowcoincommunity,telegramchannels,channel,15,Games & Apps,en,80,2026-04-28T12:31:50.629638+00:00
mod_apps_stock,telegramchannels,channel,15,Games & Apps,en,81,2026-04-28T12:31:50.629642+00:00
banana3lol,telegramchannels,channel,15,Games & Apps,en,82,2026-04-28T12:31:50.629644+00:00
games_android_free_apk,telegramchannels,channel,15,Games & Apps,en,83,2026-04-28T12:31:50.629648+00:00
pc_softwares,telegramchannels,channel,15,Games & Apps,en,84,2026-04-28T12:31:50.629651+00:00
plaympl_official,telegramchannels,channel,15,Games & Apps,en,85,2026-04-28T12:31:50.629654+00:00
miuisystemlauncherupdater,telegramchannels,channel,15,Games & Apps,en,86,2026-04-28T12:31:50.629657+00:00
fullmodapk,telegramchannels,channel,15,Games & Apps,en,87,2026-04-28T12:31:50.629660+00:00
crashino,telegramchannels,channel,15,Games & Apps,en,88,2026-04-28T12:31:50.629663+00:00
gemgame_tg,telegramchannels,channel,15,Games & Apps,en,89,2026-04-28T12:31:50.629666+00:00
apk_cafe,telegramchannels,channel,15,Games & Apps,en,90,2026-04-28T12:31:50.629669+00:00
pesgames,telegramchannels,channel,15,Games & Apps,en,91,2026-04-28T12:31:50.629672+00:00
gamelistpc,telegramchannels,channel,15,Games & Apps,en,92,2026-04-28T12:31:50.629674+00:00
asianofficialcalls,telegramchannels,channel,15,Games & Apps,en,93,2026-04-28T12:31:50.629678+00:00
appstoredeals,telegramchannels,channel,15,Games & Apps,en,94,2026-04-28T12:31:50.629681+00:00
apks_mood,telegramchannels,channel,15,Games & Apps,en,95,2026-04-28T12:31:50.629684+00:00
unigram,telegramchannels,channel,15,Games & Apps,en,96,2026-04-28T12:31:50.629686+00:00
bluemangfiles,telegramchannels,channel,15,Games & Apps,en,97,2026-04-28T12:31:50.629690+00:00
pubgm_room,telegramchannels,channel,15,Games & Apps,en,98,2026-04-28T12:31:50.629692+00:00
pcgamechanneltelegramm,telegramchannels,channel,15,Games & Apps,en,99,2026-04-28T12:31:50.629695+00:00
modsgamesandapps,telegramchannels,channel,15,Games & Apps,en,100,2026-04-28T12:31:50.629698+00:00
freespincoinmaster,telegramchannels,channel,15,Games & Apps,en,101,2026-04-28T12:31:50.629701+00:00
ageofdinomini,telegramchannels,channel,15,Games & Apps,en,102,2026-04-28T12:31:50.629704+00:00
god_of_war_game_pc,telegramchannels,channel,15,Games & Apps,en,103,2026-04-28T12:31:50.629707+00:00
dailychannels,telegramchannels,channel,15,Games & Apps,en,104,2026-04-28T12:31:50.629712+00:00
praying_medic,telegramchannels,channel,16,Health,en,1,2026-04-28T12:32:03.893321+00:00
eoms_h,telegramchannels,channel,16,Health,en,2,2026-04-28T12:32:03.893329+00:00
medicinevideoss,telegramchannels,channel,16,Health,en,3,2026-04-28T12:32:03.893332+00:00
drtenpenny,telegramchannels,channel,16,Health,en,7,2026-04-28T12:32:03.893351+00:00
elevatethymind,telegramchannels,channel,16,Health,en,8,2026-04-28T12:32:03.893354+00:00
zelenkoprotocol,telegramchannels,channel,16,Health,en,9,2026-04-28T12:32:03.893357+00:00
mbbsmaterials,telegramchannels,channel,16,Health,en,10,2026-04-28T12:32:03.893361+00:00
covidtruthnet,telegramchannels,channel,16,Health,en,11,2026-04-28T12:32:03.893363+00:00
covidvaccinevictims,telegramchannels,channel,16,Health,en,12,2026-04-28T12:32:03.893366+00:00
childrenshd,telegramchannels,channel,16,Health,en,13,2026-04-28T12:32:03.893370+00:00
wch_org,telegramchannels,channel,16,Health,en,14,2026-04-28T12:32:03.893373+00:00
natural_meds,telegramchannels,channel,16,Health,en,15,2026-04-28T12:32:03.893376+00:00
meditationheadspacemp3,telegramchannels,channel,16,Health,en,16,2026-04-28T12:32:03.893380+00:00
healthyworlds,telegramchannels,channel,16,Health,en,17,2026-04-28T12:32:03.893383+00:00
mms_health_videos,telegramchannels,channel,16,Health,en,18,2026-04-28T12:32:03.893387+00:00
fitnessdieting,telegramchannels,channel,16,Health,en,19,2026-04-28T12:32:03.893390+00:00
emergencyuptodate2021,telegramchannels,channel,16,Health,en,20,2026-04-28T12:32:03.893394+00:00
ayurvedawellbeing,telegramchannels,channel,16,Health,en,21,2026-04-28T12:32:03.893397+00:00
awakenedbirth,telegramchannels,channel,16,Health,en,22,2026-04-28T12:32:03.893400+00:00
uptodate_accounts,telegramchannels,channel,16,Health,en,23,2026-04-28T12:32:03.893403+00:00
homeremedieschannel,telegramchannels,channel,16,Health,en,24,2026-04-28T12:32:03.893407+00:00
transgender_library,telegramchannels,channel,16,Health,en,25,2026-04-28T12:32:03.893410+00:00
tophygiene,telegramchannels,channel,16,Health,en,26,2026-04-28T12:32:03.893413+00:00
medicaladvicechannel,telegramchannels,channel,16,Health,en,27,2026-04-28T12:32:03.893416+00:00
save_it_now_1,telegramchannels,channel,16,Health,en,28,2026-04-28T12:32:03.893426+00:00
longevityintime,telegramchannels,channel,16,Health,en,29,2026-04-28T12:32:03.893430+00:00
nutrition4health,telegramchannels,channel,16,Health,en,30,2026-04-28T12:32:03.893434+00:00
just_doctors,telegramchannels,channel,16,Health,en,31,2026-04-28T12:32:03.893437+00:00
healthtipschannel,telegramchannels,channel,16,Health,en,32,2026-04-28T12:32:03.893440+00:00
kate_shemirani_natural_nurse,telegramchannels,channel,16,Health,en,33,2026-04-28T12:32:03.893443+00:00
losew,telegramchannels,channel,16,Health,en,34,2026-04-28T12:32:03.893447+00:00
healing_nature_music,telegramchannels,channel,16,Health,en,35,2026-04-28T12:32:03.893450+00:00
bodyenhancementsfam,telegramchannels,channel,16,Health,en,36,2026-04-28T12:32:03.893453+00:00
mednewstoday,telegramchannels,channel,16,Health,en,37,2026-04-28T12:32:03.893456+00:00
drjobdaily,telegramchannels,channel,16,Health,en,38,2026-04-28T12:32:03.893459+00:00
weight_loss_fast,telegramchannels,channel,16,Health,en,39,2026-04-28T12:32:03.893462+00:00
losewaight_ketodiet_cooking_carb,telegramchannels,channel,16,Health,en,40,2026-04-28T12:32:03.893465+00:00
weightlossonlineshop,telegramchannels,channel,16,Health,en,41,2026-04-28T12:32:03.893467+00:00
tgwellness,telegramchannels,channel,16,Health,en,42,2026-04-28T12:32:03.893471+00:00
facts_health,telegramchannels,channel,16,Health,en,43,2026-04-28T12:32:03.893474+00:00
medicineacthealth,telegramchannels,channel,16,Health,en,44,2026-04-28T12:32:03.893477+00:00
healthnyou,telegramchannels,channel,16,Health,en,45,2026-04-28T12:32:03.893479+00:00
thehealthchannelnews,telegramchannels,channel,16,Health,en,46,2026-04-28T12:32:03.893482+00:00
dietforadultschannel,telegramchannels,channel,16,Health,en,47,2026-04-28T12:32:03.893485+00:00
sturhealth,telegramchannels,channel,16,Health,en,48,2026-04-28T12:32:03.893488+00:00
covid_diabetes_teleconsultation,telegramchannels,channel,16,Health,en,49,2026-04-28T12:32:03.893491+00:00
holisticenergetics,telegramchannels,channel,16,Health,en,50,2026-04-28T12:32:03.893494+00:00
f200truthseekers,telegramchannels,channel,16,Health,en,51,2026-04-28T12:32:03.893497+00:00
advanceayurveda_aa,telegramchannels,channel,16,Health,en,52,2026-04-28T12:32:03.893500+00:00
thesoulshub,telegramchannels,channel,16,Health,en,53,2026-04-28T12:32:03.893502+00:00
healthylifelab,telegramchannels,channel,16,Health,en,54,2026-04-28T12:32:03.893506+00:00
ambroseascend,telegramchannels,channel,16,Health,en,55,2026-04-28T12:32:03.893508+00:00
healthamplified,telegramchannels,channel,16,Health,en,56,2026-04-28T12:32:03.893511+00:00
ekoduhru,telegramchannels,channel,16,Health,en,57,2026-04-28T12:32:03.893514+00:00
shape_your_body,telegramchannels,channel,16,Health,en,58,2026-04-28T12:32:03.893517+00:00
longrichproductag086,telegramchannels,channel,16,Health,en,59,2026-04-28T12:32:03.893520+00:00
dailychannels,telegramchannels,channel,16,Health,en,60,2026-04-28T12:32:03.893525+00:00
idiomsland,telegramchannels,channel,17,Languages,en,1,2026-04-28T12:32:17.233908+00:00
podcast_english_listening,telegramchannels,channel,17,Languages,en,2,2026-04-28T12:32:17.233916+00:00
bbcs_6minuteenglish,telegramchannels,channel,17,Languages,en,3,2026-04-28T12:32:17.233920+00:00
cambridgematerials,telegramchannels,channel,17,Languages,en,7,2026-04-28T12:32:17.233936+00:00
ingliztiliuzz,telegramchannels,channel,17,Languages,en,8,2026-04-28T12:32:17.233939+00:00
road_podcast,telegramchannels,channel,17,Languages,en,9,2026-04-28T12:32:17.233942+00:00
slangwords,telegramchannels,channel,17,Languages,en,10,2026-04-28T12:32:17.233944+00:00
engmasters,telegramchannels,channel,17,Languages,en,11,2026-04-28T12:32:17.233947+00:00
english_bbc_learning,telegramchannels,channel,17,Languages,en,12,2026-04-28T12:32:17.233950+00:00
english_vocab_grammar,telegramchannels,channel,17,Languages,en,13,2026-04-28T12:32:17.233953+00:00
learning_french_francais,telegramchannels,channel,17,Languages,en,14,2026-04-28T12:32:17.233956+00:00
englishharmony,telegramchannels,channel,17,Languages,en,15,2026-04-28T12:32:17.233959+00:00
amenglish,telegramchannels,channel,17,Languages,en,16,2026-04-28T12:32:17.233962+00:00
cambridge_dic,telegramchannels,channel,17,Languages,en,17,2026-04-28T12:32:17.233965+00:00
kyivindependent_official,telegramchannels,channel,17,Languages,en,18,2026-04-28T12:32:17.233968+00:00
babelgram,telegramchannels,channel,17,Languages,en,19,2026-04-28T12:32:17.233971+00:00
englishtipsandtools,telegramchannels,channel,17,Languages,en,20,2026-04-28T12:32:17.233974+00:00
espressoenglish,telegramchannels,channel,17,Languages,en,21,2026-04-28T12:32:17.233977+00:00
grammarenglishtips,telegramchannels,channel,17,Languages,en,22,2026-04-28T12:32:17.233980+00:00
spoken_english_neetu_singh,telegramchannels,channel,17,Languages,en,23,2026-04-28T12:32:17.233983+00:00
engskills,telegramchannels,channel,17,Languages,en,24,2026-04-28T12:32:17.233986+00:00
sirjimmy,telegramchannels,channel,17,Languages,en,25,2026-04-28T12:32:17.233989+00:00
englishcafe_1,telegramchannels,channel,17,Languages,en,26,2026-04-28T12:32:17.233992+00:00
grammarenglishclass,telegramchannels,channel,17,Languages,en,27,2026-04-28T12:32:17.233995+00:00
dammit_english,telegramchannels,channel,17,Languages,en,28,2026-04-28T12:32:17.233998+00:00
new_english_podcasts,telegramchannels,channel,17,Languages,en,29,2026-04-28T12:32:17.234001+00:00
ieltsreading9,telegramchannels,channel,17,Languages,en,30,2026-04-28T12:32:17.234004+00:00
learn_english_with_tv,telegramchannels,channel,17,Languages,en,31,2026-04-28T12:32:17.234007+00:00
englishlearn_ethiopia,telegramchannels,channel,17,Languages,en,32,2026-04-28T12:32:17.234010+00:00
ieltswritingskill9,telegramchannels,channel,17,Languages,en,33,2026-04-28T12:32:17.234013+00:00
ieltslistening9,telegramchannels,channel,17,Languages,en,34,2026-04-28T12:32:17.234016+00:00
espangles,telegramchannels,channel,17,Languages,en,35,2026-04-28T12:32:17.234019+00:00
violaclub,telegramchannels,channel,17,Languages,en,36,2026-04-28T12:32:17.234022+00:00
american_english_podcast,telegramchannels,channel,17,Languages,en,37,2026-04-28T12:32:17.234025+00:00
espvocabulary,telegramchannels,channel,17,Languages,en,38,2026-04-28T12:32:17.234027+00:00
sanctum_english,telegramchannels,channel,17,Languages,en,39,2026-04-28T12:32:17.234030+00:00
allenglishteachers,telegramchannels,channel,17,Languages,en,40,2026-04-28T12:32:17.234033+00:00
learn_japanese_gengo,telegramchannels,channel,17,Languages,en,41,2026-04-28T12:32:17.234036+00:00
efl_ana,telegramchannels,channel,17,Languages,en,42,2026-04-28T12:32:17.234039+00:00
english_with_harry_potter,telegramchannels,channel,17,Languages,en,43,2026-04-28T12:32:17.234042+00:00
languagetrivia,telegramchannels,channel,17,Languages,en,44,2026-04-28T12:32:17.234044+00:00
jlpt_n4,telegramchannels,channel,17,Languages,en,45,2026-04-28T12:32:17.234047+00:00
englishwithshei,telegramchannels,channel,17,Languages,en,46,2026-04-28T12:32:17.234050+00:00
talkenglish876,telegramchannels,channel,17,Languages,en,47,2026-04-28T12:32:17.234053+00:00
aviationenglishlessons,telegramchannels,channel,17,Languages,en,48,2026-04-28T12:32:17.234056+00:00
english_literature_litzlibrary,telegramchannels,channel,17,Languages,en,49,2026-04-28T12:32:17.234059+00:00
russian_language_basics,telegramchannels,channel,17,Languages,en,50,2026-04-28T12:32:17.234061+00:00
englstories,telegramchannels,channel,17,Languages,en,51,2026-04-28T12:32:17.234064+00:00
grammart,telegramchannels,channel,17,Languages,en,52,2026-04-28T12:32:17.234067+00:00
wordeveryday,telegramchannels,channel,17,Languages,en,53,2026-04-28T12:32:17.234070+00:00
short_story_of_the_week,telegramchannels,channel,17,Languages,en,54,2026-04-28T12:32:17.234073+00:00
bombardsbodylanguage,telegramchannels,channel,17,Languages,en,55,2026-04-28T12:32:17.234077+00:00
dimenglish,telegramchannels,channel,17,Languages,en,56,2026-04-28T12:32:17.234079+00:00
english_speeches1,telegramchannels,channel,17,Languages,en,57,2026-04-28T12:32:17.234082+00:00
gravity_falls_eng,telegramchannels,channel,17,Languages,en,58,2026-04-28T12:32:17.234085+00:00
tutorlingua,telegramchannels,channel,17,Languages,en,59,2026-04-28T12:32:17.234088+00:00
urbandictionary,telegramchannels,channel,17,Languages,en,60,2026-04-28T12:32:17.234091+00:00
clipyourenglishofficial,telegramchannels,channel,17,Languages,en,61,2026-04-28T12:32:17.234093+00:00
globalgermanlearnerschannel,telegramchannels,channel,17,Languages,en,62,2026-04-28T12:32:17.234096+00:00
learnturkishlanguagee,telegramchannels,channel,17,Languages,en,63,2026-04-28T12:32:17.234099+00:00
ieltsdirect,telegramchannels,channel,17,Languages,en,64,2026-04-28T12:32:17.234102+00:00
lingomquiz,telegramchannels,channel,17,Languages,en,65,2026-04-28T12:32:17.234104+00:00
littlesealenglish,telegramchannels,channel,17,Languages,en,66,2026-04-28T12:32:17.234107+00:00
englishfreelectures,telegramchannels,channel,17,Languages,en,67,2026-04-28T12:32:17.234110+00:00
idioms_expressions,telegramchannels,channel,17,Languages,en,68,2026-04-28T12:32:17.234113+00:00
shashi_tharoor,telegramchannels,channel,17,Languages,en,69,2026-04-28T12:32:17.234115+00:00
real_english_ryan,telegramchannels,channel,17,Languages,en,70,2026-04-28T12:32:17.234118+00:00
happyinterpreter,telegramchannels,channel,17,Languages,en,71,2026-04-28T12:32:17.234121+00:00
enfol,telegramchannels,channel,17,Languages,en,72,2026-04-28T12:32:17.234124+00:00
english_vocabulary_journal,telegramchannels,channel,17,Languages,en,73,2026-04-28T12:32:17.234127+00:00
michukichu,telegramchannels,channel,17,Languages,en,74,2026-04-28T12:32:17.234129+00:00
best_vocabulary6,telegramchannels,channel,17,Languages,en,75,2026-04-28T12:32:17.234132+00:00
richglish,telegramchannels,channel,17,Languages,en,76,2026-04-28T12:32:17.234135+00:00
letstalkinenglish3,telegramchannels,channel,17,Languages,en,77,2026-04-28T12:32:17.234138+00:00
engwordaily,telegramchannels,channel,17,Languages,en,78,2026-04-28T12:32:17.234140+00:00
teacherpaul2018,telegramchannels,channel,17,Languages,en,79,2026-04-28T12:32:17.234143+00:00
ceo1078,telegramchannels,channel,17,Languages,en,80,2026-04-28T12:32:17.234146+00:00
futuregoalvocab,telegramchannels,channel,17,Languages,en,81,2026-04-28T12:32:17.234148+00:00
love_yourenglish,telegramchannels,channel,17,Languages,en,82,2026-04-28T12:32:17.234151+00:00
differentpeoplechannel,telegramchannels,channel,17,Languages,en,83,2026-04-28T12:32:17.234153+00:00
theonenation,telegramchannels,channel,17,Languages,en,84,2026-04-28T12:32:17.234156+00:00
english_words_with_pics,telegramchannels,channel,17,Languages,en,85,2026-04-28T12:32:17.234159+00:00
englishquizworld,telegramchannels,channel,17,Languages,en,86,2026-04-28T12:32:17.234161+00:00
happyengday,telegramchannels,channel,17,Languages,en,87,2026-04-28T12:32:17.234164+00:00
elf4u,telegramchannels,channel,17,Languages,en,88,2026-04-28T12:32:17.234166+00:00
wordnet,telegramchannels,channel,17,Languages,en,89,2026-04-28T12:32:17.234169+00:00
lalangueanglaise,telegramchannels,channel,17,Languages,en,90,2026-04-28T12:32:17.234171+00:00
englishman_in_baku,telegramchannels,channel,17,Languages,en,91,2026-04-28T12:32:17.234174+00:00
eng4aall,telegramchannels,channel,17,Languages,en,92,2026-04-28T12:32:17.234176+00:00
advancedenglishlearner,telegramchannels,channel,17,Languages,en,93,2026-04-28T12:32:17.234179+00:00
thehindu_vocabulary,telegramchannels,channel,17,Languages,en,94,2026-04-28T12:32:17.234182+00:00
dailychannels,telegramchannels,channel,17,Languages,en,95,2026-04-28T12:32:17.234186+00:00
relation_ship_goal,telegramchannels,channel,18,Love,en,1,2026-04-28T12:32:30.529684+00:00
love_sayings,telegramchannels,channel,18,Love,en,2,2026-04-28T12:32:30.529693+00:00
perfectmatesmatch,telegramchannels,channel,18,Love,en,3,2026-04-28T12:32:30.529696+00:00
lovequotesvideo,telegramchannels,channel,18,Love,en,7,2026-04-28T12:32:30.529714+00:00
lovers_point_addiction,telegramchannels,channel,18,Love,en,8,2026-04-28T12:32:30.529718+00:00
romantic_video1,telegramchannels,channel,18,Love,en,9,2026-04-28T12:32:30.529721+00:00
earth_portugal_miguel,telegramchannels,channel,18,Love,en,10,2026-04-28T12:32:30.529724+00:00
ewaa345,telegramchannels,channel,18,Love,en,11,2026-04-28T12:32:30.529727+00:00
relationship101,telegramchannels,channel,18,Love,en,12,2026-04-28T12:32:30.529731+00:00
feel_inspire,telegramchannels,channel,18,Love,en,13,2026-04-28T12:32:30.529734+00:00
loverelations,telegramchannels,channel,18,Love,en,14,2026-04-28T12:32:30.529737+00:00
lovetalkwiz,telegramchannels,channel,18,Love,en,15,2026-04-28T12:32:30.529740+00:00
anuwax,telegramchannels,channel,18,Love,en,16,2026-04-28T12:32:30.529743+00:00
sarcaxtic_boy,telegramchannels,channel,18,Love,en,17,2026-04-28T12:32:30.529746+00:00
dailychannels,telegramchannels,channel,18,Love,en,18,2026-04-28T12:32:30.529751+00:00
markhemist,telegramchannels,channel,20,Marketing,en,1,2026-04-28T12:32:44.048695+00:00
hkearn_updates,telegramchannels,channel,20,Marketing,en,2,2026-04-28T12:32:44.048703+00:00
adclickersbotchannel,telegramchannels,channel,20,Marketing,en,3,2026-04-28T12:32:44.048706+00:00
deodap,telegramchannels,channel,20,Marketing,en,7,2026-04-28T12:32:44.048725+00:00
uponlymarketing,telegramchannels,channel,20,Marketing,en,8,2026-04-28T12:32:44.048728+00:00
engagementgroupsforinstagram,telegramchannels,channel,20,Marketing,en,9,2026-04-28T12:32:44.048731+00:00
intradaycashcallonly,telegramchannels,channel,20,Marketing,en,10,2026-04-28T12:32:44.048734+00:00
hotdealsexpress4891,telegramchannels,channel,20,Marketing,en,11,2026-04-28T12:32:44.048738+00:00
activemarketingjungle,telegramchannels,channel,20,Marketing,en,12,2026-04-28T12:32:44.048741+00:00
topchannels_europe,telegramchannels,channel,20,Marketing,en,13,2026-04-28T12:32:44.048744+00:00
kaboomracks,telegramchannels,channel,20,Marketing,en,14,2026-04-28T12:32:44.048748+00:00
vlivetrickscom,telegramchannels,channel,20,Marketing,en,15,2026-04-28T12:32:44.048751+00:00
engagementgroupsig,telegramchannels,channel,20,Marketing,en,16,2026-04-28T12:32:44.048754+00:00
crowd1,telegramchannels,channel,20,Marketing,en,17,2026-04-28T12:32:44.048757+00:00
adnovahub,telegramchannels,channel,20,Marketing,en,18,2026-04-28T12:32:44.048761+00:00
msdhoni7u,telegramchannels,channel,20,Marketing,en,19,2026-04-28T12:32:44.048764+00:00
buyallsocialmedia,telegramchannels,channel,20,Marketing,en,20,2026-04-28T12:32:44.048767+00:00
digitalmarketingresources,telegramchannels,channel,20,Marketing,en,21,2026-04-28T12:32:44.048770+00:00
xauusdgold_forex_signalsfx0,telegramchannels,channel,20,Marketing,en,22,2026-04-28T12:32:44.048774+00:00
howtouseengagementgroups,telegramchannels,channel,20,Marketing,en,23,2026-04-28T12:32:44.048777+00:00
adprofb,telegramchannels,channel,20,Marketing,en,24,2026-04-28T12:32:44.048780+00:00
digital_marketing_resources,telegramchannels,channel,20,Marketing,en,25,2026-04-28T12:32:44.048783+00:00
earnmoneyonline81,telegramchannels,channel,20,Marketing,en,26,2026-04-28T12:32:44.048787+00:00
adpodxyz,telegramchannels,channel,20,Marketing,en,27,2026-04-28T12:32:44.048790+00:00
scripterrahul1,telegramchannels,channel,20,Marketing,en,28,2026-04-28T12:32:44.048793+00:00
smmpanel2024,telegramchannels,channel,20,Marketing,en,29,2026-04-28T12:32:44.048796+00:00
zorbasmedia_eng,telegramchannels,channel,20,Marketing,en,30,2026-04-28T12:32:44.048799+00:00
newkids123,telegramchannels,channel,20,Marketing,en,31,2026-04-28T12:32:44.048802+00:00
luxurylinefurniture,telegramchannels,channel,20,Marketing,en,32,2026-04-28T12:32:44.048805+00:00
unitedstatesfacebook,telegramchannels,channel,20,Marketing,en,33,2026-04-28T12:32:44.048808+00:00
accountsforsalelucagency,telegramchannels,channel,20,Marketing,en,34,2026-04-28T12:32:44.048811+00:00
list_emails,telegramchannels,channel,20,Marketing,en,35,2026-04-28T12:32:44.048814+00:00
tellosliquidation,telegramchannels,channel,20,Marketing,en,36,2026-04-28T12:32:44.048817+00:00
sketch_box,telegramchannels,channel,20,Marketing,en,37,2026-04-28T12:32:44.048820+00:00
goblackhat,telegramchannels,channel,20,Marketing,en,38,2026-04-28T12:32:44.048823+00:00
digital4market,telegramchannels,channel,20,Marketing,en,39,2026-04-28T12:32:44.048826+00:00
thegameofnetworking,telegramchannels,channel,20,Marketing,en,40,2026-04-28T12:32:44.048829+00:00
moneybooster12,telegramchannels,channel,20,Marketing,en,41,2026-04-28T12:32:44.048832+00:00
digital_hustle_vault,telegramchannels,channel,20,Marketing,en,42,2026-04-28T12:32:44.048835+00:00
axsales,telegramchannels,channel,20,Marketing,en,43,2026-04-28T12:32:44.048838+00:00
orderblockkings,telegramchannels,channel,20,Marketing,en,44,2026-04-28T12:32:44.048841+00:00
googlethreshold,telegramchannels,channel,20,Marketing,en,45,2026-04-28T12:32:44.048844+00:00
passiveincomeforeverr,telegramchannels,channel,20,Marketing,en,46,2026-04-28T12:32:44.048847+00:00
marigoldmediamarketing,telegramchannels,channel,20,Marketing,en,47,2026-04-28T12:32:44.048850+00:00
captainagency,telegramchannels,channel,20,Marketing,en,48,2026-04-28T12:32:44.048853+00:00
viewstasupport,telegramchannels,channel,20,Marketing,en,49,2026-04-28T12:32:44.048856+00:00
thevipfxgroup,telegramchannels,channel,20,Marketing,en,50,2026-04-28T12:32:44.048859+00:00
iearnhub,telegramchannels,channel,20,Marketing,en,51,2026-04-28T12:32:44.048862+00:00
aliexpressdealscoupons,telegramchannels,channel,20,Marketing,en,52,2026-04-28T12:32:44.048865+00:00
seedforex,telegramchannels,channel,20,Marketing,en,53,2026-04-28T12:32:44.048868+00:00
badshah_adding_services,telegramchannels,channel,20,Marketing,en,54,2026-04-28T12:32:44.048871+00:00
allstoredeals,telegramchannels,channel,20,Marketing,en,55,2026-04-28T12:32:44.048875+00:00
onlineearningapps1234,telegramchannels,channel,20,Marketing,en,56,2026-04-28T12:32:44.048878+00:00
happygoodsdeals,telegramchannels,channel,20,Marketing,en,57,2026-04-28T12:32:44.048881+00:00
dealls69,telegramchannels,channel,20,Marketing,en,58,2026-04-28T12:32:44.048884+00:00
forexfreesignalsx,telegramchannels,channel,20,Marketing,en,59,2026-04-28T12:32:44.048887+00:00
forextradingsignalsio,telegramchannels,channel,20,Marketing,en,60,2026-04-28T12:32:44.048890+00:00
trx_instant_pay_new,telegramchannels,channel,20,Marketing,en,61,2026-04-28T12:32:44.048893+00:00
mr_mrs_shopper,telegramchannels,channel,20,Marketing,en,62,2026-04-28T12:32:44.048896+00:00
amazondeals1_0,telegramchannels,channel,20,Marketing,en,63,2026-04-28T12:32:44.048899+00:00
profxteem,telegramchannels,channel,20,Marketing,en,64,2026-04-28T12:32:44.048902+00:00
dealsoneverthing,telegramchannels,channel,20,Marketing,en,65,2026-04-28T12:32:44.048905+00:00
engagementgroupforinstagram,telegramchannels,channel,20,Marketing,en,66,2026-04-28T12:32:44.048908+00:00
promoteyournet,telegramchannels,channel,20,Marketing,en,67,2026-04-28T12:32:44.048911+00:00
likeandcommentsforinstagram,telegramchannels,channel,20,Marketing,en,68,2026-04-28T12:32:44.048914+00:00
bestdealsallinone,telegramchannels,channel,20,Marketing,en,69,2026-04-28T12:32:44.048917+00:00
shoppersdestination_official,telegramchannels,channel,20,Marketing,en,70,2026-04-28T12:32:44.048920+00:00
getviralonline,telegramchannels,channel,20,Marketing,en,71,2026-04-28T12:32:44.048922+00:00
mrsuperdeal,telegramchannels,channel,20,Marketing,en,72,2026-04-28T12:32:44.048925+00:00
scorpionhat,telegramchannels,channel,20,Marketing,en,73,2026-04-28T12:32:44.048928+00:00
batpromarketing,telegramchannels,channel,20,Marketing,en,74,2026-04-28T12:32:44.048931+00:00
niftytechnicaltraders,telegramchannels,channel,20,Marketing,en,75,2026-04-28T12:32:44.048934+00:00
commentforcomments,telegramchannels,channel,20,Marketing,en,76,2026-04-28T12:32:44.048937+00:00
commentsforinstagram,telegramchannels,channel,20,Marketing,en,77,2026-04-28T12:32:44.048940+00:00
paytm_earning_tricks_loots,telegramchannels,channel,20,Marketing,en,78,2026-04-28T12:32:44.048943+00:00
intagramengagement,telegramchannels,channel,20,Marketing,en,79,2026-04-28T12:32:44.048946+00:00
idomarketingservice,telegramchannels,channel,20,Marketing,en,80,2026-04-28T12:32:44.048949+00:00
dailychannels,telegramchannels,channel,20,Marketing,en,81,2026-04-28T12:32:44.048954+00:00
anime_wars,telegramchannels,channel,30,Movies & Videos,en,1,2026-04-28T12:32:59.857852+00:00
seriesbayx,telegramchannels,channel,30,Movies & Videos,en,2,2026-04-28T12:32:59.857860+00:00
anime_ety,telegramchannels,channel,30,Movies & Videos,en,3,2026-04-28T12:32:59.857863+00:00
series,telegramchannels,channel,30,Movies & Videos,en,7,2026-04-28T12:32:59.857881+00:00
netflix_xseriesbot,telegramchannels,channel,30,Movies & Videos,en,8,2026-04-28T12:32:59.857885+00:00
irismoviesch,telegramchannels,channel,30,Movies & Videos,en,9,2026-04-28T12:32:59.857888+00:00
bot_animes,telegramchannels,channel,30,Movies & Videos,en,10,2026-04-28T12:32:59.857891+00:00
ongoing_ety_anime,telegramchannels,channel,30,Movies & Videos,en,11,2026-04-28T12:32:59.857895+00:00
onlyfighting,telegramchannels,channel,30,Movies & Videos,en,12,2026-04-28T12:32:59.857898+00:00
ezcinema,telegramchannels,channel,30,Movies & Videos,en,13,2026-04-28T12:32:59.857901+00:00
iboxtv8,telegramchannels,channel,30,Movies & Videos,en,14,2026-04-28T12:32:59.857904+00:00
one_piece_idn,telegramchannels,channel,30,Movies & Videos,en,15,2026-04-28T12:32:59.857908+00:00
hollywood_movies_english_new_hd,telegramchannels,channel,30,Movies & Videos,en,16,2026-04-28T12:32:59.857911+00:00
campuscreenmedia,telegramchannels,channel,30,Movies & Videos,en,17,2026-04-28T12:32:59.857914+00:00
anime_x_clan,telegramchannels,channel,30,Movies & Videos,en,18,2026-04-28T12:32:59.857917+00:00
short_mars,telegramchannels,channel,30,Movies & Videos,en,19,2026-04-28T12:32:59.857920+00:00
attack_on_titan_dub,telegramchannels,channel,30,Movies & Videos,en,20,2026-04-28T12:32:59.857924+00:00
naruto_shippuden_episodess,telegramchannels,channel,30,Movies & Videos,en,21,2026-04-28T12:32:59.857927+00:00
demon_slayer_season_3_2,telegramchannels,channel,30,Movies & Videos,en,22,2026-04-28T12:32:59.857930+00:00
bleach_dual,telegramchannels,channel,30,Movies & Videos,en,23,2026-04-28T12:32:59.857933+00:00
naijarocksdotcom,telegramchannels,channel,30,Movies & Videos,en,24,2026-04-28T12:32:59.857936+00:00
hotstar_movies_hd_news_disney,telegramchannels,channel,30,Movies & Videos,en,25,2026-04-28T12:32:59.857939+00:00
leaklive,telegramchannels,channel,30,Movies & Videos,en,26,2026-04-28T12:32:59.857942+00:00
animeseries,telegramchannels,channel,30,Movies & Videos,en,27,2026-04-28T12:32:59.857945+00:00
anime_gallery_seasonal,telegramchannels,channel,30,Movies & Videos,en,28,2026-04-28T12:32:59.857949+00:00
video_videos_movie_film,telegramchannels,channel,30,Movies & Videos,en,29,2026-04-28T12:32:59.857952+00:00
tamil_telugu_movies_hd_news,telegramchannels,channel,30,Movies & Videos,en,30,2026-04-28T12:32:59.857956+00:00
jujutsu_kaisen_english_dub,telegramchannels,channel,30,Movies & Videos,en,31,2026-04-28T12:32:59.857959+00:00
factmemetv,telegramchannels,channel,30,Movies & Videos,en,32,2026-04-28T12:32:59.857962+00:00
beforeourtime,telegramchannels,channel,30,Movies & Videos,en,33,2026-04-28T12:32:59.857965+00:00
crazy_moments_usa,telegramchannels,channel,30,Movies & Videos,en,34,2026-04-28T12:32:59.857968+00:00
netflix,telegramchannels,channel,30,Movies & Videos,en,35,2026-04-28T12:32:59.857971+00:00
leaklive_tg,telegramchannels,channel,30,Movies & Videos,en,36,2026-04-28T12:32:59.857974+00:00
trendinggistgh,telegramchannels,channel,30,Movies & Videos,en,37,2026-04-28T12:32:59.857977+00:00
justdudechannel,telegramchannels,channel,30,Movies & Videos,en,38,2026-04-28T12:32:59.857980+00:00
temmyytv,telegramchannels,channel,30,Movies & Videos,en,39,2026-04-28T12:32:59.857983+00:00
korean_drama_moviez,telegramchannels,channel,30,Movies & Videos,en,40,2026-04-28T12:32:59.857986+00:00
movies_society,telegramchannels,channel,30,Movies & Videos,en,41,2026-04-28T12:32:59.857989+00:00
reeloadmedia,telegramchannels,channel,30,Movies & Videos,en,42,2026-04-28T12:32:59.857993+00:00
onepunchman_ep,telegramchannels,channel,30,Movies & Videos,en,43,2026-04-28T12:32:59.857996+00:00
topdocumentaryfilms,telegramchannels,channel,30,Movies & Videos,en,44,2026-04-28T12:32:59.857999+00:00
sikaofficialgh,telegramchannels,channel,30,Movies & Videos,en,45,2026-04-28T12:32:59.858002+00:00
doremon_cartoon_movies,telegramchannels,channel,30,Movies & Videos,en,46,2026-04-28T12:32:59.858005+00:00
new_indian_movies_south_hd_music,telegramchannels,channel,30,Movies & Videos,en,47,2026-04-28T12:32:59.858008+00:00
animelibrary_movies,telegramchannels,channel,30,Movies & Videos,en,48,2026-04-28T12:32:59.858011+00:00
sgnewmovies,telegramchannels,channel,30,Movies & Videos,en,49,2026-04-28T12:32:59.858014+00:00
intermedia_movies,telegramchannels,channel,30,Movies & Videos,en,50,2026-04-28T12:32:59.858017+00:00
entertainment,telegramchannels,channel,30,Movies & Videos,en,51,2026-04-28T12:32:59.858020+00:00
asainserieslist,telegramchannels,channel,30,Movies & Videos,en,52,2026-04-28T12:32:59.858023+00:00
outerbanks,telegramchannels,channel,30,Movies & Videos,en,53,2026-04-28T12:32:59.858026+00:00
bingebuddy,telegramchannels,channel,30,Movies & Videos,en,54,2026-04-28T12:32:59.858029+00:00
itvsharearchive,telegramchannels,channel,30,Movies & Videos,en,55,2026-04-28T12:32:59.858032+00:00
munowatch_vj_junior_uganda,telegramchannels,channel,30,Movies & Videos,en,56,2026-04-28T12:32:59.858035+00:00
schoolfights4u,telegramchannels,channel,30,Movies & Videos,en,57,2026-04-28T12:32:59.858038+00:00
ha_korean_drama_english,telegramchannels,channel,30,Movies & Videos,en,58,2026-04-28T12:32:59.858042+00:00
nature4kv,telegramchannels,channel,30,Movies & Videos,en,59,2026-04-28T12:32:59.858045+00:00
ongoingbldrama,telegramchannels,channel,30,Movies & Videos,en,60,2026-04-28T12:32:59.858048+00:00
comics_art_marvel_dc,telegramchannels,channel,30,Movies & Videos,en,61,2026-04-28T12:32:59.858051+00:00
korea_drama,telegramchannels,channel,30,Movies & Videos,en,62,2026-04-28T12:32:59.858054+00:00
xclusivesreleases,telegramchannels,channel,30,Movies & Videos,en,63,2026-04-28T12:32:59.858057+00:00
insta_reels_short_videos,telegramchannels,channel,30,Movies & Videos,en,64,2026-04-28T12:32:59.858060+00:00
theseries_barn,telegramchannels,channel,30,Movies & Videos,en,65,2026-04-28T12:32:59.858063+00:00
kbjlover,telegramchannels,channel,30,Movies & Videos,en,66,2026-04-28T12:32:59.858066+00:00
fight_club_g,telegramchannels,channel,30,Movies & Videos,en,67,2026-04-28T12:32:59.858070+00:00
moviebox4d,telegramchannels,channel,30,Movies & Videos,en,68,2026-04-28T12:32:59.858073+00:00
anime0ch,telegramchannels,channel,30,Movies & Videos,en,69,2026-04-28T12:32:59.858076+00:00
anime_tron,telegramchannels,channel,30,Movies & Videos,en,70,2026-04-28T12:32:59.858078+00:00
anime_district,telegramchannels,channel,30,Movies & Videos,en,71,2026-04-28T12:32:59.858081+00:00
netnaijaseries,telegramchannels,channel,30,Movies & Videos,en,72,2026-04-28T12:32:59.858084+00:00
naruto_series,telegramchannels,channel,30,Movies & Videos,en,73,2026-04-28T12:32:59.858087+00:00
wgmltd,telegramchannels,channel,30,Movies & Videos,en,74,2026-04-28T12:32:59.858090+00:00
kigurumi_videos,telegramchannels,channel,30,Movies & Videos,en,75,2026-04-28T12:32:59.858093+00:00
animedubbedwatch,telegramchannels,channel,30,Movies & Videos,en,76,2026-04-28T12:32:59.858096+00:00
movie_tg,telegramchannels,channel,30,Movies & Videos,en,77,2026-04-28T12:32:59.858099+00:00
reeload_media2,telegramchannels,channel,30,Movies & Videos,en,78,2026-04-28T12:32:59.858103+00:00
filmswithenglishsubtitles,telegramchannels,channel,30,Movies & Videos,en,79,2026-04-28T12:32:59.858106+00:00
katandika2022,telegramchannels,channel,30,Movies & Videos,en,80,2026-04-28T12:32:59.858109+00:00
rccpcblectures,telegramchannels,channel,30,Movies & Videos,en,81,2026-04-28T12:32:59.858112+00:00
koreanhdstatus,telegramchannels,channel,30,Movies & Videos,en,82,2026-04-28T12:32:59.858115+00:00
fullcircle360,telegramchannels,channel,30,Movies & Videos,en,83,2026-04-28T12:32:59.858118+00:00
naruto_downloads,telegramchannels,channel,30,Movies & Videos,en,84,2026-04-28T12:32:59.858121+00:00
thenaijaodin,telegramchannels,channel,30,Movies & Videos,en,85,2026-04-28T12:32:59.858123+00:00
pdmovies,telegramchannels,channel,30,Movies & Videos,en,86,2026-04-28T12:32:59.858126+00:00
wisdomelitesfiles,telegramchannels,channel,30,Movies & Videos,en,87,2026-04-28T12:32:59.858129+00:00
nollywood_movies1,telegramchannels,channel,30,Movies & Videos,en,88,2026-04-28T12:32:59.858132+00:00
musiquehaitienne,telegramchannels,channel,30,Movies & Videos,en,89,2026-04-28T12:32:59.858135+00:00
filmmking,telegramchannels,channel,30,Movies & Videos,en,90,2026-04-28T12:32:59.858138+00:00
pakistan_movies,telegramchannels,channel,30,Movies & Videos,en,91,2026-04-28T12:32:59.858141+00:00
apple_movies101,telegramchannels,channel,30,Movies & Videos,en,92,2026-04-28T12:32:59.858144+00:00
tiktoklates,telegramchannels,channel,30,Movies & Videos,en,93,2026-04-28T12:32:59.858147+00:00
topdocumentaryseries,telegramchannels,channel,30,Movies & Videos,en,94,2026-04-28T12:32:59.858150+00:00
jollytv_crib,telegramchannels,channel,30,Movies & Videos,en,95,2026-04-28T12:32:59.858153+00:00
manhwa_apex,telegramchannels,channel,30,Movies & Videos,en,96,2026-04-28T12:32:59.858156+00:00
anime_nation,telegramchannels,channel,30,Movies & Videos,en,97,2026-04-28T12:32:59.858159+00:00
iboxtv,telegramchannels,channel,30,Movies & Videos,en,98,2026-04-28T12:32:59.858162+00:00
eternalshineyandchrome,telegramchannels,channel,30,Movies & Videos,en,99,2026-04-28T12:32:59.858165+00:00
anime_arsenal,telegramchannels,channel,30,Movies & Videos,en,100,2026-04-28T12:32:59.858168+00:00
theblacklisttvseries,telegramchannels,channel,30,Movies & Videos,en,101,2026-04-28T12:32:59.858171+00:00
animenation_ongoing,telegramchannels,channel,30,Movies & Videos,en,102,2026-04-28T12:32:59.858174+00:00
mukannadafilms,telegramchannels,channel,30,Movies & Videos,en,103,2026-04-28T12:32:59.858177+00:00
dailychannels,telegramchannels,channel,30,Movies & Videos,en,104,2026-04-28T12:32:59.858182+00:00
ghanalatestsongs,telegramchannels,channel,21,Music,en,1,2026-04-28T12:33:13.156507+00:00
foxtuneupdates,telegramchannels,channel,21,Music,en,2,2026-04-28T12:33:13.156516+00:00
gospel_worship,telegramchannels,channel,21,Music,en,3,2026-04-28T12:33:13.156520+00:00
thv_ot7,telegramchannels,channel,21,Music,en,7,2026-04-28T12:33:13.156548+00:00
sickmindsmedia,telegramchannels,channel,21,Music,en,8,2026-04-28T12:33:13.156553+00:00
flstudiofruity,telegramchannels,channel,21,Music,en,9,2026-04-28T12:33:13.156556+00:00
hqvst,telegramchannels,channel,21,Music,en,10,2026-04-28T12:33:13.156559+00:00
songs,telegramchannels,channel,21,Music,en,11,2026-04-28T12:33:13.156562+00:00
nigerialatestsong,telegramchannels,channel,21,Music,en,12,2026-04-28T12:33:13.156565+00:00
plugwav,telegramchannels,channel,21,Music,en,13,2026-04-28T12:33:13.156568+00:00
djchannelhm,telegramchannels,channel,21,Music,en,14,2026-04-28T12:33:13.156571+00:00
audiotoolsvstsampleskits,telegramchannels,channel,21,Music,en,15,2026-04-28T12:33:13.156574+00:00
heavymetalalbums,telegramchannels,channel,21,Music,en,16,2026-04-28T12:33:13.156577+00:00
bighitxtcom,telegramchannels,channel,21,Music,en,17,2026-04-28T12:33:13.156580+00:00
thv_uniiverse,telegramchannels,channel,21,Music,en,18,2026-04-28T12:33:13.156584+00:00
naijamusicworld,telegramchannels,channel,21,Music,en,19,2026-04-28T12:33:13.156587+00:00
rare_90s_hip_hop,telegramchannels,channel,21,Music,en,20,2026-04-28T12:33:13.156590+00:00
brokemys,telegramchannels,channel,21,Music,en,21,2026-04-28T12:33:13.156593+00:00
straykidsbubbleupdate2021,telegramchannels,channel,21,Music,en,22,2026-04-28T12:33:13.156596+00:00
all_bts_updates,telegramchannels,channel,21,Music,en,23,2026-04-28T12:33:13.156599+00:00
bangtankboys,telegramchannels,channel,21,Music,en,24,2026-04-28T12:33:13.156602+00:00
animemusicstash,telegramchannels,channel,21,Music,en,25,2026-04-28T12:33:13.156605+00:00
mercychinwonow,telegramchannels,channel,21,Music,en,26,2026-04-28T12:33:13.156608+00:00
btsinstagramupdate,telegramchannels,channel,21,Music,en,27,2026-04-28T12:33:13.156611+00:00
fntune,telegramchannels,channel,21,Music,en,28,2026-04-28T12:33:13.156614+00:00
sabseachestatus,telegramchannels,channel,21,Music,en,29,2026-04-28T12:33:13.156617+00:00
theloopcentral,telegramchannels,channel,21,Music,en,30,2026-04-28T12:33:13.156619+00:00
spurziki,telegramchannels,channel,21,Music,en,31,2026-04-28T12:33:13.156622+00:00
bighitbtsmemes,telegramchannels,channel,21,Music,en,32,2026-04-28T12:33:13.156625+00:00
diskopartydancesongs,telegramchannels,channel,21,Music,en,33,2026-04-28T12:33:13.156628+00:00
btseditsoffecial,telegramchannels,channel,21,Music,en,34,2026-04-28T12:33:13.156632+00:00
stayc6irls,telegramchannels,channel,21,Music,en,35,2026-04-28T12:33:13.156635+00:00
tranceandprogressive,telegramchannels,channel,21,Music,en,36,2026-04-28T12:33:13.156638+00:00
twiceftonces,telegramchannels,channel,21,Music,en,37,2026-04-28T12:33:13.156641+00:00
melodicdeathmetalclub,telegramchannels,channel,21,Music,en,38,2026-04-28T12:33:13.156644+00:00
english_mp3s_new,telegramchannels,channel,21,Music,en,39,2026-04-28T12:33:13.156647+00:00
fromisnineupdate,telegramchannels,channel,21,Music,en,40,2026-04-28T12:33:13.156650+00:00
txtupdate21,telegramchannels,channel,21,Music,en,41,2026-04-28T12:33:13.156653+00:00
english_songs_hub,telegramchannels,channel,21,Music,en,42,2026-04-28T12:33:13.156656+00:00
reggae_music,telegramchannels,channel,21,Music,en,43,2026-04-28T12:33:13.156659+00:00
gidle_update,telegramchannels,channel,21,Music,en,44,2026-04-28T12:33:13.156662+00:00
jxbznft,telegramchannels,channel,21,Music,en,45,2026-04-28T12:33:13.156665+00:00
ele_music,telegramchannels,channel,21,Music,en,46,2026-04-28T12:33:13.156668+00:00
slaughter_to_prevail_music,telegramchannels,channel,21,Music,en,47,2026-04-28T12:33:13.156671+00:00
passengermusics,telegramchannels,channel,21,Music,en,48,2026-04-28T12:33:13.156674+00:00
unlimited_freedom,telegramchannels,channel,21,Music,en,49,2026-04-28T12:33:13.156677+00:00
hightunes,telegramchannels,channel,21,Music,en,50,2026-04-28T12:33:13.156680+00:00
babymonsterbyyg,telegramchannels,channel,21,Music,en,51,2026-04-28T12:33:13.156683+00:00
djmuzc,telegramchannels,channel,21,Music,en,52,2026-04-28T12:33:13.156686+00:00
freemusic2023,telegramchannels,channel,21,Music,en,53,2026-04-28T12:33:13.156689+00:00
blck_rnb,telegramchannels,channel,21,Music,en,54,2026-04-28T12:33:13.156692+00:00
soundengineervava,telegramchannels,channel,21,Music,en,55,2026-04-28T12:33:13.156695+00:00
pocketfmenglish,telegramchannels,channel,21,Music,en,56,2026-04-28T12:33:13.156698+00:00
darkelectro,telegramchannels,channel,21,Music,en,57,2026-04-28T12:33:13.156701+00:00
world_music_pfff,telegramchannels,channel,21,Music,en,58,2026-04-28T12:33:13.156704+00:00
epicmusics1,telegramchannels,channel,21,Music,en,59,2026-04-28T12:33:13.156707+00:00
producersecrets,telegramchannels,channel,21,Music,en,60,2026-04-28T12:33:13.156710+00:00
all2you,telegramchannels,channel,21,Music,en,61,2026-04-28T12:33:13.156713+00:00
babkim,telegramchannels,channel,21,Music,en,62,2026-04-28T12:33:13.156716+00:00
musicmalaysiaofficial,telegramchannels,channel,21,Music,en,63,2026-04-28T12:33:13.156719+00:00
deep_rhythm_music,telegramchannels,channel,21,Music,en,64,2026-04-28T12:33:13.156723+00:00
snsdchannel,telegramchannels,channel,21,Music,en,65,2026-04-28T12:33:13.156726+00:00
intellemusic,telegramchannels,channel,21,Music,en,66,2026-04-28T12:33:13.156729+00:00
psytrancefree,telegramchannels,channel,21,Music,en,67,2026-04-28T12:33:13.156732+00:00
arcticmonkeys,telegramchannels,channel,21,Music,en,68,2026-04-28T12:33:13.156735+00:00
anime_musics,telegramchannels,channel,21,Music,en,69,2026-04-28T12:33:13.156738+00:00
grmdaily12,telegramchannels,channel,21,Music,en,70,2026-04-28T12:33:13.156741+00:00
metal_music_pfff,telegramchannels,channel,21,Music,en,71,2026-04-28T12:33:13.156744+00:00
beats4gym,telegramchannels,channel,21,Music,en,72,2026-04-28T12:33:13.156747+00:00
epic_music_mania,telegramchannels,channel,21,Music,en,73,2026-04-28T12:33:13.156750+00:00
rockandmetalhits,telegramchannels,channel,21,Music,en,74,2026-04-28T12:33:13.156753+00:00
liltecca_fans,telegramchannels,channel,21,Music,en,75,2026-04-28T12:33:13.156756+00:00
playboicarti_fans,telegramchannels,channel,21,Music,en,76,2026-04-28T12:33:13.156759+00:00
listentomuzik,telegramchannels,channel,21,Music,en,77,2026-04-28T12:33:13.156761+00:00
housetechno,telegramchannels,channel,21,Music,en,78,2026-04-28T12:33:13.156765+00:00
theprodigylive,telegramchannels,channel,21,Music,en,79,2026-04-28T12:33:13.156768+00:00
countryroadmusic,telegramchannels,channel,21,Music,en,80,2026-04-28T12:33:13.156771+00:00
sadart,telegramchannels,channel,21,Music,en,81,2026-04-28T12:33:13.156774+00:00
lolicore_ua,telegramchannels,channel,21,Music,en,82,2026-04-28T12:33:13.156777+00:00
freelagumelayu,telegramchannels,channel,21,Music,en,83,2026-04-28T12:33:13.156780+00:00
musicianmemes,telegramchannels,channel,21,Music,en,84,2026-04-28T12:33:13.156783+00:00
spotify_save_music,telegramchannels,channel,21,Music,en,85,2026-04-28T12:33:13.156786+00:00
musixlovers,telegramchannels,channel,21,Music,en,86,2026-04-28T12:33:13.156789+00:00
techno_m2,telegramchannels,channel,21,Music,en,87,2026-04-28T12:33:13.156791+00:00
psychedelic_trance,telegramchannels,channel,21,Music,en,88,2026-04-28T12:33:13.156794+00:00
pdstatus1,telegramchannels,channel,21,Music,en,89,2026-04-28T12:33:13.156798+00:00
pologcapalotg,telegramchannels,channel,21,Music,en,90,2026-04-28T12:33:13.156800+00:00
uesound,telegramchannels,channel,21,Music,en,91,2026-04-28T12:33:13.156803+00:00
folk_metal_songs,telegramchannels,channel,21,Music,en,92,2026-04-28T12:33:13.156806+00:00
soul_orgasm,telegramchannels,channel,21,Music,en,93,2026-04-28T12:33:13.156808+00:00
downloadmp3_english_songs,telegramchannels,channel,21,Music,en,94,2026-04-28T12:33:13.156812+00:00
myd_selection,telegramchannels,channel,21,Music,en,95,2026-04-28T12:33:13.156814+00:00
rophnanmygeneration,telegramchannels,channel,21,Music,en,96,2026-04-28T12:33:13.156817+00:00
jugged,telegramchannels,channel,21,Music,en,97,2026-04-28T12:33:13.156820+00:00
christmasmusic,telegramchannels,channel,21,Music,en,98,2026-04-28T12:33:13.156823+00:00
linkupog,telegramchannels,channel,21,Music,en,99,2026-04-28T12:33:13.156826+00:00
keysnat,telegramchannels,channel,21,Music,en,100,2026-04-28T12:33:13.156828+00:00
mhhousemusic,telegramchannels,channel,21,Music,en,101,2026-04-28T12:33:13.156831+00:00
aruvi_studio,telegramchannels,channel,21,Music,en,102,2026-04-28T12:33:13.156834+00:00
syrianmetalheadsunion,telegramchannels,channel,21,Music,en,103,2026-04-28T12:33:13.156837+00:00
dailychannels,telegramchannels,channel,21,Music,en,104,2026-04-28T12:33:13.156842+00:00
nature,telegramchannels,channel,1,Nature & Animals,en,1,2026-04-28T12:33:26.937066+00:00
catmoonity,telegramchannels,channel,1,Nature & Animals,en,2,2026-04-28T12:33:26.937074+00:00
cute_cats_videos,telegramchannels,channel,1,Nature & Animals,en,3,2026-04-28T12:33:26.937077+00:00
funnyanimals_1,telegramchannels,channel,1,Nature & Animals,en,7,2026-04-28T12:33:26.937096+00:00
natgeosociety,telegramchannels,channel,1,Nature & Animals,en,8,2026-04-28T12:33:26.937100+00:00
tgrealnature,telegramchannels,channel,1,Nature & Animals,en,9,2026-04-28T12:33:26.937103+00:00
earthcurated,telegramchannels,channel,1,Nature & Animals,en,10,2026-04-28T12:33:26.937106+00:00
discovery_animal_planet,telegramchannels,channel,1,Nature & Animals,en,11,2026-04-28T12:33:26.937110+00:00
gardeningsecrets,telegramchannels,channel,1,Nature & Animals,en,12,2026-04-28T12:33:26.937113+00:00
tg_discovery,telegramchannels,channel,1,Nature & Animals,en,13,2026-04-28T12:33:26.937117+00:00
wildlifen,telegramchannels,channel,1,Nature & Animals,en,14,2026-04-28T12:33:26.937120+00:00
cutehappystuffs,telegramchannels,channel,1,Nature & Animals,en,15,2026-04-28T12:33:26.937123+00:00
blazenanimals,telegramchannels,channel,1,Nature & Animals,en,16,2026-04-28T12:33:26.937126+00:00
lolanimalz,telegramchannels,channel,1,Nature & Animals,en,17,2026-04-28T12:33:26.937129+00:00
funnyanimals_t_me,telegramchannels,channel,1,Nature & Animals,en,18,2026-04-28T12:33:26.937133+00:00
evolvedtruth,telegramchannels,channel,1,Nature & Animals,en,19,2026-04-28T12:33:26.937136+00:00
ohota_riba,telegramchannels,channel,1,Nature & Animals,en,20,2026-04-28T12:33:26.937139+00:00
animals_funny_videos,telegramchannels,channel,1,Nature & Animals,en,21,2026-04-28T12:33:26.937143+00:00
animals_first,telegramchannels,channel,1,Nature & Animals,en,22,2026-04-28T12:33:26.937146+00:00
animal_fighting,telegramchannels,channel,1,Nature & Animals,en,23,2026-04-28T12:33:26.937149+00:00
sgcatadoption,telegramchannels,channel,1,Nature & Animals,en,24,2026-04-28T12:33:26.937152+00:00
you_can_pet,telegramchannels,channel,1,Nature & Animals,en,25,2026-04-28T12:33:26.937155+00:00
plantforchange,telegramchannels,channel,1,Nature & Animals,en,26,2026-04-28T12:33:26.937158+00:00
housescat,telegramchannels,channel,1,Nature & Animals,en,27,2026-04-28T12:33:26.937161+00:00
beginnerhomesteader,telegramchannels,channel,1,Nature & Animals,en,28,2026-04-28T12:33:26.937164+00:00
dangerousground,telegramchannels,channel,1,Nature & Animals,en,29,2026-04-28T12:33:26.937167+00:00
cutedogcat,telegramchannels,channel,1,Nature & Animals,en,30,2026-04-28T12:33:26.937170+00:00
funny1pet,telegramchannels,channel,1,Nature & Animals,en,31,2026-04-28T12:33:26.937173+00:00
missflodder,telegramchannels,channel,1,Nature & Animals,en,32,2026-04-28T12:33:26.937176+00:00
utcutie,telegramchannels,channel,1,Nature & Animals,en,33,2026-04-28T12:33:26.937180+00:00
hourlyfops,telegramchannels,channel,1,Nature & Animals,en,34,2026-04-28T12:33:26.937183+00:00
livingocean,telegramchannels,channel,1,Nature & Animals,en,35,2026-04-28T12:33:26.937186+00:00
vinegarbluesky,telegramchannels,channel,1,Nature & Animals,en,36,2026-04-28T12:33:26.937189+00:00
dailymonkeys,telegramchannels,channel,1,Nature & Animals,en,37,2026-04-28T12:33:26.937192+00:00
offgridlowtech,telegramchannels,channel,1,Nature & Animals,en,38,2026-04-28T12:33:26.937195+00:00
opossumscreamo,telegramchannels,channel,1,Nature & Animals,en,39,2026-04-28T12:33:26.937198+00:00
dogsny,telegramchannels,channel,1,Nature & Animals,en,40,2026-04-28T12:33:26.937201+00:00
hedgehogsbeauty,telegramchannels,channel,1,Nature & Animals,en,41,2026-04-28T12:33:26.937204+00:00
frenchiepupsusa,telegramchannels,channel,1,Nature & Animals,en,42,2026-04-28T12:33:26.937208+00:00
animallistener,telegramchannels,channel,1,Nature & Animals,en,43,2026-04-28T12:33:26.937211+00:00
tomboysexist11,telegramchannels,channel,1,Nature & Animals,en,44,2026-04-28T12:33:26.937215+00:00
dogdata,telegramchannels,channel,1,Nature & Animals,en,45,2026-04-28T12:33:26.937218+00:00
animals_101,telegramchannels,channel,1,Nature & Animals,en,46,2026-04-28T12:33:26.937221+00:00
the_wonders_of_nature,telegramchannels,channel,1,Nature & Animals,en,47,2026-04-28T12:33:26.937224+00:00
pawpykisses,telegramchannels,channel,1,Nature & Animals,en,48,2026-04-28T12:33:26.937227+00:00
darwinshowbettas,telegramchannels,channel,1,Nature & Animals,en,49,2026-04-28T12:33:26.937230+00:00
verdantventures,telegramchannels,channel,1,Nature & Animals,en,50,2026-04-28T12:33:26.937233+00:00
good_vibes_only77,telegramchannels,channel,1,Nature & Animals,en,51,2026-04-28T12:33:26.937236+00:00
pussy_cat_kitten,telegramchannels,channel,1,Nature & Animals,en,52,2026-04-28T12:33:26.937239+00:00
canineparadiseth,telegramchannels,channel,1,Nature & Animals,en,53,2026-04-28T12:33:26.937242+00:00
cat_tube,telegramchannels,channel,1,Nature & Animals,en,54,2026-04-28T12:33:26.937245+00:00
daily_cats,telegramchannels,channel,1,Nature & Animals,en,55,2026-04-28T12:33:26.937248+00:00
animal_zone,telegramchannels,channel,1,Nature & Animals,en,56,2026-04-28T12:33:26.937251+00:00
animals_nature,telegramchannels,channel,1,Nature & Animals,en,57,2026-04-28T12:33:26.937254+00:00
myo2project,telegramchannels,channel,1,Nature & Animals,en,58,2026-04-28T12:33:26.937257+00:00
natureinsight,telegramchannels,channel,1,Nature & Animals,en,59,2026-04-28T12:33:26.937260+00:00
horseandcamelvetmeds,telegramchannels,channel,1,Nature & Animals,en,60,2026-04-28T12:33:26.937263+00:00
fluffypups,telegramchannels,channel,1,Nature & Animals,en,61,2026-04-28T12:33:26.937266+00:00
learn_simple_knowledge,telegramchannels,channel,1,Nature & Animals,en,62,2026-04-28T12:33:26.937269+00:00
englishbulldogshop,telegramchannels,channel,1,Nature & Animals,en,63,2026-04-28T12:33:26.937272+00:00
kitten_haven_with_lisa,telegramchannels,channel,1,Nature & Animals,en,64,2026-04-28T12:33:26.937275+00:00
dailychannels,telegramchannels,channel,1,Nature & Animals,en,65,2026-04-28T12:33:26.937281+00:00
livenews_1win,telegramchannels,channel,23,News & Media,en,1,2026-04-28T12:33:40.013834+00:00
cheatkott,telegramchannels,channel,23,News & Media,en,2,2026-04-28T12:33:40.013843+00:00
insider_uk_news,telegramchannels,channel,23,News & Media,en,3,2026-04-28T12:33:40.013846+00:00
nigerii_news,telegramchannels,channel,23,News & Media,en,7,2026-04-28T12:33:40.013865+00:00
middle_east_spectator,telegramchannels,channel,23,News & Media,en,8,2026-04-28T12:33:40.013868+00:00
intelslava,telegramchannels,channel,23,News & Media,en,9,2026-04-28T12:33:40.013871+00:00
disclosetv,telegramchannels,channel,23,News & Media,en,10,2026-04-28T12:33:40.013874+00:00
tuckercarlsonnetwork,telegramchannels,channel,23,News & Media,en,11,2026-04-28T12:33:40.013877+00:00
rtnews,telegramchannels,channel,23,News & Media,en,12,2026-04-28T12:33:40.013880+00:00
idfofficial,telegramchannels,channel,23,News & Media,en,13,2026-04-28T12:33:40.013883+00:00
warmonitors,telegramchannels,channel,23,News & Media,en,14,2026-04-28T12:33:40.013887+00:00
bloomberg,telegramchannels,channel,23,News & Media,en,15,2026-04-28T12:33:40.013890+00:00
georgenews,telegramchannels,channel,23,News & Media,en,16,2026-04-28T12:33:40.013893+00:00
oanntv,telegramchannels,channel,23,News & Media,en,17,2026-04-28T12:33:40.013896+00:00
palestineresist,telegramchannels,channel,23,News & Media,en,18,2026-04-28T12:33:40.013899+00:00
wethemedia,telegramchannels,channel,23,News & Media,en,19,2026-04-28T12:33:40.013902+00:00
generalmcnews,telegramchannels,channel,23,News & Media,en,20,2026-04-28T12:33:40.013906+00:00
nairobianofficial,telegramchannels,channel,23,News & Media,en,21,2026-04-28T12:33:40.013909+00:00
gatewaypunditofficial,telegramchannels,channel,23,News & Media,en,22,2026-04-28T12:33:40.013912+00:00
hnaftali,telegramchannels,channel,23,News & Media,en,23,2026-04-28T12:33:40.013916+00:00
qudsnen,telegramchannels,channel,23,News & Media,en,24,2026-04-28T12:33:40.013919+00:00
simon_parkes,telegramchannels,channel,23,News & Media,en,25,2026-04-28T12:33:40.013922+00:00
cig_telegram,telegramchannels,channel,23,News & Media,en,26,2026-04-28T12:33:40.013925+00:00
nickjfuentes,telegramchannels,channel,23,News & Media,en,27,2026-04-28T12:33:40.013928+00:00
insiderpaper,telegramchannels,channel,23,News & Media,en,28,2026-04-28T12:33:40.013932+00:00
theconspiracyhole,telegramchannels,channel,23,News & Media,en,29,2026-04-28T12:33:40.013935+00:00
dumbsandunderground,telegramchannels,channel,23,News & Media,en,30,2026-04-28T12:33:40.013938+00:00
thebabylonbee,telegramchannels,channel,23,News & Media,en,31,2026-04-28T12:33:40.013941+00:00
pushpendrasinghofficial,telegramchannels,channel,23,News & Media,en,32,2026-04-28T12:33:40.013944+00:00
nicholasveniamin,telegramchannels,channel,23,News & Media,en,33,2026-04-28T12:33:40.013947+00:00
fall_of_the_cabal,telegramchannels,channel,23,News & Media,en,34,2026-04-28T12:33:40.013951+00:00
lebupdate,telegramchannels,channel,23,News & Media,en,35,2026-04-28T12:33:40.013954+00:00
tommyrobinsonnews,telegramchannels,channel,23,News & Media,en,36,2026-04-28T12:33:40.013957+00:00
aussiecossack,telegramchannels,channel,23,News & Media,en,37,2026-04-28T12:33:40.013960+00:00
breakingheadlines,telegramchannels,channel,23,News & Media,en,38,2026-04-28T12:33:40.013963+00:00
mylordbebo,telegramchannels,channel,23,News & Media,en,39,2026-04-28T12:33:40.013966+00:00
european_dissident,telegramchannels,channel,23,News & Media,en,40,2026-04-28T12:33:40.013970+00:00
ukraine_watch,telegramchannels,channel,23,News & Media,en,41,2026-04-28T12:33:40.013973+00:00
united24media,telegramchannels,channel,23,News & Media,en,42,2026-04-28T12:33:40.013976+00:00
hamasw,telegramchannels,channel,23,News & Media,en,43,2026-04-28T12:33:40.013979+00:00
shaunkingchannel,telegramchannels,channel,23,News & Media,en,44,2026-04-28T12:33:40.013982+00:00
breaking911,telegramchannels,channel,23,News & Media,en,45,2026-04-28T12:33:40.013986+00:00
tarotbyjaninechannel,telegramchannels,channel,23,News & Media,en,46,2026-04-28T12:33:40.013989+00:00
washingtonpost,telegramchannels,channel,23,News & Media,en,47,2026-04-28T12:33:40.013993+00:00
southfirstresponders,telegramchannels,channel,23,News & Media,en,48,2026-04-28T12:33:40.013996+00:00
sputnik_africa,telegramchannels,channel,23,News & Media,en,49,2026-04-28T12:33:40.013999+00:00
tironianae,telegramchannels,channel,23,News & Media,en,50,2026-04-28T12:33:40.014002+00:00
worldpravda,telegramchannels,channel,23,News & Media,en,51,2026-04-28T12:33:40.014005+00:00
ourwarstoday,telegramchannels,channel,23,News & Media,en,52,2026-04-28T12:33:40.014008+00:00
gimbaled,telegramchannels,channel,23,News & Media,en,53,2026-04-28T12:33:40.014011+00:00
chiefnerd,telegramchannels,channel,23,News & Media,en,54,2026-04-28T12:33:40.014014+00:00
deadrussi,telegramchannels,channel,23,News & Media,en,55,2026-04-28T12:33:40.014017+00:00
reutersworldchannel,telegramchannels,channel,23,News & Media,en,56,2026-04-28T12:33:40.014020+00:00
elon_musk,telegramchannels,channel,23,News & Media,en,57,2026-04-28T12:33:40.014023+00:00
waterwatchtruth,telegramchannels,channel,23,News & Media,en,58,2026-04-28T12:33:40.014027+00:00
warvideos18,telegramchannels,channel,23,News & Media,en,59,2026-04-28T12:33:40.014030+00:00
tuckercarlsonchannel,telegramchannels,channel,23,News & Media,en,60,2026-04-28T12:33:40.014033+00:00
nesaragesarasecrets,telegramchannels,channel,23,News & Media,en,61,2026-04-28T12:33:40.014036+00:00
jantakareporter,telegramchannels,channel,23,News & Media,en,62,2026-04-28T12:33:40.014039+00:00
officialcharliewardfriends,telegramchannels,channel,23,News & Media,en,63,2026-04-28T12:33:40.014042+00:00
liveukraine_media,telegramchannels,channel,23,News & Media,en,64,2026-04-28T12:33:40.014045+00:00
christianpatriotnews,telegramchannels,channel,23,News & Media,en,65,2026-04-28T12:33:40.014048+00:00
news_3dto5d,telegramchannels,channel,23,News & Media,en,66,2026-04-28T12:33:40.014051+00:00
brianlovethailand,telegramchannels,channel,23,News & Media,en,67,2026-04-28T12:33:40.014054+00:00
patricklancasternewstoday,telegramchannels,channel,23,News & Media,en,68,2026-04-28T12:33:40.014057+00:00
bbc_news0,telegramchannels,channel,23,News & Media,en,69,2026-04-28T12:33:40.014061+00:00
generalmcinerne,telegramchannels,channel,23,News & Media,en,70,2026-04-28T12:33:40.014064+00:00
realrtmnews,telegramchannels,channel,23,News & Media,en,71,2026-04-28T12:33:40.014067+00:00
livelawindia,telegramchannels,channel,23,News & Media,en,72,2026-04-28T12:33:40.014070+00:00
andy_ngo,telegramchannels,channel,23,News & Media,en,73,2026-04-28T12:33:40.014073+00:00
englishabuali,telegramchannels,channel,23,News & Media,en,74,2026-04-28T12:33:40.014076+00:00
worldnews,telegramchannels,channel,23,News & Media,en,75,2026-04-28T12:33:40.014079+00:00
business_bloomberg,telegramchannels,channel,23,News & Media,en,76,2026-04-28T12:33:40.014082+00:00
realrebelnews,telegramchannels,channel,23,News & Media,en,77,2026-04-28T12:33:40.014085+00:00
qtimenetwork,telegramchannels,channel,23,News & Media,en,78,2026-04-28T12:33:40.014089+00:00
bbcworldoffl,telegramchannels,channel,23,News & Media,en,79,2026-04-28T12:33:40.014092+00:00
chefpeteevans,telegramchannels,channel,23,News & Media,en,80,2026-04-28T12:33:40.014095+00:00
beckernews,telegramchannels,channel,23,News & Media,en,81,2026-04-28T12:33:40.014098+00:00
ai_news_world,telegramchannels,channel,23,News & Media,en,82,2026-04-28T12:33:40.014101+00:00
realvincentjames,telegramchannels,channel,23,News & Media,en,83,2026-04-28T12:33:40.014104+00:00
endhumantrafficking,telegramchannels,channel,23,News & Media,en,84,2026-04-28T12:33:40.014107+00:00
qrashthematrix,telegramchannels,channel,23,News & Media,en,85,2026-04-28T12:33:40.014110+00:00
live_news_times,telegramchannels,channel,23,News & Media,en,86,2026-04-28T12:33:40.014113+00:00
cryptopolitanofficial,telegramchannels,channel,23,News & Media,en,87,2026-04-28T12:33:40.014116+00:00
intnewsagency,telegramchannels,channel,23,News & Media,en,88,2026-04-28T12:33:40.014118+00:00
canada,telegramchannels,channel,23,News & Media,en,89,2026-04-28T12:33:40.014121+00:00
the_jerusalem_post,telegramchannels,channel,23,News & Media,en,90,2026-04-28T12:33:40.014125+00:00
markacollett,telegramchannels,channel,23,News & Media,en,91,2026-04-28T12:33:40.014127+00:00
warsawitness,telegramchannels,channel,23,News & Media,en,92,2026-04-28T12:33:40.014130+00:00
news_of_donbass,telegramchannels,channel,23,News & Media,en,93,2026-04-28T12:33:40.014133+00:00
zoka200,telegramchannels,channel,23,News & Media,en,94,2026-04-28T12:33:40.014136+00:00
illuminatiwealth6666,telegramchannels,channel,23,News & Media,en,95,2026-04-28T12:33:40.014139+00:00
britainfirst,telegramchannels,channel,23,News & Media,en,96,2026-04-28T12:33:40.014142+00:00
orwelliandystopia,telegramchannels,channel,23,News & Media,en,97,2026-04-28T12:33:40.014145+00:00
businessinfoeth,telegramchannels,channel,23,News & Media,en,98,2026-04-28T12:33:40.014148+00:00
syriangirlpartisan,telegramchannels,channel,23,News & Media,en,99,2026-04-28T12:33:40.014151+00:00
breakingnewstg,telegramchannels,channel,23,News & Media,en,100,2026-04-28T12:33:40.014154+00:00
qlobalchangeusa,telegramchannels,channel,23,News & Media,en,101,2026-04-28T12:33:40.014157+00:00
patrioticalternativeofficial,telegramchannels,channel,23,News & Media,en,102,2026-04-28T12:33:40.014160+00:00
digitalsoldiers1,telegramchannels,channel,23,News & Media,en,103,2026-04-28T12:33:40.014163+00:00
dailychannels,telegramchannels,channel,23,News & Media,en,104,2026-04-28T12:33:40.014168+00:00
faceswitcher,telegramchannels,channel,39,NSFW & Adults,en,1,2026-04-28T12:33:53.715145+00:00
alexismucciofficial,telegramchannels,channel,39,NSFW & Adults,en,2,2026-04-28T12:33:53.715153+00:00
animemaniaxx,telegramchannels,channel,39,NSFW & Adults,en,3,2026-04-28T12:33:53.715156+00:00
khyatishreechannel,telegramchannels,channel,39,NSFW & Adults,en,7,2026-04-28T12:33:53.715175+00:00
yailin_la_mas_viral_yailinlamass,telegramchannels,channel,39,NSFW & Adults,en,8,2026-04-28T12:33:53.715178+00:00
karelionli,telegramchannels,channel,39,NSFW & Adults,en,9,2026-04-28T12:33:53.715181+00:00
utopianleaks,telegramchannels,channel,39,NSFW & Adults,en,10,2026-04-28T12:33:53.715184+00:00
allinika_ph,telegramchannels,channel,39,NSFW & Adults,en,11,2026-04-28T12:33:53.715188+00:00
rubirosetele,telegramchannels,channel,39,NSFW & Adults,en,12,2026-04-28T12:33:53.715191+00:00
itsrachelc00k,telegramchannels,channel,39,NSFW & Adults,en,13,2026-04-28T12:33:53.715194+00:00
joselisboli,telegramchannels,channel,39,NSFW & Adults,en,14,2026-04-28T12:33:53.715197+00:00
voulezjfansonly,telegramchannels,channel,39,NSFW & Adults,en,15,2026-04-28T12:33:53.715201+00:00
grace_charis_itsgracecharis,telegramchannels,channel,39,NSFW & Adults,en,16,2026-04-28T12:33:53.715204+00:00
yus_lopez_yuslopez,telegramchannels,channel,39,NSFW & Adults,en,17,2026-04-28T12:33:53.715208+00:00
gooningparadise,telegramchannels,channel,39,NSFW & Adults,en,18,2026-04-28T12:33:53.715212+00:00
tgcamgirls,telegramchannels,channel,39,NSFW & Adults,en,19,2026-04-28T12:33:53.715215+00:00
erotic_stl,telegramchannels,channel,39,NSFW & Adults,en,20,2026-04-28T12:33:53.715218+00:00
thaifriendly,telegramchannels,channel,39,NSFW & Adults,en,21,2026-04-28T12:33:53.715221+00:00
tiktokgurls,telegramchannels,channel,39,NSFW & Adults,en,22,2026-04-28T12:33:53.715224+00:00
onlyfansleakvip,telegramchannels,channel,39,NSFW & Adults,en,23,2026-04-28T12:33:53.715227+00:00
naughtydream,telegramchannels,channel,39,NSFW & Adults,en,24,2026-04-28T12:33:53.715230+00:00
girl_ai_nsfw,telegramchannels,channel,39,NSFW & Adults,en,25,2026-04-28T12:33:53.715234+00:00
cameltoe_only_fans,telegramchannels,channel,39,NSFW & Adults,en,26,2026-04-28T12:33:53.715237+00:00
lanarosehotscenes,telegramchannels,channel,39,NSFW & Adults,en,27,2026-04-28T12:33:53.715240+00:00
corinnakopfleaks0,telegramchannels,channel,39,NSFW & Adults,en,28,2026-04-28T12:33:53.715243+00:00
emilyblackleakss,telegramchannels,channel,39,NSFW & Adults,en,29,2026-04-28T12:33:53.715246+00:00
usualyarmpits,telegramchannels,channel,39,NSFW & Adults,en,30,2026-04-28T12:33:53.715250+00:00
gcosplayy,telegramchannels,channel,39,NSFW & Adults,en,31,2026-04-28T12:33:53.715253+00:00
jackys_lobby,telegramchannels,channel,39,NSFW & Adults,en,32,2026-04-28T12:33:53.715256+00:00
onlyfanspremium4free,telegramchannels,channel,39,NSFW & Adults,en,33,2026-04-28T12:33:53.715259+00:00
nsfw_premium,telegramchannels,channel,39,NSFW & Adults,en,34,2026-04-28T12:33:53.715263+00:00
mysuperhot,telegramchannels,channel,39,NSFW & Adults,en,35,2026-04-28T12:33:53.715266+00:00
buffalo_sick,telegramchannels,channel,39,NSFW & Adults,en,36,2026-04-28T12:33:53.715269+00:00
onlyfansleaksnewbackup,telegramchannels,channel,39,NSFW & Adults,en,37,2026-04-28T12:33:53.715272+00:00
rebelotetg,telegramchannels,channel,39,NSFW & Adults,en,38,2026-04-28T12:33:53.715275+00:00
dystopianleaks,telegramchannels,channel,39,NSFW & Adults,en,39,2026-04-28T12:33:53.715277+00:00
kbjedm,telegramchannels,channel,39,NSFW & Adults,en,40,2026-04-28T12:33:53.715280+00:00
theleaklounge,telegramchannels,channel,39,NSFW & Adults,en,41,2026-04-28T12:33:53.715283+00:00
donghuaimagespicture,telegramchannels,channel,39,NSFW & Adults,en,42,2026-04-28T12:33:53.715287+00:00
kpop003,telegramchannels,channel,39,NSFW & Adults,en,43,2026-04-28T12:33:53.715290+00:00
twerk_it,telegramchannels,channel,39,NSFW & Adults,en,44,2026-04-28T12:33:53.715293+00:00
japan_cosplay,telegramchannels,channel,39,NSFW & Adults,en,45,2026-04-28T12:33:53.715296+00:00
ftmegas,telegramchannels,channel,39,NSFW & Adults,en,46,2026-04-28T12:33:53.715299+00:00
nsfwunlimited,telegramchannels,channel,39,NSFW & Adults,en,47,2026-04-28T12:33:53.715302+00:00
sexting_messages,telegramchannels,channel,39,NSFW & Adults,en,48,2026-04-28T12:33:53.715305+00:00
rachelcooklife,telegramchannels,channel,39,NSFW & Adults,en,49,2026-04-28T12:33:53.715308+00:00
feetanimeworld2,telegramchannels,channel,39,NSFW & Adults,en,50,2026-04-28T12:33:53.715312+00:00
norafawnfans,telegramchannels,channel,39,NSFW & Adults,en,51,2026-04-28T12:33:53.715314+00:00
donghuahotpics,telegramchannels,channel,39,NSFW & Adults,en,52,2026-04-28T12:33:53.715317+00:00
emmakotosleaks,telegramchannels,channel,39,NSFW & Adults,en,53,2026-04-28T12:33:53.715320+00:00
kennacatx0,telegramchannels,channel,39,NSFW & Adults,en,54,2026-04-28T12:33:53.715323+00:00
faithlianneleaks,telegramchannels,channel,39,NSFW & Adults,en,55,2026-04-28T12:33:53.715327+00:00
brightgirls7,telegramchannels,channel,39,NSFW & Adults,en,56,2026-04-28T12:33:53.715330+00:00
thisiscloudnine,telegramchannels,channel,39,NSFW & Adults,en,57,2026-04-28T12:33:53.715333+00:00
melimtxofp,telegramchannels,channel,39,NSFW & Adults,en,58,2026-04-28T12:33:53.715336+00:00
formuziclovers,telegramchannels,channel,39,NSFW & Adults,en,59,2026-04-28T12:33:53.715339+00:00
scarlett_johanssonn,telegramchannels,channel,39,NSFW & Adults,en,60,2026-04-28T12:33:53.715342+00:00
stockings_universe,telegramchannels,channel,39,NSFW & Adults,en,61,2026-04-28T12:33:53.715345+00:00
babesdirectory,telegramchannels,channel,39,NSFW & Adults,en,62,2026-04-28T12:33:53.715348+00:00
onlyple,telegramchannels,channel,39,NSFW & Adults,en,63,2026-04-28T12:33:53.715351+00:00
mbikini,telegramchannels,channel,39,NSFW & Adults,en,64,2026-04-28T12:33:53.715354+00:00
hothairyarmpits,telegramchannels,channel,39,NSFW & Adults,en,65,2026-04-28T12:33:53.715357+00:00
confess_you,telegramchannels,channel,39,NSFW & Adults,en,66,2026-04-28T12:33:53.715360+00:00
jennygit,telegramchannels,channel,39,NSFW & Adults,en,67,2026-04-28T12:33:53.715363+00:00
hotcelebslife,telegramchannels,channel,39,NSFW & Adults,en,68,2026-04-28T12:33:53.715366+00:00
ofvaultonly,telegramchannels,channel,39,NSFW & Adults,en,69,2026-04-28T12:33:53.715369+00:00
onlyfansviral2,telegramchannels,channel,39,NSFW & Adults,en,70,2026-04-28T12:33:53.715372+00:00
confidentialfeet,telegramchannels,channel,39,NSFW & Adults,en,71,2026-04-28T12:33:53.715375+00:00
fap_nation_com,telegramchannels,channel,39,NSFW & Adults,en,72,2026-04-28T12:33:53.715378+00:00
jordanherseyyof,telegramchannels,channel,39,NSFW & Adults,en,73,2026-04-28T12:33:53.715381+00:00
secretdesireupdate,telegramchannels,channel,39,NSFW & Adults,en,74,2026-04-28T12:33:53.715384+00:00
theleakvaultbackup,telegramchannels,channel,39,NSFW & Adults,en,75,2026-04-28T12:33:53.715387+00:00
acesmassageofficial,telegramchannels,channel,39,NSFW & Adults,en,76,2026-04-28T12:33:53.715390+00:00
dailypeaches,telegramchannels,channel,39,NSFW & Adults,en,77,2026-04-28T12:33:53.715393+00:00
megadropzbackup,telegramchannels,channel,39,NSFW & Adults,en,78,2026-04-28T12:33:53.715397+00:00
bdsmdatefinder,telegramchannels,channel,39,NSFW & Adults,en,79,2026-04-28T12:33:53.715400+00:00
lenareloaded,telegramchannels,channel,39,NSFW & Adults,en,80,2026-04-28T12:33:53.715403+00:00
megadroppremium,telegramchannels,channel,39,NSFW & Adults,en,81,2026-04-28T12:33:53.715406+00:00
rgnkn69,telegramchannels,channel,39,NSFW & Adults,en,82,2026-04-28T12:33:53.715409+00:00
tiktokgirlfriends,telegramchannels,channel,39,NSFW & Adults,en,83,2026-04-28T12:33:53.715411+00:00
aasweetlove18,telegramchannels,channel,39,NSFW & Adults,en,84,2026-04-28T12:33:53.715415+00:00
wandanaraworld,telegramchannels,channel,39,NSFW & Adults,en,85,2026-04-28T12:33:53.715418+00:00
sophierain_sophieraiin_fans,telegramchannels,channel,39,NSFW & Adults,en,86,2026-04-28T12:33:53.715430+00:00
hotass18,telegramchannels,channel,39,NSFW & Adults,en,87,2026-04-28T12:33:53.715434+00:00
haremcollection,telegramchannels,channel,39,NSFW & Adults,en,88,2026-04-28T12:33:53.715437+00:00
boobs_onlyf,telegramchannels,channel,39,NSFW & Adults,en,89,2026-04-28T12:33:53.715440+00:00
adult_live_chat,telegramchannels,channel,39,NSFW & Adults,en,90,2026-04-28T12:33:53.715443+00:00
onlyfan_n,telegramchannels,channel,39,NSFW & Adults,en,91,2026-04-28T12:33:53.715446+00:00
onlyfamofleaks,telegramchannels,channel,39,NSFW & Adults,en,92,2026-04-28T12:33:53.715449+00:00
freeonlyfanmega,telegramchannels,channel,39,NSFW & Adults,en,93,2026-04-28T12:33:53.715452+00:00
nu4art,telegramchannels,channel,39,NSFW & Adults,en,94,2026-04-28T12:33:53.715455+00:00
militarygirlsnguns,telegramchannels,channel,39,NSFW & Adults,en,95,2026-04-28T12:33:53.715458+00:00
hotasianxx,telegramchannels,channel,39,NSFW & Adults,en,96,2026-04-28T12:33:53.715461+00:00
xcamsofficial,telegramchannels,channel,39,NSFW & Adults,en,97,2026-04-28T12:33:53.715464+00:00
hot18plusmovies2020,telegramchannels,channel,39,NSFW & Adults,en,98,2026-04-28T12:33:53.715467+00:00
premiumleaks6969,telegramchannels,channel,39,NSFW & Adults,en,99,2026-04-28T12:33:53.715471+00:00
sfw_stranglefeetwater,telegramchannels,channel,39,NSFW & Adults,en,100,2026-04-28T12:33:53.715473+00:00
instahotornot,telegramchannels,channel,39,NSFW & Adults,en,101,2026-04-28T12:33:53.715476+00:00
instagram_hottest,telegramchannels,channel,39,NSFW & Adults,en,102,2026-04-28T12:33:53.715479+00:00
topcamgirlsvip,telegramchannels,channel,39,NSFW & Adults,en,103,2026-04-28T12:33:53.715482+00:00
dailychannels,telegramchannels,channel,39,NSFW & Adults,en,104,2026-04-28T12:33:53.715487+00:00
true_caller,telegramchannels,channel,31,Other,en,1,2026-04-28T12:34:07.354762+00:00
majors,telegramchannels,channel,31,Other,en,2,2026-04-28T12:34:07.354770+00:00
hrumfam,telegramchannels,channel,31,Other,en,3,2026-04-28T12:34:07.354774+00:00
iamalexfalcon,telegramchannels,channel,31,Other,en,7,2026-04-28T12:34:07.354791+00:00
truecaller_z,telegramchannels,channel,31,Other,en,8,2026-04-28T12:34:07.354794+00:00
trucallerbot,telegramchannels,channel,31,Other,en,9,2026-04-28T12:34:07.354797+00:00
tsubasarivalsannounce,telegramchannels,channel,31,Other,en,10,2026-04-28T12:34:07.354800+00:00
piggybankgamechannel,telegramchannels,channel,31,Other,en,11,2026-04-28T12:34:07.354803+00:00
sigmaconnect,telegramchannels,channel,31,Other,en,12,2026-04-28T12:34:07.354806+00:00
respawn_media,telegramchannels,channel,31,Other,en,13,2026-04-28T12:34:07.354809+00:00
ngnperkraffle,telegramchannels,channel,31,Other,en,14,2026-04-28T12:34:07.354813+00:00
milkmaniawtf,telegramchannels,channel,31,Other,en,15,2026-04-28T12:34:07.354816+00:00
picardia_ecosystem,telegramchannels,channel,31,Other,en,16,2026-04-28T12:34:07.354819+00:00
ohuenko,telegramchannels,channel,31,Other,en,17,2026-04-28T12:34:07.354822+00:00
trumpjr,telegramchannels,channel,31,Other,en,18,2026-04-28T12:34:07.354824+00:00
moneycrptbunny,telegramchannels,channel,31,Other,en,19,2026-04-28T12:34:07.354827+00:00
warpplus,telegramchannels,channel,31,Other,en,20,2026-04-28T12:34:07.354830+00:00
androidthemes,telegramchannels,channel,31,Other,en,21,2026-04-28T12:34:07.354833+00:00
linwoodspeakstruth,telegramchannels,channel,31,Other,en,22,2026-04-28T12:34:07.354836+00:00
mtprotoproxies,telegramchannels,channel,31,Other,en,23,2026-04-28T12:34:07.354839+00:00
thevapelabs_channel,telegramchannels,channel,31,Other,en,24,2026-04-28T12:34:07.354842+00:00
udemycoursesfree,telegramchannels,channel,31,Other,en,25,2026-04-28T12:34:07.354845+00:00
epochtimes,telegramchannels,channel,31,Other,en,26,2026-04-28T12:34:07.354848+00:00
marrow_edition8notes,telegramchannels,channel,31,Other,en,27,2026-04-28T12:34:07.354852+00:00
themes,telegramchannels,channel,31,Other,en,28,2026-04-28T12:34:07.354855+00:00
rwmalonemd,telegramchannels,channel,31,Other,en,29,2026-04-28T12:34:07.354857+00:00
theinnercircleetrader_smc,telegramchannels,channel,31,Other,en,30,2026-04-28T12:34:07.354861+00:00
sqlspecialist,telegramchannels,channel,31,Other,en,31,2026-04-28T12:34:07.354863+00:00
phil_godlewskii,telegramchannels,channel,31,Other,en,32,2026-04-28T12:34:07.354867+00:00
gambody,telegramchannels,channel,31,Other,en,33,2026-04-28T12:34:07.354870+00:00
darkuniverse09,telegramchannels,channel,31,Other,en,34,2026-04-28T12:34:07.354873+00:00
dow_jonesus30,telegramchannels,channel,31,Other,en,35,2026-04-28T12:34:07.354876+00:00
dineshjdsouza,telegramchannels,channel,31,Other,en,36,2026-04-28T12:34:07.354879+00:00
stickerschannel,telegramchannels,channel,31,Other,en,37,2026-04-28T12:34:07.354882+00:00
todorokishouto,telegramchannels,channel,31,Other,en,38,2026-04-28T12:34:07.354885+00:00
berabeecatcher_ann,telegramchannels,channel,31,Other,en,39,2026-04-28T12:34:07.354888+00:00
realgenedecode,telegramchannels,channel,31,Other,en,40,2026-04-28T12:34:07.354891+00:00
drue86,telegramchannels,channel,31,Other,en,41,2026-04-28T12:34:07.354894+00:00
sgcabcodes,telegramchannels,channel,31,Other,en,42,2026-04-28T12:34:07.354897+00:00
drjordanpeterson,telegramchannels,channel,31,Other,en,43,2026-04-28T12:34:07.354900+00:00
sgstudentpromos,telegramchannels,channel,31,Other,en,44,2026-04-28T12:34:07.354903+00:00
stepindex_volatility_signals,telegramchannels,channel,31,Other,en,45,2026-04-28T12:34:07.354906+00:00
demacre,telegramchannels,channel,31,Other,en,46,2026-04-28T12:34:07.354909+00:00
thepatriot17,telegramchannels,channel,31,Other,en,47,2026-04-28T12:34:07.354912+00:00
arrashfx_goldtrader,telegramchannels,channel,31,Other,en,48,2026-04-28T12:34:07.354915+00:00
officialredpillnews,telegramchannels,channel,31,Other,en,49,2026-04-28T12:34:07.354918+00:00
factsfever,telegramchannels,channel,31,Other,en,50,2026-04-28T12:34:07.354921+00:00
millionairerecruitvip,telegramchannels,channel,31,Other,en,51,2026-04-28T12:34:07.354924+00:00
her_traderscircle,telegramchannels,channel,31,Other,en,52,2026-04-28T12:34:07.354927+00:00
marinejobs,telegramchannels,channel,31,Other,en,53,2026-04-28T12:34:07.354930+00:00
civilbeings,telegramchannels,channel,31,Other,en,54,2026-04-28T12:34:07.354933+00:00
juanosavin,telegramchannels,channel,31,Other,en,55,2026-04-28T12:34:07.354936+00:00
equity2commodity,telegramchannels,channel,31,Other,en,56,2026-04-28T12:34:07.354939+00:00
sgparenthings,telegramchannels,channel,31,Other,en,57,2026-04-28T12:34:07.354943+00:00
catholicsg,telegramchannels,channel,31,Other,en,58,2026-04-28T12:34:07.354946+00:00
yearprogress,telegramchannels,channel,31,Other,en,59,2026-04-28T12:34:07.354949+00:00
myheroacademia,telegramchannels,channel,31,Other,en,60,2026-04-28T12:34:07.354951+00:00
isiswatch,telegramchannels,channel,31,Other,en,61,2026-04-28T12:34:07.354954+00:00
stopca,telegramchannels,channel,31,Other,en,62,2026-04-28T12:34:07.354957+00:00
redirects,telegramchannels,channel,31,Other,en,63,2026-04-28T12:34:07.354960+00:00
smartgardening,telegramchannels,channel,31,Other,en,64,2026-04-28T12:34:07.354963+00:00
signal_xauusd1,telegramchannels,channel,31,Other,en,65,2026-04-28T12:34:07.354966+00:00
darkhorsestocks,telegramchannels,channel,31,Other,en,66,2026-04-28T12:34:07.354969+00:00
besttradingforexx,telegramchannels,channel,31,Other,en,67,2026-04-28T12:34:07.354972+00:00
jackpottradex,telegramchannels,channel,31,Other,en,68,2026-04-28T12:34:07.354975+00:00
pubghqop,telegramchannels,channel,31,Other,en,69,2026-04-28T12:34:07.354978+00:00
vivoterra_en,telegramchannels,channel,31,Other,en,70,2026-04-28T12:34:07.354981+00:00
canadajobs2022,telegramchannels,channel,31,Other,en,71,2026-04-28T12:34:07.354984+00:00
psdly_com,telegramchannels,channel,31,Other,en,72,2026-04-28T12:34:07.354987+00:00
confessions20,telegramchannels,channel,31,Other,en,73,2026-04-28T12:34:07.354990+00:00
tradingnewsio,telegramchannels,channel,31,Other,en,74,2026-04-28T12:34:07.354993+00:00
singaporejobsparttimesg,telegramchannels,channel,31,Other,en,75,2026-04-28T12:34:07.354996+00:00
virtualnumbersforverification,telegramchannels,channel,31,Other,en,76,2026-04-28T12:34:07.355000+00:00
accidentonroad,telegramchannels,channel,31,Other,en,77,2026-04-28T12:34:07.355003+00:00
glitchndealz,telegramchannels,channel,31,Other,en,78,2026-04-28T12:34:07.355007+00:00
gold_xausd_signal,telegramchannels,channel,31,Other,en,79,2026-04-28T12:34:07.355010+00:00
database_datadetection,telegramchannels,channel,31,Other,en,80,2026-04-28T12:34:07.355013+00:00
web3twitton,telegramchannels,channel,31,Other,en,81,2026-04-28T12:34:07.355016+00:00
stokvektor,telegramchannels,channel,31,Other,en,82,2026-04-28T12:34:07.355019+00:00
china,telegramchannels,channel,31,Other,en,83,2026-04-28T12:34:07.355022+00:00
jobs_in_qatar,telegramchannels,channel,31,Other,en,84,2026-04-28T12:34:07.355025+00:00
nbainformer,telegramchannels,channel,31,Other,en,85,2026-04-28T12:34:07.355028+00:00
mangaen,telegramchannels,channel,31,Other,en,86,2026-04-28T12:34:07.355031+00:00
punch_bizz,telegramchannels,channel,31,Other,en,87,2026-04-28T12:34:07.355034+00:00
thetrutherist,telegramchannels,channel,31,Other,en,88,2026-04-28T12:34:07.355037+00:00
z_last_ab_indicator_bot,telegramchannels,channel,31,Other,en,89,2026-04-28T12:34:07.355040+00:00
suregoldsignais,telegramchannels,channel,31,Other,en,90,2026-04-28T12:34:07.355043+00:00
pocket_option_affiliate_program,telegramchannels,channel,31,Other,en,91,2026-04-28T12:34:07.355047+00:00
inigojones,telegramchannels,channel,31,Other,en,92,2026-04-28T12:34:07.355049+00:00
fliplux_properties,telegramchannels,channel,31,Other,en,93,2026-04-28T12:34:07.355052+00:00
woohoogifting,telegramchannels,channel,31,Other,en,94,2026-04-28T12:34:07.355055+00:00
icopoolmiami,telegramchannels,channel,31,Other,en,95,2026-04-28T12:34:07.355058+00:00
usaverifiedaccountsshop,telegramchannels,channel,31,Other,en,96,2026-04-28T12:34:07.355062+00:00
olymptradesignalx,telegramchannels,channel,31,Other,en,97,2026-04-28T12:34:07.355064+00:00
aviation_channel_platin,telegramchannels,channel,31,Other,en,98,2026-04-28T12:34:07.355068+00:00
xauusdgoldtradingfx,telegramchannels,channel,31,Other,en,99,2026-04-28T12:34:07.355071+00:00
sampledriveupdates,telegramchannels,channel,31,Other,en,100,2026-04-28T12:34:07.355074+00:00
jobs_in_uk,telegramchannels,channel,31,Other,en,101,2026-04-28T12:34:07.355077+00:00
happypeople_club,telegramchannels,channel,31,Other,en,102,2026-04-28T12:34:07.355080+00:00
english_iptv,telegramchannels,channel,31,Other,en,103,2026-04-28T12:34:07.355083+00:00
dailychannels,telegramchannels,channel,31,Other,en,104,2026-04-28T12:34:07.355089+00:00
wallpapers,telegramchannels,channel,24,Photo,en,1,2026-04-28T12:34:20.825048+00:00
images,telegramchannels,channel,24,Photo,en,2,2026-04-28T12:34:20.825056+00:00
wallpapersarena,telegramchannels,channel,24,Photo,en,3,2026-04-28T12:34:20.825059+00:00
catoshi_coin,telegramchannels,channel,24,Photo,en,7,2026-04-28T12:34:20.825077+00:00
wallpaperselection,telegramchannels,channel,24,Photo,en,8,2026-04-28T12:34:20.825080+00:00
tridrob,telegramchannels,channel,24,Photo,en,9,2026-04-28T12:34:20.825083+00:00
national_geographic0,telegramchannels,channel,24,Photo,en,10,2026-04-28T12:34:20.825087+00:00
bestwallpapes,telegramchannels,channel,24,Photo,en,11,2026-04-28T12:34:20.825090+00:00
wallsindeep,telegramchannels,channel,24,Photo,en,12,2026-04-28T12:34:20.825093+00:00
freestls,telegramchannels,channel,24,Photo,en,13,2026-04-28T12:34:20.825096+00:00
planet_earth,telegramchannels,channel,24,Photo,en,14,2026-04-28T12:34:20.825099+00:00
theuniquewallpaper,telegramchannels,channel,24,Photo,en,15,2026-04-28T12:34:20.825102+00:00
wallspp,telegramchannels,channel,24,Photo,en,16,2026-04-28T12:34:20.825105+00:00
whitelads,telegramchannels,channel,24,Photo,en,17,2026-04-28T12:34:20.825108+00:00
ezwalls,telegramchannels,channel,24,Photo,en,18,2026-04-28T12:34:20.825112+00:00
lightroompresetpro,telegramchannels,channel,24,Photo,en,19,2026-04-28T12:34:20.825115+00:00
graffitiworld,telegramchannels,channel,24,Photo,en,20,2026-04-28T12:34:20.825118+00:00
walpapers_engine,telegramchannels,channel,24,Photo,en,21,2026-04-28T12:34:20.825121+00:00
us_new_york,telegramchannels,channel,24,Photo,en,22,2026-04-28T12:34:20.825124+00:00
hd_ultra_wallpapers,telegramchannels,channel,24,Photo,en,23,2026-04-28T12:34:20.825127+00:00
iwallpaper,telegramchannels,channel,24,Photo,en,24,2026-04-28T12:34:20.825130+00:00
allwallpaper,telegramchannels,channel,24,Photo,en,25,2026-04-28T12:34:20.825133+00:00
descarao,telegramchannels,channel,24,Photo,en,26,2026-04-28T12:34:20.825136+00:00
minimalism,telegramchannels,channel,24,Photo,en,27,2026-04-28T12:34:20.825139+00:00
blackanime,telegramchannels,channel,24,Photo,en,28,2026-04-28T12:34:20.825142+00:00
natureislit,telegramchannels,channel,24,Photo,en,29,2026-04-28T12:34:20.825145+00:00
lightroomfreepresetdownload,telegramchannels,channel,24,Photo,en,30,2026-04-28T12:34:20.825148+00:00
pfff_history,telegramchannels,channel,24,Photo,en,31,2026-04-28T12:34:20.825151+00:00
tengen,telegramchannels,channel,24,Photo,en,32,2026-04-28T12:34:20.825154+00:00
kook135,telegramchannels,channel,24,Photo,en,33,2026-04-28T12:34:20.825157+00:00
phone_4k_mobile_wallpaper_hd,telegramchannels,channel,24,Photo,en,34,2026-04-28T12:34:20.825161+00:00
animeskypics,telegramchannels,channel,24,Photo,en,35,2026-04-28T12:34:20.825164+00:00
cool_wallpaper_hub,telegramchannels,channel,24,Photo,en,36,2026-04-28T12:34:20.825167+00:00
ecchigram,telegramchannels,channel,24,Photo,en,37,2026-04-28T12:34:20.825170+00:00
travel_and_nature,telegramchannels,channel,24,Photo,en,38,2026-04-28T12:34:20.825173+00:00
waifu_paradise,telegramchannels,channel,24,Photo,en,39,2026-04-28T12:34:20.825176+00:00
yumecosplay,telegramchannels,channel,24,Photo,en,40,2026-04-28T12:34:20.825179+00:00
topmodelsworld,telegramchannels,channel,24,Photo,en,41,2026-04-28T12:34:20.825182+00:00
hd_wallpapers_mobile,telegramchannels,channel,24,Photo,en,42,2026-04-28T12:34:20.825185+00:00
naturebackup,telegramchannels,channel,24,Photo,en,43,2026-04-28T12:34:20.825188+00:00
pinterest8k,telegramchannels,channel,24,Photo,en,44,2026-04-28T12:34:20.825192+00:00
photoby_ai,telegramchannels,channel,24,Photo,en,45,2026-04-28T12:34:20.825195+00:00
top_hd_wallpapers,telegramchannels,channel,24,Photo,en,46,2026-04-28T12:34:20.825198+00:00
messywomen,telegramchannels,channel,24,Photo,en,47,2026-04-28T12:34:20.825201+00:00
chwallpaperlive,telegramchannels,channel,24,Photo,en,48,2026-04-28T12:34:20.825204+00:00
wallpaper_for_mobil,telegramchannels,channel,24,Photo,en,49,2026-04-28T12:34:20.825207+00:00
beautyistterror,telegramchannels,channel,24,Photo,en,50,2026-04-28T12:34:20.825210+00:00
wallblaze,telegramchannels,channel,24,Photo,en,51,2026-04-28T12:34:20.825213+00:00
wallpapers_fondosdepantallas,telegramchannels,channel,24,Photo,en,52,2026-04-28T12:34:20.825216+00:00
beautifulafrica,telegramchannels,channel,24,Photo,en,53,2026-04-28T12:34:20.825219+00:00
wallpaper_hd_3d_4k_8k,telegramchannels,channel,24,Photo,en,54,2026-04-28T12:34:20.825222+00:00
a_loves,telegramchannels,channel,24,Photo,en,55,2026-04-28T12:34:20.825225+00:00
weheartitanime,telegramchannels,channel,24,Photo,en,56,2026-04-28T12:34:20.825228+00:00
freelutsandpresets,telegramchannels,channel,24,Photo,en,57,2026-04-28T12:34:20.825232+00:00
wallpaperawesome,telegramchannels,channel,24,Photo,en,58,2026-04-28T12:34:20.825235+00:00
logo_and_card_designer,telegramchannels,channel,24,Photo,en,59,2026-04-28T12:34:20.825238+00:00
asc_walllpapers,telegramchannels,channel,24,Photo,en,60,2026-04-28T12:34:20.825241+00:00
profarsx,telegramchannels,channel,24,Photo,en,61,2026-04-28T12:34:20.825244+00:00
crazywal,telegramchannels,channel,24,Photo,en,62,2026-04-28T12:34:20.825247+00:00
wallpaper4allpeople,telegramchannels,channel,24,Photo,en,63,2026-04-28T12:34:20.825250+00:00
hdwallpapers_4k,telegramchannels,channel,24,Photo,en,64,2026-04-28T12:34:20.825253+00:00
desktop_wallpaperr,telegramchannels,channel,24,Photo,en,65,2026-04-28T12:34:20.825256+00:00
animehdbackground,telegramchannels,channel,24,Photo,en,66,2026-04-28T12:34:20.825259+00:00
ceylonwildlife,telegramchannels,channel,24,Photo,en,67,2026-04-28T12:34:20.825262+00:00
wonderful_globe,telegramchannels,channel,24,Photo,en,68,2026-04-28T12:34:20.825265+00:00
landscapes,telegramchannels,channel,24,Photo,en,69,2026-04-28T12:34:20.825268+00:00
touhoupics,telegramchannels,channel,24,Photo,en,70,2026-04-28T12:34:20.825271+00:00
wallpapercorner,telegramchannels,channel,24,Photo,en,71,2026-04-28T12:34:20.825273+00:00
queenswallpaper,telegramchannels,channel,24,Photo,en,72,2026-04-28T12:34:20.825276+00:00
from_the_past1,telegramchannels,channel,24,Photo,en,73,2026-04-28T12:34:20.825279+00:00
freewallxpapers,telegramchannels,channel,24,Photo,en,74,2026-04-28T12:34:20.825282+00:00
cyberanime,telegramchannels,channel,24,Photo,en,75,2026-04-28T12:34:20.825285+00:00
bollyhott,telegramchannels,channel,24,Photo,en,76,2026-04-28T12:34:20.825288+00:00
cinemapixels,telegramchannels,channel,24,Photo,en,77,2026-04-28T12:34:20.825290+00:00
wallpapersdailytm,telegramchannels,channel,24,Photo,en,78,2026-04-28T12:34:20.825294+00:00
pics252,telegramchannels,channel,24,Photo,en,79,2026-04-28T12:34:20.825296+00:00
evilarts,telegramchannels,channel,24,Photo,en,80,2026-04-28T12:34:20.825299+00:00
picpinterest,telegramchannels,channel,24,Photo,en,81,2026-04-28T12:34:20.825302+00:00
ultraprowallpapers,telegramchannels,channel,24,Photo,en,82,2026-04-28T12:34:20.825305+00:00
ultimatephotography,telegramchannels,channel,24,Photo,en,83,2026-04-28T12:34:20.825308+00:00
animeeyeshd,telegramchannels,channel,24,Photo,en,84,2026-04-28T12:34:20.825311+00:00
liminalspaceiv,telegramchannels,channel,24,Photo,en,85,2026-04-28T12:34:20.825314+00:00
phottips,telegramchannels,channel,24,Photo,en,86,2026-04-28T12:34:20.825316+00:00
marvelwallpaper_0,telegramchannels,channel,24,Photo,en,87,2026-04-28T12:34:20.825319+00:00
soleshots,telegramchannels,channel,24,Photo,en,88,2026-04-28T12:34:20.825322+00:00
animefoodhd,telegramchannels,channel,24,Photo,en,89,2026-04-28T12:34:20.825325+00:00
publizei,telegramchannels,channel,24,Photo,en,90,2026-04-28T12:34:20.825327+00:00
amazing_01,telegramchannels,channel,24,Photo,en,91,2026-04-28T12:34:20.825330+00:00
wallscapehd,telegramchannels,channel,24,Photo,en,92,2026-04-28T12:34:20.825333+00:00
starstud22,telegramchannels,channel,24,Photo,en,93,2026-04-28T12:34:20.825336+00:00
lord_cullen,telegramchannels,channel,24,Photo,en,94,2026-04-28T12:34:20.825339+00:00
jsamwalls,telegramchannels,channel,24,Photo,en,95,2026-04-28T12:34:20.825342+00:00
faaaq,telegramchannels,channel,24,Photo,en,96,2026-04-28T12:34:20.825344+00:00
black_profile_wallpaper,telegramchannels,channel,24,Photo,en,97,2026-04-28T12:34:20.825347+00:00
pinterest_brain,telegramchannels,channel,24,Photo,en,98,2026-04-28T12:34:20.825350+00:00
dane_studio,telegramchannels,channel,24,Photo,en,99,2026-04-28T12:34:20.825353+00:00
hdwallpaper_4k_moblile_wallpaper,telegramchannels,channel,24,Photo,en,100,2026-04-28T12:34:20.825356+00:00
aestheticpfp,telegramchannels,channel,24,Photo,en,101,2026-04-28T12:34:20.825359+00:00
zoe_photography,telegramchannels,channel,24,Photo,en,102,2026-04-28T12:34:20.825362+00:00
gvroshit,telegramchannels,channel,24,Photo,en,103,2026-04-28T12:34:20.825365+00:00
dailychannels,telegramchannels,channel,24,Photo,en,104,2026-04-28T12:34:20.825370+00:00
insider_usa_news,telegramchannels,channel,37,Political,en,1,2026-04-28T12:34:34.339304+00:00
insiderr_politic,telegramchannels,channel,37,Political,en,2,2026-04-28T12:34:34.339312+00:00
real_donaldjtrump,telegramchannels,channel,37,Political,en,3,2026-04-28T12:34:34.339315+00:00
trump_magacommunity,telegramchannels,channel,37,Political,en,7,2026-04-28T12:34:34.339334+00:00
project_veritas,telegramchannels,channel,37,Political,en,8,2026-04-28T12:34:34.339336+00:00
realkarlibonne,telegramchannels,channel,37,Political,en,9,2026-04-28T12:34:34.339339+00:00
ddgeopolitics,telegramchannels,channel,37,Political,en,10,2026-04-28T12:34:34.339343+00:00
jamesokeefeiii,telegramchannels,channel,37,Political,en,11,2026-04-28T12:34:34.339346+00:00
lauraabolichannel,telegramchannels,channel,37,Political,en,12,2026-04-28T12:34:34.339349+00:00
realx22report,telegramchannels,channel,37,Political,en,13,2026-04-28T12:34:34.339352+00:00
charliekirk,telegramchannels,channel,37,Political,en,14,2026-04-28T12:34:34.339355+00:00
qthestormrider777,telegramchannels,channel,37,Political,en,15,2026-04-28T12:34:34.339358+00:00
realdonaldotrumpo,telegramchannels,channel,37,Political,en,16,2026-04-28T12:34:34.339361+00:00
pepematter,telegramchannels,channel,37,Political,en,17,2026-04-28T12:34:34.339364+00:00
realgenflynn,telegramchannels,channel,37,Political,en,18,2026-04-28T12:34:34.339367+00:00
shadowofezra,telegramchannels,channel,37,Political,en,19,2026-04-28T12:34:34.339370+00:00
stewpeters,telegramchannels,channel,37,Political,en,20,2026-04-28T12:34:34.339373+00:00
trumpchannel,telegramchannels,channel,37,Political,en,21,2026-04-28T12:34:34.339376+00:00
rattletrap1776,telegramchannels,channel,37,Political,en,22,2026-04-28T12:34:34.339380+00:00
bioclandestine,telegramchannels,channel,37,Political,en,23,2026-04-28T12:34:34.339383+00:00
dirtroaddiscussion,telegramchannels,channel,37,Political,en,24,2026-04-28T12:34:34.339386+00:00
resistthemainstream,telegramchannels,channel,37,Political,en,25,2026-04-28T12:34:34.339389+00:00
santasurfing,telegramchannels,channel,37,Political,en,26,2026-04-28T12:34:34.339392+00:00
jack_posobiec,telegramchannels,channel,37,Political,en,27,2026-04-28T12:34:34.339395+00:00
vigilantfox,telegramchannels,channel,37,Political,en,28,2026-04-28T12:34:34.339398+00:00
tuckerfans,telegramchannels,channel,37,Political,en,29,2026-04-28T12:34:34.339401+00:00
richardcitizenjournalists,telegramchannels,channel,37,Political,en,30,2026-04-28T12:34:34.339404+00:00
bellumactanews,telegramchannels,channel,37,Political,en,31,2026-04-28T12:34:34.339407+00:00
dbongino,telegramchannels,channel,37,Political,en,32,2026-04-28T12:34:34.339410+00:00
sgtnewsnetwork,telegramchannels,channel,37,Political,en,33,2026-04-28T12:34:34.339413+00:00
slavyangrad,telegramchannels,channel,37,Political,en,34,2026-04-28T12:34:34.339416+00:00
captkylepatriots,telegramchannels,channel,37,Political,en,35,2026-04-28T12:34:34.339425+00:00
rsbnetwork,telegramchannels,channel,37,Political,en,36,2026-04-28T12:34:34.339429+00:00
jfk_q17,telegramchannels,channel,37,Political,en,37,2026-04-28T12:34:34.339433+00:00
intelrepublic,telegramchannels,channel,37,Political,en,38,2026-04-28T12:34:34.339436+00:00
fearlessreport,telegramchannels,channel,37,Political,en,39,2026-04-28T12:34:34.339439+00:00
cruel_historyy,telegramchannels,channel,37,Political,en,40,2026-04-28T12:34:34.339442+00:00
candlesinthenight,telegramchannels,channel,37,Political,en,41,2026-04-28T12:34:34.339445+00:00
danscavinoforce,telegramchannels,channel,37,Political,en,42,2026-04-28T12:34:34.339448+00:00
hatstruth,telegramchannels,channel,37,Political,en,43,2026-04-28T12:34:34.339451+00:00
andweknowlt,telegramchannels,channel,37,Political,en,44,2026-04-28T12:34:34.339454+00:00
scottritter,telegramchannels,channel,37,Political,en,45,2026-04-28T12:34:34.339457+00:00
reinerfuellmichenglish,telegramchannels,channel,37,Political,en,46,2026-04-28T12:34:34.339460+00:00
qnewsofficialtv,telegramchannels,channel,37,Political,en,47,2026-04-28T12:34:34.339463+00:00
michaeljlindell,telegramchannels,channel,37,Political,en,48,2026-04-28T12:34:34.339466+00:00
gitmotv,telegramchannels,channel,37,Political,en,49,2026-04-28T12:34:34.339469+00:00
followsthewhiterabbit,telegramchannels,channel,37,Political,en,50,2026-04-28T12:34:34.339472+00:00
amgnews2022,telegramchannels,channel,37,Political,en,51,2026-04-28T12:34:34.339475+00:00
worlddoctorsalliance,telegramchannels,channel,37,Political,en,52,2026-04-28T12:34:34.339478+00:00
jameswoodsfans,telegramchannels,channel,37,Political,en,53,2026-04-28T12:34:34.339481+00:00
projectcamelotkerry,telegramchannels,channel,37,Political,en,54,2026-04-28T12:34:34.339486+00:00
stormypatriotjoe21,telegramchannels,channel,37,Political,en,55,2026-04-28T12:34:34.339489+00:00
patriotstreetfighter,telegramchannels,channel,37,Political,en,56,2026-04-28T12:34:34.339492+00:00
electionhq2024,telegramchannels,channel,37,Political,en,57,2026-04-28T12:34:34.339495+00:00
police_frequency,telegramchannels,channel,37,Political,en,58,2026-04-28T12:34:34.339499+00:00
newsmaxtv,telegramchannels,channel,37,Political,en,59,2026-04-28T12:34:34.339502+00:00
robinmg,telegramchannels,channel,37,Political,en,60,2026-04-28T12:34:34.339505+00:00
bennyjohnson,telegramchannels,channel,37,Political,en,61,2026-04-28T12:34:34.339508+00:00
thetrumpist,telegramchannels,channel,37,Political,en,62,2026-04-28T12:34:34.339511+00:00
realmarjoriegreene,telegramchannels,channel,37,Political,en,63,2026-04-28T12:34:34.339514+00:00
princessdiana_q,telegramchannels,channel,37,Political,en,64,2026-04-28T12:34:34.339517+00:00
lizcrokinreport,telegramchannels,channel,37,Political,en,65,2026-04-28T12:34:34.339520+00:00
qanon_storm_incoming,telegramchannels,channel,37,Political,en,66,2026-04-28T12:34:34.339523+00:00
donaldtrumpoffice,telegramchannels,channel,37,Political,en,67,2026-04-28T12:34:34.339527+00:00
conservativebrief,telegramchannels,channel,37,Political,en,68,2026-04-28T12:34:34.339530+00:00
benshapirogang,telegramchannels,channel,37,Political,en,69,2026-04-28T12:34:34.339533+00:00
pepedeluxed,telegramchannels,channel,37,Political,en,70,2026-04-28T12:34:34.339536+00:00
ntdnews,telegramchannels,channel,37,Political,en,71,2026-04-28T12:34:34.339539+00:00
zeeemedia,telegramchannels,channel,37,Political,en,72,2026-04-28T12:34:34.339542+00:00
bannonwarroom,telegramchannels,channel,37,Political,en,73,2026-04-28T12:34:34.339545+00:00
hsretoucher17,telegramchannels,channel,37,Political,en,74,2026-04-28T12:34:34.339548+00:00
westernjournal,telegramchannels,channel,37,Political,en,75,2026-04-28T12:34:34.339551+00:00
truegreatawakening,telegramchannels,channel,37,Political,en,76,2026-04-28T12:34:34.339554+00:00
techno_fog,telegramchannels,channel,37,Political,en,77,2026-04-28T12:34:34.339557+00:00
liltalkshow,telegramchannels,channel,37,Political,en,78,2026-04-28T12:34:34.339561+00:00
aljazeeraenglishnews,telegramchannels,channel,37,Political,en,79,2026-04-28T12:34:34.339564+00:00
theprofessorsrecord,telegramchannels,channel,37,Political,en,80,2026-04-28T12:34:34.339567+00:00
thedurancom,telegramchannels,channel,37,Political,en,81,2026-04-28T12:34:34.339570+00:00
drdavidmartin,telegramchannels,channel,37,Political,en,82,2026-04-28T12:34:34.339573+00:00
whitehatsq,telegramchannels,channel,37,Political,en,83,2026-04-28T12:34:34.339576+00:00
therealkimshady7,telegramchannels,channel,37,Political,en,84,2026-04-28T12:34:34.339579+00:00
tpusa,telegramchannels,channel,37,Political,en,85,2026-04-28T12:34:34.339582+00:00
jordansather,telegramchannels,channel,37,Political,en,86,2026-04-28T12:34:34.339585+00:00
wendyrogersaz,telegramchannels,channel,37,Political,en,87,2026-04-28T12:34:34.339588+00:00
americanspectator,telegramchannels,channel,37,Political,en,88,2026-04-28T12:34:34.339591+00:00
patrickmbyrne,telegramchannels,channel,37,Political,en,89,2026-04-28T12:34:34.339593+00:00
pearfeed,telegramchannels,channel,37,Political,en,90,2026-04-28T12:34:34.339596+00:00
drchristianenorthrup,telegramchannels,channel,37,Political,en,91,2026-04-28T12:34:34.339599+00:00
markrlevin,telegramchannels,channel,37,Political,en,92,2026-04-28T12:34:34.339602+00:00
davidickeofficial,telegramchannels,channel,37,Political,en,93,2026-04-28T12:34:34.339605+00:00
realdailywire,telegramchannels,channel,37,Political,en,94,2026-04-28T12:34:34.339608+00:00
petermccullough,telegramchannels,channel,37,Political,en,95,2026-04-28T12:34:34.339611+00:00
pjwnews,telegramchannels,channel,37,Political,en,96,2026-04-28T12:34:34.339614+00:00
mrn_death,telegramchannels,channel,37,Political,en,97,2026-04-28T12:34:34.339617+00:00
worldwidedemonstration,telegramchannels,channel,37,Political,en,98,2026-04-28T12:34:34.339620+00:00
mr_pool_7221,telegramchannels,channel,37,Political,en,99,2026-04-28T12:34:34.339623+00:00
craigkelly,telegramchannels,channel,37,Political,en,100,2026-04-28T12:34:34.339626+00:00
theyorkshirelassnews,telegramchannels,channel,37,Political,en,101,2026-04-28T12:34:34.339629+00:00
greatawakeningworld,telegramchannels,channel,37,Political,en,102,2026-04-28T12:34:34.339632+00:00
the_block_crypto,telegramchannels,channel,37,Political,en,103,2026-04-28T12:34:34.339635+00:00
dailychannels,telegramchannels,channel,37,Political,en,104,2026-04-28T12:34:34.339640+00:00
opendatascience,telegramchannels,channel,25,Science,en,1,2026-04-28T12:34:48.002409+00:00
science,telegramchannels,channel,25,Science,en,2,2026-04-28T12:34:48.002417+00:00
worldmath,telegramchannels,channel,25,Science,en,3,2026-04-28T12:34:48.002421+00:00
everythingscience,telegramchannels,channel,25,Science,en,7,2026-04-28T12:34:48.002467+00:00
laws_of_human_nature,telegramchannels,channel,25,Science,en,8,2026-04-28T12:34:48.002470+00:00
crynet,telegramchannels,channel,25,Science,en,9,2026-04-28T12:34:48.002473+00:00
space_english,telegramchannels,channel,25,Science,en,10,2026-04-28T12:34:48.002476+00:00
thewonderofspace,telegramchannels,channel,25,Science,en,11,2026-04-28T12:34:48.002483+00:00
amboss_medical_news,telegramchannels,channel,25,Science,en,12,2026-04-28T12:34:48.002486+00:00
apodchannel,telegramchannels,channel,25,Science,en,13,2026-04-28T12:34:48.002489+00:00
science_cha,telegramchannels,channel,25,Science,en,14,2026-04-28T12:34:48.002492+00:00
enterprise_uss,telegramchannels,channel,25,Science,en,15,2026-04-28T12:34:48.002495+00:00
the_secrets_of_the_universe,telegramchannels,channel,25,Science,en,16,2026-04-28T12:34:48.002498+00:00
physics91172,telegramchannels,channel,25,Science,en,17,2026-04-28T12:34:48.002501+00:00
neuroscience_articles,telegramchannels,channel,25,Science,en,18,2026-04-28T12:34:48.002504+00:00
nasa_daily_images,telegramchannels,channel,25,Science,en,19,2026-04-28T12:34:48.002507+00:00
astronexus,telegramchannels,channel,25,Science,en,20,2026-04-28T12:34:48.002511+00:00
universe_and_science,telegramchannels,channel,25,Science,en,21,2026-04-28T12:34:48.002514+00:00
the_unseen_world,telegramchannels,channel,25,Science,en,22,2026-04-28T12:34:48.002517+00:00
rermedapps,telegramchannels,channel,25,Science,en,23,2026-04-28T12:34:48.002520+00:00
ethiocosmos,telegramchannels,channel,25,Science,en,24,2026-04-28T12:34:48.002523+00:00
astrologysuper,telegramchannels,channel,25,Science,en,25,2026-04-28T12:34:48.002526+00:00
sci_news,telegramchannels,channel,25,Science,en,26,2026-04-28T12:34:48.002529+00:00
lookingtothefuture,telegramchannels,channel,25,Science,en,27,2026-04-28T12:34:48.002532+00:00
zero_anthropology,telegramchannels,channel,25,Science,en,28,2026-04-28T12:34:48.002535+00:00
madeforgeeks,telegramchannels,channel,25,Science,en,29,2026-04-28T12:34:48.002537+00:00
webtrafficgura,telegramchannels,channel,25,Science,en,30,2026-04-28T12:34:48.002540+00:00
plantpathology0,telegramchannels,channel,25,Science,en,31,2026-04-28T12:34:48.002543+00:00
factstelegramchannels,telegramchannels,channel,25,Science,en,32,2026-04-28T12:34:48.002546+00:00
dailydosespace,telegramchannels,channel,25,Science,en,33,2026-04-28T12:34:48.002549+00:00
skyevents,telegramchannels,channel,25,Science,en,34,2026-04-28T12:34:48.002552+00:00
itisfascinating,telegramchannels,channel,25,Science,en,35,2026-04-28T12:34:48.002555+00:00
spacenews3,telegramchannels,channel,25,Science,en,36,2026-04-28T12:34:48.002557+00:00
neurosciencepbn,telegramchannels,channel,25,Science,en,37,2026-04-28T12:34:48.002560+00:00
oa_mg,telegramchannels,channel,25,Science,en,38,2026-04-28T12:34:48.002563+00:00
dailychannels,telegramchannels,channel,25,Science,en,39,2026-04-28T12:34:48.002570+00:00
quote,telegramchannels,channel,26,Self Development,en,1,2026-04-28T12:35:03.727513+00:00
tatespeech,telegramchannels,channel,26,Self Development,en,2,2026-04-28T12:35:03.727521+00:00
sad_quotes_thoughts,telegramchannels,channel,26,Self Development,en,3,2026-04-28T12:35:03.727525+00:00
tatescholar,telegramchannels,channel,26,Self Development,en,7,2026-04-28T12:35:03.727545+00:00
therealworldag,telegramchannels,channel,26,Self Development,en,8,2026-04-28T12:35:03.727548+00:00
andrewtatefree,telegramchannels,channel,26,Self Development,en,9,2026-04-28T12:35:03.727552+00:00
inspiringimages,telegramchannels,channel,26,Self Development,en,10,2026-04-28T12:35:03.727555+00:00
quotery,telegramchannels,channel,26,Self Development,en,11,2026-04-28T12:35:03.727558+00:00
dailymotivations,telegramchannels,channel,26,Self Development,en,12,2026-04-28T12:35:03.727560+00:00
motive,telegramchannels,channel,26,Self Development,en,13,2026-04-28T12:35:03.727563+00:00
bibleverses,telegramchannels,channel,26,Self Development,en,14,2026-04-28T12:35:03.727566+00:00
inspiringthoughts,telegramchannels,channel,26,Self Development,en,15,2026-04-28T12:35:03.727569+00:00
andrewtate,telegramchannels,channel,26,Self Development,en,16,2026-04-28T12:35:03.727572+00:00
wordporn,telegramchannels,channel,26,Self Development,en,17,2026-04-28T12:35:03.727575+00:00
wisdomelites,telegramchannels,channel,26,Self Development,en,18,2026-04-28T12:35:03.727578+00:00
biztip101,telegramchannels,channel,26,Self Development,en,19,2026-04-28T12:35:03.727581+00:00
ted_talks,telegramchannels,channel,26,Self Development,en,20,2026-04-28T12:35:03.727584+00:00
smincrafts,telegramchannels,channel,26,Self Development,en,21,2026-04-28T12:35:03.727587+00:00
inspirely,telegramchannels,channel,26,Self Development,en,22,2026-04-28T12:35:03.727590+00:00
feedbrain,telegramchannels,channel,26,Self Development,en,23,2026-04-28T12:35:03.727593+00:00
moneybashers,telegramchannels,channel,26,Self Development,en,24,2026-04-28T12:35:03.727596+00:00
spiritualbooks,telegramchannels,channel,26,Self Development,en,25,2026-04-28T12:35:03.727599+00:00
uquotes,telegramchannels,channel,26,Self Development,en,26,2026-04-28T12:35:03.727602+00:00
tatesuniverse,telegramchannels,channel,26,Self Development,en,27,2026-04-28T12:35:03.727605+00:00
happywomeneu,telegramchannels,channel,26,Self Development,en,28,2026-04-28T12:35:03.727608+00:00
insidedeepquote,telegramchannels,channel,26,Self Development,en,29,2026-04-28T12:35:03.727611+00:00
successwork,telegramchannels,channel,26,Self Development,en,30,2026-04-28T12:35:03.727614+00:00
wayofpsychology,telegramchannels,channel,26,Self Development,en,31,2026-04-28T12:35:03.727617+00:00
embroideryfreedesign,telegramchannels,channel,26,Self Development,en,32,2026-04-28T12:35:03.727622+00:00
dreamersvsachievers,telegramchannels,channel,26,Self Development,en,33,2026-04-28T12:35:03.727625+00:00
supremeguide,telegramchannels,channel,26,Self Development,en,34,2026-04-28T12:35:03.727628+00:00
gentlewomensayings,telegramchannels,channel,26,Self Development,en,35,2026-04-28T12:35:03.727631+00:00
europeantribalism,telegramchannels,channel,26,Self Development,en,36,2026-04-28T12:35:03.727634+00:00
gaur_gopal_das_prabhu,telegramchannels,channel,26,Self Development,en,37,2026-04-28T12:35:03.727637+00:00
noblelessons,telegramchannels,channel,26,Self Development,en,38,2026-04-28T12:35:03.727640+00:00
inspiring_thoughts_every_day,telegramchannels,channel,26,Self Development,en,39,2026-04-28T12:35:03.727644+00:00
ironmindlegacy,telegramchannels,channel,26,Self Development,en,40,2026-04-28T12:35:03.727647+00:00
motivational_vibes,telegramchannels,channel,26,Self Development,en,41,2026-04-28T12:35:03.727650+00:00
leadershipquotes,telegramchannels,channel,26,Self Development,en,42,2026-04-28T12:35:03.727653+00:00
mindmasterypro,telegramchannels,channel,26,Self Development,en,43,2026-04-28T12:35:03.727656+00:00
talks,telegramchannels,channel,26,Self Development,en,44,2026-04-28T12:35:03.727659+00:00
dylife_ch,telegramchannels,channel,26,Self Development,en,45,2026-04-28T12:35:03.727662+00:00
motivationalwork,telegramchannels,channel,26,Self Development,en,46,2026-04-28T12:35:03.727665+00:00
quotes_motivational,telegramchannels,channel,26,Self Development,en,47,2026-04-28T12:35:03.727668+00:00
spritualmotivation,telegramchannels,channel,26,Self Development,en,48,2026-04-28T12:35:03.727671+00:00
friendsoftruth,telegramchannels,channel,26,Self Development,en,49,2026-04-28T12:35:03.727673+00:00
thelonghouse,telegramchannels,channel,26,Self Development,en,50,2026-04-28T12:35:03.727676+00:00
powerwords,telegramchannels,channel,26,Self Development,en,51,2026-04-28T12:35:03.727679+00:00
talktolife,telegramchannels,channel,26,Self Development,en,52,2026-04-28T12:35:03.727682+00:00
acts17apologetics,telegramchannels,channel,26,Self Development,en,53,2026-04-28T12:35:03.727685+00:00
hustlersuniversity_40,telegramchannels,channel,26,Self Development,en,54,2026-04-28T12:35:03.727689+00:00
marketing_and_personality,telegramchannels,channel,26,Self Development,en,55,2026-04-28T12:35:03.727692+00:00
d_a_lifestyle,telegramchannels,channel,26,Self Development,en,56,2026-04-28T12:35:03.727695+00:00
keepinspired,telegramchannels,channel,26,Self Development,en,57,2026-04-28T12:35:03.727698+00:00
medicalmotivations,telegramchannels,channel,26,Self Development,en,58,2026-04-28T12:35:03.727701+00:00
nightfactss,telegramchannels,channel,26,Self Development,en,59,2026-04-28T12:35:03.727704+00:00
you_pfff,telegramchannels,channel,26,Self Development,en,60,2026-04-28T12:35:03.727709+00:00
ahimsafeed,telegramchannels,channel,26,Self Development,en,61,2026-04-28T12:35:03.727712+00:00
adhd_tip,telegramchannels,channel,26,Self Development,en,62,2026-04-28T12:35:03.727714+00:00
quotes_literature,telegramchannels,channel,26,Self Development,en,63,2026-04-28T12:35:03.727718+00:00
motivationalpath,telegramchannels,channel,26,Self Development,en,64,2026-04-28T12:35:03.727721+00:00
spiritualleague,telegramchannels,channel,26,Self Development,en,65,2026-04-28T12:35:03.727724+00:00
selfinquirer,telegramchannels,channel,26,Self Development,en,66,2026-04-28T12:35:03.727727+00:00
englishinspirationalquotes,telegramchannels,channel,26,Self Development,en,67,2026-04-28T12:35:03.727730+00:00
motquotes,telegramchannels,channel,26,Self Development,en,68,2026-04-28T12:35:03.727733+00:00
mensinspirationalquotes,telegramchannels,channel,26,Self Development,en,69,2026-04-28T12:35:03.727736+00:00
taotehching,telegramchannels,channel,26,Self Development,en,70,2026-04-28T12:35:03.727739+00:00
infoshar,telegramchannels,channel,26,Self Development,en,71,2026-04-28T12:35:03.727742+00:00
fayozt,telegramchannels,channel,26,Self Development,en,72,2026-04-28T12:35:03.727744+00:00
forabettermeandyou,telegramchannels,channel,26,Self Development,en,73,2026-04-28T12:35:03.727747+00:00
podcastbygoogle,telegramchannels,channel,26,Self Development,en,74,2026-04-28T12:35:03.727750+00:00
globalinspiration,telegramchannels,channel,26,Self Development,en,75,2026-04-28T12:35:03.727753+00:00
dailyteachingssecret,telegramchannels,channel,26,Self Development,en,76,2026-04-28T12:35:03.727756+00:00
fearlesstribe,telegramchannels,channel,26,Self Development,en,77,2026-04-28T12:35:03.727759+00:00
womensinspirationalquotes,telegramchannels,channel,26,Self Development,en,78,2026-04-28T12:35:03.727762+00:00
attracttheimpossible,telegramchannels,channel,26,Self Development,en,79,2026-04-28T12:35:03.727765+00:00
cobratatemotivation,telegramchannels,channel,26,Self Development,en,80,2026-04-28T12:35:03.727768+00:00
massivemotivation,telegramchannels,channel,26,Self Development,en,81,2026-04-28T12:35:03.727771+00:00
motivated_im,telegramchannels,channel,26,Self Development,en,82,2026-04-28T12:35:03.727774+00:00
self_awareness5d,telegramchannels,channel,26,Self Development,en,83,2026-04-28T12:35:03.727777+00:00
tmgmeditations,telegramchannels,channel,26,Self Development,en,84,2026-04-28T12:35:03.727779+00:00
divspark,telegramchannels,channel,26,Self Development,en,85,2026-04-28T12:35:03.727782+00:00
influitiv,telegramchannels,channel,26,Self Development,en,86,2026-04-28T12:35:03.727785+00:00
core_spirit,telegramchannels,channel,26,Self Development,en,87,2026-04-28T12:35:03.727788+00:00
motivationalquotes2121,telegramchannels,channel,26,Self Development,en,88,2026-04-28T12:35:03.727791+00:00
awkn20,telegramchannels,channel,26,Self Development,en,89,2026-04-28T12:35:03.727796+00:00
masterymode,telegramchannels,channel,26,Self Development,en,90,2026-04-28T12:35:03.727799+00:00
introvert_af,telegramchannels,channel,26,Self Development,en,91,2026-04-28T12:35:03.727802+00:00
gnomicmagazine,telegramchannels,channel,26,Self Development,en,92,2026-04-28T12:35:03.727805+00:00
mindsettransformationafrica,telegramchannels,channel,26,Self Development,en,93,2026-04-28T12:35:03.727808+00:00
motivationaltip,telegramchannels,channel,26,Self Development,en,94,2026-04-28T12:35:03.727811+00:00
ayarandifreke,telegramchannels,channel,26,Self Development,en,95,2026-04-28T12:35:03.727813+00:00
the_tolstoy_farm,telegramchannels,channel,26,Self Development,en,96,2026-04-28T12:35:03.727816+00:00
mancraftbase,telegramchannels,channel,26,Self Development,en,97,2026-04-28T12:35:03.727819+00:00
bridgetosuccesspb,telegramchannels,channel,26,Self Development,en,98,2026-04-28T12:35:03.727822+00:00
intense_motivations,telegramchannels,channel,26,Self Development,en,99,2026-04-28T12:35:03.727825+00:00
sprayzetotheworld,telegramchannels,channel,26,Self Development,en,100,2026-04-28T12:35:03.727827+00:00
dailychannels,telegramchannels,channel,26,Self Development,en,101,2026-04-28T12:35:03.727832+00:00
cosplaystaticfigure,telegramchannels,channel,32,Shop,en,1,2026-04-28T12:35:16.976381+00:00
thefreebieguy,telegramchannels,channel,32,Shop,en,2,2026-04-28T12:35:16.976389+00:00
mamadeals1,telegramchannels,channel,32,Shop,en,3,2026-04-28T12:35:16.976392+00:00
couponwithkayla,telegramchannels,channel,32,Shop,en,7,2026-04-28T12:35:16.976414+00:00
citycouponmom,telegramchannels,channel,32,Shop,en,8,2026-04-28T12:35:16.976417+00:00
forhomestl,telegramchannels,channel,32,Shop,en,9,2026-04-28T12:35:16.976447+00:00
starwarsstl,telegramchannels,channel,32,Shop,en,10,2026-04-28T12:35:16.976450+00:00
hoobuyfinds5,telegramchannels,channel,32,Shop,en,11,2026-04-28T12:35:16.976453+00:00
pokemonstl,telegramchannels,channel,32,Shop,en,12,2026-04-28T12:35:16.976456+00:00
dcstl,telegramchannels,channel,32,Shop,en,13,2026-04-28T12:35:16.976459+00:00
funkostl,telegramchannels,channel,32,Shop,en,14,2026-04-28T12:35:16.976462+00:00
automotivestl,telegramchannels,channel,32,Shop,en,15,2026-04-28T12:35:16.976465+00:00
animalstl,telegramchannels,channel,32,Shop,en,16,2026-04-28T12:35:16.976469+00:00
sgcheapo,telegramchannels,channel,32,Shop,en,17,2026-04-28T12:35:16.976472+00:00
savewithfelix,telegramchannels,channel,32,Shop,en,18,2026-04-28T12:35:16.976475+00:00
mulebuyfind,telegramchannels,channel,32,Shop,en,19,2026-04-28T12:35:16.976478+00:00
oopbuy,telegramchannels,channel,32,Shop,en,20,2026-04-28T12:35:16.976481+00:00
voleking,telegramchannels,channel,32,Shop,en,21,2026-04-28T12:35:16.976484+00:00
sgpassiondeals,telegramchannels,channel,32,Shop,en,22,2026-04-28T12:35:16.976487+00:00
discount247,telegramchannels,channel,32,Shop,en,23,2026-04-28T12:35:16.976490+00:00
repcn,telegramchannels,channel,32,Shop,en,24,2026-04-28T12:35:16.976493+00:00
sktechhub,telegramchannels,channel,32,Shop,en,25,2026-04-28T12:35:16.976496+00:00
bestalibuys,telegramchannels,channel,32,Shop,en,26,2026-04-28T12:35:16.976499+00:00
sniperdeals,telegramchannels,channel,32,Shop,en,27,2026-04-28T12:35:16.976502+00:00
aexplorer,telegramchannels,channel,32,Shop,en,28,2026-04-28T12:35:16.976505+00:00
storeplus99,telegramchannels,channel,32,Shop,en,29,2026-04-28T12:35:16.976508+00:00
couponsfromchinacom,telegramchannels,channel,32,Shop,en,30,2026-04-28T12:35:16.976511+00:00
dress_and_more,telegramchannels,channel,32,Shop,en,31,2026-04-28T12:35:16.976514+00:00
dhgatevip,telegramchannels,channel,32,Shop,en,32,2026-04-28T12:35:16.976517+00:00
loadsofcodes,telegramchannels,channel,32,Shop,en,33,2026-04-28T12:35:16.976522+00:00
missdiamond2,telegramchannels,channel,32,Shop,en,34,2026-04-28T12:35:16.976525+00:00
renapparel,telegramchannels,channel,32,Shop,en,35,2026-04-28T12:35:16.976528+00:00
designer_clothing_replica_aaa,telegramchannels,channel,32,Shop,en,36,2026-04-28T12:35:16.976531+00:00
replicaproductsforsale,telegramchannels,channel,32,Shop,en,37,2026-04-28T12:35:16.976535+00:00
minmaxdeals_offers,telegramchannels,channel,32,Shop,en,38,2026-04-28T12:35:16.976538+00:00
villainsloved,telegramchannels,channel,32,Shop,en,39,2026-04-28T12:35:16.976541+00:00
firstcopy1,telegramchannels,channel,32,Shop,en,40,2026-04-28T12:35:16.976543+00:00
dealsunlimitedusa,telegramchannels,channel,32,Shop,en,41,2026-04-28T12:35:16.976546+00:00
igetvapesshop1,telegramchannels,channel,32,Shop,en,42,2026-04-28T12:35:16.976550+00:00
bagsshoesbeltswholesale,telegramchannels,channel,32,Shop,en,43,2026-04-28T12:35:16.976553+00:00
froggyxcloset,telegramchannels,channel,32,Shop,en,44,2026-04-28T12:35:16.976556+00:00
aliexplorer,telegramchannels,channel,32,Shop,en,45,2026-04-28T12:35:16.976559+00:00
alliexpresshidenlink,telegramchannels,channel,32,Shop,en,46,2026-04-28T12:35:16.976562+00:00
alicouponsdeals,telegramchannels,channel,32,Shop,en,47,2026-04-28T12:35:16.976565+00:00
aliexpressflashdeal,telegramchannels,channel,32,Shop,en,48,2026-04-28T12:35:16.976568+00:00
sneakerhit,telegramchannels,channel,32,Shop,en,49,2026-04-28T12:35:16.976571+00:00
giftcard_cn,telegramchannels,channel,32,Shop,en,50,2026-04-28T12:35:16.976574+00:00
bestaliexpressbuys,telegramchannels,channel,32,Shop,en,51,2026-04-28T12:35:16.976577+00:00
elleystele,telegramchannels,channel,32,Shop,en,52,2026-04-28T12:35:16.976579+00:00
aliexpress_deals_max,telegramchannels,channel,32,Shop,en,53,2026-04-28T12:35:16.976583+00:00
allimstore,telegramchannels,channel,32,Shop,en,54,2026-04-28T12:35:16.976586+00:00
loot_deals_channel,telegramchannels,channel,32,Shop,en,55,2026-04-28T12:35:16.976589+00:00
designer_outlet_uk_stock,telegramchannels,channel,32,Shop,en,56,2026-04-28T12:35:16.976592+00:00
applebrands33,telegramchannels,channel,32,Shop,en,57,2026-04-28T12:35:16.976595+00:00
bestdhg8finds,telegramchannels,channel,32,Shop,en,58,2026-04-28T12:35:16.976598+00:00
aliexpresslinkshidden,telegramchannels,channel,32,Shop,en,59,2026-04-28T12:35:16.976601+00:00
gizcoupon,telegramchannels,channel,32,Shop,en,60,2026-04-28T12:35:16.976604+00:00
aliexpresmoto,telegramchannels,channel,32,Shop,en,61,2026-04-28T12:35:16.976609+00:00
freeukdeals,telegramchannels,channel,32,Shop,en,62,2026-04-28T12:35:16.976612+00:00
pinpaibaobao_19001,telegramchannels,channel,32,Shop,en,63,2026-04-28T12:35:16.976615+00:00
kyctiktok_amazon_ebay_etsy_alias,telegramchannels,channel,32,Shop,en,64,2026-04-28T12:35:16.976618+00:00
stellaholi,telegramchannels,channel,32,Shop,en,65,2026-04-28T12:35:16.976621+00:00
prostozchin,telegramchannels,channel,32,Shop,en,66,2026-04-28T12:35:16.976624+00:00
socialmediaonline,telegramchannels,channel,32,Shop,en,67,2026-04-28T12:35:16.976627+00:00
big_cardmoney,telegramchannels,channel,32,Shop,en,68,2026-04-28T12:35:16.976630+00:00
watchesreplica,telegramchannels,channel,32,Shop,en,69,2026-04-28T12:35:16.976632+00:00
duckiesdump,telegramchannels,channel,32,Shop,en,70,2026-04-28T12:35:16.976635+00:00
grand_cart,telegramchannels,channel,32,Shop,en,71,2026-04-28T12:35:16.976638+00:00
legoue,telegramchannels,channel,32,Shop,en,72,2026-04-28T12:35:16.976641+00:00
myexloves,telegramchannels,channel,32,Shop,en,73,2026-04-28T12:35:16.976644+00:00
dssecretcloset,telegramchannels,channel,32,Shop,en,74,2026-04-28T12:35:16.976647+00:00
lidercomputertradingl,telegramchannels,channel,32,Shop,en,75,2026-04-28T12:35:16.976650+00:00
scloset,telegramchannels,channel,32,Shop,en,76,2026-04-28T12:35:16.976652+00:00
markluxury1,telegramchannels,channel,32,Shop,en,77,2026-04-28T12:35:16.976655+00:00
aliexpresshiddenlinks12,telegramchannels,channel,32,Shop,en,78,2026-04-28T12:35:16.976659+00:00
primestep,telegramchannels,channel,32,Shop,en,79,2026-04-28T12:35:16.976661+00:00
prelovedwifus,telegramchannels,channel,32,Shop,en,80,2026-04-28T12:35:16.976664+00:00
tde_electronicsdeals,telegramchannels,channel,32,Shop,en,81,2026-04-28T12:35:16.976667+00:00
fiftypercent,telegramchannels,channel,32,Shop,en,82,2026-04-28T12:35:16.976670+00:00
wholesalewatches1103,telegramchannels,channel,32,Shop,en,83,2026-04-28T12:35:16.976673+00:00
mobileaccessories007,telegramchannels,channel,32,Shop,en,84,2026-04-28T12:35:16.976676+00:00
fulldeal,telegramchannels,channel,32,Shop,en,85,2026-04-28T12:35:16.976679+00:00
amazon_fire_deals,telegramchannels,channel,32,Shop,en,86,2026-04-28T12:35:16.976682+00:00
discount3d,telegramchannels,channel,32,Shop,en,87,2026-04-28T12:35:16.976685+00:00
bluedeals,telegramchannels,channel,32,Shop,en,88,2026-04-28T12:35:16.976687+00:00
leousaandcanada,telegramchannels,channel,32,Shop,en,89,2026-04-28T12:35:16.976692+00:00
promocoes_amazon_esp,telegramchannels,channel,32,Shop,en,90,2026-04-28T12:35:16.976695+00:00
ukpremiumdeals,telegramchannels,channel,32,Shop,en,91,2026-04-28T12:35:16.976698+00:00
onlinedeals,telegramchannels,channel,32,Shop,en,92,2026-04-28T12:35:16.976700+00:00
discount_gift_cards,telegramchannels,channel,32,Shop,en,93,2026-04-28T12:35:16.976705+00:00
alimstores,telegramchannels,channel,32,Shop,en,94,2026-04-28T12:35:16.976709+00:00
affiliatedmarketingkeep,telegramchannels,channel,32,Shop,en,95,2026-04-28T12:35:16.976714+00:00
shemetaexpress,telegramchannels,channel,32,Shop,en,96,2026-04-28T12:35:16.976718+00:00
opcoupon,telegramchannels,channel,32,Shop,en,97,2026-04-28T12:35:16.976723+00:00
rcdealsandoffers,telegramchannels,channel,32,Shop,en,98,2026-04-28T12:35:16.976728+00:00
best_online_shopping_dealss,telegramchannels,channel,32,Shop,en,99,2026-04-28T12:35:16.976731+00:00
thegearbest,telegramchannels,channel,32,Shop,en,100,2026-04-28T12:35:16.976734+00:00
dealagram,telegramchannels,channel,32,Shop,en,101,2026-04-28T12:35:16.976737+00:00
ali_bargain,telegramchannels,channel,32,Shop,en,102,2026-04-28T12:35:16.976739+00:00
ishururu,telegramchannels,channel,32,Shop,en,103,2026-04-28T12:35:16.976742+00:00
dailychannels,telegramchannels,channel,32,Shop,en,104,2026-04-28T12:35:16.976747+00:00
football_nigeria,telegramchannels,channel,27,Sports & Fitness,en,1,2026-04-28T12:35:30.522552+00:00
sport_hub_football,telegramchannels,channel,27,Sports & Fitness,en,2,2026-04-28T12:35:30.522559+00:00
be_the_firsttt,telegramchannels,channel,27,Sports & Fitness,en,3,2026-04-28T12:35:30.522563+00:00
naija_sports,telegramchannels,channel,27,Sports & Fitness,en,7,2026-04-28T12:35:30.522581+00:00
sportscryptoinsider,telegramchannels,channel,27,Sports & Fitness,en,8,2026-04-28T12:35:30.522584+00:00
sportsdirect_eng,telegramchannels,channel,27,Sports & Fitness,en,9,2026-04-28T12:35:30.522588+00:00
sky_sports_football_updates,telegramchannels,channel,27,Sports & Fitness,en,10,2026-04-28T12:35:30.522591+00:00
premier_league_news_tg,telegramchannels,channel,27,Sports & Fitness,en,11,2026-04-28T12:35:30.522594+00:00
arsenal_gunners_london,telegramchannels,channel,27,Sports & Fitness,en,12,2026-04-28T12:35:30.522597+00:00
troll_football_telegram,telegramchannels,channel,27,Sports & Fitness,en,13,2026-04-28T12:35:30.522601+00:00
real_madrid_realmadrid_realtv,telegramchannels,channel,27,Sports & Fitness,en,14,2026-04-28T12:35:30.522604+00:00
cfc_chelseafc,telegramchannels,channel,27,Sports & Fitness,en,15,2026-04-28T12:35:30.522607+00:00
officialuefaeuro2024,telegramchannels,channel,27,Sports & Fitness,en,16,2026-04-28T12:35:30.522611+00:00
manchester_city_cf,telegramchannels,channel,27,Sports & Fitness,en,17,2026-04-28T12:35:30.522614+00:00
manchester_utdfc,telegramchannels,channel,27,Sports & Fitness,en,18,2026-04-28T12:35:30.522618+00:00
premier_league_update,telegramchannels,channel,27,Sports & Fitness,en,19,2026-04-28T12:35:30.522621+00:00
chelseafcworldwide_001,telegramchannels,channel,27,Sports & Fitness,en,20,2026-04-28T12:35:30.522625+00:00
vetland_sports_football1,telegramchannels,channel,27,Sports & Fitness,en,21,2026-04-28T12:35:30.522628+00:00
manutd_english_premier_league,telegramchannels,channel,27,Sports & Fitness,en,22,2026-04-28T12:35:30.522632+00:00
manchesterunitedsunsport,telegramchannels,channel,27,Sports & Fitness,en,23,2026-04-28T12:35:30.522635+00:00
barcelona,telegramchannels,channel,27,Sports & Fitness,en,24,2026-04-28T12:35:30.522638+00:00
hooliganscz1999,telegramchannels,channel,27,Sports & Fitness,en,25,2026-04-28T12:35:30.522641+00:00
chelsea_fc_worldwide,telegramchannels,channel,27,Sports & Fitness,en,26,2026-04-28T12:35:30.522644+00:00
rtfight_com,telegramchannels,channel,27,Sports & Fitness,en,27,2026-04-28T12:35:30.522647+00:00
manchesterunited,telegramchannels,channel,27,Sports & Fitness,en,28,2026-04-28T12:35:30.522651+00:00
premier_league_football_news,telegramchannels,channel,27,Sports & Fitness,en,29,2026-04-28T12:35:30.522654+00:00
br_football_news,telegramchannels,channel,27,Sports & Fitness,en,30,2026-04-28T12:35:30.522657+00:00
ghfootballnews,telegramchannels,channel,27,Sports & Fitness,en,31,2026-04-28T12:35:30.522660+00:00
arsenalsunsport,telegramchannels,channel,27,Sports & Fitness,en,32,2026-04-28T12:35:30.522663+00:00
empire_mu,telegramchannels,channel,27,Sports & Fitness,en,33,2026-04-28T12:35:30.522667+00:00
espnfc_news,telegramchannels,channel,27,Sports & Fitness,en,34,2026-04-28T12:35:30.522670+00:00
football433_uk,telegramchannels,channel,27,Sports & Fitness,en,35,2026-04-28T12:35:30.522673+00:00
fpl_in_telegram,telegramchannels,channel,27,Sports & Fitness,en,36,2026-04-28T12:35:30.522677+00:00
sofascore_uk,telegramchannels,channel,27,Sports & Fitness,en,37,2026-04-28T12:35:30.522680+00:00
asl_futbol_live_gollar_inline_tv,telegramchannels,channel,27,Sports & Fitness,en,38,2026-04-28T12:35:30.522683+00:00
chelseaanalysis,telegramchannels,channel,27,Sports & Fitness,en,39,2026-04-28T12:35:30.522687+00:00
chelseasunsport,telegramchannels,channel,27,Sports & Fitness,en,40,2026-04-28T12:35:30.522690+00:00
transfernews_live,telegramchannels,channel,27,Sports & Fitness,en,41,2026-04-28T12:35:30.522693+00:00
fpalerts,telegramchannels,channel,27,Sports & Fitness,en,42,2026-04-28T12:35:30.522696+00:00
goal_sport_football,telegramchannels,channel,27,Sports & Fitness,en,43,2026-04-28T12:35:30.522700+00:00
football_6,telegramchannels,channel,27,Sports & Fitness,en,44,2026-04-28T12:35:30.522703+00:00
supersportcbss,telegramchannels,channel,27,Sports & Fitness,en,45,2026-04-28T12:35:30.522706+00:00
ultrastifo,telegramchannels,channel,27,Sports & Fitness,en,46,2026-04-28T12:35:30.522708+00:00
arsenalc,telegramchannels,channel,27,Sports & Fitness,en,47,2026-04-28T12:35:30.522711+00:00
juventus,telegramchannels,channel,27,Sports & Fitness,en,48,2026-04-28T12:35:30.522715+00:00
ivanraiklin,telegramchannels,channel,27,Sports & Fitness,en,49,2026-04-28T12:35:30.522718+00:00
p_s_g,telegramchannels,channel,27,Sports & Fitness,en,50,2026-04-28T12:35:30.522721+00:00
tossguruu,telegramchannels,channel,27,Sports & Fitness,en,51,2026-04-28T12:35:30.522724+00:00
europa_conference,telegramchannels,channel,27,Sports & Fitness,en,52,2026-04-28T12:35:30.522727+00:00
premierleagueres,telegramchannels,channel,27,Sports & Fitness,en,53,2026-04-28T12:35:30.522730+00:00
brfootball_en,telegramchannels,channel,27,Sports & Fitness,en,54,2026-04-28T12:35:30.522734+00:00
europeanfixedmatchservicess,telegramchannels,channel,27,Sports & Fitness,en,55,2026-04-28T12:35:30.522737+00:00
ballballzz,telegramchannels,channel,27,Sports & Fitness,en,56,2026-04-28T12:35:30.522740+00:00
footballlivegoals,telegramchannels,channel,27,Sports & Fitness,en,57,2026-04-28T12:35:30.522743+00:00
fc_barcelona_worldwide,telegramchannels,channel,27,Sports & Fitness,en,58,2026-04-28T12:35:30.522746+00:00
basketball_insights_scores,telegramchannels,channel,27,Sports & Fitness,en,59,2026-04-28T12:35:30.522749+00:00
steroid_best,telegramchannels,channel,27,Sports & Fitness,en,60,2026-04-28T12:35:30.522752+00:00
fitnesstipschannel,telegramchannels,channel,27,Sports & Fitness,en,61,2026-04-28T12:35:30.522755+00:00
seriaares,telegramchannels,channel,27,Sports & Fitness,en,62,2026-04-28T12:35:30.522758+00:00
bjjfanaticsinstructionals,telegramchannels,channel,27,Sports & Fitness,en,63,2026-04-28T12:35:30.522761+00:00
ai_match_prediction,telegramchannels,channel,27,Sports & Fitness,en,64,2026-04-28T12:35:30.522764+00:00
beginnersfitness,telegramchannels,channel,27,Sports & Fitness,en,65,2026-04-28T12:35:30.522767+00:00
footballmemesbanter,telegramchannels,channel,27,Sports & Fitness,en,66,2026-04-28T12:35:30.522771+00:00
lfconline,telegramchannels,channel,27,Sports & Fitness,en,67,2026-04-28T12:35:30.522774+00:00
sportycrushes,telegramchannels,channel,27,Sports & Fitness,en,68,2026-04-28T12:35:30.522776+00:00
tottenham_fans,telegramchannels,channel,27,Sports & Fitness,en,69,2026-04-28T12:35:30.522779+00:00
lamineyamalworld,telegramchannels,channel,27,Sports & Fitness,en,70,2026-04-28T12:35:30.522783+00:00
chelseafcnewsdaily,telegramchannels,channel,27,Sports & Fitness,en,71,2026-04-28T12:35:30.522786+00:00
quadsgoddess,telegramchannels,channel,27,Sports & Fitness,en,72,2026-04-28T12:35:30.522789+00:00
fcbayernen,telegramchannels,channel,27,Sports & Fitness,en,73,2026-04-28T12:35:30.522792+00:00
soccer,telegramchannels,channel,27,Sports & Fitness,en,74,2026-04-28T12:35:30.522795+00:00
bvacio,telegramchannels,channel,27,Sports & Fitness,en,75,2026-04-28T12:35:30.522798+00:00
livegoalsportsforum,telegramchannels,channel,27,Sports & Fitness,en,76,2026-04-28T12:35:30.522800+00:00
theunitedstand,telegramchannels,channel,27,Sports & Fitness,en,77,2026-04-28T12:35:30.522804+00:00
lfcchannel,telegramchannels,channel,27,Sports & Fitness,en,78,2026-04-28T12:35:30.522807+00:00
live_cric,telegramchannels,channel,27,Sports & Fitness,en,79,2026-04-28T12:35:30.522811+00:00
leo_messi_fan_club,telegramchannels,channel,27,Sports & Fitness,en,80,2026-04-28T12:35:30.522814+00:00
livesoccerer,telegramchannels,channel,27,Sports & Fitness,en,81,2026-04-28T12:35:30.522817+00:00
funshizzlebetclub,telegramchannels,channel,27,Sports & Fitness,en,82,2026-04-28T12:35:30.522819+00:00
mancitypl,telegramchannels,channel,27,Sports & Fitness,en,83,2026-04-28T12:35:30.522822+00:00
realferrariline,telegramchannels,channel,27,Sports & Fitness,en,84,2026-04-28T12:35:30.522825+00:00
gymfitness_equipment_products,telegramchannels,channel,27,Sports & Fitness,en,85,2026-04-28T12:35:30.522829+00:00
thetennistime,telegramchannels,channel,27,Sports & Fitness,en,86,2026-04-28T12:35:30.522832+00:00
iihfbackup,telegramchannels,channel,27,Sports & Fitness,en,87,2026-04-28T12:35:30.522835+00:00
martingale_bets,telegramchannels,channel,27,Sports & Fitness,en,88,2026-04-28T12:35:30.522838+00:00
theatre_of_dream,telegramchannels,channel,27,Sports & Fitness,en,89,2026-04-28T12:35:30.522841+00:00
globalfoot24,telegramchannels,channel,27,Sports & Fitness,en,90,2026-04-28T12:35:30.522844+00:00
fifa1_net,telegramchannels,channel,27,Sports & Fitness,en,91,2026-04-28T12:35:30.522847+00:00
fftitan,telegramchannels,channel,27,Sports & Fitness,en,92,2026-04-28T12:35:30.522849+00:00
pandeyprediction07,telegramchannels,channel,27,Sports & Fitness,en,93,2026-04-28T12:35:30.522853+00:00
noahschannel025,telegramchannels,channel,27,Sports & Fitness,en,94,2026-04-28T12:35:30.522856+00:00
cristianoronaldobb,telegramchannels,channel,27,Sports & Fitness,en,95,2026-04-28T12:35:30.522859+00:00
footinfos23,telegramchannels,channel,27,Sports & Fitness,en,96,2026-04-28T12:35:30.522861+00:00
flipsocial,telegramchannels,channel,27,Sports & Fitness,en,97,2026-04-28T12:35:30.522864+00:00
thesportsscope,telegramchannels,channel,27,Sports & Fitness,en,98,2026-04-28T12:35:30.522867+00:00
eastafricasportspicha,telegramchannels,channel,27,Sports & Fitness,en,99,2026-04-28T12:35:30.522870+00:00
dailychannels,telegramchannels,channel,27,Sports & Fitness,en,100,2026-04-28T12:35:30.522875+00:00
wexsavi,telegramchannels,channel,38,Stickers,en,1,2026-04-28T12:35:41.040999+00:00
sticker_community,telegramchannels,channel,38,Stickers,en,2,2026-04-28T12:35:41.041007+00:00
round_stickers,telegramchannels,channel,38,Stickers,en,3,2026-04-28T12:35:41.041010+00:00
stickerxtara,telegramchannels,channel,38,Stickers,en,7,2026-04-28T12:35:41.041028+00:00
figurinhaswa,telegramchannels,channel,38,Stickers,en,8,2026-04-28T12:35:41.041031+00:00
anak_kucing_stiker,telegramchannels,channel,38,Stickers,en,9,2026-04-28T12:35:41.041035+00:00
co97ke,telegramchannels,channel,38,Stickers,en,10,2026-04-28T12:35:41.041038+00:00
dinokuningepribadeh,telegramchannels,channel,38,Stickers,en,11,2026-04-28T12:35:41.041041+00:00
stickersfurrys,telegramchannels,channel,38,Stickers,en,12,2026-04-28T12:35:41.041044+00:00
stickerkuromii,telegramchannels,channel,38,Stickers,en,13,2026-04-28T12:35:41.041047+00:00
animatedstickersarchive,telegramchannels,channel,38,Stickers,en,14,2026-04-28T12:35:41.041051+00:00
furrystickers2020,telegramchannels,channel,38,Stickers,en,15,2026-04-28T12:35:41.041054+00:00
dailychannels,telegramchannels,channel,38,Stickers,en,16,2026-04-28T12:35:41.041059+00:00
getmodpcs,telegramchannels,channel,28,Technology,en,1,2026-04-28T12:35:54.616181+00:00
xempireapps,telegramchannels,channel,28,Technology,en,2,2026-04-28T12:35:54.616189+00:00
partona_news,telegramchannels,channel,28,Technology,en,3,2026-04-28T12:35:54.616192+00:00
perplexity,telegramchannels,channel,28,Technology,en,7,2026-04-28T12:35:54.616209+00:00
cryptoaiagi,telegramchannels,channel,28,Technology,en,8,2026-04-28T12:35:54.616212+00:00
fomodotfundann,telegramchannels,channel,28,Technology,en,9,2026-04-28T12:35:54.616215+00:00
cumbertech,telegramchannels,channel,28,Technology,en,10,2026-04-28T12:35:54.616218+00:00
apkpure_official_2,telegramchannels,channel,28,Technology,en,11,2026-04-28T12:35:54.616221+00:00
aipost,telegramchannels,channel,28,Technology,en,12,2026-04-28T12:35:54.616224+00:00
adsgram_ai,telegramchannels,channel,28,Technology,en,13,2026-04-28T12:35:54.616227+00:00
singledevelopers,telegramchannels,channel,28,Technology,en,14,2026-04-28T12:35:54.616230+00:00
mozo_news,telegramchannels,channel,28,Technology,en,15,2026-04-28T12:35:54.616233+00:00
mbmods,telegramchannels,channel,28,Technology,en,16,2026-04-28T12:35:54.616236+00:00
chaingptnews,telegramchannels,channel,28,Technology,en,17,2026-04-28T12:35:54.616239+00:00
gpt360_announcement,telegramchannels,channel,28,Technology,en,18,2026-04-28T12:35:54.616242+00:00
uxlink_community,telegramchannels,channel,28,Technology,en,19,2026-04-28T12:35:54.616245+00:00
thehackernews,telegramchannels,channel,28,Technology,en,20,2026-04-28T12:35:54.616248+00:00
miui_download,telegramchannels,channel,28,Technology,en,21,2026-04-28T12:35:54.616251+00:00
xiaomiui,telegramchannels,channel,28,Technology,en,22,2026-04-28T12:35:54.616254+00:00
computer_science_and_programming,telegramchannels,channel,28,Technology,en,23,2026-04-28T12:35:54.616257+00:00
miniaturesterrain,telegramchannels,channel,28,Technology,en,24,2026-04-28T12:35:54.616259+00:00
technical_sapien_ofjoker,telegramchannels,channel,28,Technology,en,25,2026-04-28T12:35:54.616262+00:00
marvelstl,telegramchannels,channel,28,Technology,en,26,2026-04-28T12:35:54.616265+00:00
jobs_sql,telegramchannels,channel,28,Technology,en,27,2026-04-28T12:35:54.616268+00:00
linuxgram,telegramchannels,channel,28,Technology,en,28,2026-04-28T12:35:54.616271+00:00
aiosetup,telegramchannels,channel,28,Technology,en,29,2026-04-28T12:35:54.616274+00:00
ieofficial,telegramchannels,channel,28,Technology,en,30,2026-04-28T12:35:54.616277+00:00
artificial_intelligence_in,telegramchannels,channel,28,Technology,en,31,2026-04-28T12:35:54.616280+00:00
pythondevelopersindia,telegramchannels,channel,28,Technology,en,32,2026-04-28T12:35:54.616283+00:00
engrouphelp,telegramchannels,channel,28,Technology,en,33,2026-04-28T12:35:54.616286+00:00
mech3game,telegramchannels,channel,28,Technology,en,34,2026-04-28T12:35:54.616289+00:00
premiere_pro_adobe,telegramchannels,channel,28,Technology,en,35,2026-04-28T12:35:54.616292+00:00
programmingtip,telegramchannels,channel,28,Technology,en,36,2026-04-28T12:35:54.616295+00:00
theprogrammingart,telegramchannels,channel,28,Technology,en,37,2026-04-28T12:35:54.616297+00:00
thebugbountyhunter,telegramchannels,channel,28,Technology,en,38,2026-04-28T12:35:54.616300+00:00
techguide,telegramchannels,channel,28,Technology,en,39,2026-04-28T12:35:54.616303+00:00
androidmalware,telegramchannels,channel,28,Technology,en,40,2026-04-28T12:35:54.616306+00:00
nacbots,telegramchannels,channel,28,Technology,en,41,2026-04-28T12:35:54.616308+00:00
datascience4,telegramchannels,channel,28,Technology,en,42,2026-04-28T12:35:54.616311+00:00
codexbotz,telegramchannels,channel,28,Technology,en,43,2026-04-28T12:35:54.616314+00:00
elvis_w_g,telegramchannels,channel,28,Technology,en,44,2026-04-28T12:35:54.616317+00:00
real_discount,telegramchannels,channel,28,Technology,en,45,2026-04-28T12:35:54.616320+00:00
webdel,telegramchannels,channel,28,Technology,en,46,2026-04-28T12:35:54.616323+00:00
thedevs,telegramchannels,channel,28,Technology,en,47,2026-04-28T12:35:54.616326+00:00
imockups,telegramchannels,channel,28,Technology,en,48,2026-04-28T12:35:54.616329+00:00
fedevelopment,telegramchannels,channel,28,Technology,en,49,2026-04-28T12:35:54.616331+00:00
xiaomi,telegramchannels,channel,28,Technology,en,50,2026-04-28T12:35:54.616334+00:00
arduino_io,telegramchannels,channel,28,Technology,en,51,2026-04-28T12:35:54.616337+00:00
websitedesignlearninggroup,telegramchannels,channel,28,Technology,en,52,2026-04-28T12:35:54.616340+00:00
bigdataspecialist,telegramchannels,channel,28,Technology,en,53,2026-04-28T12:35:54.616343+00:00
popmods,telegramchannels,channel,28,Technology,en,54,2026-04-28T12:35:54.616346+00:00
front_end_first,telegramchannels,channel,28,Technology,en,55,2026-04-28T12:35:54.616349+00:00
github_repos,telegramchannels,channel,28,Technology,en,56,2026-04-28T12:35:54.616352+00:00
ignouc,telegramchannels,channel,28,Technology,en,57,2026-04-28T12:35:54.616355+00:00
cibsecurity,telegramchannels,channel,28,Technology,en,58,2026-04-28T12:35:54.616358+00:00
pocophoneglobalupdates,telegramchannels,channel,28,Technology,en,59,2026-04-28T12:35:54.616360+00:00
chatgpt_officialnews,telegramchannels,channel,28,Technology,en,60,2026-04-28T12:35:54.616363+00:00
movie_stl,telegramchannels,channel,28,Technology,en,61,2026-04-28T12:35:54.616366+00:00
hacking_group_channel,telegramchannels,channel,28,Technology,en,62,2026-04-28T12:35:54.616369+00:00
cisco,telegramchannels,channel,28,Technology,en,63,2026-04-28T12:35:54.616372+00:00
xkcdchannel,telegramchannels,channel,28,Technology,en,64,2026-04-28T12:35:54.616375+00:00
ethicalhackerscommunity,telegramchannels,channel,28,Technology,en,65,2026-04-28T12:35:54.616378+00:00
tonvpn_channel,telegramchannels,channel,28,Technology,en,66,2026-04-28T12:35:54.616381+00:00
prograchallenges,telegramchannels,channel,28,Technology,en,67,2026-04-28T12:35:54.616384+00:00
artificial_intelligence_ai,telegramchannels,channel,28,Technology,en,68,2026-04-28T12:35:54.616387+00:00
videogenerator,telegramchannels,channel,28,Technology,en,69,2026-04-28T12:35:54.616390+00:00
dev_meme,telegramchannels,channel,28,Technology,en,70,2026-04-28T12:35:54.616393+00:00
edurekaupdates,telegramchannels,channel,28,Technology,en,71,2026-04-28T12:35:54.616396+00:00
embedded_system,telegramchannels,channel,28,Technology,en,72,2026-04-28T12:35:54.616398+00:00
malwr,telegramchannels,channel,28,Technology,en,73,2026-04-28T12:35:54.616401+00:00
sysadm_in_channel,telegramchannels,channel,28,Technology,en,74,2026-04-28T12:35:54.616404+00:00
aspnetvnext,telegramchannels,channel,28,Technology,en,75,2026-04-28T12:35:54.616407+00:00
thefrontend,telegramchannels,channel,28,Technology,en,76,2026-04-28T12:35:54.616410+00:00
java_codings,telegramchannels,channel,28,Technology,en,77,2026-04-28T12:35:54.616413+00:00
bleepingcomputer,telegramchannels,channel,28,Technology,en,78,2026-04-28T12:35:54.616416+00:00
pluschannel11,telegramchannels,channel,28,Technology,en,79,2026-04-28T12:35:54.616424+00:00
iosdevio,telegramchannels,channel,28,Technology,en,80,2026-04-28T12:35:54.616427+00:00
netflix_bins_and_tricks,telegramchannels,channel,28,Technology,en,81,2026-04-28T12:35:54.616430+00:00
coding_genius1,telegramchannels,channel,28,Technology,en,82,2026-04-28T12:35:54.616433+00:00
techfreaks9,telegramchannels,channel,28,Technology,en,83,2026-04-28T12:35:54.616436+00:00
allabouthack,telegramchannels,channel,28,Technology,en,84,2026-04-28T12:35:54.616439+00:00
ready_dot_code,telegramchannels,channel,28,Technology,en,85,2026-04-28T12:35:54.616442+00:00
phpme,telegramchannels,channel,28,Technology,en,86,2026-04-28T12:35:54.616444+00:00
deephackers07,telegramchannels,channel,28,Technology,en,87,2026-04-28T12:35:54.616447+00:00
whitehat,telegramchannels,channel,28,Technology,en,88,2026-04-28T12:35:54.616450+00:00
techscope_news,telegramchannels,channel,28,Technology,en,89,2026-04-28T12:35:54.616453+00:00
techcrunch1,telegramchannels,channel,28,Technology,en,90,2026-04-28T12:35:54.616456+00:00
technologyforgood,telegramchannels,channel,28,Technology,en,91,2026-04-28T12:35:54.616458+00:00
thinkbroadly,telegramchannels,channel,28,Technology,en,92,2026-04-28T12:35:54.616461+00:00
remotejobsenglish,telegramchannels,channel,28,Technology,en,93,2026-04-28T12:35:54.616464+00:00
madelineproto,telegramchannels,channel,28,Technology,en,94,2026-04-28T12:35:54.616467+00:00
ethicalhackerscommunity2,telegramchannels,channel,28,Technology,en,95,2026-04-28T12:35:54.616470+00:00
ethical_hackers_giveaway,telegramchannels,channel,28,Technology,en,96,2026-04-28T12:35:54.616473+00:00
androidresid,telegramchannels,channel,28,Technology,en,97,2026-04-28T12:35:54.616475+00:00
chatgptmastermind,telegramchannels,channel,28,Technology,en,98,2026-04-28T12:35:54.616478+00:00
datasciencemorons,telegramchannels,channel,28,Technology,en,99,2026-04-28T12:35:54.616481+00:00
renewable_energy,telegramchannels,channel,28,Technology,en,100,2026-04-28T12:35:54.616484+00:00
java_script_world,telegramchannels,channel,28,Technology,en,101,2026-04-28T12:35:54.616486+00:00
daily,telegramchannels,channel,28,Technology,en,102,2026-04-28T12:35:54.616489+00:00
html_and_css_3,telegramchannels,channel,28,Technology,en,103,2026-04-28T12:35:54.616492+00:00
dailychannels,telegramchannels,channel,28,Technology,en,104,2026-04-28T12:35:54.616497+00:00
proxymtproto,telegramchannels,channel,36,Telegram,en,1,2026-04-28T12:36:08.035255+00:00
telegramtips,telegramchannels,channel,36,Telegram,en,2,2026-04-28T12:36:08.035263+00:00
telegram,telegramchannels,channel,36,Telegram,en,3,2026-04-28T12:36:08.035266+00:00
premium,telegramchannels,channel,36,Telegram,en,7,2026-04-28T12:36:08.035284+00:00
roolzgods,telegramchannels,channel,36,Telegram,en,8,2026-04-28T12:36:08.035287+00:00
username,telegramchannels,channel,36,Telegram,en,9,2026-04-28T12:36:08.035290+00:00
emoji1,telegramchannels,channel,36,Telegram,en,10,2026-04-28T12:36:08.035294+00:00
oxygenminerchannel,telegramchannels,channel,36,Telegram,en,11,2026-04-28T12:36:08.035297+00:00
join10xacademy1,telegramchannels,channel,36,Telegram,en,12,2026-04-28T12:36:08.035300+00:00
proxyme,telegramchannels,channel,36,Telegram,en,13,2026-04-28T12:36:08.035303+00:00
xplus_channel,telegramchannels,channel,36,Telegram,en,14,2026-04-28T12:36:08.035306+00:00
tele_ninja,telegramchannels,channel,36,Telegram,en,15,2026-04-28T12:36:08.035309+00:00
marienews,telegramchannels,channel,36,Telegram,en,16,2026-04-28T12:36:08.035312+00:00
mtproxies,telegramchannels,channel,36,Telegram,en,17,2026-04-28T12:36:08.035315+00:00
turbotel,telegramchannels,channel,36,Telegram,en,18,2026-04-28T12:36:08.035318+00:00
botnews,telegramchannels,channel,36,Telegram,en,19,2026-04-28T12:36:08.035321+00:00
designers,telegramchannels,channel,36,Telegram,en,20,2026-04-28T12:36:08.035324+00:00
forexsignalsxauusd2,telegramchannels,channel,36,Telegram,en,21,2026-04-28T12:36:08.035327+00:00
tgbeta,telegramchannels,channel,36,Telegram,en,22,2026-04-28T12:36:08.035330+00:00
desktop,telegramchannels,channel,36,Telegram,en,23,2026-04-28T12:36:08.035334+00:00
telegrampassport,telegramchannels,channel,36,Telegram,en,24,2026-04-28T12:36:08.035337+00:00
geekschannel,telegramchannels,channel,36,Telegram,en,25,2026-04-28T12:36:08.035340+00:00
dailychannels,telegramchannels,channel,36,Telegram,en,26,2026-04-28T12:36:08.035343+00:00
prizesstarss,telegramchannels,channel,36,Telegram,en,27,2026-04-28T12:36:08.035346+00:00
cutestickers4you,telegramchannels,channel,36,Telegram,en,28,2026-04-28T12:36:08.035349+00:00
telegaadexchange,telegramchannels,channel,36,Telegram,en,29,2026-04-28T12:36:08.035352+00:00
gbpusdxauusdscalpers,telegramchannels,channel,36,Telegram,en,30,2026-04-28T12:36:08.035356+00:00
join_community,telegramchannels,channel,36,Telegram,en,31,2026-04-28T12:36:08.035359+00:00
adsly,telegramchannels,channel,36,Telegram,en,32,2026-04-28T12:36:08.035362+00:00
opakhi1,telegramchannels,channel,36,Telegram,en,33,2026-04-28T12:36:08.035365+00:00
jointelegramlink1,telegramchannels,channel,36,Telegram,en,34,2026-04-28T12:36:08.035368+00:00
themesm8,telegramchannels,channel,36,Telegram,en,35,2026-04-28T12:36:08.035371+00:00
botfindr,telegramchannels,channel,36,Telegram,en,36,2026-04-28T12:36:08.035374+00:00
gifstiki,telegramchannels,channel,36,Telegram,en,37,2026-04-28T12:36:08.035377+00:00
tele_theme_android,telegramchannels,channel,36,Telegram,en,38,2026-04-28T12:36:08.035379+00:00
tcmead,telegramchannels,channel,36,Telegram,en,39,2026-04-28T12:36:08.035382+00:00
themetelegramhd,telegramchannels,channel,36,Telegram,en,40,2026-04-28T12:36:08.035385+00:00
t_tutorial,telegramchannels,channel,36,Telegram,en,41,2026-04-28T12:36:08.035388+00:00
goldsignalsprofessor1,telegramchannels,channel,36,Telegram,en,42,2026-04-28T12:36:08.035392+00:00
mtproxyboy,telegramchannels,channel,36,Telegram,en,43,2026-04-28T12:36:08.035394+00:00
channelmurasxvip,telegramchannels,channel,36,Telegram,en,44,2026-04-28T12:36:08.035397+00:00
youngtheme,telegramchannels,channel,36,Telegram,en,45,2026-04-28T12:36:08.035400+00:00
talk_ted,telegramchannels,channel,36,Telegram,en,46,2026-04-28T12:36:08.035403+00:00
themeshub,telegramchannels,channel,36,Telegram,en,47,2026-04-28T12:36:08.035406+00:00
gbpusdbtcusdsignal,telegramchannels,channel,36,Telegram,en,48,2026-04-28T12:36:08.035409+00:00
tgtester,telegramchannels,channel,36,Telegram,en,49,2026-04-28T12:36:08.035412+00:00
soft_stickers,telegramchannels,channel,36,Telegram,en,50,2026-04-28T12:36:08.035415+00:00
andrthemes,telegramchannels,channel,36,Telegram,en,51,2026-04-28T12:36:08.035418+00:00
syntheticxofficiai,telegramchannels,channel,36,Telegram,en,52,2026-04-28T12:36:08.035450+00:00
cryptopanicofficials,telegramchannels,channel,36,Telegram,en,53,2026-04-28T12:36:08.035458+00:00
heytelegram_number,telegramchannels,channel,36,Telegram,en,54,2026-04-28T12:36:08.035462+00:00
exnees_free_signals,telegramchannels,channel,36,Telegram,en,55,2026-04-28T12:36:08.035466+00:00
bitmain_order,telegramchannels,channel,36,Telegram,en,56,2026-04-28T12:36:08.035469+00:00
freeproxieseveryday,telegramchannels,channel,36,Telegram,en,57,2026-04-28T12:36:08.035473+00:00
hqproxy_com,telegramchannels,channel,36,Telegram,en,58,2026-04-28T12:36:08.035476+00:00
dogmtproto,telegramchannels,channel,36,Telegram,en,59,2026-04-28T12:36:08.035479+00:00
sstpgods,telegramchannels,channel,36,Telegram,en,60,2026-04-28T12:36:08.035482+00:00
promotetelegramch,telegramchannels,channel,36,Telegram,en,61,2026-04-28T12:36:08.035485+00:00
usersellbuyy,telegramchannels,channel,36,Telegram,en,62,2026-04-28T12:36:08.035488+00:00
secureandfastproxymtproto,telegramchannels,channel,36,Telegram,en,63,2026-04-28T12:36:08.035491+00:00
btcw0k,telegramchannels,channel,36,Telegram,en,64,2026-04-28T12:36:08.035494+00:00
berkaytelegramthemes,telegramchannels,channel,36,Telegram,en,65,2026-04-28T12:36:08.035497+00:00
paveldurovbackup,telegramchannels,channel,36,Telegram,en,66,2026-04-28T12:36:08.035501+00:00
dnatradingforex1,telegramchannels,channel,36,Telegram,en,67,2026-04-28T12:36:08.035504+00:00
tapswapai,telegramchannels,channel,40,Telegram Miniapps & Games,en,1,2026-04-28T12:36:20.822697+00:00
hamster_kombat,telegramchannels,channel,40,Telegram Miniapps & Games,en,2,2026-04-28T12:36:20.822705+00:00
seedupdates,telegramchannels,channel,40,Telegram Miniapps & Games,en,3,2026-04-28T12:36:20.822709+00:00
notcoin,telegramchannels,channel,40,Telegram Miniapps & Games,en,7,2026-04-28T12:36:20.822726+00:00
clayton,telegramchannels,channel,40,Telegram Miniapps & Games,en,8,2026-04-28T12:36:20.822729+00:00
tonclayton,telegramchannels,channel,40,Telegram Miniapps & Games,en,9,2026-04-28T12:36:20.822732+00:00
tonstationgames,telegramchannels,channel,40,Telegram Miniapps & Games,en,10,2026-04-28T12:36:20.822735+00:00
pixelverse_xyz,telegramchannels,channel,40,Telegram Miniapps & Games,en,11,2026-04-28T12:36:20.822738+00:00
thetapcoins,telegramchannels,channel,40,Telegram Miniapps & Games,en,12,2026-04-28T12:36:20.822741+00:00
binance_moonbix_announcements,telegramchannels,channel,40,Telegram Miniapps & Games,en,13,2026-04-28T12:36:20.822745+00:00
blumcrypto_memepad,telegramchannels,channel,40,Telegram Miniapps & Games,en,14,2026-04-28T12:36:20.822748+00:00
foruai_channel,telegramchannels,channel,40,Telegram Miniapps & Games,en,15,2026-04-28T12:36:20.822751+00:00
smpl_app,telegramchannels,channel,40,Telegram Miniapps & Games,en,16,2026-04-28T12:36:20.822754+00:00
toptapen,telegramchannels,channel,40,Telegram Miniapps & Games,en,17,2026-04-28T12:36:20.822757+00:00
watbird,telegramchannels,channel,40,Telegram Miniapps & Games,en,18,2026-04-28T12:36:20.822760+00:00
spinnercoin,telegramchannels,channel,40,Telegram Miniapps & Games,en,19,2026-04-28T12:36:20.822763+00:00
thespn,telegramchannels,channel,40,Telegram Miniapps & Games,en,20,2026-04-28T12:36:20.822766+00:00
lostdogscoeng,telegramchannels,channel,40,Telegram Miniapps & Games,en,21,2026-04-28T12:36:20.822769+00:00
taptoearninsider,telegramchannels,channel,40,Telegram Miniapps & Games,en,22,2026-04-28T12:36:20.822773+00:00
wuffi_announcements,telegramchannels,channel,40,Telegram Miniapps & Games,en,23,2026-04-28T12:36:20.822776+00:00
tonix_mining,telegramchannels,channel,40,Telegram Miniapps & Games,en,24,2026-04-28T12:36:20.822779+00:00
tasknchannel,telegramchannels,channel,40,Telegram Miniapps & Games,en,25,2026-04-28T12:36:20.822782+00:00
wontonorg,telegramchannels,channel,40,Telegram Miniapps & Games,en,26,2026-04-28T12:36:20.822785+00:00
blink_en,telegramchannels,channel,40,Telegram Miniapps & Games,en,27,2026-04-28T12:36:20.822789+00:00
byinchan,telegramchannels,channel,40,Telegram Miniapps & Games,en,28,2026-04-28T12:36:20.822792+00:00
hamsterupdate,telegramchannels,channel,40,Telegram Miniapps & Games,en,29,2026-04-28T12:36:20.822795+00:00
chickcoop_announcement,telegramchannels,channel,40,Telegram Miniapps & Games,en,30,2026-04-28T12:36:20.822798+00:00
tap_sport_official,telegramchannels,channel,40,Telegram Miniapps & Games,en,31,2026-04-28T12:36:20.822801+00:00
buyboost_official,telegramchannels,channel,40,Telegram Miniapps & Games,en,32,2026-04-28T12:36:20.822804+00:00
web3_tonroll,telegramchannels,channel,40,Telegram Miniapps & Games,en,33,2026-04-28T12:36:20.822807+00:00
notgram_game,telegramchannels,channel,40,Telegram Miniapps & Games,en,34,2026-04-28T12:36:20.822811+00:00
hamster_tools,telegramchannels,channel,40,Telegram Miniapps & Games,en,35,2026-04-28T12:36:20.822813+00:00
fanton_nft_en,telegramchannels,channel,40,Telegram Miniapps & Games,en,36,2026-04-28T12:36:20.822816+00:00
goblinmine,telegramchannels,channel,40,Telegram Miniapps & Games,en,37,2026-04-28T12:36:20.822819+00:00
legendsannouncements,telegramchannels,channel,40,Telegram Miniapps & Games,en,38,2026-04-28T12:36:20.822823+00:00
tap_tether_channel,telegramchannels,channel,40,Telegram Miniapps & Games,en,39,2026-04-28T12:36:20.822826+00:00
cr_tapp,telegramchannels,channel,40,Telegram Miniapps & Games,en,40,2026-04-28T12:36:20.822829+00:00
yumify,telegramchannels,channel,40,Telegram Miniapps & Games,en,41,2026-04-28T12:36:20.822832+00:00
thetonmap,telegramchannels,channel,40,Telegram Miniapps & Games,en,42,2026-04-28T12:36:20.822835+00:00
treasuretapperannouncements,telegramchannels,channel,40,Telegram Miniapps & Games,en,43,2026-04-28T12:36:20.822838+00:00
true_ecosystem,telegramchannels,channel,40,Telegram Miniapps & Games,en,44,2026-04-28T12:36:20.822841+00:00
dcombo,telegramchannels,channel,40,Telegram Miniapps & Games,en,45,2026-04-28T12:36:20.822844+00:00
lambotap,telegramchannels,channel,40,Telegram Miniapps & Games,en,46,2026-04-28T12:36:20.822847+00:00
tapraccooncoin,telegramchannels,channel,40,Telegram Miniapps & Games,en,47,2026-04-28T12:36:20.822850+00:00
gumartec,telegramchannels,channel,40,Telegram Miniapps & Games,en,48,2026-04-28T12:36:20.822852+00:00
tongochi_game,telegramchannels,channel,40,Telegram Miniapps & Games,en,49,2026-04-28T12:36:20.822855+00:00
alphatongame,telegramchannels,channel,40,Telegram Miniapps & Games,en,50,2026-04-28T12:36:20.822859+00:00
bnbcold,telegramchannels,channel,40,Telegram Miniapps & Games,en,51,2026-04-28T12:36:20.822862+00:00
tap_swap_international,telegramchannels,channel,40,Telegram Miniapps & Games,en,52,2026-04-28T12:36:20.822865+00:00
dailycombo,telegramchannels,channel,40,Telegram Miniapps & Games,en,53,2026-04-28T12:36:20.822868+00:00
tapptales,telegramchannels,channel,40,Telegram Miniapps & Games,en,54,2026-04-28T12:36:20.822871+00:00
tapac_official,telegramchannels,channel,40,Telegram Miniapps & Games,en,55,2026-04-28T12:36:20.822874+00:00
tonvex_mining,telegramchannels,channel,40,Telegram Miniapps & Games,en,56,2026-04-28T12:36:20.822877+00:00
hamsterchainann,telegramchannels,channel,40,Telegram Miniapps & Games,en,57,2026-04-28T12:36:20.822880+00:00
singsingchannel,telegramchannels,channel,40,Telegram Miniapps & Games,en,58,2026-04-28T12:36:20.822884+00:00
pilotongame,telegramchannels,channel,40,Telegram Miniapps & Games,en,59,2026-04-28T12:36:20.822887+00:00
native_survivors,telegramchannels,channel,40,Telegram Miniapps & Games,en,60,2026-04-28T12:36:20.822890+00:00
ton_geek,telegramchannels,channel,40,Telegram Miniapps & Games,en,61,2026-04-28T12:36:20.822893+00:00
cryptropulse,telegramchannels,channel,40,Telegram Miniapps & Games,en,62,2026-04-28T12:36:20.822896+00:00
earnzillarew,telegramchannels,channel,40,Telegram Miniapps & Games,en,63,2026-04-28T12:36:20.822899+00:00
hamstersintobulls,telegramchannels,channel,40,Telegram Miniapps & Games,en,64,2026-04-28T12:36:20.822902+00:00
yescoin,telegramchannels,channel,40,Telegram Miniapps & Games,en,65,2026-04-28T12:36:20.822905+00:00
spacesweeperz,telegramchannels,channel,40,Telegram Miniapps & Games,en,66,2026-04-28T12:36:20.822908+00:00
weedcashoff,telegramchannels,channel,40,Telegram Miniapps & Games,en,67,2026-04-28T12:36:20.822911+00:00
seedminerpro,telegramchannels,channel,40,Telegram Miniapps & Games,en,68,2026-04-28T12:36:20.822914+00:00
kombat_combo_hamster,telegramchannels,channel,40,Telegram Miniapps & Games,en,69,2026-04-28T12:36:20.822918+00:00
dailycompos,telegramchannels,channel,40,Telegram Miniapps & Games,en,70,2026-04-28T12:36:20.822921+00:00
financialcryptonews,telegramchannels,channel,40,Telegram Miniapps & Games,en,71,2026-04-28T12:36:20.822923+00:00
insiderslive,telegramchannels,channel,40,Telegram Miniapps & Games,en,72,2026-04-28T12:36:20.822926+00:00
dailychannels,telegramchannels,channel,40,Telegram Miniapps & Games,en,73,2026-04-28T12:36:20.822931+00:00
travel_dada,telegramchannels,channel,29,Travel,en,1,2026-04-28T12:36:33.999905+00:00
amazingworldtravel,telegramchannels,channel,29,Travel,en,2,2026-04-28T12:36:33.999913+00:00
fabrizioromanotg,telegramchannels,channel,29,Travel,en,3,2026-04-28T12:36:33.999916+00:00
sgtravelpromos,telegramchannels,channel,29,Travel,en,7,2026-04-28T12:36:33.999934+00:00
internationalgeographic,telegramchannels,channel,29,Travel,en,8,2026-04-28T12:36:33.999937+00:00
discovery_video1,telegramchannels,channel,29,Travel,en,9,2026-04-28T12:36:33.999941+00:00
indian,telegramchannels,channel,29,Travel,en,10,2026-04-28T12:36:33.999944+00:00
travelsfotod,telegramchannels,channel,29,Travel,en,11,2026-04-28T12:36:33.999947+00:00
yourtraveller,telegramchannels,channel,29,Travel,en,12,2026-04-28T12:36:33.999950+00:00
redbus2us,telegramchannels,channel,29,Travel,en,13,2026-04-28T12:36:33.999953+00:00
freedomtravelalliance,telegramchannels,channel,29,Travel,en,14,2026-04-28T12:36:33.999956+00:00
usavisaupdates,telegramchannels,channel,29,Travel,en,15,2026-04-28T12:36:33.999959+00:00
escapehouston,telegramchannels,channel,29,Travel,en,16,2026-04-28T12:36:33.999962+00:00
canadausavfsbot,telegramchannels,channel,29,Travel,en,17,2026-04-28T12:36:33.999965+00:00
thetravelintern,telegramchannels,channel,29,Travel,en,18,2026-04-28T12:36:33.999968+00:00
wanderlustguide,telegramchannels,channel,29,Travel,en,19,2026-04-28T12:36:33.999972+00:00
laactivityclub,telegramchannels,channel,29,Travel,en,20,2026-04-28T12:36:33.999975+00:00
sentosaisland,telegramchannels,channel,29,Travel,en,21,2026-04-28T12:36:33.999978+00:00
shachi_mall,telegramchannels,channel,29,Travel,en,22,2026-04-28T12:36:33.999981+00:00
escapeatx,telegramchannels,channel,29,Travel,en,23,2026-04-28T12:36:33.999984+00:00
adalyahotels,telegramchannels,channel,29,Travel,en,24,2026-04-28T12:36:33.999987+00:00
booking_flights_airbnb_hotels,telegramchannels,channel,29,Travel,en,25,2026-04-28T12:36:33.999990+00:00
cheap_flights_hotels,telegramchannels,channel,29,Travel,en,26,2026-04-28T12:36:33.999993+00:00
trip4world,telegramchannels,channel,29,Travel,en,27,2026-04-28T12:36:33.999996+00:00
b1b2availabilitybooking,telegramchannels,channel,29,Travel,en,28,2026-04-28T12:36:33.999999+00:00
expeditionsworldwide,telegramchannels,channel,29,Travel,en,29,2026-04-28T12:36:34.000002+00:00
gods_nature,telegramchannels,channel,29,Travel,en,30,2026-04-28T12:36:34.000005+00:00
luxurilab,telegramchannels,channel,29,Travel,en,31,2026-04-28T12:36:34.000008+00:00
car_rental_flights,telegramchannels,channel,29,Travel,en,32,2026-04-28T12:36:34.000011+00:00
beautifulll_place,telegramchannels,channel,29,Travel,en,33,2026-04-28T12:36:34.000013+00:00
escapeflights,telegramchannels,channel,29,Travel,en,34,2026-04-28T12:36:34.000017+00:00
escapeflights_lax,telegramchannels,channel,29,Travel,en,35,2026-04-28T12:36:34.000020+00:00
holidaypiratesuk,telegramchannels,channel,29,Travel,en,36,2026-04-28T12:36:34.000023+00:00
escapeflights_ord,telegramchannels,channel,29,Travel,en,37,2026-04-28T12:36:34.000026+00:00
eddytravels,telegramchannels,channel,29,Travel,en,38,2026-04-28T12:36:34.000029+00:00
contikitravelsquad,telegramchannels,channel,29,Travel,en,39,2026-04-28T12:36:34.000032+00:00
usb1b2visa7,telegramchannels,channel,29,Travel,en,40,2026-04-28T12:36:34.000035+00:00
travelhotelrentals,telegramchannels,channel,29,Travel,en,41,2026-04-28T12:36:34.000037+00:00
africafreak,telegramchannels,channel,29,Travel,en,42,2026-04-28T12:36:34.000040+00:00
visitafrica_today,telegramchannels,channel,29,Travel,en,43,2026-04-28T12:36:34.000043+00:00
dmo_karakalpakstan,telegramchannels,channel,29,Travel,en,44,2026-04-28T12:36:34.000046+00:00
travelinfinite,telegramchannels,channel,29,Travel,en,45,2026-04-28T12:36:34.000049+00:00
acetravels,telegramchannels,channel,29,Travel,en,46,2026-04-28T12:36:34.000054+00:00
letsgotripworld,telegramchannels,channel,29,Travel,en,47,2026-04-28T12:36:34.000059+00:00
gotravel1,telegramchannels,channel,29,Travel,en,48,2026-04-28T12:36:34.000064+00:00
thecajunlife,telegramchannels,channel,29,Travel,en,49,2026-04-28T12:36:34.000068+00:00
cyhholiday,telegramchannels,channel,29,Travel,en,50,2026-04-28T12:36:34.000072+00:00
wild_vibeztourism_ug,telegramchannels,channel,29,Travel,en,51,2026-04-28T12:36:34.000077+00:00
bongoplan,telegramchannels,channel,29,Travel,en,52,2026-04-28T12:36:34.000081+00:00
duketianatravelsandtours,telegramchannels,channel,29,Travel,en,53,2026-04-28T12:36:34.000085+00:00
settleitbcn,telegramchannels,channel,29,Travel,en,54,2026-04-28T12:36:34.000090+00:00
hitht,telegramchannels,channel,29,Travel,en,55,2026-04-28T12:36:34.000094+00:00
globetrottinggetaways,telegramchannels,channel,29,Travel,en,56,2026-04-28T12:36:34.000098+00:00
tripstations,telegramchannels,channel,29,Travel,en,57,2026-04-28T12:36:34.000102+00:00
dailychannels,telegramchannels,channel,29,Travel,en,58,2026-04-28T12:36:34.000110+00:00
turbovpnofficial,telegramchannels,channel,34,Utilities & Tools,en,1,2026-04-28T12:36:47.053636+00:00
tubesensei,telegramchannels,channel,34,Utilities & Tools,en,2,2026-04-28T12:36:47.053644+00:00
dragonballstl,telegramchannels,channel,34,Utilities & Tools,en,3,2026-04-28T12:36:47.053647+00:00
genie_news,telegramchannels,channel,34,Utilities & Tools,en,7,2026-04-28T12:36:47.053666+00:00
dc_stl,telegramchannels,channel,34,Utilities & Tools,en,8,2026-04-28T12:36:47.053669+00:00
marvel_stl,telegramchannels,channel,34,Utilities & Tools,en,9,2026-04-28T12:36:47.053672+00:00
tgbotsz,telegramchannels,channel,34,Utilities & Tools,en,10,2026-04-28T12:36:47.053675+00:00
star_wars_stl,telegramchannels,channel,34,Utilities & Tools,en,11,2026-04-28T12:36:47.053678+00:00
legalvst,telegramchannels,channel,34,Utilities & Tools,en,12,2026-04-28T12:36:47.053681+00:00
dragon_ball_stl,telegramchannels,channel,34,Utilities & Tools,en,13,2026-04-28T12:36:47.053684+00:00
stl_pokemon,telegramchannels,channel,34,Utilities & Tools,en,14,2026-04-28T12:36:47.053687+00:00
threedcult,telegramchannels,channel,34,Utilities & Tools,en,15,2026-04-28T12:36:47.053690+00:00
kids_stl,telegramchannels,channel,34,Utilities & Tools,en,16,2026-04-28T12:36:47.053694+00:00
easy_bots_network,telegramchannels,channel,34,Utilities & Tools,en,17,2026-04-28T12:36:47.053697+00:00
osintlosena,telegramchannels,channel,34,Utilities & Tools,en,18,2026-04-28T12:36:47.053700+00:00
androidtv_tools,telegramchannels,channel,34,Utilities & Tools,en,19,2026-04-28T12:36:47.053703+00:00
smartapphub,telegramchannels,channel,34,Utilities & Tools,en,20,2026-04-28T12:36:47.053706+00:00
searchenginesoptimization20,telegramchannels,channel,34,Utilities & Tools,en,21,2026-04-28T12:36:47.053709+00:00
catuserbot17,telegramchannels,channel,34,Utilities & Tools,en,22,2026-04-28T12:36:47.053712+00:00
freesmsreceiver,telegramchannels,channel,34,Utilities & Tools,en,23,2026-04-28T12:36:47.053715+00:00
tmdw_army,telegramchannels,channel,34,Utilities & Tools,en,24,2026-04-28T12:36:47.053718+00:00
infinitytips2027,telegramchannels,channel,34,Utilities & Tools,en,25,2026-04-28T12:36:47.053721+00:00
matlab_tips,telegramchannels,channel,34,Utilities & Tools,en,26,2026-04-28T12:36:47.053724+00:00
proxy_lists,telegramchannels,channel,34,Utilities & Tools,en,27,2026-04-28T12:36:47.053727+00:00
drchiva,telegramchannels,channel,34,Utilities & Tools,en,28,2026-04-28T12:36:47.053730+00:00
flstudiooctv,telegramchannels,channel,34,Utilities & Tools,en,29,2026-04-28T12:36:47.053733+00:00
topgadgets4u,telegramchannels,channel,34,Utilities & Tools,en,30,2026-04-28T12:36:47.053736+00:00
hackeraviatorpro,telegramchannels,channel,34,Utilities & Tools,en,31,2026-04-28T12:36:47.053739+00:00
botsbusinessseller,telegramchannels,channel,34,Utilities & Tools,en,32,2026-04-28T12:36:47.053742+00:00
crydata_apps,telegramchannels,channel,34,Utilities & Tools,en,33,2026-04-28T12:36:47.053745+00:00
askforit21,telegramchannels,channel,34,Utilities & Tools,en,34,2026-04-28T12:36:47.053749+00:00
cloudflarewarppluskey,telegramchannels,channel,34,Utilities & Tools,en,35,2026-04-28T12:36:47.053752+00:00
strongtoolsga,telegramchannels,channel,34,Utilities & Tools,en,36,2026-04-28T12:36:47.053755+00:00
giveawayofthedayfeed,telegramchannels,channel,34,Utilities & Tools,en,37,2026-04-28T12:36:47.053758+00:00
cyber_frog_ai,telegramchannels,channel,34,Utilities & Tools,en,38,2026-04-28T12:36:47.053761+00:00
hacker_all_in_one_stuff_tech,telegramchannels,channel,34,Utilities & Tools,en,39,2026-04-28T12:36:47.053764+00:00
mql5heaven,telegramchannels,channel,34,Utilities & Tools,en,40,2026-04-28T12:36:47.053767+00:00
playconsolemarket1,telegramchannels,channel,34,Utilities & Tools,en,41,2026-04-28T12:36:47.053770+00:00
winningpc,telegramchannels,channel,34,Utilities & Tools,en,42,2026-04-28T12:36:47.053774+00:00
modzgabba,telegramchannels,channel,34,Utilities & Tools,en,43,2026-04-28T12:36:47.053777+00:00
rootxupdate,telegramchannels,channel,34,Utilities & Tools,en,44,2026-04-28T12:36:47.053779+00:00
archivesof50tones,telegramchannels,channel,34,Utilities & Tools,en,45,2026-04-28T12:36:47.053783+00:00
techandtricksbd,telegramchannels,channel,34,Utilities & Tools,en,46,2026-04-28T12:36:47.053786+00:00
hackingniko,telegramchannels,channel,34,Utilities & Tools,en,47,2026-04-28T12:36:47.053789+00:00
fileunzip,telegramchannels,channel,34,Utilities & Tools,en,48,2026-04-28T12:36:47.053791+00:00
fridaysupportofficial,telegramchannels,channel,34,Utilities & Tools,en,49,2026-04-28T12:36:47.053794+00:00
fratofthetrillion,telegramchannels,channel,34,Utilities & Tools,en,50,2026-04-28T12:36:47.053797+00:00
dailychannels,telegramchannels,channel,34,Utilities & Tools,en,51,2026-04-28T12:36:47.053802+00:00
