username,source,chat_type,category_slug,category_label,language,rank,scraped_at
okxofficial_english,telegramchannels,group,all,All Categories,en,1,2026-04-17T13:59:20.651065+00:00
binanceexchange,telegramchannels,group,all,All Categories,en,2,2026-04-17T13:59:20.651077+00:00
kucoin_exchange,telegramchannels,group,all,All Categories,en,3,2026-04-17T13:59:20.651081+00:00
cinema_kotaka,telegramchannels,group,all,All Categories,en,7,2026-04-17T13:59:20.651099+00:00
uxuyen,telegramchannels,group,all,All Categories,en,8,2026-04-17T13:59:20.651102+00:00
python,telegramchannels,group,all,All Categories,en,9,2026-04-17T13:59:20.651105+00:00
satoshi_club,telegramchannels,group,all,All Categories,en,10,2026-04-17T13:59:20.651108+00:00
musicartistsworldwide,telegramchannels,group,all,All Categories,en,11,2026-04-17T13:59:20.651111+00:00
fasttoken_eng,telegramchannels,group,all,All Categories,en,12,2026-04-17T13:59:20.651114+00:00
beincryptocommunity,telegramchannels,group,all,All Categories,en,13,2026-04-17T13:59:20.651117+00:00
badoocom,telegramchannels,group,all,All Categories,en,14,2026-04-17T13:59:20.651120+00:00
clubhousesb,telegramchannels,group,all,All Categories,en,15,2026-04-17T13:59:20.651123+00:00
randomchatschat,telegramchannels,group,all,All Categories,en,16,2026-04-17T13:59:20.651126+00:00
tinderru,telegramchannels,group,all,All Categories,en,17,2026-04-17T13:59:20.651129+00:00
fastex_community,telegramchannels,group,all,All Categories,en,18,2026-04-17T13:59:20.651132+00:00
cybersecurityexperts,telegramchannels,group,all,All Categories,en,19,2026-04-17T13:59:20.651135+00:00
english_chatting_club_global,telegramchannels,group,all,All Categories,en,20,2026-04-17T13:59:20.651138+00:00
stlall,telegramchannels,group,all,All Categories,en,21,2026-04-17T13:59:20.651142+00:00
best_chat_group,telegramchannels,group,all,All Categories,en,22,2026-04-17T13:59:20.651145+00:00
printing3dminiaturesterrain,telegramchannels,group,all,All Categories,en,23,2026-04-17T13:59:20.651148+00:00
ezreferralslink,telegramchannels,group,all,All Categories,en,24,2026-04-17T13:59:20.651151+00:00
icospeaks,telegramchannels,group,all,All Categories,en,25,2026-04-17T13:59:20.651154+00:00
english_chatting_club,telegramchannels,group,all,All Categories,en,26,2026-04-17T13:59:20.651157+00:00
usadateworld,telegramchannels,group,all,All Categories,en,27,2026-04-17T13:59:20.651160+00:00
groupstl,telegramchannels,group,all,All Categories,en,28,2026-04-17T13:59:20.651163+00:00
yne123,telegramchannels,group,all,All Categories,en,29,2026-04-17T13:59:20.651166+00:00
international_english_chattings,telegramchannels,group,all,All Categories,en,30,2026-04-17T13:59:20.651169+00:00
chattings_international_english,telegramchannels,group,all,All Categories,en,31,2026-04-17T13:59:20.651172+00:00
vipkhoone_group,telegramchannels,group,all,All Categories,en,32,2026-04-17T13:59:20.651175+00:00
binancenfts,telegramchannels,group,all,All Categories,en,33,2026-04-17T13:59:20.651178+00:00
kadena_io,telegramchannels,group,all,All Categories,en,34,2026-04-17T13:59:20.651182+00:00
cryptomoonshots_chat,telegramchannels,group,all,All Categories,en,35,2026-04-17T13:59:20.651185+00:00
randomchatsenglish,telegramchannels,group,all,All Categories,en,36,2026-04-17T13:59:20.651188+00:00
estatexofficial,telegramchannels,group,all,All Categories,en,37,2026-04-17T13:59:20.651191+00:00
publictestgroup,telegramchannels,group,all,All Categories,en,38,2026-04-17T13:59:20.651194+00:00
bottalk,telegramchannels,group,all,All Categories,en,39,2026-04-17T13:59:20.651197+00:00
forexsiganl,telegramchannels,group,all,All Categories,en,40,2026-04-17T13:59:20.651199+00:00
flashdx17,telegramchannels,group,all,All Categories,en,41,2026-04-17T13:59:20.651202+00:00
miniaturesterraingroup,telegramchannels,group,all,All Categories,en,42,2026-04-17T13:59:20.651206+00:00
instagramstoriesboost,telegramchannels,group,all,All Categories,en,43,2026-04-17T13:59:20.651209+00:00
giftcardstore_best,telegramchannels,group,all,All Categories,en,44,2026-04-17T13:59:20.651212+00:00
belajarmicrosoftexcel,telegramchannels,group,all,All Categories,en,45,2026-04-17T13:59:20.651215+00:00
followdx30,telegramchannels,group,all,All Categories,en,46,2026-04-17T13:59:20.651218+00:00
printing3dcosplaystaticfigure,telegramchannels,group,all,All Categories,en,47,2026-04-17T13:59:20.651221+00:00
dx8flash,telegramchannels,group,all,All Categories,en,48,2026-04-17T13:59:20.651224+00:00
otakuzdream,telegramchannels,group,all,All Categories,en,49,2026-04-17T13:59:20.651226+00:00
indexengineering,telegramchannels,group,all,All Categories,en,50,2026-04-17T13:59:20.651229+00:00
cryptochatcwn,telegramchannels,group,all,All Categories,en,51,2026-04-17T13:59:20.651232+00:00
starwarsg,telegramchannels,group,all,All Categories,en,52,2026-04-17T13:59:20.651235+00:00
chainlinkofficial,telegramchannels,group,all,All Categories,en,53,2026-04-17T13:59:20.651238+00:00
dbzgroup,telegramchannels,group,all,All Categories,en,54,2026-04-17T13:59:20.651241+00:00
androidthemesgroup,telegramchannels,group,all,All Categories,en,55,2026-04-17T13:59:20.651244+00:00
mervelgroup,telegramchannels,group,all,All Categories,en,56,2026-04-17T13:59:20.651247+00:00
icolisting,telegramchannels,group,all,All Categories,en,57,2026-04-17T13:59:20.651250+00:00
english_chatting_groups_1,telegramchannels,group,all,All Categories,en,58,2026-04-17T13:59:20.651253+00:00
fmcpayglobalchat,telegramchannels,group,all,All Categories,en,59,2026-04-17T13:59:20.651256+00:00
bitbns,telegramchannels,group,all,All Categories,en,60,2026-04-17T13:59:20.651259+00:00
tiktok_growth,telegramchannels,group,all,All Categories,en,61,2026-04-17T13:59:20.651261+00:00
entrepreneurialjourney,telegramchannels,group,all,All Categories,en,62,2026-04-17T13:59:20.651265+00:00
pocket_space,telegramchannels,group,all,All Categories,en,63,2026-04-17T13:59:20.651267+00:00
english_world_chatting,telegramchannels,group,all,All Categories,en,64,2026-04-17T13:59:20.651270+00:00
convalexanoq,telegramchannels,group,all,All Categories,en,65,2026-04-17T13:59:20.651273+00:00
ofmlustify,telegramchannels,group,all,All Categories,en,66,2026-04-17T13:59:20.651277+00:00
programminginc,telegramchannels,group,all,All Categories,en,67,2026-04-17T13:59:20.651279+00:00
free_promotion_links_share_group,telegramchannels,group,all,All Categories,en,68,2026-04-17T13:59:20.651282+00:00
fresherjobs13,telegramchannels,group,all,All Categories,en,69,2026-04-17T13:59:20.651285+00:00
instagram_switzerland,telegramchannels,group,all,All Categories,en,70,2026-04-17T13:59:20.651288+00:00
great_worriors,telegramchannels,group,all,All Categories,en,71,2026-04-17T13:59:20.651292+00:00
l4lyoutube,telegramchannels,group,all,All Categories,en,72,2026-04-17T13:59:20.651294+00:00
spaininstagram,telegramchannels,group,all,All Categories,en,73,2026-04-17T13:59:20.651297+00:00
bee_official_english,telegramchannels,group,all,All Categories,en,74,2026-04-17T13:59:20.651301+00:00
reactjsnodejsmernstack,telegramchannels,group,all,All Categories,en,75,2026-04-17T13:59:20.651304+00:00
instagramreelsdx40,telegramchannels,group,all,All Categories,en,76,2026-04-17T13:59:20.651306+00:00
jobsinlondongroup,telegramchannels,group,all,All Categories,en,77,2026-04-17T13:59:20.651309+00:00
instagram_france,telegramchannels,group,all,All Categories,en,78,2026-04-17T13:59:20.651313+00:00
cardano,telegramchannels,group,all,All Categories,en,79,2026-04-17T13:59:20.651315+00:00
wisecrypto_chat,telegramchannels,group,all,All Categories,en,80,2026-04-17T13:59:20.651318+00:00
minxtokenofficial,telegramchannels,group,all,All Categories,en,81,2026-04-17T13:59:20.651321+00:00
monetization4youtube,telegramchannels,group,all,All Categories,en,82,2026-04-17T13:59:20.651325+00:00
kardiachain,telegramchannels,group,all,All Categories,en,83,2026-04-17T13:59:20.651327+00:00
import_export_europe,telegramchannels,group,all,All Categories,en,84,2026-04-17T13:59:20.651330+00:00
internationalchatting,telegramchannels,group,all,All Categories,en,85,2026-04-17T13:59:20.651333+00:00
mexcbengali,telegramchannels,group,all,All Categories,en,86,2026-04-17T13:59:20.651336+00:00
oneledger,telegramchannels,group,all,All Categories,en,87,2026-04-17T13:59:20.651339+00:00
add_toncoin,telegramchannels,group,all,All Categories,en,88,2026-04-17T13:59:20.651342+00:00
qiibee,telegramchannels,group,all,All Categories,en,89,2026-04-17T13:59:20.651345+00:00
datastructuresandalgo,telegramchannels,group,all,All Categories,en,90,2026-04-17T13:59:20.651348+00:00
printww,telegramchannels,group,all,All Categories,en,91,2026-04-17T13:59:20.651351+00:00
katanainu,telegramchannels,group,all,All Categories,en,92,2026-04-17T13:59:20.651354+00:00
whale_tracker,telegramchannels,group,all,All Categories,en,93,2026-04-17T13:59:20.651357+00:00
zombiesquadhq,telegramchannels,group,all,All Categories,en,94,2026-04-17T13:59:20.651360+00:00
bitsquad,telegramchannels,group,all,All Categories,en,95,2026-04-17T13:59:20.651362+00:00
btcsminers_2_2,telegramchannels,group,all,All Categories,en,96,2026-04-17T13:59:20.651365+00:00
pocophoneglobalofficial,telegramchannels,group,all,All Categories,en,97,2026-04-17T13:59:20.651368+00:00
english_chatting_house,telegramchannels,group,all,All Categories,en,98,2026-04-17T13:59:20.651371+00:00
devopsedureka,telegramchannels,group,all,All Categories,en,99,2026-04-17T13:59:20.651374+00:00
django,telegramchannels,group,all,All Categories,en,100,2026-04-17T13:59:20.651377+00:00
online_slots,telegramchannels,group,all,All Categories,en,101,2026-04-17T13:59:20.651379+00:00
lifestyleinstagram,telegramchannels,group,all,All Categories,en,102,2026-04-17T13:59:20.651382+00:00
chat1xslots,telegramchannels,group,all,All Categories,en,103,2026-04-17T13:59:20.651385+00:00
weddingeventsforum,telegramchannels,group,3,Art & Design,en,1,2026-04-17T13:59:34.840838+00:00
corel_draw_illustrator_design,telegramchannels,group,3,Art & Design,en,2,2026-04-17T13:59:34.840846+00:00
msamtech,telegramchannels,group,3,Art & Design,en,3,2026-04-17T13:59:34.840849+00:00
uxinfinity,telegramchannels,group,3,Art & Design,en,7,2026-04-17T13:59:34.840866+00:00
adt_global_trade,telegramchannels,group,4,Auto & Moto,en,1,2026-04-17T13:59:51.367410+00:00
automobile_engineer,telegramchannels,group,4,Auto & Moto,en,2,2026-04-17T13:59:51.367418+00:00
marcon_carimporter,telegramchannels,group,4,Auto & Moto,en,3,2026-04-17T13:59:51.367429+00:00
truckstop,telegramchannels,group,4,Auto & Moto,en,7,2026-04-17T13:59:51.367447+00:00
hotshottrucking,telegramchannels,group,4,Auto & Moto,en,8,2026-04-17T13:59:51.367449+00:00
chat1xslots,telegramchannels,group,33,Betting,en,1,2026-04-17T14:00:06.430973+00:00
online_slots,telegramchannels,group,33,Betting,en,2,2026-04-17T14:00:06.430981+00:00
empirevape,telegramchannels,group,33,Betting,en,3,2026-04-17T14:00:06.430984+00:00
bet9ja,telegramchannels,group,33,Betting,en,7,2026-04-17T14:00:06.431002+00:00
sgallaboutfashion,telegramchannels,group,33,Betting,en,8,2026-04-17T14:00:06.431006+00:00
exchmarketgroup,telegramchannels,group,33,Betting,en,9,2026-04-17T14:00:06.431009+00:00
bookingcode1xbet,telegramchannels,group,33,Betting,en,10,2026-04-17T14:00:06.431012+00:00
promo1xbetcode,telegramchannels,group,33,Betting,en,11,2026-04-17T14:00:06.431015+00:00
street_wall_bets,telegramchannels,group,33,Betting,en,12,2026-04-17T14:00:06.431019+00:00
free1xbetfixedmatches,telegramchannels,group,33,Betting,en,13,2026-04-17T14:00:06.431022+00:00
fixed_matches_group,telegramchannels,group,33,Betting,en,14,2026-04-17T14:00:06.431025+00:00
fixedmatchesgroups,telegramchannels,group,33,Betting,en,15,2026-04-17T14:00:06.431028+00:00
free1xbetgames,telegramchannels,group,33,Betting,en,16,2026-04-17T14:00:06.431031+00:00
ibettingteam,telegramchannels,group,33,Betting,en,17,2026-04-17T14:00:06.431034+00:00
bet11xbet55,telegramchannels,group,33,Betting,en,18,2026-04-17T14:00:06.431038+00:00
booking_code_1xbet,telegramchannels,group,33,Betting,en,19,2026-04-17T14:00:06.431041+00:00
bettingsure100,telegramchannels,group,33,Betting,en,20,2026-04-17T14:00:06.431044+00:00
ishaanbhai,telegramchannels,group,33,Betting,en,21,2026-04-17T14:00:06.431047+00:00
top_tips_chat,telegramchannels,group,33,Betting,en,22,2026-04-17T14:00:06.431050+00:00
pay_after_winning2,telegramchannels,group,33,Betting,en,23,2026-04-17T14:00:06.431053+00:00
bettingtipsdaybyday,telegramchannels,group,33,Betting,en,24,2026-04-17T14:00:06.431056+00:00
godsofoddss,telegramchannels,group,33,Betting,en,25,2026-04-17T14:00:06.431059+00:00
mightytipschat,telegramchannels,group,33,Betting,en,26,2026-04-17T14:00:06.431062+00:00
treasurebets,telegramchannels,group,33,Betting,en,27,2026-04-17T14:00:06.431065+00:00
fixedmatcheseuro0,telegramchannels,group,33,Betting,en,28,2026-04-17T14:00:06.431068+00:00
bettingmlb,telegramchannels,group,33,Betting,en,29,2026-04-17T14:00:06.431071+00:00
fixedmatchdetection,telegramchannels,group,33,Betting,en,30,2026-04-17T14:00:06.431074+00:00
xbetempire,telegramchannels,group,33,Betting,en,31,2026-04-17T14:00:06.431077+00:00
bettingdiscussion,telegramchannels,group,33,Betting,en,32,2026-04-17T14:00:06.431080+00:00
moonclubcom_official,telegramchannels,group,33,Betting,en,33,2026-04-17T14:00:06.431082+00:00
sattakingmae,telegramchannels,group,33,Betting,en,34,2026-04-17T14:00:06.431085+00:00
sportybetwinning1,telegramchannels,group,33,Betting,en,35,2026-04-17T14:00:06.431088+00:00
futuressignaslconnect,telegramchannels,group,33,Betting,en,36,2026-04-17T14:00:06.431091+00:00
mybettingapp,telegramchannels,group,33,Betting,en,37,2026-04-17T14:00:06.431094+00:00
sportybetsuregame3,telegramchannels,group,33,Betting,en,38,2026-04-17T14:00:06.431097+00:00
dorismallpredictionn,telegramchannels,group,33,Betting,en,39,2026-04-17T14:00:06.431100+00:00
affrocapper,telegramchannels,group,33,Betting,en,40,2026-04-17T14:00:06.431103+00:00
daily_free_betting_tips,telegramchannels,group,33,Betting,en,41,2026-04-17T14:00:06.431106+00:00
bjkingcommunity,telegramchannels,group,33,Betting,en,42,2026-04-17T14:00:06.431110+00:00
dicegamblepublic,telegramchannels,group,33,Betting,en,43,2026-04-17T14:00:06.431112+00:00
correctscore_fixed,telegramchannels,group,33,Betting,en,44,2026-04-17T14:00:06.431116+00:00
fixed_matches8,telegramchannels,group,33,Betting,en,45,2026-04-17T14:00:06.431119+00:00
strategicbettinghubchatgroup,telegramchannels,group,33,Betting,en,46,2026-04-17T14:00:06.431122+00:00
ac88dn,telegramchannels,group,33,Betting,en,47,2026-04-17T14:00:06.431125+00:00
free_betting_odds,telegramchannels,group,33,Betting,en,48,2026-04-17T14:00:06.431129+00:00
correct_score_vip,telegramchannels,group,33,Betting,en,49,2026-04-17T14:00:06.431132+00:00
cricketbettingbook,telegramchannels,group,33,Betting,en,50,2026-04-17T14:00:06.431134+00:00
sure_vip_fixed_correct_score,telegramchannels,group,33,Betting,en,51,2026-04-17T14:00:06.431137+00:00
fulltimehalftimedraw,telegramchannels,group,33,Betting,en,52,2026-04-17T14:00:06.431140+00:00
sports_betting_group,telegramchannels,group,33,Betting,en,53,2026-04-17T14:00:06.431143+00:00
football_betting_group,telegramchannels,group,33,Betting,en,54,2026-04-17T14:00:06.431147+00:00
pay_after_winning1,telegramchannels,group,33,Betting,en,55,2026-04-17T14:00:06.431150+00:00
payafter_won,telegramchannels,group,33,Betting,en,56,2026-04-17T14:00:06.431153+00:00
bet9jabettingcode,telegramchannels,group,33,Betting,en,57,2026-04-17T14:00:06.431156+00:00
ooddshub,telegramchannels,group,33,Betting,en,58,2026-04-17T14:00:06.431159+00:00
footballbettinggroup,telegramchannels,group,33,Betting,en,59,2026-04-17T14:00:06.431161+00:00
bet9jasportycodes,telegramchannels,group,33,Betting,en,60,2026-04-17T14:00:06.431165+00:00
germany_fixed_matches,telegramchannels,group,33,Betting,en,61,2026-04-17T14:00:06.431168+00:00
sportybetsuregame2,telegramchannels,group,33,Betting,en,62,2026-04-17T14:00:06.431171+00:00
goaloonews,telegramchannels,group,33,Betting,en,63,2026-04-17T14:00:06.431174+00:00
betting_booking_codes,telegramchannels,group,33,Betting,en,64,2026-04-17T14:00:06.431177+00:00
sure_vip_fixed_matches,telegramchannels,group,33,Betting,en,65,2026-04-17T14:00:06.431180+00:00
bet9ja6,telegramchannels,group,33,Betting,en,66,2026-04-17T14:00:06.431184+00:00
tradescapechat,telegramchannels,group,33,Betting,en,67,2026-04-17T14:00:06.431186+00:00
correctscorefreebettips,telegramchannels,group,33,Betting,en,68,2026-04-17T14:00:06.431190+00:00
bigoddsfixedmatches,telegramchannels,group,33,Betting,en,69,2026-04-17T14:00:06.431193+00:00
sportybetbookingnumber,telegramchannels,group,33,Betting,en,70,2026-04-17T14:00:06.431196+00:00
netherland_fixed_matches,telegramchannels,group,33,Betting,en,71,2026-04-17T14:00:06.431200+00:00
raonebettingclub,telegramchannels,group,33,Betting,en,72,2026-04-17T14:00:06.431202+00:00
betcage,telegramchannels,group,33,Betting,en,73,2026-04-17T14:00:06.431205+00:00
fixedmatcheshalftime,telegramchannels,group,33,Betting,en,74,2026-04-17T14:00:06.431208+00:00
surebettinggame1,telegramchannels,group,33,Betting,en,75,2026-04-17T14:00:06.431211+00:00
correct_score7,telegramchannels,group,33,Betting,en,76,2026-04-17T14:00:06.431214+00:00
fixedmatchespayafterwin,telegramchannels,group,33,Betting,en,77,2026-04-17T14:00:06.431218+00:00
apollobetsfree,telegramchannels,group,33,Betting,en,78,2026-04-17T14:00:06.431222+00:00
fixed_matches2,telegramchannels,group,33,Betting,en,79,2026-04-17T14:00:06.431225+00:00
pre_dic_tion,telegramchannels,group,33,Betting,en,80,2026-04-17T14:00:06.431229+00:00
correctscore_vip,telegramchannels,group,33,Betting,en,81,2026-04-17T14:00:06.431232+00:00
robdabookieschat,telegramchannels,group,33,Betting,en,82,2026-04-17T14:00:06.431236+00:00
need_fixed_matches,telegramchannels,group,33,Betting,en,83,2026-04-17T14:00:06.431238+00:00
pre_diction,telegramchannels,group,33,Betting,en,84,2026-04-17T14:00:06.431241+00:00
legitfixedgame1,telegramchannels,group,33,Betting,en,85,2026-04-17T14:00:06.431244+00:00
want_fixed_matches,telegramchannels,group,33,Betting,en,86,2026-04-17T14:00:06.431247+00:00
mega4pari,telegramchannels,group,33,Betting,en,87,2026-04-17T14:00:06.431250+00:00
fixed_matches_games,telegramchannels,group,33,Betting,en,88,2026-04-17T14:00:06.431253+00:00
daily_chat,telegramchannels,group,33,Betting,en,89,2026-04-17T14:00:06.431255+00:00
matrix0244,telegramchannels,group,33,Betting,en,90,2026-04-17T14:00:06.431258+00:00
secureonlinebetting,telegramchannels,group,33,Betting,en,91,2026-04-17T14:00:06.431261+00:00
england_fixed_matches,telegramchannels,group,33,Betting,en,92,2026-04-17T14:00:06.431264+00:00
trustpolicy,telegramchannels,group,33,Betting,en,93,2026-04-17T14:00:06.431266+00:00
wordpressblogger,telegramchannels,group,5,Blogs,en,1,2026-04-17T14:00:20.970406+00:00
ibloggospel,telegramchannels,group,5,Blogs,en,2,2026-04-17T14:00:20.970414+00:00
trueblogging,telegramchannels,group,5,Blogs,en,3,2026-04-17T14:00:20.970416+00:00
instagram_tricks1,telegramchannels,group,5,Blogs,en,7,2026-04-17T14:00:20.970465+00:00
bloggersplanet,telegramchannels,group,5,Blogs,en,8,2026-04-17T14:00:20.970468+00:00
bongojobs,telegramchannels,group,5,Blogs,en,9,2026-04-17T14:00:20.970471+00:00
socialsupportelite,telegramchannels,group,5,Blogs,en,10,2026-04-17T14:00:20.970474+00:00
freeebooksstore,telegramchannels,group,6,Books & Magazine,en,1,2026-04-17T14:00:34.877923+00:00
engineering_ebooks,telegramchannels,group,6,Books & Magazine,en,2,2026-04-17T14:00:34.877931+00:00
library_books_enthusiasts,telegramchannels,group,6,Books & Magazine,en,3,2026-04-17T14:00:34.877934+00:00
audoroom,telegramchannels,group,6,Books & Magazine,en,7,2026-04-17T14:00:34.877950+00:00
readya10,telegramchannels,group,6,Books & Magazine,en,8,2026-04-17T14:00:34.877953+00:00
xlitechat,telegramchannels,group,6,Books & Magazine,en,9,2026-04-17T14:00:34.877956+00:00
ofmlustify,telegramchannels,group,7,Business & Startups,en,1,2026-04-17T14:00:49.122282+00:00
entrepreneurialjourney,telegramchannels,group,7,Business & Startups,en,2,2026-04-17T14:00:49.122290+00:00
jobsinlondongroup,telegramchannels,group,7,Business & Startups,en,3,2026-04-17T14:00:49.122293+00:00
import_export_europe,telegramchannels,group,7,Business & Startups,en,7,2026-04-17T14:00:49.122310+00:00
jobs_recruiters,telegramchannels,group,7,Business & Startups,en,8,2026-04-17T14:00:49.122313+00:00
shopifyeasy,telegramchannels,group,7,Business & Startups,en,9,2026-04-17T14:00:49.122316+00:00
opportunitiestelegram,telegramchannels,group,7,Business & Startups,en,10,2026-04-17T14:00:49.122319+00:00
canadajobsnrentalservice,telegramchannels,group,7,Business & Startups,en,11,2026-04-17T14:00:49.122321+00:00
entrepreneureliteclub,telegramchannels,group,7,Business & Startups,en,12,2026-04-17T14:00:49.122324+00:00
affiliateconfeng,telegramchannels,group,7,Business & Startups,en,13,2026-04-17T14:00:49.122327+00:00
freelancersworldwide,telegramchannels,group,7,Business & Startups,en,14,2026-04-17T14:00:49.122330+00:00
giganticwavesglobal,telegramchannels,group,7,Business & Startups,en,15,2026-04-17T14:00:49.122333+00:00
volatality75,telegramchannels,group,7,Business & Startups,en,16,2026-04-17T14:00:49.122336+00:00
officebasedjobslondon,telegramchannels,group,7,Business & Startups,en,17,2026-04-17T14:00:49.122339+00:00
govermentdiplomafresherjobpharma,telegramchannels,group,7,Business & Startups,en,18,2026-04-17T14:00:49.122342+00:00
it_jobs_new_zealand,telegramchannels,group,7,Business & Startups,en,19,2026-04-17T14:00:49.122345+00:00
biashara254,telegramchannels,group,7,Business & Startups,en,20,2026-04-17T14:00:49.122348+00:00
it_jobs_ireland,telegramchannels,group,7,Business & Startups,en,21,2026-04-17T14:00:49.122351+00:00
it_jobs_singapore,telegramchannels,group,7,Business & Startups,en,22,2026-04-17T14:00:49.122354+00:00
it_jobs_uk,telegramchannels,group,7,Business & Startups,en,23,2026-04-17T14:00:49.122356+00:00
hopprfyapp,telegramchannels,group,7,Business & Startups,en,24,2026-04-17T14:00:49.122359+00:00
middleeastjobs,telegramchannels,group,7,Business & Startups,en,25,2026-04-17T14:00:49.122362+00:00
agribusinesslink,telegramchannels,group,7,Business & Startups,en,26,2026-04-17T14:00:49.122365+00:00
manchesterjobs,telegramchannels,group,7,Business & Startups,en,27,2026-04-17T14:00:49.122368+00:00
mentholprotocol,telegramchannels,group,7,Business & Startups,en,28,2026-04-17T14:00:49.122371+00:00
it_jobs_south_africa,telegramchannels,group,7,Business & Startups,en,29,2026-04-17T14:00:49.122374+00:00
farcoderjobs,telegramchannels,group,7,Business & Startups,en,30,2026-04-17T14:00:49.122376+00:00
foundertalks,telegramchannels,group,7,Business & Startups,en,31,2026-04-17T14:00:49.122379+00:00
dubaijobsexpo2020,telegramchannels,group,7,Business & Startups,en,32,2026-04-17T14:00:49.122382+00:00
it_jobs_kenya,telegramchannels,group,7,Business & Startups,en,33,2026-04-17T14:00:49.122384+00:00
wglglobalteam,telegramchannels,group,7,Business & Startups,en,34,2026-04-17T14:00:49.122387+00:00
freshersjobsx24,telegramchannels,group,7,Business & Startups,en,35,2026-04-17T14:00:49.122390+00:00
thepepinitiative,telegramchannels,group,7,Business & Startups,en,36,2026-04-17T14:00:49.122393+00:00
igengagementbooster,telegramchannels,group,7,Business & Startups,en,37,2026-04-17T14:00:49.122395+00:00
kuwtkgroup,telegramchannels,group,8,Celebrities,en,1,2026-04-17T14:01:04.824526+00:00
randomchatschat,telegramchannels,group,35,Communication,en,1,2026-04-17T14:01:18.582521+00:00
cinema_kotaka,telegramchannels,group,35,Communication,en,2,2026-04-17T14:01:18.582529+00:00
english_chatting_club_global,telegramchannels,group,35,Communication,en,3,2026-04-17T14:01:18.582532+00:00
international_english_chattings,telegramchannels,group,35,Communication,en,7,2026-04-17T14:01:18.582549+00:00
chattings_international_english,telegramchannels,group,35,Communication,en,8,2026-04-17T14:01:18.582552+00:00
randomchatsenglish,telegramchannels,group,35,Communication,en,9,2026-04-17T14:01:18.582555+00:00
english_chatting_groups_1,telegramchannels,group,35,Communication,en,10,2026-04-17T14:01:18.582558+00:00
free_promotion_links_share_group,telegramchannels,group,35,Communication,en,11,2026-04-17T14:01:18.582561+00:00
internationalchatting,telegramchannels,group,35,Communication,en,12,2026-04-17T14:01:18.582564+00:00
bangloree,telegramchannels,group,35,Communication,en,13,2026-04-17T14:01:18.582567+00:00
united_global_friends,telegramchannels,group,35,Communication,en,14,2026-04-17T14:01:18.582570+00:00
tivimate_en,telegramchannels,group,35,Communication,en,15,2026-04-17T14:01:18.582573+00:00
gaysupportgroup,telegramchannels,group,35,Communication,en,16,2026-04-17T14:01:18.582575+00:00
melbournefreedomrally,telegramchannels,group,35,Communication,en,17,2026-04-17T14:01:18.582578+00:00
depressionandanxietywarrior,telegramchannels,group,35,Communication,en,18,2026-04-17T14:01:18.582581+00:00
usachristiandating,telegramchannels,group,35,Communication,en,19,2026-04-17T14:01:18.582584+00:00
girlsboyschatgroup8,telegramchannels,group,35,Communication,en,20,2026-04-17T14:01:18.582587+00:00
englishchatz,telegramchannels,group,35,Communication,en,21,2026-04-17T14:01:18.582590+00:00
biotechnologydiscuss,telegramchannels,group,35,Communication,en,22,2026-04-17T14:01:18.582593+00:00
auroritychat,telegramchannels,group,35,Communication,en,23,2026-04-17T14:01:18.582596+00:00
teamjupiter1,telegramchannels,group,35,Communication,en,24,2026-04-17T14:01:18.582599+00:00
anime_chat_associationqin,telegramchannels,group,35,Communication,en,25,2026-04-17T14:01:18.582601+00:00
chat_lovex,telegramchannels,group,35,Communication,en,26,2026-04-17T14:01:18.582604+00:00
superhero_ascension,telegramchannels,group,35,Communication,en,27,2026-04-17T14:01:18.582607+00:00
globalfriendshipdating24,telegramchannels,group,35,Communication,en,28,2026-04-17T14:01:18.582610+00:00
englishchatroomforlearn,telegramchannels,group,35,Communication,en,29,2026-04-17T14:01:18.582613+00:00
helloloveapp,telegramchannels,group,35,Communication,en,30,2026-04-17T14:01:18.582615+00:00
lgbtsafespace,telegramchannels,group,35,Communication,en,31,2026-04-17T14:01:18.582618+00:00
english_american_chatting_group,telegramchannels,group,35,Communication,en,32,2026-04-17T14:01:18.582621+00:00
chat_with_unknown_random_friends,telegramchannels,group,35,Communication,en,33,2026-04-17T14:01:18.582624+00:00
redpilledlightworkerseire,telegramchannels,group,35,Communication,en,34,2026-04-17T14:01:18.582627+00:00
worldwide_chats,telegramchannels,group,35,Communication,en,35,2026-04-17T14:01:18.582629+00:00
everyonecanchat,telegramchannels,group,35,Communication,en,36,2026-04-17T14:01:18.582632+00:00
englishchattingcommunity0,telegramchannels,group,35,Communication,en,37,2026-04-17T14:01:18.582635+00:00
international_english_chat01,telegramchannels,group,35,Communication,en,38,2026-04-17T14:01:18.582638+00:00
papegaai_chat,telegramchannels,group,35,Communication,en,39,2026-04-17T14:01:18.582641+00:00
dragon_ball_group,telegramchannels,group,35,Communication,en,40,2026-04-17T14:01:18.582644+00:00
chitchatforallguys,telegramchannels,group,35,Communication,en,41,2026-04-17T14:01:18.582646+00:00
titansocialmedia,telegramchannels,group,35,Communication,en,42,2026-04-17T14:01:18.582650+00:00
global_friends30,telegramchannels,group,35,Communication,en,43,2026-04-17T14:01:18.582652+00:00
digitalhamradio,telegramchannels,group,35,Communication,en,44,2026-04-17T14:01:18.582655+00:00
voiceroom,telegramchannels,group,35,Communication,en,45,2026-04-17T14:01:18.582658+00:00
raged_prince,telegramchannels,group,35,Communication,en,46,2026-04-17T14:01:18.582660+00:00
moyemoye_group,telegramchannels,group,35,Communication,en,47,2026-04-17T14:01:18.582663+00:00
englishclubplus,telegramchannels,group,35,Communication,en,48,2026-04-17T14:01:18.582666+00:00
busipromoting,telegramchannels,group,35,Communication,en,49,2026-04-17T14:01:18.582669+00:00
hopehollow,telegramchannels,group,35,Communication,en,50,2026-04-17T14:01:18.582671+00:00
zombiesquadhq,telegramchannels,group,41,Crypto Airdrop,en,1,2026-04-17T14:01:32.059439+00:00
icospeaks,telegramchannels,group,41,Crypto Airdrop,en,2,2026-04-17T14:01:32.059446+00:00
airdropkingnewsofficial,telegramchannels,group,41,Crypto Airdrop,en,3,2026-04-17T14:01:32.059449+00:00
axelnetwork,telegramchannels,group,41,Crypto Airdrop,en,7,2026-04-17T14:01:32.059465+00:00
ari10_com,telegramchannels,group,41,Crypto Airdrop,en,8,2026-04-17T14:01:32.059468+00:00
ready4player,telegramchannels,group,41,Crypto Airdrop,en,9,2026-04-17T14:01:32.059471+00:00
airdrop_madness_chat,telegramchannels,group,41,Crypto Airdrop,en,10,2026-04-17T14:01:32.059474+00:00
claimairdropz1,telegramchannels,group,41,Crypto Airdrop,en,11,2026-04-17T14:01:32.059477+00:00
soomatokengroup,telegramchannels,group,41,Crypto Airdrop,en,12,2026-04-17T14:01:32.059481+00:00
airdropcatalogchat,telegramchannels,group,41,Crypto Airdrop,en,13,2026-04-17T14:01:32.059483+00:00
margintoken,telegramchannels,group,41,Crypto Airdrop,en,14,2026-04-17T14:01:32.059486+00:00
knlinkshare,telegramchannels,group,41,Crypto Airdrop,en,15,2026-04-17T14:01:32.059489+00:00
cryptocurrencyairdropsss,telegramchannels,group,41,Crypto Airdrop,en,16,2026-04-17T14:01:32.059492+00:00
usdt_stablecoin,telegramchannels,group,41,Crypto Airdrop,en,17,2026-04-17T14:01:32.059495+00:00
verifiedairdropfree,telegramchannels,group,41,Crypto Airdrop,en,18,2026-04-17T14:01:32.059498+00:00
emojibotsupport,telegramchannels,group,41,Crypto Airdrop,en,19,2026-04-17T14:01:32.059501+00:00
fiestanowcoin,telegramchannels,group,41,Crypto Airdrop,en,20,2026-04-17T14:01:32.059503+00:00
millionairelt,telegramchannels,group,41,Crypto Airdrop,en,21,2026-04-17T14:01:32.059506+00:00
fairdroph,telegramchannels,group,41,Crypto Airdrop,en,22,2026-04-17T14:01:32.059509+00:00
jointhisairdrop,telegramchannels,group,41,Crypto Airdrop,en,23,2026-04-17T14:01:32.059512+00:00
techmoneysupport,telegramchannels,group,41,Crypto Airdrop,en,24,2026-04-17T14:01:32.059515+00:00
apolycapsegame,telegramchannels,group,41,Crypto Airdrop,en,25,2026-04-17T14:01:32.059518+00:00
claimairdropss,telegramchannels,group,41,Crypto Airdrop,en,26,2026-04-17T14:01:32.059520+00:00
airdropearners786,telegramchannels,group,41,Crypto Airdrop,en,27,2026-04-17T14:01:32.059523+00:00
usdt_on_tron,telegramchannels,group,41,Crypto Airdrop,en,28,2026-04-17T14:01:32.059526+00:00
cryptoc_urrency,telegramchannels,group,41,Crypto Airdrop,en,29,2026-04-17T14:01:32.059529+00:00
airdropking067,telegramchannels,group,41,Crypto Airdrop,en,30,2026-04-17T14:01:32.059531+00:00
okxofficial_english,telegramchannels,group,9,Cryptocurrencies,en,1,2026-04-17T14:01:45.823741+00:00
binanceexchange,telegramchannels,group,9,Cryptocurrencies,en,2,2026-04-17T14:01:45.823750+00:00
kucoin_exchange,telegramchannels,group,9,Cryptocurrencies,en,3,2026-04-17T14:01:45.823753+00:00
uxuyen,telegramchannels,group,9,Cryptocurrencies,en,7,2026-04-17T14:01:45.823770+00:00
satoshi_club,telegramchannels,group,9,Cryptocurrencies,en,8,2026-04-17T14:01:45.823773+00:00
fasttoken_eng,telegramchannels,group,9,Cryptocurrencies,en,9,2026-04-17T14:01:45.823776+00:00
fastex_community,telegramchannels,group,9,Cryptocurrencies,en,10,2026-04-17T14:01:45.823779+00:00
ezreferralslink,telegramchannels,group,9,Cryptocurrencies,en,11,2026-04-17T14:01:45.823782+00:00
vipkhoone_group,telegramchannels,group,9,Cryptocurrencies,en,12,2026-04-17T14:01:45.823785+00:00
binancenfts,telegramchannels,group,9,Cryptocurrencies,en,13,2026-04-17T14:01:45.823788+00:00
cryptomoonshots_chat,telegramchannels,group,9,Cryptocurrencies,en,14,2026-04-17T14:01:45.823791+00:00
estatexofficial,telegramchannels,group,9,Cryptocurrencies,en,15,2026-04-17T14:01:45.823794+00:00
cryptochatcwn,telegramchannels,group,9,Cryptocurrencies,en,16,2026-04-17T14:01:45.823797+00:00
chainlinkofficial,telegramchannels,group,9,Cryptocurrencies,en,17,2026-04-17T14:01:45.823800+00:00
icolisting,telegramchannels,group,9,Cryptocurrencies,en,18,2026-04-17T14:01:45.823803+00:00
convalexanoq,telegramchannels,group,9,Cryptocurrencies,en,19,2026-04-17T14:01:45.823806+00:00
bee_official_english,telegramchannels,group,9,Cryptocurrencies,en,20,2026-04-17T14:01:45.823809+00:00
cardano,telegramchannels,group,9,Cryptocurrencies,en,21,2026-04-17T14:01:45.823812+00:00
wisecrypto_chat,telegramchannels,group,9,Cryptocurrencies,en,22,2026-04-17T14:01:45.823815+00:00
minxtokenofficial,telegramchannels,group,9,Cryptocurrencies,en,23,2026-04-17T14:01:45.823818+00:00
kardiachain,telegramchannels,group,9,Cryptocurrencies,en,24,2026-04-17T14:01:45.823821+00:00
mexcbengali,telegramchannels,group,9,Cryptocurrencies,en,25,2026-04-17T14:01:45.823824+00:00
oneledger,telegramchannels,group,9,Cryptocurrencies,en,26,2026-04-17T14:01:45.823827+00:00
add_toncoin,telegramchannels,group,9,Cryptocurrencies,en,27,2026-04-17T14:01:45.823830+00:00
qiibee,telegramchannels,group,9,Cryptocurrencies,en,28,2026-04-17T14:01:45.823832+00:00
katanainu,telegramchannels,group,9,Cryptocurrencies,en,29,2026-04-17T14:01:45.823835+00:00
whale_tracker,telegramchannels,group,9,Cryptocurrencies,en,30,2026-04-17T14:01:45.823838+00:00
btcsminers_2_2,telegramchannels,group,9,Cryptocurrencies,en,31,2026-04-17T14:01:45.823841+00:00
litecoin,telegramchannels,group,9,Cryptocurrencies,en,32,2026-04-17T14:01:45.823844+00:00
thegempad,telegramchannels,group,9,Cryptocurrencies,en,33,2026-04-17T14:01:45.823847+00:00
timpime,telegramchannels,group,9,Cryptocurrencies,en,34,2026-04-17T14:01:45.823850+00:00
wavescommunity,telegramchannels,group,9,Cryptocurrencies,en,35,2026-04-17T14:01:45.823852+00:00
officialtapngo,telegramchannels,group,9,Cryptocurrencies,en,36,2026-04-17T14:01:45.823855+00:00
pundix,telegramchannels,group,9,Cryptocurrencies,en,37,2026-04-17T14:01:45.823858+00:00
humansdotai,telegramchannels,group,9,Cryptocurrencies,en,38,2026-04-17T14:01:45.823864+00:00
studentcoin,telegramchannels,group,9,Cryptocurrencies,en,39,2026-04-17T14:01:45.823868+00:00
jollywhaleofficialchat,telegramchannels,group,9,Cryptocurrencies,en,40,2026-04-17T14:01:45.823871+00:00
dxsale,telegramchannels,group,9,Cryptocurrencies,en,41,2026-04-17T14:01:45.823873+00:00
polkaswap,telegramchannels,group,9,Cryptocurrencies,en,42,2026-04-17T14:01:45.823876+00:00
dev_solidity,telegramchannels,group,9,Cryptocurrencies,en,43,2026-04-17T14:01:45.823879+00:00
bitshibatoken,telegramchannels,group,9,Cryptocurrencies,en,44,2026-04-17T14:01:45.823882+00:00
gamerhashofficial,telegramchannels,group,9,Cryptocurrencies,en,45,2026-04-17T14:01:45.823885+00:00
cheyniio,telegramchannels,group,9,Cryptocurrencies,en,46,2026-04-17T14:01:45.823888+00:00
community_3commas,telegramchannels,group,9,Cryptocurrencies,en,47,2026-04-17T14:01:45.823891+00:00
blockchain_headhunter,telegramchannels,group,9,Cryptocurrencies,en,48,2026-04-17T14:01:45.823894+00:00
yachtingverse_chat,telegramchannels,group,9,Cryptocurrencies,en,49,2026-04-17T14:01:45.823897+00:00
realbox_official,telegramchannels,group,9,Cryptocurrencies,en,50,2026-04-17T14:01:45.823900+00:00
escrowservicespro,telegramchannels,group,9,Cryptocurrencies,en,51,2026-04-17T14:01:45.823903+00:00
binance_info_english,telegramchannels,group,9,Cryptocurrencies,en,52,2026-04-17T14:01:45.823906+00:00
usdtgainandfreebnb,telegramchannels,group,9,Cryptocurrencies,en,53,2026-04-17T14:01:45.823908+00:00
cloudbits,telegramchannels,group,9,Cryptocurrencies,en,54,2026-04-17T14:01:45.823912+00:00
alphaomegacoinofficial,telegramchannels,group,9,Cryptocurrencies,en,55,2026-04-17T14:01:45.823915+00:00
plutopeofficial,telegramchannels,group,9,Cryptocurrencies,en,56,2026-04-17T14:01:45.823917+00:00
ternoa,telegramchannels,group,9,Cryptocurrencies,en,57,2026-04-17T14:01:45.823920+00:00
coinstatsapp,telegramchannels,group,9,Cryptocurrencies,en,58,2026-04-17T14:01:45.823923+00:00
goldpesaofficial,telegramchannels,group,9,Cryptocurrencies,en,59,2026-04-17T14:01:45.823926+00:00
metaverseestoniacm,telegramchannels,group,9,Cryptocurrencies,en,60,2026-04-17T14:01:45.823929+00:00
drop_your_nfts,telegramchannels,group,9,Cryptocurrencies,en,61,2026-04-17T14:01:45.823932+00:00
coreblockchaincc,telegramchannels,group,9,Cryptocurrencies,en,62,2026-04-17T14:01:45.823935+00:00
nextearth_chat,telegramchannels,group,9,Cryptocurrencies,en,63,2026-04-17T14:01:45.823938+00:00
blockairgame,telegramchannels,group,9,Cryptocurrencies,en,64,2026-04-17T14:01:45.823941+00:00
pumpportai,telegramchannels,group,9,Cryptocurrencies,en,65,2026-04-17T14:01:45.823944+00:00
ccie_ei_lab,telegramchannels,group,9,Cryptocurrencies,en,66,2026-04-17T14:01:45.823947+00:00
fuzzy_one,telegramchannels,group,9,Cryptocurrencies,en,67,2026-04-17T14:01:45.823950+00:00
aurusofficial,telegramchannels,group,9,Cryptocurrencies,en,68,2026-04-17T14:01:45.823952+00:00
quillaudits_official,telegramchannels,group,9,Cryptocurrencies,en,69,2026-04-17T14:01:45.823955+00:00
academymastercrypto,telegramchannels,group,9,Cryptocurrencies,en,70,2026-04-17T14:01:45.823958+00:00
shadowfiofficial,telegramchannels,group,9,Cryptocurrencies,en,71,2026-04-17T14:01:45.823961+00:00
broxus_chat,telegramchannels,group,9,Cryptocurrencies,en,72,2026-04-17T14:01:45.823963+00:00
sharering,telegramchannels,group,9,Cryptocurrencies,en,73,2026-04-17T14:01:45.823966+00:00
epsiloan,telegramchannels,group,9,Cryptocurrencies,en,74,2026-04-17T14:01:45.823969+00:00
bingxphilippines,telegramchannels,group,9,Cryptocurrencies,en,75,2026-04-17T14:01:45.823972+00:00
caesiumlabmedia,telegramchannels,group,9,Cryptocurrencies,en,76,2026-04-17T14:01:45.823975+00:00
yellowcardcrypto,telegramchannels,group,9,Cryptocurrencies,en,77,2026-04-17T14:01:45.823978+00:00
pepeonsol,telegramchannels,group,9,Cryptocurrencies,en,78,2026-04-17T14:01:45.823981+00:00
investorsheaven2022,telegramchannels,group,9,Cryptocurrencies,en,79,2026-04-17T14:01:45.823984+00:00
xyphertalk,telegramchannels,group,9,Cryptocurrencies,en,80,2026-04-17T14:01:45.823987+00:00
gemsofficer,telegramchannels,group,9,Cryptocurrencies,en,81,2026-04-17T14:01:45.823989+00:00
fournayz,telegramchannels,group,9,Cryptocurrencies,en,82,2026-04-17T14:01:45.823992+00:00
bitcoin_united_states,telegramchannels,group,9,Cryptocurrencies,en,83,2026-04-17T14:01:45.823995+00:00
vabble,telegramchannels,group,9,Cryptocurrencies,en,84,2026-04-17T14:01:45.823997+00:00
qrledgerofficial,telegramchannels,group,9,Cryptocurrencies,en,85,2026-04-17T14:01:45.824000+00:00
freecryptopl,telegramchannels,group,9,Cryptocurrencies,en,86,2026-04-17T14:01:45.824003+00:00
getblockio_eng,telegramchannels,group,9,Cryptocurrencies,en,87,2026-04-17T14:01:45.824005+00:00
coinbaazar_exchange,telegramchannels,group,9,Cryptocurrencies,en,88,2026-04-17T14:01:45.824008+00:00
cryptinoschat,telegramchannels,group,9,Cryptocurrencies,en,89,2026-04-17T14:01:45.824011+00:00
cryptoherotagroup,telegramchannels,group,9,Cryptocurrencies,en,90,2026-04-17T14:01:45.824014+00:00
crypt_talk,telegramchannels,group,9,Cryptocurrencies,en,91,2026-04-17T14:01:45.824017+00:00
megatoken_group,telegramchannels,group,9,Cryptocurrencies,en,92,2026-04-17T14:01:45.824020+00:00
cryptosanijibrin,telegramchannels,group,9,Cryptocurrencies,en,93,2026-04-17T14:01:45.824023+00:00
hlcpakistan,telegramchannels,group,9,Cryptocurrencies,en,94,2026-04-17T14:01:45.824026+00:00
cryptom00nshots,telegramchannels,group,9,Cryptocurrencies,en,95,2026-04-17T14:01:45.824029+00:00
gmcoin,telegramchannels,group,9,Cryptocurrencies,en,96,2026-04-17T14:01:45.824032+00:00
bbcoinlegends,telegramchannels,group,9,Cryptocurrencies,en,97,2026-04-17T14:01:45.824035+00:00
furrevertoken,telegramchannels,group,9,Cryptocurrencies,en,98,2026-04-17T14:01:45.824037+00:00
satoshipanda,telegramchannels,group,9,Cryptocurrencies,en,99,2026-04-17T14:01:45.824040+00:00
lewkcom,telegramchannels,group,9,Cryptocurrencies,en,100,2026-04-17T14:01:45.824043+00:00
surfboardfinance,telegramchannels,group,9,Cryptocurrencies,en,101,2026-04-17T14:01:45.824046+00:00
dexkit,telegramchannels,group,9,Cryptocurrencies,en,102,2026-04-17T14:01:45.824049+00:00
lucrosus_capital,telegramchannels,group,9,Cryptocurrencies,en,103,2026-04-17T14:01:45.824052+00:00
forexsiganl,telegramchannels,group,42,Crypto & FX Trading,en,1,2026-04-17T14:01:59.601588+00:00
beincryptocommunity,telegramchannels,group,42,Crypto & FX Trading,en,2,2026-04-17T14:01:59.601596+00:00
fmcpayglobalchat,telegramchannels,group,42,Crypto & FX Trading,en,3,2026-04-17T14:01:59.601599+00:00
bitbns,telegramchannels,group,42,Crypto & FX Trading,en,7,2026-04-17T14:01:59.601616+00:00
bitsquad,telegramchannels,group,42,Crypto & FX Trading,en,8,2026-04-17T14:01:59.601618+00:00
monkey_crypto_pump,telegramchannels,group,42,Crypto & FX Trading,en,9,2026-04-17T14:01:59.601621+00:00
forexchatpro,telegramchannels,group,42,Crypto & FX Trading,en,10,2026-04-17T14:01:59.601624+00:00
changenow_chat,telegramchannels,group,42,Crypto & FX Trading,en,11,2026-04-17T14:01:59.601627+00:00
jaguar_crypto_family,telegramchannels,group,42,Crypto & FX Trading,en,12,2026-04-17T14:01:59.601630+00:00
whalepoolbtc,telegramchannels,group,42,Crypto & FX Trading,en,13,2026-04-17T14:01:59.601633+00:00
venturefxsgroup,telegramchannels,group,42,Crypto & FX Trading,en,14,2026-04-17T14:01:59.601636+00:00
ctrader_official,telegramchannels,group,42,Crypto & FX Trading,en,15,2026-04-17T14:01:59.601639+00:00
funded_trading_chat,telegramchannels,group,42,Crypto & FX Trading,en,16,2026-04-17T14:01:59.601641+00:00
joechampion,telegramchannels,group,42,Crypto & FX Trading,en,17,2026-04-17T14:01:59.601644+00:00
workquestchat,telegramchannels,group,42,Crypto & FX Trading,en,18,2026-04-17T14:01:59.601647+00:00
metaspace_metaverse,telegramchannels,group,42,Crypto & FX Trading,en,19,2026-04-17T14:01:59.601650+00:00
binaryoptions5,telegramchannels,group,42,Crypto & FX Trading,en,20,2026-04-17T14:01:59.601653+00:00
forexunlockanddecompile,telegramchannels,group,42,Crypto & FX Trading,en,21,2026-04-17T14:01:59.601656+00:00
forexonfirefof,telegramchannels,group,42,Crypto & FX Trading,en,22,2026-04-17T14:01:59.601659+00:00
tradeinwalstreet,telegramchannels,group,42,Crypto & FX Trading,en,23,2026-04-17T14:01:59.601661+00:00
forexexperttrader999,telegramchannels,group,42,Crypto & FX Trading,en,24,2026-04-17T14:01:59.601664+00:00
binanacebearsgroup,telegramchannels,group,42,Crypto & FX Trading,en,25,2026-04-17T14:01:59.601667+00:00
ea_paradise_group,telegramchannels,group,42,Crypto & FX Trading,en,26,2026-04-17T14:01:59.601670+00:00
fxnpsignals,telegramchannels,group,42,Crypto & FX Trading,en,27,2026-04-17T14:01:59.601673+00:00
rallypipsfxsignals,telegramchannels,group,42,Crypto & FX Trading,en,28,2026-04-17T14:01:59.601676+00:00
whaletankchat,telegramchannels,group,42,Crypto & FX Trading,en,29,2026-04-17T14:01:59.601678+00:00
btpcryptop,telegramchannels,group,42,Crypto & FX Trading,en,30,2026-04-17T14:01:59.601681+00:00
coinsecret,telegramchannels,group,42,Crypto & FX Trading,en,31,2026-04-17T14:01:59.601684+00:00
hotbit_trading_pumps,telegramchannels,group,42,Crypto & FX Trading,en,32,2026-04-17T14:01:59.601687+00:00
tfltradergroupchat,telegramchannels,group,42,Crypto & FX Trading,en,33,2026-04-17T14:01:59.601689+00:00
pumphous,telegramchannels,group,42,Crypto & FX Trading,en,34,2026-04-17T14:01:59.601692+00:00
adrianmatthew123,telegramchannels,group,42,Crypto & FX Trading,en,35,2026-04-17T14:01:59.601695+00:00
pip_pro_traderfx,telegramchannels,group,42,Crypto & FX Trading,en,36,2026-04-17T14:01:59.601698+00:00
bitkanofficial,telegramchannels,group,42,Crypto & FX Trading,en,37,2026-04-17T14:01:59.601701+00:00
libreprimus,telegramchannels,group,42,Crypto & FX Trading,en,38,2026-04-17T14:01:59.601703+00:00
fxpremieresignalsofficial,telegramchannels,group,42,Crypto & FX Trading,en,39,2026-04-17T14:01:59.601706+00:00
bestforexsignalschat,telegramchannels,group,42,Crypto & FX Trading,en,40,2026-04-17T14:01:59.601709+00:00
goldmasteer786,telegramchannels,group,42,Crypto & FX Trading,en,41,2026-04-17T14:01:59.601713+00:00
ssjforexsignals9,telegramchannels,group,42,Crypto & FX Trading,en,42,2026-04-17T14:01:59.601716+00:00
gaby_callss,telegramchannels,group,42,Crypto & FX Trading,en,43,2026-04-17T14:01:59.601719+00:00
strape,telegramchannels,group,42,Crypto & FX Trading,en,44,2026-04-17T14:01:59.601722+00:00
tradinglivestream,telegramchannels,group,42,Crypto & FX Trading,en,45,2026-04-17T14:01:59.601724+00:00
forexchatcenter,telegramchannels,group,42,Crypto & FX Trading,en,46,2026-04-17T14:01:59.601727+00:00
futuress_signals,telegramchannels,group,42,Crypto & FX Trading,en,47,2026-04-17T14:01:59.601730+00:00
ailantrohub1,telegramchannels,group,42,Crypto & FX Trading,en,48,2026-04-17T14:01:59.601733+00:00
caspian_tech,telegramchannels,group,42,Crypto & FX Trading,en,49,2026-04-17T14:01:59.601736+00:00
senales_forex_uk,telegramchannels,group,42,Crypto & FX Trading,en,50,2026-04-17T14:01:59.601738+00:00
forexbiglotz,telegramchannels,group,42,Crypto & FX Trading,en,51,2026-04-17T14:01:59.601741+00:00
binance_chain_official,telegramchannels,group,42,Crypto & FX Trading,en,52,2026-04-17T14:01:59.601744+00:00
binaryoptionpro_signals,telegramchannels,group,42,Crypto & FX Trading,en,53,2026-04-17T14:01:59.601747+00:00
fxoptimal,telegramchannels,group,42,Crypto & FX Trading,en,54,2026-04-17T14:01:59.601750+00:00
forexmarketmakersgroup,telegramchannels,group,42,Crypto & FX Trading,en,55,2026-04-17T14:01:59.601753+00:00
thebitcoinfxgroup,telegramchannels,group,42,Crypto & FX Trading,en,56,2026-04-17T14:01:59.601756+00:00
alphatradezonegroups,telegramchannels,group,42,Crypto & FX Trading,en,57,2026-04-17T14:01:59.601758+00:00
alphatradezone_group,telegramchannels,group,42,Crypto & FX Trading,en,58,2026-04-17T14:01:59.601761+00:00
propfirmpasse,telegramchannels,group,42,Crypto & FX Trading,en,59,2026-04-17T14:01:59.601764+00:00
cryptoearnings_hub,telegramchannels,group,42,Crypto & FX Trading,en,60,2026-04-17T14:01:59.601767+00:00
airswap,telegramchannels,group,42,Crypto & FX Trading,en,61,2026-04-17T14:01:59.601770+00:00
ailantrohub3,telegramchannels,group,42,Crypto & FX Trading,en,62,2026-04-17T14:01:59.601772+00:00
alphatradezone_group_ta,telegramchannels,group,42,Crypto & FX Trading,en,63,2026-04-17T14:01:59.601775+00:00
white_walkers_pulsechain,telegramchannels,group,42,Crypto & FX Trading,en,64,2026-04-17T14:01:59.601778+00:00
coinfarm,telegramchannels,group,42,Crypto & FX Trading,en,65,2026-04-17T14:01:59.601781+00:00
binarydotcom,telegramchannels,group,42,Crypto & FX Trading,en,66,2026-04-17T14:01:59.601784+00:00
cryptocurrency_coinmarketcap,telegramchannels,group,42,Crypto & FX Trading,en,67,2026-04-17T14:01:59.601787+00:00
tradeonderibet,telegramchannels,group,42,Crypto & FX Trading,en,68,2026-04-17T14:01:59.601790+00:00
alphatradezonegroup,telegramchannels,group,42,Crypto & FX Trading,en,69,2026-04-17T14:01:59.601792+00:00
ninja_indicators,telegramchannels,group,42,Crypto & FX Trading,en,70,2026-04-17T14:01:59.601795+00:00
signalsentop,telegramchannels,group,42,Crypto & FX Trading,en,71,2026-04-17T14:01:59.601798+00:00
spikeforecaster,telegramchannels,group,42,Crypto & FX Trading,en,72,2026-04-17T14:01:59.601801+00:00
milkypips_smartbot,telegramchannels,group,42,Crypto & FX Trading,en,73,2026-04-17T14:01:59.601803+00:00
forexcrackedeas,telegramchannels,group,42,Crypto & FX Trading,en,74,2026-04-17T14:01:59.601806+00:00
nowtoken_bounty,telegramchannels,group,42,Crypto & FX Trading,en,75,2026-04-17T14:01:59.601809+00:00
tradeandinvest_chat,telegramchannels,group,42,Crypto & FX Trading,en,76,2026-04-17T14:01:59.601811+00:00
spotfuturesscalpingbinance,telegramchannels,group,42,Crypto & FX Trading,en,77,2026-04-17T14:01:59.601814+00:00
forexinafrica1,telegramchannels,group,42,Crypto & FX Trading,en,78,2026-04-17T14:01:59.601818+00:00
freeforextradingchat,telegramchannels,group,42,Crypto & FX Trading,en,79,2026-04-17T14:01:59.601821+00:00
dzfxtrading1,telegramchannels,group,42,Crypto & FX Trading,en,80,2026-04-17T14:01:59.601823+00:00
usa_stockmarket1,telegramchannels,group,42,Crypto & FX Trading,en,81,2026-04-17T14:01:59.601826+00:00
forexx23,telegramchannels,group,42,Crypto & FX Trading,en,82,2026-04-17T14:01:59.601829+00:00
quiptalk,telegramchannels,group,42,Crypto & FX Trading,en,83,2026-04-17T14:01:59.601831+00:00
alexanderalez,telegramchannels,group,42,Crypto & FX Trading,en,84,2026-04-17T14:01:59.601834+00:00
cptsgroup,telegramchannels,group,42,Crypto & FX Trading,en,85,2026-04-17T14:01:59.601836+00:00
forextradersandinvestorwld,telegramchannels,group,42,Crypto & FX Trading,en,86,2026-04-17T14:01:59.601839+00:00
cryptrich,telegramchannels,group,42,Crypto & FX Trading,en,87,2026-04-17T14:01:59.601841+00:00
p1pchaser,telegramchannels,group,42,Crypto & FX Trading,en,88,2026-04-17T14:01:59.601844+00:00
tradinghubfx,telegramchannels,group,42,Crypto & FX Trading,en,89,2026-04-17T14:01:59.601847+00:00
ggshotleaks,telegramchannels,group,42,Crypto & FX Trading,en,90,2026-04-17T14:01:59.601850+00:00
coinmazecrypto,telegramchannels,group,42,Crypto & FX Trading,en,91,2026-04-17T14:01:59.601852+00:00
coinwhiff,telegramchannels,group,42,Crypto & FX Trading,en,92,2026-04-17T14:01:59.601855+00:00
ablfreesignals,telegramchannels,group,42,Crypto & FX Trading,en,93,2026-04-17T14:01:59.601857+00:00
futuresheroeschat,telegramchannels,group,42,Crypto & FX Trading,en,94,2026-04-17T14:01:59.601860+00:00
tradingwithstyle,telegramchannels,group,42,Crypto & FX Trading,en,95,2026-04-17T14:01:59.601863+00:00
alexviptradingsignal,telegramchannels,group,42,Crypto & FX Trading,en,96,2026-04-17T14:01:59.601866+00:00
derivdotcom,telegramchannels,group,42,Crypto & FX Trading,en,97,2026-04-17T14:01:59.601868+00:00
sigline_public,telegramchannels,group,42,Crypto & FX Trading,en,98,2026-04-17T14:01:59.601871+00:00
apetradebot,telegramchannels,group,42,Crypto & FX Trading,en,99,2026-04-17T14:01:59.601874+00:00
americanfxmaster,telegramchannels,group,42,Crypto & FX Trading,en,100,2026-04-17T14:01:59.601877+00:00
safxtraders,telegramchannels,group,42,Crypto & FX Trading,en,101,2026-04-17T14:01:59.601879+00:00
exeltrading,telegramchannels,group,42,Crypto & FX Trading,en,102,2026-04-17T14:01:59.601882+00:00
pockethunterzone,telegramchannels,group,42,Crypto & FX Trading,en,103,2026-04-17T14:01:59.601885+00:00
bilals_tech,telegramchannels,group,10,Economics & Finance,en,1,2026-04-17T14:02:13.286869+00:00
fresherjobs13,telegramchannels,group,10,Economics & Finance,en,2,2026-04-17T14:02:13.286877+00:00
bengaluruofficial,telegramchannels,group,10,Economics & Finance,en,3,2026-04-17T14:02:13.286880+00:00
usdteurope,telegramchannels,group,10,Economics & Finance,en,7,2026-04-17T14:02:13.286897+00:00
probrokersltd,telegramchannels,group,10,Economics & Finance,en,8,2026-04-17T14:02:13.286900+00:00
liquide_academy,telegramchannels,group,10,Economics & Finance,en,9,2026-04-17T14:02:13.286903+00:00
stockmarketdiscussion1,telegramchannels,group,10,Economics & Finance,en,10,2026-04-17T14:02:13.286906+00:00
sgmarketnpreipo,telegramchannels,group,10,Economics & Finance,en,11,2026-04-17T14:02:13.286908+00:00
pakistanpaymentgateway,telegramchannels,group,10,Economics & Finance,en,12,2026-04-17T14:02:13.286912+00:00
stockmarketwithsg,telegramchannels,group,10,Economics & Finance,en,13,2026-04-17T14:02:13.286914+00:00
safefundmanager,telegramchannels,group,10,Economics & Finance,en,14,2026-04-17T14:02:13.286917+00:00
legitwaystomakemoneynow,telegramchannels,group,10,Economics & Finance,en,15,2026-04-17T14:02:13.286920+00:00
makemoneyonline,telegramchannels,group,10,Economics & Finance,en,16,2026-04-17T14:02:13.286923+00:00
pincomeopport,telegramchannels,group,10,Economics & Finance,en,17,2026-04-17T14:02:13.286925+00:00
smartmoneyrobotea1,telegramchannels,group,10,Economics & Finance,en,18,2026-04-17T14:02:13.286928+00:00
stockallnew,telegramchannels,group,10,Economics & Finance,en,19,2026-04-17T14:02:13.286931+00:00
bestguranteedinvestmentlimited,telegramchannels,group,10,Economics & Finance,en,20,2026-04-17T14:02:13.286934+00:00
international_ai_marketing,telegramchannels,group,10,Economics & Finance,en,21,2026-04-17T14:02:13.286937+00:00
havokclub,telegramchannels,group,10,Economics & Finance,en,22,2026-04-17T14:02:13.286939+00:00
financeadmit,telegramchannels,group,10,Economics & Finance,en,23,2026-04-17T14:02:13.286942+00:00
bnf_option,telegramchannels,group,10,Economics & Finance,en,24,2026-04-17T14:02:13.286945+00:00
belajarmicrosoftexcel,telegramchannels,group,11,Education,en,1,2026-04-17T14:02:27.061560+00:00
yne123,telegramchannels,group,11,Education,en,2,2026-04-17T14:02:27.061569+00:00
great_worriors,telegramchannels,group,11,Education,en,3,2026-04-17T14:02:27.061573+00:00
web_developersz,telegramchannels,group,11,Education,en,7,2026-04-17T14:02:27.061597+00:00
guru_exam,telegramchannels,group,11,Education,en,8,2026-04-17T14:02:27.061601+00:00
vlsichaps,telegramchannels,group,11,Education,en,9,2026-04-17T14:02:27.061605+00:00
fullstackpathwaygroup,telegramchannels,group,11,Education,en,10,2026-04-17T14:02:27.061609+00:00
termux24x7,telegramchannels,group,11,Education,en,11,2026-04-17T14:02:27.061613+00:00
udemy_free_courses2u,telegramchannels,group,11,Education,en,12,2026-04-17T14:02:27.061618+00:00
superexams,telegramchannels,group,11,Education,en,13,2026-04-17T14:02:27.061622+00:00
doubt_buster_alpha,telegramchannels,group,11,Education,en,14,2026-04-17T14:02:27.061626+00:00
join_pure_mathematics,telegramchannels,group,11,Education,en,15,2026-04-17T14:02:27.061631+00:00
uaejobsonly,telegramchannels,group,11,Education,en,16,2026-04-17T14:02:27.061634+00:00
lcspeakgerman,telegramchannels,group,11,Education,en,17,2026-04-17T14:02:27.061638+00:00
mains_mastery,telegramchannels,group,11,Education,en,18,2026-04-17T14:02:27.061642+00:00
comrs12c,telegramchannels,group,11,Education,en,19,2026-04-17T14:02:27.061646+00:00
meganaukricom,telegramchannels,group,11,Education,en,20,2026-04-17T14:02:27.061650+00:00
dranojan,telegramchannels,group,11,Education,en,21,2026-04-17T14:02:27.061654+00:00
civil_home1,telegramchannels,group,11,Education,en,22,2026-04-17T14:02:27.061658+00:00
vancouverinternationalstudents,telegramchannels,group,11,Education,en,23,2026-04-17T14:02:27.061663+00:00
essaywork,telegramchannels,group,11,Education,en,24,2026-04-17T14:02:27.061667+00:00
corgitoreaders,telegramchannels,group,11,Education,en,25,2026-04-17T14:02:27.061671+00:00
scholarship_talks,telegramchannels,group,11,Education,en,26,2026-04-17T14:02:27.061675+00:00
freecoursesforitstudents,telegramchannels,group,11,Education,en,27,2026-04-17T14:02:27.061679+00:00
homemadesfood,telegramchannels,group,11,Education,en,28,2026-04-17T14:02:27.061683+00:00
the_bible_study_group,telegramchannels,group,11,Education,en,29,2026-04-17T14:02:27.061687+00:00
psychedelicempire,telegramchannels,group,11,Education,en,30,2026-04-17T14:02:27.061691+00:00
neet_pg_aiims,telegramchannels,group,11,Education,en,31,2026-04-17T14:02:27.061696+00:00
islamquransunnaheducation,telegramchannels,group,11,Education,en,32,2026-04-17T14:02:27.061700+00:00
smartcivils,telegramchannels,group,11,Education,en,33,2026-04-17T14:02:27.061704+00:00
eenglishcclub,telegramchannels,group,11,Education,en,34,2026-04-17T14:02:27.061709+00:00
gracerealmministries,telegramchannels,group,11,Education,en,35,2026-04-17T14:02:27.061713+00:00
chatcouponcode,telegramchannels,group,11,Education,en,36,2026-04-17T14:02:27.061717+00:00
englishforwardcommunity,telegramchannels,group,11,Education,en,37,2026-04-17T14:02:27.061721+00:00
ekeduneet,telegramchannels,group,11,Education,en,38,2026-04-17T14:02:27.061725+00:00
cdr_writers,telegramchannels,group,11,Education,en,39,2026-04-17T14:02:27.061729+00:00
africans1,telegramchannels,group,11,Education,en,40,2026-04-17T14:02:27.061733+00:00
mastermindshub,telegramchannels,group,11,Education,en,41,2026-04-17T14:02:27.061737+00:00
scrummastertrain,telegramchannels,group,11,Education,en,42,2026-04-17T14:02:27.061742+00:00
capfinterview,telegramchannels,group,11,Education,en,43,2026-04-17T14:02:27.061746+00:00
capfacgroup,telegramchannels,group,11,Education,en,44,2026-04-17T14:02:27.061750+00:00
civildiscussiongrp,telegramchannels,group,11,Education,en,45,2026-04-17T14:02:27.061754+00:00
quranhadithmuslim,telegramchannels,group,11,Education,en,46,2026-04-17T14:02:27.061758+00:00
learningonlinecourses,telegramchannels,group,11,Education,en,47,2026-04-17T14:02:27.061762+00:00
dankbaatcheet,telegramchannels,group,11,Education,en,48,2026-04-17T14:02:27.061766+00:00
noteshaibhai,telegramchannels,group,11,Education,en,49,2026-04-17T14:02:27.061770+00:00
dubaiwalkinjobs,telegramchannels,group,11,Education,en,50,2026-04-17T14:02:27.061774+00:00
oiatooldiscussion,telegramchannels,group,11,Education,en,51,2026-04-17T14:02:27.061778+00:00
python3programmer,telegramchannels,group,11,Education,en,52,2026-04-17T14:02:27.061782+00:00
level_my_english,telegramchannels,group,11,Education,en,53,2026-04-17T14:02:27.061786+00:00
letsgetfluent,telegramchannels,group,11,Education,en,54,2026-04-17T14:02:27.061791+00:00
certgrow,telegramchannels,group,11,Education,en,55,2026-04-17T14:02:27.061795+00:00
globaludemyy,telegramchannels,group,11,Education,en,56,2026-04-17T14:02:27.061799+00:00
youthskillempowerment,telegramchannels,group,11,Education,en,57,2026-04-17T14:02:27.061803+00:00
uniquestudi,telegramchannels,group,11,Education,en,58,2026-04-17T14:02:27.061807+00:00
neet_zone,telegramchannels,group,11,Education,en,59,2026-04-17T14:02:27.061812+00:00
paytmlootgroup,telegramchannels,group,11,Education,en,60,2026-04-17T14:02:27.061816+00:00
careervyaschat,telegramchannels,group,11,Education,en,61,2026-04-17T14:02:27.061820+00:00
bloomquizmaster,telegramchannels,group,11,Education,en,62,2026-04-17T14:02:27.061824+00:00
fivegknowledgebase,telegramchannels,group,11,Education,en,63,2026-04-17T14:02:27.061829+00:00
clickbeegroup,telegramchannels,group,12,Entertainment,en,1,2026-04-17T14:02:41.124242+00:00
otakuzdream,telegramchannels,group,12,Entertainment,en,2,2026-04-17T14:02:41.124249+00:00
dating_in_telegram,telegramchannels,group,12,Entertainment,en,3,2026-04-17T14:02:41.124252+00:00
flashkidd_freenet,telegramchannels,group,12,Entertainment,en,7,2026-04-17T14:02:41.124269+00:00
addictedgroup,telegramchannels,group,12,Entertainment,en,8,2026-04-17T14:02:41.124272+00:00
friendlyeng,telegramchannels,group,12,Entertainment,en,9,2026-04-17T14:02:41.124275+00:00
onepiecegroup,telegramchannels,group,12,Entertainment,en,10,2026-04-17T14:02:41.124277+00:00
introvertempire,telegramchannels,group,12,Entertainment,en,11,2026-04-17T14:02:41.124280+00:00
talking21,telegramchannels,group,12,Entertainment,en,12,2026-04-17T14:02:41.124283+00:00
international_worldtalkers_club,telegramchannels,group,12,Entertainment,en,13,2026-04-17T14:02:41.124286+00:00
exchangeiptv,telegramchannels,group,12,Entertainment,en,14,2026-04-17T14:02:41.124289+00:00
dx5lcinsta,telegramchannels,group,12,Entertainment,en,15,2026-04-17T14:02:41.124292+00:00
opspoiler,telegramchannels,group,12,Entertainment,en,16,2026-04-17T14:02:41.124295+00:00
moviesssadda,telegramchannels,group,12,Entertainment,en,17,2026-04-17T14:02:41.124298+00:00
flat_earthers,telegramchannels,group,12,Entertainment,en,18,2026-04-17T14:02:41.124301+00:00
ourqueengp,telegramchannels,group,12,Entertainment,en,19,2026-04-17T14:02:41.124305+00:00
iptv_hero,telegramchannels,group,12,Entertainment,en,20,2026-04-17T14:02:41.124308+00:00
tiktokcentral,telegramchannels,group,12,Entertainment,en,21,2026-04-17T14:02:41.124311+00:00
animenikko,telegramchannels,group,12,Entertainment,en,22,2026-04-17T14:02:41.124314+00:00
dankwaifu,telegramchannels,group,12,Entertainment,en,23,2026-04-17T14:02:41.124316+00:00
animeryuzoku,telegramchannels,group,12,Entertainment,en,24,2026-04-17T14:02:41.124319+00:00
stolenmemeshere,telegramchannels,group,12,Entertainment,en,25,2026-04-17T14:02:41.124322+00:00
nintendo_gamers,telegramchannels,group,12,Entertainment,en,26,2026-04-17T14:02:41.124325+00:00
englishtalksclub,telegramchannels,group,12,Entertainment,en,27,2026-04-17T14:02:41.124327+00:00
animekaizokuencodes,telegramchannels,group,12,Entertainment,en,28,2026-04-17T14:02:41.124330+00:00
haruhii_suzumiya_brigade,telegramchannels,group,12,Entertainment,en,29,2026-04-17T14:02:41.124333+00:00
chattingspot,telegramchannels,group,12,Entertainment,en,30,2026-04-17T14:02:41.124335+00:00
ogagatvmovies,telegramchannels,group,12,Entertainment,en,31,2026-04-17T14:02:41.124338+00:00
animegakkou,telegramchannels,group,12,Entertainment,en,32,2026-04-17T14:02:41.124341+00:00
globalforum,telegramchannels,group,12,Entertainment,en,33,2026-04-17T14:02:41.124343+00:00
based_chat,telegramchannels,group,12,Entertainment,en,34,2026-04-17T14:02:41.124346+00:00
romantic_friendss,telegramchannels,group,12,Entertainment,en,35,2026-04-17T14:02:41.124349+00:00
vibes12man,telegramchannels,group,12,Entertainment,en,36,2026-04-17T14:02:41.124352+00:00
gofurry,telegramchannels,group,12,Entertainment,en,37,2026-04-17T14:02:41.124354+00:00
deschat,telegramchannels,group,12,Entertainment,en,38,2026-04-17T14:02:41.124357+00:00
gotchaday,telegramchannels,group,12,Entertainment,en,39,2026-04-17T14:02:41.124360+00:00
leaderstv1,telegramchannels,group,12,Entertainment,en,40,2026-04-17T14:02:41.124363+00:00
internationalgp2,telegramchannels,group,12,Entertainment,en,41,2026-04-17T14:02:41.124365+00:00
cnfansfever,telegramchannels,group,13,Fashion & Beauty,en,1,2026-04-17T14:02:54.819132+00:00
sgmodels,telegramchannels,group,13,Fashion & Beauty,en,2,2026-04-17T14:02:54.819141+00:00
luxurybrandgang_group,telegramchannels,group,13,Fashion & Beauty,en,3,2026-04-17T14:02:54.819145+00:00
connect_mfr_resaler_group,telegramchannels,group,13,Fashion & Beauty,en,7,2026-04-17T14:02:54.819169+00:00
latestfashionanddesign,telegramchannels,group,13,Fashion & Beauty,en,8,2026-04-17T14:02:54.819174+00:00
streetconceptgr,telegramchannels,group,13,Fashion & Beauty,en,9,2026-04-17T14:02:54.819178+00:00
dhamakadeals789,telegramchannels,group,13,Fashion & Beauty,en,10,2026-04-17T14:02:54.819182+00:00
deadstardizcountz,telegramchannels,group,14,Food,en,1,2026-04-17T14:03:08.315199+00:00
medievalempireschat,telegramchannels,group,15,Games & Apps,en,1,2026-04-17T14:03:21.800413+00:00
pocket_space,telegramchannels,group,15,Games & Apps,en,2,2026-04-17T14:03:21.800423+00:00
unity3ddevs,telegramchannels,group,15,Games & Apps,en,3,2026-04-17T14:03:21.800427+00:00
soratopia,telegramchannels,group,15,Games & Apps,en,7,2026-04-17T14:03:21.800451+00:00
dogedogegame,telegramchannels,group,15,Games & Apps,en,8,2026-04-17T14:03:21.800454+00:00
deepspacegame,telegramchannels,group,15,Games & Apps,en,9,2026-04-17T14:03:21.800457+00:00
tauntbattleworld,telegramchannels,group,15,Games & Apps,en,10,2026-04-17T14:03:21.800459+00:00
axiommodz,telegramchannels,group,15,Games & Apps,en,11,2026-04-17T14:03:21.800463+00:00
animeryu,telegramchannels,group,15,Games & Apps,en,12,2026-04-17T14:03:21.800465+00:00
cryptosouleng,telegramchannels,group,15,Games & Apps,en,13,2026-04-17T14:03:21.800468+00:00
wodocommunity,telegramchannels,group,15,Games & Apps,en,14,2026-04-17T14:03:21.800471+00:00
wfun_sg_community,telegramchannels,group,15,Games & Apps,en,15,2026-04-17T14:03:21.800474+00:00
shareyourlinksplatform,telegramchannels,group,15,Games & Apps,en,16,2026-04-17T14:03:21.800477+00:00
all_moviesandpc_games_request,telegramchannels,group,15,Games & Apps,en,17,2026-04-17T14:03:21.800480+00:00
paypalsmoney,telegramchannels,group,15,Games & Apps,en,18,2026-04-17T14:03:21.800483+00:00
cockpit_panel,telegramchannels,group,15,Games & Apps,en,19,2026-04-17T14:03:21.800486+00:00
gameshub13,telegramchannels,group,15,Games & Apps,en,20,2026-04-17T14:03:21.800489+00:00
pokemon_global,telegramchannels,group,15,Games & Apps,en,21,2026-04-17T14:03:21.800492+00:00
pubgbgmichat,telegramchannels,group,15,Games & Apps,en,22,2026-04-17T14:03:21.800495+00:00
pubgtdm,telegramchannels,group,15,Games & Apps,en,23,2026-04-17T14:03:21.800498+00:00
pokemongo_friends,telegramchannels,group,15,Games & Apps,en,24,2026-04-17T14:03:21.800501+00:00
yamrajofficialgod,telegramchannels,group,15,Games & Apps,en,25,2026-04-17T14:03:21.800504+00:00
pubgroyalgamers,telegramchannels,group,15,Games & Apps,en,26,2026-04-17T14:03:21.800507+00:00
hello56786,telegramchannels,group,15,Games & Apps,en,27,2026-04-17T14:03:21.800510+00:00
ada222x,telegramchannels,group,15,Games & Apps,en,28,2026-04-17T14:03:21.800513+00:00
codetop_follow,telegramchannels,group,15,Games & Apps,en,29,2026-04-17T14:03:21.800516+00:00
minimilitia_gamers,telegramchannels,group,15,Games & Apps,en,30,2026-04-17T14:03:21.800519+00:00
creationsbyrdgroup,telegramchannels,group,15,Games & Apps,en,31,2026-04-17T14:03:21.800522+00:00
pokemonpocketmeta,telegramchannels,group,15,Games & Apps,en,32,2026-04-17T14:03:21.800524+00:00
gamingdiscussion,telegramchannels,group,15,Games & Apps,en,33,2026-04-17T14:03:21.800527+00:00
gamee_at_games,telegramchannels,group,15,Games & Apps,en,34,2026-04-17T14:03:21.800530+00:00
songtubegroup,telegramchannels,group,15,Games & Apps,en,35,2026-04-17T14:03:21.800533+00:00
qqhongbao33cc,telegramchannels,group,15,Games & Apps,en,36,2026-04-17T14:03:21.800536+00:00
androidapkappschannel,telegramchannels,group,15,Games & Apps,en,37,2026-04-17T14:03:21.800539+00:00
kjurghfr,telegramchannels,group,15,Games & Apps,en,38,2026-04-17T14:03:21.800542+00:00
wolfgangnakal,telegramchannels,group,15,Games & Apps,en,39,2026-04-17T14:03:21.800545+00:00
unoroom,telegramchannels,group,15,Games & Apps,en,40,2026-04-17T14:03:21.800548+00:00
netvrk_group,telegramchannels,group,15,Games & Apps,en,41,2026-04-17T14:03:21.800550+00:00
luckyjetaviatorjetx,telegramchannels,group,15,Games & Apps,en,42,2026-04-17T14:03:21.800553+00:00
wierdpanti,telegramchannels,group,15,Games & Apps,en,43,2026-04-17T14:03:21.800556+00:00
ketty124,telegramchannels,group,15,Games & Apps,en,44,2026-04-17T14:03:21.800559+00:00
choigamekiemtien,telegramchannels,group,15,Games & Apps,en,45,2026-04-17T14:03:21.800561+00:00
ps4_digital_stuff,telegramchannels,group,15,Games & Apps,en,46,2026-04-17T14:03:21.800564+00:00
ludoclub5555,telegramchannels,group,15,Games & Apps,en,47,2026-04-17T14:03:21.800567+00:00
ludokingdpshrivastava,telegramchannels,group,15,Games & Apps,en,48,2026-04-17T14:03:21.800570+00:00
walkifyapp1,telegramchannels,group,15,Games & Apps,en,49,2026-04-17T14:03:21.800572+00:00
playludoworld1495,telegramchannels,group,15,Games & Apps,en,50,2026-04-17T14:03:21.800575+00:00
sharpintl,telegramchannels,group,15,Games & Apps,en,51,2026-04-17T14:03:21.800578+00:00
yoga_meditation_js,telegramchannels,group,16,Health,en,1,2026-04-17T14:03:35.450408+00:00
chlorinedioxidesolutions,telegramchannels,group,16,Health,en,2,2026-04-17T14:03:35.450415+00:00
wellness_group,telegramchannels,group,16,Health,en,3,2026-04-17T14:03:35.450418+00:00
nowherbalife,telegramchannels,group,16,Health,en,7,2026-04-17T14:03:35.450490+00:00
huddlehumans,telegramchannels,group,16,Health,en,8,2026-04-17T14:03:35.450493+00:00
english_world_chatting,telegramchannels,group,17,Languages,en,1,2026-04-17T14:03:49.515917+00:00
english_chatting_club,telegramchannels,group,17,Languages,en,2,2026-04-17T14:03:49.515925+00:00
english_chatting_house,telegramchannels,group,17,Languages,en,3,2026-04-17T14:03:49.515928+00:00
lcspeakenglish,telegramchannels,group,17,Languages,en,7,2026-04-17T14:03:49.515946+00:00
english_literature_litzpedia,telegramchannels,group,17,Languages,en,8,2026-04-17T14:03:49.515949+00:00
learnenglish_quickly,telegramchannels,group,17,Languages,en,9,2026-04-17T14:03:49.515953+00:00
english_chatting_google,telegramchannels,group,17,Languages,en,10,2026-04-17T14:03:49.515955+00:00
advancedchat,telegramchannels,group,17,Languages,en,11,2026-04-17T14:03:49.515959+00:00
english_chattinggroup,telegramchannels,group,17,Languages,en,12,2026-04-17T14:03:49.515962+00:00
lcspeakfrench,telegramchannels,group,17,Languages,en,13,2026-04-17T14:03:49.515965+00:00
talking_e,telegramchannels,group,17,Languages,en,14,2026-04-17T14:03:49.515968+00:00
hubofenglish,telegramchannels,group,17,Languages,en,15,2026-04-17T14:03:49.515971+00:00
theenglishtelegram,telegramchannels,group,17,Languages,en,16,2026-04-17T14:03:49.515974+00:00
learningenglishtrump,telegramchannels,group,17,Languages,en,17,2026-04-17T14:03:49.515977+00:00
the_englishclub,telegramchannels,group,17,Languages,en,18,2026-04-17T14:03:49.515980+00:00
seekcommunity,telegramchannels,group,17,Languages,en,19,2026-04-17T14:03:49.515983+00:00
iloveenglishpractice,telegramchannels,group,17,Languages,en,20,2026-04-17T14:03:49.515986+00:00
english_speaking_group01,telegramchannels,group,17,Languages,en,21,2026-04-17T14:03:49.515989+00:00
english_chatting_cafe,telegramchannels,group,17,Languages,en,22,2026-04-17T14:03:49.515992+00:00
languagelearning123,telegramchannels,group,17,Languages,en,23,2026-04-17T14:03:49.515995+00:00
letstalkinenglish4,telegramchannels,group,17,Languages,en,24,2026-04-17T14:03:49.515998+00:00
the_english_speaking_club,telegramchannels,group,17,Languages,en,25,2026-04-17T14:03:49.516001+00:00
lcspeakitalian,telegramchannels,group,17,Languages,en,26,2026-04-17T14:03:49.516004+00:00
en_chat,telegramchannels,group,17,Languages,en,27,2026-04-17T14:03:49.516007+00:00
lt_english_group,telegramchannels,group,17,Languages,en,28,2026-04-17T14:03:49.516010+00:00
american_english_chatting,telegramchannels,group,17,Languages,en,29,2026-04-17T14:03:49.516013+00:00
lcspeakportuguese,telegramchannels,group,17,Languages,en,30,2026-04-17T14:03:49.516016+00:00
englishlanguagechat,telegramchannels,group,17,Languages,en,31,2026-04-17T14:03:49.516019+00:00
english_and_chinese_chat,telegramchannels,group,17,Languages,en,32,2026-04-17T14:03:49.516021+00:00
spanish_english_group,telegramchannels,group,17,Languages,en,33,2026-04-17T14:03:49.516024+00:00
ancient_egyptian_language,telegramchannels,group,17,Languages,en,34,2026-04-17T14:03:49.516027+00:00
englishspeakinggur,telegramchannels,group,17,Languages,en,35,2026-04-17T14:03:49.516030+00:00
lcspeakbahasa,telegramchannels,group,17,Languages,en,36,2026-04-17T14:03:49.516032+00:00
internationalenglishchat_2025,telegramchannels,group,17,Languages,en,37,2026-04-17T14:03:49.516035+00:00
zerotoheroenglish,telegramchannels,group,17,Languages,en,38,2026-04-17T14:03:49.516038+00:00
englishchatting2023,telegramchannels,group,17,Languages,en,39,2026-04-17T14:03:49.516041+00:00
englishchattingxz,telegramchannels,group,17,Languages,en,40,2026-04-17T14:03:49.516044+00:00
peace4tworld,telegramchannels,group,17,Languages,en,41,2026-04-17T14:03:49.516047+00:00
english_american_group,telegramchannels,group,17,Languages,en,42,2026-04-17T14:03:49.516050+00:00
englishchat21,telegramchannels,group,17,Languages,en,43,2026-04-17T14:03:49.516053+00:00
translation_tpona,telegramchannels,group,17,Languages,en,44,2026-04-17T14:03:49.516056+00:00
google_search_group,telegramchannels,group,17,Languages,en,45,2026-04-17T14:03:49.516059+00:00
internationalenglish_group,telegramchannels,group,17,Languages,en,46,2026-04-17T14:03:49.516062+00:00
talkgermany,telegramchannels,group,18,Love,en,1,2026-04-17T14:04:04.828498+00:00
usadateworld,telegramchannels,group,18,Love,en,2,2026-04-17T14:04:04.828505+00:00
hookupdatingapps,telegramchannels,group,18,Love,en,3,2026-04-17T14:04:04.828508+00:00
coffeeandbagel,telegramchannels,group,18,Love,en,7,2026-04-17T14:04:04.828525+00:00
tinderdatingapps,telegramchannels,group,18,Love,en,8,2026-04-17T14:04:04.828528+00:00
digital4marketing,telegramchannels,group,20,Marketing,en,1,2026-04-17T14:04:22.688129+00:00
topreach,telegramchannels,group,20,Marketing,en,2,2026-04-17T14:04:22.688137+00:00
socialmediamanagers2,telegramchannels,group,20,Marketing,en,3,2026-04-17T14:04:22.688140+00:00
joinchatglobalcommoditytraders,telegramchannels,group,20,Marketing,en,7,2026-04-17T14:04:22.688158+00:00
megaladonscalls,telegramchannels,group,20,Marketing,en,8,2026-04-17T14:04:22.688161+00:00
tradinghubfacts,telegramchannels,group,20,Marketing,en,9,2026-04-17T14:04:22.688164+00:00
hyderabadpropertydealer,telegramchannels,group,20,Marketing,en,10,2026-04-17T14:04:22.688168+00:00
workfromhome9876,telegramchannels,group,20,Marketing,en,11,2026-04-17T14:04:22.688171+00:00
infernalmarket,telegramchannels,group,20,Marketing,en,12,2026-04-17T14:04:22.688174+00:00
social_media_markets,telegramchannels,group,20,Marketing,en,13,2026-04-17T14:04:22.688177+00:00
siva_digital,telegramchannels,group,20,Marketing,en,14,2026-04-17T14:04:22.688180+00:00
advetiseforfree,telegramchannels,group,20,Marketing,en,15,2026-04-17T14:04:22.688183+00:00
instalovelikes,telegramchannels,group,20,Marketing,en,16,2026-04-17T14:04:22.688186+00:00
adult_traffic_buy_sell,telegramchannels,group,20,Marketing,en,17,2026-04-17T14:04:22.688190+00:00
rtb_talks,telegramchannels,group,20,Marketing,en,18,2026-04-17T14:04:22.688193+00:00
letsmakemoney_online,telegramchannels,group,20,Marketing,en,19,2026-04-17T14:04:22.688195+00:00
fivioopenmarket,telegramchannels,group,20,Marketing,en,20,2026-04-17T14:04:22.688198+00:00
unlimitedadvertisement_free,telegramchannels,group,20,Marketing,en,21,2026-04-17T14:04:22.688201+00:00
rocketlcdx30,telegramchannels,group,20,Marketing,en,22,2026-04-17T14:04:22.688205+00:00
super_ideas_making_money_online,telegramchannels,group,20,Marketing,en,23,2026-04-17T14:04:22.688208+00:00
amazon_deals_cashback,telegramchannels,group,20,Marketing,en,24,2026-04-17T14:04:22.688211+00:00
instapod_dx3,telegramchannels,group,20,Marketing,en,25,2026-04-17T14:04:22.688214+00:00
likes24hinstagram,telegramchannels,group,20,Marketing,en,26,2026-04-17T14:04:22.688218+00:00
blogstrategies,telegramchannels,group,20,Marketing,en,27,2026-04-17T14:04:22.688221+00:00
rocketlcdx25,telegramchannels,group,20,Marketing,en,28,2026-04-17T14:04:22.688223+00:00
mongoseomarketplace,telegramchannels,group,20,Marketing,en,29,2026-04-17T14:04:22.688226+00:00
rocketlcdx20,telegramchannels,group,20,Marketing,en,30,2026-04-17T14:04:22.688229+00:00
syokimaubusiness,telegramchannels,group,20,Marketing,en,31,2026-04-17T14:04:22.688232+00:00
instagrow30,telegramchannels,group,20,Marketing,en,32,2026-04-17T14:04:22.688235+00:00
rocketlcdx10,telegramchannels,group,20,Marketing,en,33,2026-04-17T14:04:22.688238+00:00
likestagram1,telegramchannels,group,20,Marketing,en,34,2026-04-17T14:04:22.688241+00:00
rocketlcdx15,telegramchannels,group,20,Marketing,en,35,2026-04-17T14:04:22.688244+00:00
instagramgainsdx3,telegramchannels,group,20,Marketing,en,36,2026-04-17T14:04:22.688247+00:00
refer_to_gether,telegramchannels,group,20,Marketing,en,37,2026-04-17T14:04:22.688250+00:00
reviewscenter,telegramchannels,group,20,Marketing,en,38,2026-04-17T14:04:22.688253+00:00
crowd1box,telegramchannels,group,20,Marketing,en,39,2026-04-17T14:04:22.688255+00:00
dx20thunderinstagram,telegramchannels,group,20,Marketing,en,40,2026-04-17T14:04:22.688258+00:00
freepromotion_links_share_group,telegramchannels,group,20,Marketing,en,41,2026-04-17T14:04:22.688261+00:00
activesestore,telegramchannels,group,20,Marketing,en,42,2026-04-17T14:04:22.688265+00:00
dx40thunderinstagram,telegramchannels,group,20,Marketing,en,43,2026-04-17T14:04:22.688268+00:00
dx5thunderinstagram,telegramchannels,group,20,Marketing,en,44,2026-04-17T14:04:22.688270+00:00
dx30thunderinstagram,telegramchannels,group,20,Marketing,en,45,2026-04-17T14:04:22.688273+00:00
dx25thunderinstagram,telegramchannels,group,20,Marketing,en,46,2026-04-17T14:04:22.688276+00:00
redditengagement,telegramchannels,group,20,Marketing,en,47,2026-04-17T14:04:22.688278+00:00
iptvunitedkingdom,telegramchannels,group,30,Movies & Videos,en,1,2026-04-17T14:04:43.146327+00:00
l4lyoutube,telegramchannels,group,30,Movies & Videos,en,2,2026-04-17T14:04:43.146334+00:00
watchhours,telegramchannels,group,30,Movies & Videos,en,3,2026-04-17T14:04:43.146337+00:00
memesfunnyvideosdan,telegramchannels,group,30,Movies & Videos,en,7,2026-04-17T14:04:43.146354+00:00
iptveurope724,telegramchannels,group,30,Movies & Videos,en,8,2026-04-17T14:04:43.146357+00:00
apnamoviesgroup,telegramchannels,group,30,Movies & Videos,en,9,2026-04-17T14:04:43.146360+00:00
piracybay,telegramchannels,group,30,Movies & Videos,en,10,2026-04-17T14:04:43.146362+00:00
stryketvseriesofficial,telegramchannels,group,30,Movies & Videos,en,11,2026-04-17T14:04:43.146365+00:00
restreamprozone,telegramchannels,group,30,Movies & Videos,en,12,2026-04-17T14:04:43.146368+00:00
iptvespagneitalyuk,telegramchannels,group,30,Movies & Videos,en,13,2026-04-17T14:04:43.146371+00:00
youtube_channel22,telegramchannels,group,30,Movies & Videos,en,14,2026-04-17T14:04:43.146374+00:00
animechatgroupenglish,telegramchannels,group,30,Movies & Videos,en,15,2026-04-17T14:04:43.146377+00:00
animekawaiigroup,telegramchannels,group,30,Movies & Videos,en,16,2026-04-17T14:04:43.146380+00:00
youtubecommunity_creators,telegramchannels,group,30,Movies & Videos,en,17,2026-04-17T14:04:43.146383+00:00
newmoviereq,telegramchannels,group,30,Movies & Videos,en,18,2026-04-17T14:04:43.146386+00:00
mweymarmovie,telegramchannels,group,30,Movies & Videos,en,19,2026-04-17T14:04:43.146388+00:00
hindimovieshd100,telegramchannels,group,30,Movies & Videos,en,20,2026-04-17T14:04:43.146391+00:00
tvcinemassocial,telegramchannels,group,30,Movies & Videos,en,21,2026-04-17T14:04:43.146394+00:00
sub4subsupergroup,telegramchannels,group,30,Movies & Videos,en,22,2026-04-17T14:04:43.146397+00:00
youtsubscmmnty,telegramchannels,group,30,Movies & Videos,en,23,2026-04-17T14:04:43.146400+00:00
xtozmoive,telegramchannels,group,30,Movies & Videos,en,24,2026-04-17T14:04:43.146402+00:00
movieshubdiscussions,telegramchannels,group,30,Movies & Videos,en,25,2026-04-17T14:04:43.146405+00:00
locoviber,telegramchannels,group,30,Movies & Videos,en,26,2026-04-17T14:04:43.146408+00:00
audius,telegramchannels,group,21,Music,en,1,2026-04-17T14:04:58.315981+00:00
musicartistsworldwide,telegramchannels,group,21,Music,en,2,2026-04-17T14:04:58.315989+00:00
spotifysaver321,telegramchannels,group,21,Music,en,3,2026-04-17T14:04:58.315992+00:00
djnetworkworldwide,telegramchannels,group,21,Music,en,7,2026-04-17T14:04:58.316009+00:00
musicaespecialmp3,telegramchannels,group,21,Music,en,8,2026-04-17T14:04:58.316012+00:00
indiegroup,telegramchannels,group,21,Music,en,9,2026-04-17T14:04:58.316015+00:00
metalwithtags,telegramchannels,group,21,Music,en,10,2026-04-17T14:04:58.316017+00:00
musiccloudsl,telegramchannels,group,21,Music,en,11,2026-04-17T14:04:58.316020+00:00
ztqfviw2ytm1,telegramchannels,group,21,Music,en,12,2026-04-17T14:04:58.316023+00:00
lastfm_telegram,telegramchannels,group,21,Music,en,13,2026-04-17T14:04:58.316027+00:00
agtdabeatbreakerz,telegramchannels,group,21,Music,en,14,2026-04-17T14:04:58.316029+00:00
music_tren,telegramchannels,group,21,Music,en,15,2026-04-17T14:04:58.316032+00:00
weshmyplug1,telegramchannels,group,21,Music,en,16,2026-04-17T14:04:58.316035+00:00
yogamedit,telegramchannels,group,21,Music,en,17,2026-04-17T14:04:58.316037+00:00
stoicville,telegramchannels,group,21,Music,en,18,2026-04-17T14:04:58.316040+00:00
shinnime09,telegramchannels,group,21,Music,en,19,2026-04-17T14:04:58.316043+00:00
petspicsvideos,telegramchannels,group,1,Nature & Animals,en,1,2026-04-17T14:05:14.827434+00:00
ballpythonsworld,telegramchannels,group,1,Nature & Animals,en,2,2026-04-17T14:05:14.827441+00:00
anthroexpo,telegramchannels,group,1,Nature & Animals,en,3,2026-04-17T14:05:14.827444+00:00
tonomons,telegramchannels,group,23,News & Media,en,1,2026-04-17T14:05:30.292123+00:00
areyouawakeyet,telegramchannels,group,23,News & Media,en,2,2026-04-17T14:05:30.292130+00:00
juliegreen_ministries,telegramchannels,group,23,News & Media,en,3,2026-04-17T14:05:30.292133+00:00
realdeplorables,telegramchannels,group,23,News & Media,en,7,2026-04-17T14:05:30.292151+00:00
qpatriots,telegramchannels,group,23,News & Media,en,8,2026-04-17T14:05:30.292154+00:00
trumpsupportersus,telegramchannels,group,23,News & Media,en,9,2026-04-17T14:05:30.292156+00:00
androidnewsgroup,telegramchannels,group,23,News & Media,en,10,2026-04-17T14:05:30.292160+00:00
tinderru,telegramchannels,group,39,NSFW & Adults,en,1,2026-04-17T14:05:44.848869+00:00
badoocom,telegramchannels,group,39,NSFW & Adults,en,2,2026-04-17T14:05:44.848876+00:00
best_chat_group,telegramchannels,group,39,NSFW & Adults,en,3,2026-04-17T14:05:44.848879+00:00
camgirlschat2025,telegramchannels,group,39,NSFW & Adults,en,7,2026-04-17T14:05:44.848896+00:00
mambamos,telegramchannels,group,39,NSFW & Adults,en,8,2026-04-17T14:05:44.848899+00:00
ofmegalink18,telegramchannels,group,39,NSFW & Adults,en,9,2026-04-17T14:05:44.848902+00:00
onlycamofficial,telegramchannels,group,39,NSFW & Adults,en,10,2026-04-17T14:05:44.848905+00:00
hotskinnystunners,telegramchannels,group,39,NSFW & Adults,en,11,2026-04-17T14:05:44.848908+00:00
kayitcom,telegramchannels,group,39,NSFW & Adults,en,12,2026-04-17T14:05:44.848911+00:00
feel_something_real_video_profil,telegramchannels,group,39,NSFW & Adults,en,13,2026-04-17T14:05:44.848914+00:00
mikaylacampinos267,telegramchannels,group,39,NSFW & Adults,en,14,2026-04-17T14:05:44.848917+00:00
piperrockelle267,telegramchannels,group,39,NSFW & Adults,en,15,2026-04-17T14:05:44.848920+00:00
ja191993,telegramchannels,group,39,NSFW & Adults,en,16,2026-04-17T14:05:44.848922+00:00
professorleaksof,telegramchannels,group,39,NSFW & Adults,en,17,2026-04-17T14:05:44.848925+00:00
onlyfans_leaks_worldwide,telegramchannels,group,39,NSFW & Adults,en,18,2026-04-17T14:05:44.848928+00:00
let_s_meet_up_new_site_to_watch,telegramchannels,group,39,NSFW & Adults,en,19,2026-04-17T14:05:44.848931+00:00
flirty_soft_meet_flirt_and_chat,telegramchannels,group,39,NSFW & Adults,en,20,2026-04-17T14:05:44.848934+00:00
dating_with_vibe_chat_search_and,telegramchannels,group,39,NSFW & Adults,en,21,2026-04-17T14:05:44.848937+00:00
virtual_love_real_profiles_real,telegramchannels,group,39,NSFW & Adults,en,22,2026-04-17T14:05:44.848940+00:00
mysterious_chat_new_matches_dail,telegramchannels,group,39,NSFW & Adults,en,23,2026-04-17T14:05:44.848943+00:00
just_wanna_love_real_people_real,telegramchannels,group,39,NSFW & Adults,en,24,2026-04-17T14:05:44.848947+00:00
sibella_avdic,telegramchannels,group,39,NSFW & Adults,en,25,2026-04-17T14:05:44.848949+00:00
topmodelschat_vip,telegramchannels,group,39,NSFW & Adults,en,26,2026-04-17T14:05:44.848952+00:00
usadateworld1,telegramchannels,group,39,NSFW & Adults,en,27,2026-04-17T14:05:44.848955+00:00
flashdx17,telegramchannels,group,31,Other,en,1,2026-04-17T14:05:58.862928+00:00
stlall,telegramchannels,group,31,Other,en,2,2026-04-17T14:05:58.862936+00:00
instagramstoriesboost,telegramchannels,group,31,Other,en,3,2026-04-17T14:05:58.862939+00:00
giftcardstore_best,telegramchannels,group,31,Other,en,7,2026-04-17T14:05:58.862957+00:00
followdx30,telegramchannels,group,31,Other,en,8,2026-04-17T14:05:58.862960+00:00
dx8flash,telegramchannels,group,31,Other,en,9,2026-04-17T14:05:58.862963+00:00
dbzgroup,telegramchannels,group,31,Other,en,10,2026-04-17T14:05:58.862966+00:00
tiktok_growth,telegramchannels,group,31,Other,en,11,2026-04-17T14:05:58.862968+00:00
instagram_switzerland,telegramchannels,group,31,Other,en,12,2026-04-17T14:05:58.862971+00:00
spaininstagram,telegramchannels,group,31,Other,en,13,2026-04-17T14:05:58.862974+00:00
instagramreelsdx40,telegramchannels,group,31,Other,en,14,2026-04-17T14:05:58.862977+00:00
instagram_france,telegramchannels,group,31,Other,en,15,2026-04-17T14:05:58.862980+00:00
monetization4youtube,telegramchannels,group,31,Other,en,16,2026-04-17T14:05:58.862983+00:00
lifestyleinstagram,telegramchannels,group,31,Other,en,17,2026-04-17T14:05:58.862986+00:00
dx10flash,telegramchannels,group,31,Other,en,18,2026-04-17T14:05:58.862989+00:00
dx60instagramlikes,telegramchannels,group,31,Other,en,19,2026-04-17T14:05:58.862992+00:00
dx15flash,telegramchannels,group,31,Other,en,20,2026-04-17T14:05:58.862995+00:00
dx24flash,telegramchannels,group,31,Other,en,21,2026-04-17T14:05:58.862998+00:00
bestlondonjob,telegramchannels,group,31,Other,en,22,2026-04-17T14:05:58.863000+00:00
wikibitregulatorycommunity,telegramchannels,group,31,Other,en,23,2026-04-17T14:05:58.863003+00:00
malwareresearch,telegramchannels,group,31,Other,en,24,2026-04-17T14:05:58.863006+00:00
mbbsprep,telegramchannels,group,31,Other,en,25,2026-04-17T14:05:58.863009+00:00
livestreamfeet,telegramchannels,group,31,Other,en,26,2026-04-17T14:05:58.863012+00:00
oracledbwr,telegramchannels,group,31,Other,en,27,2026-04-17T14:05:58.863015+00:00
yotube0,telegramchannels,group,31,Other,en,28,2026-04-17T14:05:58.863017+00:00
codezalindotv,telegramchannels,group,31,Other,en,29,2026-04-17T14:05:58.863020+00:00
zalindotvplus,telegramchannels,group,31,Other,en,30,2026-04-17T14:05:58.863023+00:00
cybersecuritynewschat,telegramchannels,group,31,Other,en,31,2026-04-17T14:05:58.863026+00:00
youtubesub4subpromote,telegramchannels,group,31,Other,en,32,2026-04-17T14:05:58.863029+00:00
italyinstagram,telegramchannels,group,31,Other,en,33,2026-04-17T14:05:58.863032+00:00
bitcobtrustmark,telegramchannels,group,31,Other,en,34,2026-04-17T14:05:58.863035+00:00
legitgroup1,telegramchannels,group,31,Other,en,35,2026-04-17T14:05:58.863038+00:00
chainlink,telegramchannels,group,31,Other,en,36,2026-04-17T14:05:58.863041+00:00
newyorkstate,telegramchannels,group,31,Other,en,37,2026-04-17T14:05:58.863044+00:00
broiptv,telegramchannels,group,31,Other,en,38,2026-04-17T14:05:58.863046+00:00
stickerssgroup,telegramchannels,group,31,Other,en,39,2026-04-17T14:05:58.863049+00:00
rentinlondon,telegramchannels,group,31,Other,en,40,2026-04-17T14:05:58.863053+00:00
hyderabadrealestatesgroup,telegramchannels,group,31,Other,en,41,2026-04-17T14:05:58.863056+00:00
grupderomani,telegramchannels,group,31,Other,en,42,2026-04-17T14:05:58.863059+00:00
starryskycloud,telegramchannels,group,31,Other,en,43,2026-04-17T14:05:58.863062+00:00
successclubsscgroup,telegramchannels,group,31,Other,en,44,2026-04-17T14:05:58.863065+00:00
vedx30,telegramchannels,group,31,Other,en,45,2026-04-17T14:05:58.863067+00:00
fiverrpublic,telegramchannels,group,31,Other,en,46,2026-04-17T14:05:58.863070+00:00
all_international_jobs,telegramchannels,group,31,Other,en,47,2026-04-17T14:05:58.863073+00:00
productsbase,telegramchannels,group,31,Other,en,48,2026-04-17T14:05:58.863076+00:00
timisoara_rou,telegramchannels,group,31,Other,en,49,2026-04-17T14:05:58.863079+00:00
sh_stockpick,telegramchannels,group,31,Other,en,50,2026-04-17T14:05:58.863082+00:00
vedx50,telegramchannels,group,31,Other,en,51,2026-04-17T14:05:58.863085+00:00
abonekasmaveyardim,telegramchannels,group,31,Other,en,52,2026-04-17T14:05:58.863087+00:00
searchebee,telegramchannels,group,31,Other,en,53,2026-04-17T14:05:58.863090+00:00
domaine_name,telegramchannels,group,31,Other,en,54,2026-04-17T14:05:58.863094+00:00
vedx12h,telegramchannels,group,31,Other,en,55,2026-04-17T14:05:58.863097+00:00
binesandtricksdiscussion,telegramchannels,group,31,Other,en,56,2026-04-17T14:05:58.863100+00:00
hivebar,telegramchannels,group,31,Other,en,57,2026-04-17T14:05:58.863103+00:00
engagenetinfluencerpod,telegramchannels,group,31,Other,en,58,2026-04-17T14:05:58.863106+00:00
vedx10,telegramchannels,group,31,Other,en,59,2026-04-17T14:05:58.863109+00:00
poultrysynergy,telegramchannels,group,31,Other,en,60,2026-04-17T14:05:58.863112+00:00
smsforallsupport,telegramchannels,group,31,Other,en,61,2026-04-17T14:05:58.863115+00:00
dogridergroup,telegramchannels,group,31,Other,en,62,2026-04-17T14:05:58.863117+00:00
subscribe4subscribe12,telegramchannels,group,31,Other,en,63,2026-04-17T14:05:58.863120+00:00
vedx20,telegramchannels,group,31,Other,en,64,2026-04-17T14:05:58.863123+00:00
fmtblog,telegramchannels,group,31,Other,en,65,2026-04-17T14:05:58.863126+00:00
rach_brockmann,telegramchannels,group,31,Other,en,66,2026-04-17T14:05:58.863129+00:00
tapnetworkofficial,telegramchannels,group,31,Other,en,67,2026-04-17T14:05:58.863132+00:00
christdiary,telegramchannels,group,31,Other,en,68,2026-04-17T14:05:58.863134+00:00
boycottmojang,telegramchannels,group,31,Other,en,69,2026-04-17T14:05:58.863137+00:00
animes_girls_and_boys,telegramchannels,group,31,Other,en,70,2026-04-17T14:05:58.863140+00:00
chainfuel,telegramchannels,group,31,Other,en,71,2026-04-17T14:05:58.863143+00:00
wby_io,telegramchannels,group,31,Other,en,72,2026-04-17T14:05:58.863146+00:00
youtubesubscribergr,telegramchannels,group,31,Other,en,73,2026-04-17T14:05:58.863148+00:00
neo4jchat,telegramchannels,group,31,Other,en,74,2026-04-17T14:05:58.863151+00:00
vedx5,telegramchannels,group,31,Other,en,75,2026-04-17T14:05:58.863154+00:00
chatwithrevcraigministry,telegramchannels,group,31,Other,en,76,2026-04-17T14:05:58.863157+00:00
reffer_exchange_grp,telegramchannels,group,31,Other,en,77,2026-04-17T14:05:58.863160+00:00
iptvukeuro,telegramchannels,group,31,Other,en,78,2026-04-17T14:05:58.863163+00:00
fallin_gp,telegramchannels,group,31,Other,en,79,2026-04-17T14:05:58.863166+00:00
pandachatg,telegramchannels,group,31,Other,en,80,2026-04-17T14:05:58.863169+00:00
akmahatglink,telegramchannels,group,31,Other,en,81,2026-04-17T14:05:58.863171+00:00
darktor_chat,telegramchannels,group,31,Other,en,82,2026-04-17T14:05:58.863174+00:00
cigtobacco,telegramchannels,group,31,Other,en,83,2026-04-17T14:05:58.863177+00:00
ads324,telegramchannels,group,31,Other,en,84,2026-04-17T14:05:58.863179+00:00
globaldisk,telegramchannels,group,31,Other,en,85,2026-04-17T14:05:58.863182+00:00
firstclassmetals,telegramchannels,group,31,Other,en,86,2026-04-17T14:05:58.863185+00:00
tedrixproperties,telegramchannels,group,31,Other,en,87,2026-04-17T14:05:58.863188+00:00
privatecollectionuae,telegramchannels,group,31,Other,en,88,2026-04-17T14:05:58.863190+00:00
mzfcommunity,telegramchannels,group,31,Other,en,89,2026-04-17T14:05:58.863193+00:00
east_africa_jobs,telegramchannels,group,31,Other,en,90,2026-04-17T14:05:58.863196+00:00
vedx5lc,telegramchannels,group,31,Other,en,91,2026-04-17T14:05:58.863199+00:00
youtube_subscribers_2020,telegramchannels,group,31,Other,en,92,2026-04-17T14:05:58.863201+00:00
thegreenestroom,telegramchannels,group,31,Other,en,93,2026-04-17T14:05:58.863204+00:00
tagteams,telegramchannels,group,31,Other,en,94,2026-04-17T14:05:58.863207+00:00
jobinboxofficial,telegramchannels,group,31,Other,en,95,2026-04-17T14:05:58.863210+00:00
vedx5c,telegramchannels,group,31,Other,en,96,2026-04-17T14:05:58.863212+00:00
anime_matrix,telegramchannels,group,31,Other,en,97,2026-04-17T14:05:58.863215+00:00
vipgroup_1,telegramchannels,group,31,Other,en,98,2026-04-17T14:05:58.863218+00:00
growintelegram,telegramchannels,group,31,Other,en,99,2026-04-17T14:05:58.863220+00:00
getin4jobs,telegramchannels,group,31,Other,en,100,2026-04-17T14:05:58.863223+00:00
digiteye,telegramchannels,group,31,Other,en,101,2026-04-17T14:05:58.863225+00:00
makingmoneywithnolimts,telegramchannels,group,31,Other,en,102,2026-04-17T14:05:58.863228+00:00
skyzonegroup,telegramchannels,group,31,Other,en,103,2026-04-17T14:05:58.863231+00:00
mobilephotographycommunity,telegramchannels,group,24,Photo,en,1,2026-04-17T14:06:13.524819+00:00
profars,telegramchannels,group,24,Photo,en,2,2026-04-17T14:06:13.524828+00:00
truepatriotsunited,telegramchannels,group,37,Political,en,1,2026-04-17T14:06:27.300655+00:00
astronomy_discussion,telegramchannels,group,25,Science,en,1,2026-04-17T14:06:41.421347+00:00
bitgrit,telegramchannels,group,25,Science,en,2,2026-04-17T14:06:41.421354+00:00
thewonderersofspace,telegramchannels,group,25,Science,en,3,2026-04-17T14:06:41.421357+00:00
on_air_tech,telegramchannels,group,25,Science,en,7,2026-04-17T14:06:41.421374+00:00
knowledgefinders,telegramchannels,group,25,Science,en,8,2026-04-17T14:06:41.421377+00:00
atheismdebate,telegramchannels,group,25,Science,en,9,2026-04-17T14:06:41.421380+00:00
spiritualityworld,telegramchannels,group,26,Self Development,en,1,2026-04-17T14:06:56.040076+00:00
tarot,telegramchannels,group,26,Self Development,en,2,2026-04-17T14:06:56.040083+00:00
thesuicidegroup,telegramchannels,group,26,Self Development,en,3,2026-04-17T14:06:56.040086+00:00
lucid_dreaming_experiences,telegramchannels,group,26,Self Development,en,7,2026-04-17T14:06:56.040104+00:00
spiritualleague_group,telegramchannels,group,26,Self Development,en,8,2026-04-17T14:06:56.040107+00:00
infjint,telegramchannels,group,26,Self Development,en,9,2026-04-17T14:06:56.040110+00:00
fusionfamily,telegramchannels,group,26,Self Development,en,10,2026-04-17T14:06:56.040113+00:00
mysolidtruthgroup,telegramchannels,group,26,Self Development,en,11,2026-04-17T14:06:56.040116+00:00
motivationdistrict,telegramchannels,group,26,Self Development,en,12,2026-04-17T14:06:56.040119+00:00
mervelgroup,telegramchannels,group,32,Shop,en,1,2026-04-17T14:07:09.886286+00:00
miniaturesterraingroup,telegramchannels,group,32,Shop,en,2,2026-04-17T14:07:09.886293+00:00
replicawatch1,telegramchannels,group,32,Shop,en,3,2026-04-17T14:07:09.886296+00:00
aliexpressdealshot,telegramchannels,group,32,Shop,en,7,2026-04-17T14:07:09.886313+00:00
luxurystuff99,telegramchannels,group,32,Shop,en,8,2026-04-17T14:07:09.886316+00:00
repbbs,telegramchannels,group,32,Shop,en,9,2026-04-17T14:07:09.886319+00:00
megaalashoppinggroup,telegramchannels,group,32,Shop,en,10,2026-04-17T14:07:09.886322+00:00
aliexpressbs,telegramchannels,group,32,Shop,en,11,2026-04-17T14:07:09.886325+00:00
amazonreviewexchange,telegramchannels,group,32,Shop,en,12,2026-04-17T14:07:09.886328+00:00
premiumprod,telegramchannels,group,32,Shop,en,13,2026-04-17T14:07:09.886331+00:00
findshacoo,telegramchannels,group,32,Shop,en,14,2026-04-17T14:07:09.886334+00:00
internshipsmalaysia,telegramchannels,group,32,Shop,en,15,2026-04-17T14:07:09.886336+00:00
dealspremiumofficial,telegramchannels,group,32,Shop,en,16,2026-04-17T14:07:09.886339+00:00
aliexpress_deals_maxn1,telegramchannels,group,32,Shop,en,17,2026-04-17T14:07:09.886342+00:00
amazon_online_shopping_deals_1,telegramchannels,group,32,Shop,en,18,2026-04-17T14:07:09.886345+00:00
doubledhamaaloffer,telegramchannels,group,32,Shop,en,19,2026-04-17T14:07:09.886348+00:00
dealogroup,telegramchannels,group,32,Shop,en,20,2026-04-17T14:07:09.886350+00:00
lootdealsakn,telegramchannels,group,32,Shop,en,21,2026-04-17T14:07:09.886353+00:00
shoppingdiscout,telegramchannels,group,32,Shop,en,22,2026-04-17T14:07:09.886356+00:00
savefreecash,telegramchannels,group,32,Shop,en,23,2026-04-17T14:07:09.886358+00:00
pricemazon,telegramchannels,group,32,Shop,en,24,2026-04-17T14:07:09.886360+00:00
footballfpl,telegramchannels,group,27,Sports & Fitness,en,1,2026-04-17T14:07:23.573759+00:00
clubhousesb,telegramchannels,group,27,Sports & Fitness,en,2,2026-04-17T14:07:23.573767+00:00
nowgoallive,telegramchannels,group,27,Sports & Fitness,en,3,2026-04-17T14:07:23.573770+00:00
physients,telegramchannels,group,27,Sports & Fitness,en,7,2026-04-17T14:07:23.573786+00:00
ouzhoubei1231,telegramchannels,group,27,Sports & Fitness,en,8,2026-04-17T14:07:23.573789+00:00
dreamstheatre,telegramchannels,group,27,Sports & Fitness,en,9,2026-04-17T14:07:23.573792+00:00
fftitanschat,telegramchannels,group,27,Sports & Fitness,en,10,2026-04-17T14:07:23.573795+00:00
cricfansclub,telegramchannels,group,27,Sports & Fitness,en,11,2026-04-17T14:07:23.573797+00:00
cybersecurityexperts,telegramchannels,group,28,Technology,en,1,2026-04-17T14:07:49.806513+00:00
python,telegramchannels,group,28,Technology,en,2,2026-04-17T14:07:49.806521+00:00
printing3dminiaturesterrain,telegramchannels,group,28,Technology,en,3,2026-04-17T14:07:49.806524+00:00
groupstl,telegramchannels,group,28,Technology,en,7,2026-04-17T14:07:49.806541+00:00
kadena_io,telegramchannels,group,28,Technology,en,8,2026-04-17T14:07:49.806544+00:00
printing3dcosplaystaticfigure,telegramchannels,group,28,Technology,en,9,2026-04-17T14:07:49.806547+00:00
starwarsg,telegramchannels,group,28,Technology,en,10,2026-04-17T14:07:49.806550+00:00
programminginc,telegramchannels,group,28,Technology,en,11,2026-04-17T14:07:49.806553+00:00
reactjsnodejsmernstack,telegramchannels,group,28,Technology,en,12,2026-04-17T14:07:49.806556+00:00
datastructuresandalgo,telegramchannels,group,28,Technology,en,13,2026-04-17T14:07:49.806559+00:00
printww,telegramchannels,group,28,Technology,en,14,2026-04-17T14:07:49.806561+00:00
pocophoneglobalofficial,telegramchannels,group,28,Technology,en,15,2026-04-17T14:07:49.806564+00:00
devopsedureka,telegramchannels,group,28,Technology,en,16,2026-04-17T14:07:49.806567+00:00
django,telegramchannels,group,28,Technology,en,17,2026-04-17T14:07:49.806573+00:00
cosplaygroup,telegramchannels,group,28,Technology,en,18,2026-04-17T14:07:49.806576+00:00
printing3d3,telegramchannels,group,28,Technology,en,19,2026-04-17T14:07:49.806579+00:00
combolistfresh,telegramchannels,group,28,Technology,en,20,2026-04-17T14:07:49.806582+00:00
pokemon3d,telegramchannels,group,28,Technology,en,21,2026-04-17T14:07:49.806584+00:00
termuxcyber,telegramchannels,group,28,Technology,en,22,2026-04-17T14:07:49.806587+00:00
forhome3d,telegramchannels,group,28,Technology,en,23,2026-04-17T14:07:49.806590+00:00
funkogroup,telegramchannels,group,28,Technology,en,24,2026-04-17T14:07:49.806593+00:00
cbanke,telegramchannels,group,28,Technology,en,25,2026-04-17T14:07:49.806595+00:00
dcgroupcomics,telegramchannels,group,28,Technology,en,26,2026-04-17T14:07:49.806598+00:00
webdevchat,telegramchannels,group,28,Technology,en,27,2026-04-17T14:07:49.806601+00:00
aws_exam,telegramchannels,group,28,Technology,en,28,2026-04-17T14:07:49.806604+00:00
nemred,telegramchannels,group,28,Technology,en,29,2026-04-17T14:07:49.806606+00:00
thedevs_js,telegramchannels,group,28,Technology,en,30,2026-04-17T14:07:49.806609+00:00
nothingphone2,telegramchannels,group,28,Technology,en,31,2026-04-17T14:07:49.806612+00:00
xinfintalk,telegramchannels,group,28,Technology,en,32,2026-04-17T14:07:49.806615+00:00
seogoogleadsweb,telegramchannels,group,28,Technology,en,33,2026-04-17T14:07:49.806618+00:00
ethicalhackersc,telegramchannels,group,28,Technology,en,34,2026-04-17T14:07:49.806621+00:00
linux_group,telegramchannels,group,28,Technology,en,35,2026-04-17T14:07:49.806624+00:00
sap_pppmsdqm,telegramchannels,group,28,Technology,en,36,2026-04-17T14:07:49.806627+00:00
qualitician,telegramchannels,group,28,Technology,en,37,2026-04-17T14:07:49.806630+00:00
geekschat,telegramchannels,group,28,Technology,en,38,2026-04-17T14:07:49.806632+00:00
pythonedureka,telegramchannels,group,28,Technology,en,39,2026-04-17T14:07:49.806635+00:00
mailcow,telegramchannels,group,28,Technology,en,40,2026-04-17T14:07:49.806638+00:00
system_design_and_architecture,telegramchannels,group,28,Technology,en,41,2026-04-17T14:07:49.806641+00:00
spotociscoclub,telegramchannels,group,28,Technology,en,42,2026-04-17T14:07:49.806644+00:00
hackersbase4gees,telegramchannels,group,28,Technology,en,43,2026-04-17T14:07:49.806647+00:00
beboaquafarms,telegramchannels,group,28,Technology,en,44,2026-04-17T14:07:49.806650+00:00
qdforum,telegramchannels,group,28,Technology,en,45,2026-04-17T14:07:49.806655+00:00
realsecgroup,telegramchannels,group,28,Technology,en,46,2026-04-17T14:07:49.806657+00:00
letstalkprogramming,telegramchannels,group,28,Technology,en,47,2026-04-17T14:07:49.806660+00:00
satellitereceiversoftware,telegramchannels,group,28,Technology,en,48,2026-04-17T14:07:49.806663+00:00
ciscoccnademo,telegramchannels,group,28,Technology,en,49,2026-04-17T14:07:49.806666+00:00
chatgpt_officialchat,telegramchannels,group,28,Technology,en,50,2026-04-17T14:07:49.806669+00:00
virtualassistant360,telegramchannels,group,28,Technology,en,51,2026-04-17T14:07:49.806671+00:00
globaltechtalks,telegramchannels,group,28,Technology,en,52,2026-04-17T14:07:49.806674+00:00
nonymouscommunity,telegramchannels,group,28,Technology,en,53,2026-04-17T14:07:49.806677+00:00
hotstarbot_op,telegramchannels,group,28,Technology,en,54,2026-04-17T14:07:49.806680+00:00
salesforceb,telegramchannels,group,28,Technology,en,55,2026-04-17T14:07:49.806683+00:00
bioinformaticsdiscus,telegramchannels,group,28,Technology,en,56,2026-04-17T14:07:49.806686+00:00
mifi_unlock,telegramchannels,group,28,Technology,en,57,2026-04-17T14:07:49.806689+00:00
tasker_advanced,telegramchannels,group,28,Technology,en,58,2026-04-17T14:07:49.806692+00:00
windowstelegram,telegramchannels,group,28,Technology,en,59,2026-04-17T14:07:49.806694+00:00
gsmgermany,telegramchannels,group,28,Technology,en,60,2026-04-17T14:07:49.806697+00:00
itnetworkingireland,telegramchannels,group,28,Technology,en,61,2026-04-17T14:07:49.806700+00:00
shiiinagroup,telegramchannels,group,28,Technology,en,62,2026-04-17T14:07:49.806702+00:00
dropshippingmajor,telegramchannels,group,28,Technology,en,63,2026-04-17T14:07:49.806705+00:00
trustunionofficial,telegramchannels,group,28,Technology,en,64,2026-04-17T14:07:49.806708+00:00
shelf_earn_money,telegramchannels,group,28,Technology,en,65,2026-04-17T14:07:49.806711+00:00
hacking_burners,telegramchannels,group,28,Technology,en,66,2026-04-17T14:07:49.806714+00:00
ali_cloud,telegramchannels,group,28,Technology,en,67,2026-04-17T14:07:49.806717+00:00
uecom,telegramchannels,group,28,Technology,en,68,2026-04-17T14:07:49.806719+00:00
ccielabgroup,telegramchannels,group,28,Technology,en,69,2026-04-17T14:07:49.806722+00:00
bitcherryenglish,telegramchannels,group,28,Technology,en,70,2026-04-17T14:07:49.806725+00:00
zero2herocoin,telegramchannels,group,28,Technology,en,71,2026-04-17T14:07:49.806727+00:00
spotoitcertsclub,telegramchannels,group,28,Technology,en,72,2026-04-17T14:07:49.806730+00:00
techhub_support,telegramchannels,group,28,Technology,en,73,2026-04-17T14:07:49.806733+00:00
undernet_org,telegramchannels,group,28,Technology,en,74,2026-04-17T14:07:49.806735+00:00
infotechfamilydiscussion,telegramchannels,group,28,Technology,en,75,2026-04-17T14:07:49.806738+00:00
z3r0ch4t,telegramchannels,group,28,Technology,en,76,2026-04-17T14:07:49.806741+00:00
subeesub,telegramchannels,group,28,Technology,en,77,2026-04-17T14:07:49.806744+00:00
webchatgura,telegramchannels,group,28,Technology,en,78,2026-04-17T14:07:49.806747+00:00
bydpp21,telegramchannels,group,28,Technology,en,79,2026-04-17T14:07:49.806750+00:00
appdom,telegramchannels,group,28,Technology,en,80,2026-04-17T14:07:49.806752+00:00
unix9,telegramchannels,group,28,Technology,en,81,2026-04-17T14:07:49.806755+00:00
micromagician01,telegramchannels,group,28,Technology,en,82,2026-04-17T14:07:49.806758+00:00
dbatech,telegramchannels,group,28,Technology,en,83,2026-04-17T14:07:49.806761+00:00
binareeafrica,telegramchannels,group,28,Technology,en,84,2026-04-17T14:07:49.806764+00:00
fixit_help,telegramchannels,group,28,Technology,en,85,2026-04-17T14:07:49.806766+00:00
pythoncaptcha,telegramchannels,group,28,Technology,en,86,2026-04-17T14:07:49.806769+00:00
meanstack_lta,telegramchannels,group,28,Technology,en,87,2026-04-17T14:07:49.806772+00:00
will_hacks_group,telegramchannels,group,28,Technology,en,88,2026-04-17T14:07:49.806774+00:00
decenternetph,telegramchannels,group,28,Technology,en,89,2026-04-17T14:07:49.806777+00:00
iotbharat,telegramchannels,group,28,Technology,en,90,2026-04-17T14:07:49.806780+00:00
technologyfaq,telegramchannels,group,28,Technology,en,91,2026-04-17T14:07:49.806782+00:00
codinggroup1,telegramchannels,group,28,Technology,en,92,2026-04-17T14:07:49.806785+00:00
eyetech200,telegramchannels,group,28,Technology,en,93,2026-04-17T14:07:49.806788+00:00
electricboatforum,telegramchannels,group,28,Technology,en,94,2026-04-17T14:07:49.806790+00:00
fenititg,telegramchannels,group,28,Technology,en,95,2026-04-17T14:07:49.806793+00:00
curvechat,telegramchannels,group,28,Technology,en,96,2026-04-17T14:07:49.806795+00:00
sulinos,telegramchannels,group,28,Technology,en,97,2026-04-17T14:07:49.806798+00:00
hackerlar009,telegramchannels,group,28,Technology,en,98,2026-04-17T14:07:49.806800+00:00
opensuse_group,telegramchannels,group,28,Technology,en,99,2026-04-17T14:07:49.806803+00:00
technicalsami2,telegramchannels,group,28,Technology,en,100,2026-04-17T14:07:49.806806+00:00
resurrectionremixjason,telegramchannels,group,28,Technology,en,101,2026-04-17T14:07:49.806808+00:00
www_1computer,telegramchannels,group,28,Technology,en,102,2026-04-17T14:07:49.806813+00:00
google_ads098,telegramchannels,group,28,Technology,en,103,2026-04-17T14:07:49.806816+00:00
bottalk,telegramchannels,group,36,Telegram,en,1,2026-04-17T14:08:03.989336+00:00
publictestgroup,telegramchannels,group,36,Telegram,en,2,2026-04-17T14:08:03.989345+00:00
androidthemesgroup,telegramchannels,group,36,Telegram,en,3,2026-04-17T14:08:03.989348+00:00
telegramandroidtalk,telegramchannels,group,36,Telegram,en,7,2026-04-17T14:08:03.989365+00:00
trxxbond,telegramchannels,group,36,Telegram,en,8,2026-04-17T14:08:03.989368+00:00
metaisland_gg,telegramchannels,group,40,Telegram Miniapps & Games,en,1,2026-04-17T14:08:20.035030+00:00
gamebots,telegramchannels,group,40,Telegram Miniapps & Games,en,2,2026-04-17T14:08:20.035038+00:00
tiktokfollowersandlikes,telegramchannels,group,40,Telegram Miniapps & Games,en,3,2026-04-17T14:08:20.035041+00:00
travel_plus_tourism,telegramchannels,group,29,Travel,en,1,2026-04-17T14:08:33.569510+00:00
koh_samui,telegramchannels,group,29,Travel,en,2,2026-04-17T14:08:33.569517+00:00
tour_operators_worldwide,telegramchannels,group,29,Travel,en,3,2026-04-17T14:08:33.569521+00:00
visacruisejobs,telegramchannels,group,29,Travel,en,7,2026-04-17T14:08:33.569538+00:00
nl_amsterdam,telegramchannels,group,29,Travel,en,8,2026-04-17T14:08:33.569540+00:00
bdrailinfo,telegramchannels,group,29,Travel,en,9,2026-04-17T14:08:33.569543+00:00
angeleschat,telegramchannels,group,29,Travel,en,10,2026-04-17T14:08:33.569546+00:00
automotivegroup,telegramchannels,group,34,Utilities & Tools,en,1,2026-04-17T14:08:47.451393+00:00
indexengineering,telegramchannels,group,34,Utilities & Tools,en,2,2026-04-17T14:08:47.451401+00:00
animalsgroupstl,telegramchannels,group,34,Utilities & Tools,en,3,2026-04-17T14:08:47.451404+00:00
canvaproteamlinkss,telegramchannels,group,34,Utilities & Tools,en,7,2026-04-17T14:08:47.451432+00:00
searchengineoptimization_group,telegramchannels,group,34,Utilities & Tools,en,8,2026-04-17T14:08:47.451435+00:00
smmpanelsuppliers,telegramchannels,group,34,Utilities & Tools,en,9,2026-04-17T14:08:47.451439+00:00
datadetection2025,telegramchannels,group,34,Utilities & Tools,en,10,2026-04-17T14:08:47.451442+00:00
flymirror,telegramchannels,group,34,Utilities & Tools,en,11,2026-04-17T14:08:47.451444+00:00
genieonline,telegramchannels,group,34,Utilities & Tools,en,12,2026-04-17T14:08:47.451447+00:00
